--
-- 数据库: 'svcart_free_install'
--

--
-- 导出表中的数据 'svcart_advertisements'
--


--
-- 导出表中的数据 'svcart_advertisement_i18ns'
--


--
-- 导出表中的数据 'svcart_articles'
--

INSERT INTO svcart_articles (id, store_id, category_id, author_email, type, file_url, orderby, status, front, importance, clicked, created, modified) VALUES
(1, 0, 0, '', '作者01', '', 50, '1', '0', '0', 13, '2009-01-08 10:16:25', '2009-04-29 14:36:02'),
(2, 0, 0, '', '作者02', '', 50, '1', '0', '0', 13, '2009-01-08 10:16:25', '2009-04-29 14:36:14'),
(3, 0, 0, '', '', '', 50, '1', '1', '0', 0, '2008-01-01 00:00:00', '2008-01-01 00:00:00'),
(5, 0, 0, 'info@seevia.cn', 'HTML', '', 50, '1', '0', '0', 0, '2009-05-12 18:28:22', '2009-05-15 11:55:59');

--
-- 导出表中的数据 'svcart_article_categories'
--

INSERT INTO svcart_article_categories (id, category_id, article_id, orderby, created, modified) VALUES
(49, 1, 1, 500, '2009-04-27 08:43:36', '2009-04-27 08:43:36'),
(50, 1, 2, 500, '2009-04-27 08:43:36', '2009-04-27 08:43:36'),
(51, 1, 3, 500, '2008-01-01 00:00:00', '2008-01-01 00:00:00'),
(52, 1, 5, 500, '2008-01-01 00:00:00', '2008-01-01 00:00:00');

--
-- 导出表中的数据 'svcart_article_i18ns'
--

INSERT INTO svcart_article_i18ns (id, locale, article_id, title, meta_keywords, meta_description, content, author, img01, img02, created, modified) VALUES
(1, 'chi', 1, '付款说明', '付款说明', '', '<p>付款说明：<br />\r\n1. 汇款时请多汇几元钱或者几角钱，如600.7元，目的是为了确认谁汇的款。<br />\r\n2. 付款后发EMAIL到：pay@studa.com，说明汇款日期、银行、金额、详细要求以及您的联系电话！<br />\r\n3. 九年相关业务成功运作经验，从没出现信誉问题，信用问题请查看信用说明。<br />\r\n4. 您有任何问题，请在7&times;8小时内通过服务热线:0737-2800345 2800007查询。<br />\r\n5. 您对服务人员的服务不满意，请投诉到站长信箱：studaa@gmail.com，站长24小时内一定给您解决。</p>', '', '', NULL, '2009-02-11 09:27:19', '2009-04-29 14:36:02'),
(2, 'chi', 2, '配送须知', '配送须知', '', '<p>1. 首先，您在易购商城进行购物时，请正确填写个人信息以便更好的享受我们的配送服务。<br />\r\n2.正常情况下，我们会在收到您货款的当日将您的货品发出。<br />\r\n3.一般情况下我们会以快递方式发出您的订单。72小时内您可以收到您的物品。国内大多数用户可以享受此服务。<br />\r\n4.对于极个别地区，我们可能会采用邮政方式寄出。收货时间大约在7－10天左右。对于此种方式，我们会在寄出前与您沟通。</p>\r\n<p>得到您的确认后，我们才会使用。<br />\r\n5.关于邮资收取，我们遵循以下原则：本埠（北京）单次交易100元以上免邮费，不足100元收取5元；外埠（不含港澳台）</p>\r\n<p>200元以上免邮费，不足200元收取10元。港澳台地区邮费按实际发生收取。</p>\r\n<p>6.由于委托第三方运输，请您务必在收到货物的第一时间查收，以确认您收到的物品数量和品质等与您的订单一致。如果有疑问，</p>\r\n<p>您可以在此时通知我们。如果您放弃这个权利，我们将视为您已经对收到的物品无任何异议。<br />\r\n7.我们不支持无条件退换货服务。如无质量问题，商品一经售出，将概不退货。所以为了最大限度的保证您的权益，在选购商品时，</p>\r\n<p>请您谨慎下单。</p>\r\n<p><br />\r\n感谢您阅读以上条款，祝您在本站购物愉快！<br />\r\n客服中心：（010）62195755</p>', '', '', NULL, '2009-02-11 09:27:19', '2009-04-30 11:36:27'),
(3, 'chi', 3, 'SV-Cart电子商务平台 v1.0 正式版发布了', '', '', '<p>免费版v1.0发布<br />\r\n功能介绍（包括免费版与商业版的功能对比）<br />\r\n免费、开源：SV-CART网上商城系统是一款开源免费的网上商城系统，是一套集网上购物和网站内容管理于一体的电子商务解决方案。<br />\r\n操作便捷、功能强劲：SV-CART系统注重操作上的便捷易用与功能上的强大完善，使您能方便自主的管理自己的网上店铺。前台：网上购物、会员管理、商品检 索等网上商店所需要的功能。后台：强大简便的网站内容管理功能，只需轻点鼠标、简单录入即可完成网上商城管理，如网站模板更换、编辑商品栏目、发货管理、 订单管理、批量导入数据功能、整合多种主流支付通道、内置多国语言等等。<br />\r\n性能好、速度快：SV-CART系统在网站速度上采用专业手段进行优化，速度快、性能好、操作便捷、安全性高。更可根据客户需求进行搜索引擎优化，使您在GOOGLE、BAIDU的搜索结果上名列前茅。</p>', '', NULL, NULL, '2008-01-01 00:00:00', '2008-01-01 00:00:00'),
(4, 'chi', 5, '用户注册协议', '', '', '<p>八、 责任范围及责任限制 <br />\r\n&nbsp;&nbsp;&nbsp; （一） 本公司仅对本协议中列明的责任承担范围负责。 <br />\r\n&nbsp;&nbsp;&nbsp; （二） 您明确因交易所产生的任何风险应由您与交易对方承担。<br />\r\n&nbsp;&nbsp;&nbsp; （三） 支付宝用户信息是由用户本人自行提供的，本公司无法保证该信息之准确、及时和完整，您应对您的判断承担全部责任。 <br />\r\n&nbsp;&nbsp;&nbsp; （四） 本公司不对交易标的及本服务提供任何形式的保证，包括但不限于以下事项： <br />\r\n&nbsp;&nbsp;&nbsp; 1、本服务符合您的需求。<br />\r\n&nbsp;&nbsp;&nbsp; 2、本服务不受干扰、及时提供或免于出错。<br />\r\n&nbsp;&nbsp;&nbsp; 3、您经由本服务购买或取得之任何产品、服务、资讯或其他资料符合您的期望。<br />\r\n&nbsp;&nbsp;&nbsp; （五） 本服务之合作单位，所提供之服务品质及内容由该合作单位自行负责。 <br />\r\n&nbsp;&nbsp;&nbsp; （六） 您经由本服务之使用下载或取得任何资料，应由您自行考量且自负风险，因资料之下载而导致您电脑系统之任何损坏或资料流失，您应负完全责任。<br />\r\n&nbsp;&nbsp;&nbsp; （七） 您自本公司及本公司工作人员或经由本服务取得之建议和资讯，无论其为书面或口头形式，均不构成本公司对本服务之保证。</p>', '', '', NULL, '2009-05-12 18:28:22', '2009-05-15 11:55:59');

--
-- 导出表中的数据 'svcart_booking_products'
--


--
-- 导出表中的数据 'svcart_brands'
--


--
-- 导出表中的数据 'svcart_brand_i18ns'
--


--
-- 导出表中的数据 'svcart_cards'
--


--
-- 导出表中的数据 'svcart_card_i18ns'
--


--
-- 导出表中的数据 'svcart_carts'
--


--
-- 导出表中的数据 'svcart_categories'
--

INSERT INTO svcart_categories (id, parent_id, type, orderby, status, link, img01, img02, created, modified) VALUES
(1, 0, 'A', 50, '1', '', '', '', '2008-01-01 00:00:00', '2008-01-01 00:00:00'),
(2, 0, 'A', 50, '1', '', '', '', '2009-04-09 05:32:25', '2009-04-09 05:32:25'),
(3, 0, 'A', 50, '1', '', '', '', '2008-01-01 00:00:00', '2008-01-01 00:00:00');

--
-- 导出表中的数据 'svcart_category_i18ns'
--

INSERT INTO svcart_category_i18ns (id, locale, category_id, name, meta_keywords, meta_description, detail, img01, img02, img03, created, modified) VALUES
(1, 'chi', 1, '最新咨询', '', '', '', NULL, NULL, NULL, '2008-01-01 00:00:00', '2008-01-01 00:00:00'),
(2, 'chi', 2, '活动看板', '', '', '', NULL, NULL, NULL, '2008-01-01 00:00:00', '2008-01-01 00:00:00'),
(3, 'chi', 3, '精彩专题', '', '', '', NULL, NULL, NULL, '2008-01-01 00:00:00', '2008-01-01 00:00:00');

--
-- 导出表中的数据 'svcart_comments'
--


--
-- 导出表中的数据 'svcart_configs'
--

INSERT INTO svcart_configs (id, store_id, group_code, code, type, orderby, created, modified) VALUES
(382, 0, 'email', 'mail_service', 'radio', 1, '2009-03-12 05:55:16', '2009-04-21 07:44:39'),
(386, 0, 'email', 'smtp_pass', 'text', 5, '2009-03-12 06:02:13', '2009-04-20 05:36:11'),
(387, 0, 'email', 'smtp_mail', 'text', 6, '2009-03-12 06:02:53', '2009-03-12 06:02:53'),
(32, 0, 'user_setting', 'register_question', 'checkbox', 50, '2008-01-01 00:00:00', '2009-03-18 02:38:52'),
(389, 0, 'email', 'test_mail_address', 'text', 11, '2009-03-12 06:06:38', '2009-03-12 06:06:38'),
(25, 0, 'products_show_setting', 'show_member_level_price', 'radio', 50, '2008-01-01 00:00:00', '2009-03-10 09:23:36'),
(247, 0, 'basic_setting', 'market_price_rate', 'text', 0, '2009-02-24 08:13:31', '2009-04-20 03:25:36'),
(246, 0, 'basic_setting', 'enable_stock_manage', 'radio', 0, '2009-03-03 03:37:46', '2009-03-09 09:39:21'),
(245, 0, 'basic_setting', 'watermark_transparency', 'text', 0, '2009-02-24 08:12:26', '2009-04-20 03:24:58'),
(244, 0, 'basic_setting', 'watermark_location', 'radio', 0, '2009-03-03 03:38:19', '2009-03-11 14:46:52'),
(243, 0, 'basic_setting', 'watermark_file', 'image', 0, '2009-02-24 08:11:02', '2009-03-12 09:58:38'),
(368, 0, 'shop_flow', 'enable_buy_card', 'radio', 0, '2009-03-10 10:21:24', '2009-03-10 10:21:24'),
(241, 0, 'basic_setting', 'icp_number', 'text', 0, '2009-02-24 08:09:49', '2009-04-23 08:40:38'),
(238, 0, 'shop_setting', 'enable_registration_closed', 'radio', 0, '2009-02-24 08:02:32', '2009-03-09 09:36:08'),
(237, 0, 'shop_setting', 'shop_notice', 'text', 0, '2009-02-24 08:01:46', '2009-04-20 03:24:17'),
(236, 0, 'shop_setting', 'user_center_notice', 'text', 0, '2009-02-24 08:01:13', '2009-04-20 03:23:47'),
(217, 0, 'shop_setting', 'shop_name', 'text', 2, '2009-02-24 07:37:58', '2009-04-20 03:20:12'),
(218, 0, 'shop_setting', 'shop_title', 'text', 0, '2009-02-24 07:39:09', '2009-04-20 05:54:21'),
(219, 0, 'shop_setting', 'shop_description', 'text', 0, '2009-02-24 07:40:41', '2009-02-24 07:40:41'),
(220, 0, 'shop_setting', 'shop_keywords', 'text', 0, '2009-02-24 07:41:36', '2009-02-24 07:41:36'),
(392, 0, 'basic_setting', 'is_watermark', 'radio', 5, '2009-03-19 05:40:01', '2009-03-19 05:40:01'),
(370, 0, 'shop_flow', 'show_G', 'radio', 0, '2009-03-10 10:57:51', '2009-03-10 10:57:51'),
(369, 0, 'shop_flow', 'show_L', 'radio', 0, '2009-03-10 10:53:47', '2009-04-28 03:50:55'),
(224, 0, 'shop_setting', 'company_address', 'text', 0, '2009-02-24 07:44:25', '2009-03-12 02:09:59'),
(225, 0, 'shop_setting', 'qq', 'text', 0, '2009-02-24 07:44:53', '2009-04-20 03:20:54'),
(226, 0, 'shop_setting', 'ww', 'text', 0, '2009-02-24 07:45:29', '2009-04-20 03:21:27'),
(227, 0, 'shop_setting', 'skype', 'text', 0, '2009-02-24 07:46:18', '2009-04-20 03:21:56'),
(228, 0, 'shop_setting', 'ym', 'text', 0, '2009-02-24 07:46:59', '2009-04-20 03:22:26'),
(229, 0, 'shop_setting', 'msn', 'text', 0, '2009-02-24 07:47:37', '2009-04-20 03:22:57'),
(230, 0, 'shop_setting', 'customer_service_email', 'text', 0, '2009-02-24 07:48:07', '2009-03-12 02:12:41'),
(231, 0, 'shop_setting', 'customer_service_phone', 'text', 0, '2009-02-24 07:48:46', '2009-03-12 02:13:23'),
(232, 0, 'shop_setting', 'shop_temporal_closed', 'radio', 0, '2009-02-24 07:49:20', '2009-04-21 04:58:59'),
(233, 0, 'shop_setting', 'closed_reason', 'text', 0, '2009-02-24 07:50:05', '2009-02-24 07:50:05'),
(234, 0, 'shop_setting', 'shop_logo', 'image', 0, '2009-02-24 07:51:53', '2009-04-20 03:23:23'),
(358, 0, 'products_list_setting', 'products_category', 'select', 0, '2009-03-10 09:37:13', '2009-04-16 09:43:37'),
(268, 0, 'email', 'enable_auto_send_mail', 'radio', 10, '2009-02-24 08:29:29', '2009-04-20 00:32:36'),
(359, 0, 'products_list_setting', 'products_type', 'select', 0, '2009-03-10 09:41:52', '2009-04-16 09:45:36'),
(265, 0, 'basic_setting', 'default_stock', 'text', 0, '2009-02-24 08:27:59', '2009-04-20 03:27:33'),
(264, 0, 'basic_setting', 'enable_new_order_remind', 'radio', 0, '2009-02-24 08:27:17', '2009-03-09 15:07:37'),
(385, 0, 'email', 'smtp_user', 'text', 4, '2009-03-12 06:01:27', '2009-04-20 00:34:09'),
(263, 0, 'basic_setting', 'products_comment_condition', 'radio', 0, '2009-02-24 08:21:32', '2009-03-10 08:00:28'),
(384, 0, 'email', 'smtp_port', 'text', 3, '2009-03-12 05:59:28', '2009-04-20 00:33:29'),
(255, 0, 'basic_setting', 'statistic_code', 'textarea', 0, '2009-02-24 08:17:34', '2009-04-20 03:26:34'),
(362, 0, 'products_show_setting', 'show_sale_stat', 'radio', 0, '2009-03-10 09:58:10', '2009-03-10 09:58:10'),
(257, 0, 'point_setting', 'register_gift_points', 'radio', 1, '2009-02-24 08:18:40', '2009-04-30 09:49:02'),
(258, 0, 'basic_setting', 'enable_gzip', 'radio', 0, '2009-02-24 08:19:08', '2009-04-20 03:27:03'),
(260, 0, 'basic_setting', 'default_timezone', 'select', 0, '2009-02-24 08:20:04', '2009-04-28 17:13:04'),
(360, 0, 'products_list_setting', 'current_sale', 'text', 0, '2009-03-10 09:43:20', '2009-03-10 09:44:06'),
(361, 0, 'products_list_setting', 'views_count', 'text', 0, '2009-03-10 09:45:30', '2009-03-10 09:45:30'),
(290, 0, 'show_setting', 'products_category_page_orderby_method', 'radio', 0, '2009-02-24 08:49:11', '2009-03-11 03:14:05'),
(289, 0, 'show_setting', 'products_category_page_orderby_type', 'radio', 0, '2009-02-24 08:48:26', '2009-03-11 03:09:43'),
(288, 0, 'show_setting', 'products_category_page_size', 'text', 0, '2009-02-24 08:47:47', '2009-03-12 03:14:04'),
(287, 0, 'show_setting', 'products_price_show_format', 'radio', 0, '2009-02-24 08:47:22', '2009-03-12 03:13:05'),
(286, 0, 'show_setting', 'products_name_length', 'text', 0, '2009-02-24 08:46:55', '2009-02-24 08:46:55'),
(285, 0, 'show_setting', 'latest_article_show_number', 'text', 0, '2009-02-24 08:46:31', '2009-03-12 03:12:28'),
(284, 0, 'show_setting', 'related_products_number', 'text', 0, '2009-02-24 08:46:04', '2009-04-20 03:29:37'),
(283, 0, 'show_setting', 'comments_number', 'text', 0, '2009-02-24 08:45:30', '2009-04-20 03:29:17'),
(352, 0, 'products_list_setting', 'show_picture', 'radio', 0, '2009-03-10 08:29:19', '2009-03-10 08:29:19'),
(281, 0, 'show_setting', 'sales_top_number', 'text', 0, '2009-02-24 08:36:29', '2009-03-12 03:12:11'),
(280, 0, 'show_setting', 'image_height', 'text', 0, '2009-02-24 08:36:04', '2009-03-11 15:06:37'),
(279, 0, 'show_setting', 'image_width', 'text', 0, '2009-02-24 08:35:39', '2009-03-11 15:06:18'),
(278, 0, 'show_setting', 'thumb_image_height', 'text', 0, '2009-02-24 08:34:58', '2009-03-11 16:18:18'),
(277, 0, 'show_setting', 'thumbl_image_width', 'text', 0, '2009-02-24 08:34:28', '2009-03-11 16:17:47'),
(355, 0, 'user_setting', 'friend_category', 'text', 0, '2009-03-10 08:42:36', '2009-04-23 07:59:16'),
(354, 0, 'user_setting', 'add_address_count', 'text', 0, '2009-03-10 08:35:40', '2009-04-23 08:18:35'),
(353, 0, 'products_list_setting', 'order_type', 'radio', 0, '2009-03-10 08:33:52', '2009-04-16 10:36:15'),
(273, 0, 'show_setting', 'home_search_keywords', 'text', 0, '2009-02-24 08:32:35', '2009-04-20 05:52:40'),
(357, 0, 'user_setting', 'voucher', 'radio', 0, '2009-03-10 08:45:30', '2009-04-21 05:11:28'),
(270, 0, 'basic_setting', 'retain_original_image_when_upload_products', 'radio', 0, '2009-03-02 09:47:56', '2009-03-09 10:02:18'),
(271, 0, 'basic_setting', 'enable_members_mail_verify', 'radio', 0, '2009-03-02 09:48:40', '2009-03-09 10:04:14'),
(356, 0, 'user_setting', 'friend_count', 'text', 0, '2009-03-10 08:43:22', '2009-04-23 07:59:27'),
(309, 0, 'shop_flow', 'enable_out_of_stock_handle', 'radio', 0, '2009-03-02 10:08:49', '2009-04-20 03:31:16'),
(308, 0, 'shop_flow', 'enable_balance', 'radio', 0, '2009-03-02 10:09:27', '2009-03-09 10:20:47'),
(307, 0, 'shop_flow', 'enable_bonus', 'radio', 0, '2009-03-02 10:10:19', '2009-03-09 10:20:03'),
(306, 0, 'point_setting', 'enable_points', 'radio', 0, '2009-03-02 10:10:59', '2009-03-12 03:19:08'),
(305, 0, 'shop_flow', 'enable_invoice', 'radio', 0, '2009-03-02 10:11:34', '2009-03-10 02:10:16'),
(304, 0, 'shop_flow', 'cart_confirm_notice', 'select', 0, '2009-03-02 09:47:05', '2009-04-26 01:36:09'),
(303, 0, 'show_setting', 'recommend_products_orderby', 'radio', 0, '2009-03-02 09:42:58', '2009-03-12 03:17:50'),
(302, 0, 'show_setting', 'paging_type', 'radio', 0, '2009-03-02 09:32:54', '2009-03-09 10:18:04'),
(388, 0, 'email', 'mail_charset', 'radio', 7, '2009-03-12 06:04:33', '2009-03-12 06:04:33'),
(301, 0, 'show_setting', 'article_category_page_list_number', 'text', 0, '2009-02-24 08:56:54', '2009-03-12 03:15:17'),
(383, 0, 'email', 'smtp_host', 'text', 2, '2009-03-12 05:59:19', '2009-04-20 00:32:57'),
(299, 0, 'show_setting', 'related_products_show_number', 'text', 0, '2009-02-24 08:55:39', '2009-04-20 03:30:12'),
(346, 0, 'shop_setting', 'access_right', 'radio', 0, '2009-03-10 08:17:55', '2009-03-10 09:43:55'),
(347, 0, 'basic_setting', 'display_products_code', 'radio', 0, '2009-03-10 08:20:36', '2009-03-10 09:26:56'),
(348, 0, 'basic_setting', 'display_picture', 'radio', 0, '2009-03-10 08:22:06', '2009-04-23 08:47:15'),
(349, 0, 'basic_setting', 'show_count', 'text', 0, '2009-03-10 08:23:52', '2009-03-12 07:02:17'),
(350, 0, 'basic_setting', 'promotion_count', 'text', 0, '2009-03-10 08:25:06', '2009-03-11 04:37:42'),
(294, 0, 'show_setting', 'article_title_length', 'text', 0, '2009-02-24 08:52:30', '2009-04-20 08:46:48'),
(293, 0, 'show_setting', 'products_detail_page_gallery_number', 'text', 0, '2009-02-24 08:52:03', '2009-02-24 08:52:03'),
(351, 0, 'products_list_setting', 'show_list', 'radio', 0, '2009-03-10 08:27:42', '2009-03-12 03:26:16'),
(254, 0, 'basic_setting', 'products_default_image', 'image', 0, '2009-02-24 08:17:09', '2009-03-12 08:04:28'),
(253, 0, 'basic_setting', 'enable_user_comment_check', 'radio', 0, '2009-03-02 09:42:09', '2009-03-30 17:53:24'),
(252, 0, 'basic_setting', 'products_code_prefix', 'text', 0, '2009-02-24 08:15:58', '2009-03-12 02:16:34'),
(363, 0, 'products_show_setting', 'show_view_stat', 'radio', 0, '2009-03-10 10:01:56', '2009-03-10 10:01:56'),
(364, 0, 'products_show_setting', 'show_product_category', 'radio', 0, '2009-03-10 10:05:01', '2009-03-10 10:05:01'),
(365, 0, 'products_show_setting', 'show_product_type', 'radio', 0, '2009-03-10 10:10:13', '2009-03-10 10:10:13'),
(366, 0, 'show_setting', 'related_articles_number', 'text', 0, '2009-03-10 10:14:40', '2009-03-12 03:26:37'),
(367, 0, 'shop_flow', 'enable_buy_packing', 'radio', 0, '2009-03-10 10:19:07', '2009-03-10 10:19:07'),
(310, 0, 'send_email_setting', 'enable_send_confirm_email', 'radio', 1, '2009-03-02 09:50:25', '2009-05-07 16:48:23'),
(311, 0, 'send_email_setting', 'enable_send_ship_email', 'radio', 3, '2009-03-03 03:28:11', '2009-05-07 16:50:40'),
(312, 0, 'send_email_setting', 'enable_send_cancel_email', 'radio', 1, '2009-03-03 03:28:45', '2009-05-07 16:52:29'),
(313, 0, 'send_email_setting', 'enable_send_invalid_email', 'radio', 0, '2009-03-03 03:29:18', '2009-05-07 16:54:02'),
(314, 0, 'shop_flow', 'write_order_pay_remark', 'radio', 0, '2009-02-24 09:04:57', '2009-05-07 17:12:51'),
(315, 0, 'shop_flow', 'write_order_unpay_remark', 'radio', 0, '2009-03-03 03:29:56', '2009-05-07 17:13:27'),
(316, 0, 'shop_flow', 'write_order_ship_remark', 'radio', 0, '2009-03-03 03:30:37', '2009-05-07 17:16:05'),
(317, 0, 'shop_flow', 'write_order_receive_remark', 'radio', 0, '2009-03-03 03:31:09', '2009-05-07 17:13:58'),
(318, 0, 'shop_flow', 'write_order_unship_remark', 'radio', 0, '2009-03-03 03:31:49', '2009-05-07 17:15:14'),
(319, 0, 'shop_flow', 'write_order_return_remark', 'radio', 0, '2009-03-03 03:32:26', '2009-05-07 17:17:04'),
(320, 0, 'shop_flow', 'write_order_invalid_remark', 'radio', 0, '2009-03-03 03:32:59', '2009-05-07 17:15:44'),
(321, 0, 'shop_flow', 'write_order_cancel_remark', 'radio', 0, '2009-03-03 03:33:32', '2009-05-07 17:16:50'),
(322, 0, 'shop_flow', 'invoice_content', 'radio', 0, '2009-02-24 09:09:16', '2009-04-20 03:31:46'),
(323, 0, 'shop_flow', 'enable_guest_buy', 'radio', 0, '2009-03-03 03:26:19', '2009-03-25 07:36:21'),
(324, 0, 'shop_flow', 'min_buy_amount', 'text', 0, '2009-03-03 03:25:49', '2009-04-20 03:32:07'),
(325, 0, 'shop_flow', 'enable_one_step_buy', 'radio', 0, '2009-03-02 10:12:48', '2009-03-09 10:27:50'),
(326, 0, 'shop_flow', 'invoice_type_tax_rate', 'radio', 0, '2009-03-02 10:13:22', '2009-03-09 10:28:13'),
(327, 0, 'shop_flow', 'enable_decrease_stock_time', 'radio', 0, '2009-03-02 10:14:05', '2009-03-10 08:43:24'),
(328, 0, 'send_email_setting', 'enable_send_confirm_email_customer_service', 'radio', 2, '2009-03-02 10:14:34', '2009-05-07 17:09:03'),
(329, 0, 'shop_flow', 'enable_products_show_method', 'radio', 0, '2009-03-03 03:20:24', '2009-03-30 14:45:24'),
(330, 0, 'shop_flow', 'enable_show_products_attribute', 'radio', 0, '2009-03-03 03:21:13', '2009-03-30 14:44:49'),
(331, 0, 'products_show_setting', 'show_product_code', 'radio', 0, '2009-03-03 03:21:59', '2009-03-09 10:30:28'),
(332, 0, 'products_show_setting', 'show_brand', 'radio', 0, '2009-03-03 03:22:25', '2009-03-10 09:28:03'),
(333, 0, 'products_show_setting', 'show_weight', 'radio', 0, '2009-03-03 03:22:54', '2009-03-10 09:12:18'),
(334, 0, 'products_show_setting', 'show_stock', 'radio', 0, '2009-03-03 03:23:27', '2009-03-10 09:15:13'),
(335, 0, 'products_show_setting', 'show_onsale_time', 'radio', 0, '2009-03-03 03:23:57', '2009-03-10 09:17:26'),
(336, 0, 'products_show_setting', 'products_attribute_show_type', 'radio', 0, '2009-03-03 03:24:28', '2009-03-12 03:25:53'),
(337, 0, 'products_show_setting', 'show_market_price', 'radio', 0, '2009-03-03 03:25:02', '2009-04-27 01:33:52'),
(371, 0, 'shop_flow', 'show_T', 'radio', 0, '2009-03-10 10:58:49', '2009-03-10 10:58:49'),
(373, 0, 'basic_setting', 'search_prouduct_type', 'checkbox', 0, '2009-03-11 05:52:58', '2009-03-11 05:52:58'),
(393, 0, 'show_setting', 'search_autocomplete_image_width', 'text', 34, '2009-03-23 05:15:27', '2009-04-02 10:36:38'),
(394, 0, 'show_setting', 'search_autocomplete_image_height', 'text', 40, '2009-03-23 05:16:07', '2009-03-23 05:16:07'),
(396, 0, 'point_setting', 'first_points', 'text', 1, '2009-03-30 17:10:18', '2009-03-30 17:31:00'),
(397, 0, 'point_setting', 'order_gift_points', 'radio', 2, '2009-03-30 17:32:49', '2009-03-30 17:32:49'),
(398, 0, 'point_setting', 'order_points', 'text', 3, '2009-03-30 17:33:39', '2009-03-30 17:33:39'),
(399, 0, 'point_setting', 'out_order_gift_points', 'radio', 4, '2009-03-30 17:35:35', '2009-03-30 17:37:37'),
(400, 0, 'point_setting', 'out_order_points', 'text', 5, '2009-03-30 17:36:28', '2009-03-30 17:36:28'),
(401, 0, 'point_setting', 'recommend_gift_points', 'radio', 7, '2009-03-30 17:49:15', '2009-03-30 17:49:15'),
(402, 0, 'point_setting', 'recommend_points', 'text', 7, '2009-03-30 17:58:42', '2009-03-30 17:58:42'),
(403, 0, 'point_setting', 'recommend_buy_gift_points', 'radio', 8, '2009-03-30 18:07:38', '2009-03-30 18:07:38'),
(404, 0, 'point_setting', 'recommend_buy_points', 'text', 9, '2009-03-30 18:08:30', '2009-03-30 18:08:30'),
(405, 0, 'point_setting', 'buy_gift_points', 'radio', 6, '2009-03-30 18:12:04', '2009-03-31 15:53:33'),
(406, 0, 'point_setting', 'buy_points', 'text', 5, '2009-03-30 18:13:02', '2009-03-31 15:51:01'),
(407, 0, 'show_setting', 'promotions_page_list_number', 'text', 8, '2009-03-31 14:59:25', '2009-03-31 14:59:25'),
(408, 0, 'point_setting', 'proportion_point', 'text', 10, '2009-03-31 17:37:20', '2009-03-31 17:40:05'),
(409, 0, 'point_setting', 'conversion_ratio_point', 'text', 11, '2009-03-31 17:39:37', '2009-03-31 17:39:37'),
(410, 0, 'point_setting', 'order_smallest', 'text', 7, '2009-04-01 14:32:28', '2009-04-01 14:32:28'),
(411, 0, 'basic_setting', 'is_guides', 'radio', 2, '2009-04-02 05:24:23', '2009-04-02 05:25:44'),
(412, 0, 'email', 'email_notification', 'radio', 12, '2009-04-02 13:54:48', '2009-04-02 13:54:48'),
(420, 0, 'coupon_setting', 'register_coupons', 'radio', 50, '2009-04-30 09:49:47', '2009-05-04 11:39:45'),
(419, 0, 'show_setting', 'price_format', 'text', 50, '2009-04-25 12:07:00', '2009-04-25 12:07:00'),
(421, 0, 'coupon_setting', 'use_coupons', 'radio', 50, '2009-05-04 03:34:11', '2009-05-04 03:34:11'),
(422, 0, 'coupon_setting', 'send_coupons', 'radio', 50, '2009-05-04 03:35:45', '2009-05-04 03:35:45'),
(424, 0, 'Email', 'smtp_ssl', 'radio', 5, '2009-05-14 15:53:50', '2009-05-14 15:54:31'),
(427, 0, 'basic_setting', 'version', 'text', 50, '2009-05-19 06:23:46', '2009-05-19 06:23:46'),
(433, 0, 'show_setting', 'products_list_showtype', 'radio', 50, '2009-05-31 21:14:08', '2009-05-31 21:14:08');

--
-- 导出表中的数据 'svcart_config_i18ns'
--

INSERT INTO svcart_config_i18ns (id, locale, config_id, name, value, options, description, created, modified) VALUES
(86, 'chi', 25, '会员价是否显示', '2', '0:不显示\r\n1:显示当前用户\r\n2:显示全部', '会员价是否显示', '2008-01-01 00:00:00', '2009-03-10 09:23:36'),
(103, 'chi', 32, '密码保护问题', '1;2;3', '1:我的姓名\r\n2:我的生日\r\n3:最喜欢的颜色\r\n  ', '密码保护问题', '2008-01-01 00:00:00', '2009-03-12 03:55:18'),
(111, 'chi', 217, '商店名称', 'SV-Cart演示网站', '', '商店名称', '2009-02-24 07:37:58', '2009-03-12 02:07:50'),
(113, 'chi', 218, '商店标题', 'PHP电子商务平台 SV-Cart官网 | 上海实玮', '', '', '2009-02-24 07:39:09', '2009-02-24 07:39:09'),
(115, 'chi', 219, '商店描述', '最好的,免费开源的,PHP电子商务平台 SV-Cart系统', '', '', '2009-02-24 07:40:41', '2009-02-24 07:40:41'),
(117, 'chi', 220, '商店关键字', '电子商务平台,免费开源,sv-cart,上海实玮,php', '', '', '2009-02-24 07:41:36', '2009-02-24 07:41:36'),
(125, 'chi', 224, '详细地址', '公司地址', ' ', '详细地址', '2009-02-24 07:44:25', '2009-03-12 02:09:59'),
(127, 'chi', 225, '客服QQ号码', '', ' ', '客服QQ号码', '2009-02-24 07:44:53', '2009-03-12 02:10:21'),
(129, 'chi', 226, '淘宝旺旺', '旺旺', ' ', '淘宝旺旺', '2009-02-24 07:45:29', '2009-03-12 02:10:52'),
(131, 'chi', 227, 'Skype', '', ' ', 'Skype', '2009-02-24 07:46:18', '2009-03-12 02:11:18'),
(133, 'chi', 228, 'Yahoo Messenger', '', ' ', 'Yahoo Messenger', '2009-02-24 07:46:59', '2009-03-12 02:11:47'),
(135, 'chi', 229, 'MSN Messenger', '', ' ', 'MSN Messenger', '2009-02-24 07:47:37', '2009-03-12 02:12:03'),
(137, 'chi', 230, '客服邮件地址', '', ' ', '客服邮件地址', '2009-02-24 07:48:07', '2009-03-12 02:12:41'),
(139, 'chi', 231, '客服电话', '', ' ', '客服电话', '2009-02-24 07:48:46', '2009-03-12 02:13:23'),
(141, 'chi', 232, '暂时关闭网站', '0', '0:否\r\n1:是', '暂时关闭网站', '2009-02-24 07:49:20', '2009-03-09 09:32:57'),
(143, 'chi', 233, '关闭网店的原因', '', '', '', '2009-02-24 07:50:05', '2009-02-24 07:50:05'),
(145, 'chi', 234, '商店Logo', '', '0: /sv-admin/img/zh_cn.gif\r\n1: /sv-admin/img/en_us.gif', '商店Logo', '2009-02-24 07:51:53', '2009-03-12 08:04:57'),
(149, 'chi', 236, '用户中心公告', '这里是用户中心公告', '', '', '2009-02-24 08:01:13', '2009-02-24 08:01:13'),
(151, 'chi', 237, '商店公告', '', '', '', '2009-02-24 08:01:46', '2009-02-24 08:01:46'),
(153, 'chi', 238, '是否关闭注册', '0', '0:否\r\n1:是\r\n ', '是否关闭注册', '2009-02-24 08:02:32', '2009-03-09 09:36:08'),
(159, 'chi', 241, 'ICP备案证书号', '  ', '  ', 'ICP备案证书号', '2009-02-24 08:09:49', '2009-03-12 02:15:26'),
(163, 'chi', 243, '水印文件', '', '0: /sv-admin/img/zh_cn.gif\r\n1: /sv-admin/img/en_us.gif \r\n2: /sv-admin/img/img.jpg\r\n', '水印文件', '2009-02-24 08:11:02', '2009-03-12 09:58:38'),
(501, 'chi', 244, '水印位置', '', '0:随机位置\r\n1:顶端居左\r\n2:顶端居中\r\n3:顶端居右\r\n4:中部居左\r\n5:中部居中\r\n6:中部居右\r\n7:底端居左\r\n8:底端居中\r\n9:底端居右\r\n', '水印位置', '2009-03-03 03:38:19', '2009-03-11 14:46:52'),
(167, 'chi', 245, '水印透明度', '50', ' ', '水印透明度', '2009-02-24 08:12:26', '2009-03-11 14:53:00'),
(499, 'chi', 246, '是否启用库存管理', '1', '0:否\r\n1:是\r\n ', '是否启用库存管理', '2009-03-03 03:37:46', '2009-03-09 09:39:21'),
(171, 'chi', 247, '市场价格比例', '1.2', ' ', '市场价格比例', '2009-02-24 08:13:31', '2009-03-12 02:15:52'),
(181, 'chi', 252, '商品货号前缀', 'SV', ' ', '商品货号前缀', '2009-02-24 08:15:58', '2009-03-12 02:16:34'),
(411, 'chi', 253, '用户评论是否需要审核', '1', '0:否\r\n1:是\r\n  ', '用户评论是否需要审核', '2009-03-02 09:42:09', '2009-03-09 09:54:15'),
(185, 'chi', 254, '商品的默认图片', '0', '0: /sv-admin/img/zh_cn.gif\r\n1: /sv-admin/img/en_us.gif', '商品的默认图片', '2009-02-24 08:17:09', '2009-03-12 08:04:28'),
(187, 'chi', 255, '统计代码', '', ' ', '统计代码', '2009-02-24 08:17:34', '2009-03-31 11:52:38'),
(879, 'chi', 431, '启用多货币模块', '0', '0:否\r\n1:是', '是否启用多货币模块', '2009-05-27 13:48:02', '2009-05-27 13:48:02'),
(191, 'chi', 257, '会员注册赠送积分', '  1', '0:否\r\n1:是      ', '会员注册赠送积分', '2009-02-24 08:18:40', '2009-04-30 09:49:02'),
(193, 'chi', 258, '是否启用Gzip模式', '1', '0:否\r\n1:是\r\n ', '是否启用Gzip模式', '2009-02-24 08:19:08', '2009-03-09 10:14:04'),
(197, 'chi', 260, '默认时区', '-8', '-8:(GMT +08:00) Beijing, Hong Kong, Perth, Singapore, Taipei;\r\n+11:(GMT -11:00) Midway Island, Samoa\r\n', '默认时区', '2009-02-24 08:20:04', '2009-04-28 17:13:04'),
(203, 'chi', 263, '商品评论的条件', '0', '0:所有人可评论\r\n1:注册会员可评论\r\n2:购买后可评论', '商品评论的条件', '2009-02-24 08:21:32', '2009-03-10 08:00:28'),
(205, 'chi', 264, '是否开启新订单提醒', '1', '0:否\r\n1:是  ', '是否开启新订单提醒', '2009-02-24 08:27:17', '2009-03-09 15:07:37'),
(207, 'chi', 265, '默认库存', '999', '', '', '2009-02-24 08:27:59', '2009-02-24 08:27:59'),
(213, 'chi', 268, '是否开启自动发送邮件', '1', '0:否\r\n1:是\r\n ', '是否开启自动发送邮件', '2009-02-24 08:29:29', '2009-03-09 10:03:26'),
(417, 'chi', 270, '上传商品时是否保留原图', '1', '0:否\r\n1:是\r\n  ', 'retain original image when upload products', '2009-03-02 09:47:56', '2009-03-09 10:02:18'),
(419, 'chi', 271, '是否开启会员邮件验证', '1', '0:否\r\n1:是\r\n  ', '是否开启会员邮件验证', '2009-03-02 09:48:40', '2009-03-09 10:04:14'),
(223, 'chi', 273, '首页搜索的关键字', '购物  ', ' ', '首页搜索的关键字', '2009-02-24 08:32:35', '2009-03-12 03:11:46'),
(231, 'chi', 277, '列表缩略图宽度', '108', '   ', '列表缩略图宽度', '2009-02-24 08:34:28', '2009-03-11 16:17:47'),
(233, 'chi', 278, '列表缩略图高度', '108', '   ', '列表缩略图高度', '2009-02-24 08:34:58', '2009-03-11 16:18:18'),
(235, 'chi', 279, '商品详细图片宽度', '400', '  ', '商品详细图片宽度', '2009-02-24 08:35:39', '2009-03-11 15:06:18'),
(237, 'chi', 280, '商品详细图片高度', '400', '  ', '商品详细图片高度', '2009-02-24 08:36:04', '2009-03-11 15:06:37'),
(239, 'chi', 281, '销量排行数量', '400  ', ' ', '销量排行数量', '2009-02-24 08:36:29', '2009-03-12 03:12:11'),
(243, 'chi', 283, '评论数量', '3', '', '', '2009-02-24 08:45:30', '2009-02-24 08:45:30'),
(245, 'chi', 284, '相关商品数量', '2', '', '', '2009-02-24 08:46:04', '2009-02-24 08:46:04'),
(247, 'chi', 285, '最新文章显示数量', '5', ' ', '最新文章显示数量', '2009-02-24 08:46:31', '2009-03-12 03:12:28'),
(249, 'chi', 286, '商品名称的长度', '20', '', '', '2009-02-24 08:46:55', '2009-02-24 08:46:55'),
(251, 'chi', 287, '商品价格显示规则', '1', '0:否\r\n1:是  ', '商品价格显示规则', '2009-02-24 08:47:22', '2009-03-12 03:13:05'),
(253, 'chi', 288, '商品分类页列表的数量', '5', ' ', '商品分类页列表的数量', '2009-02-24 08:47:47', '2009-03-12 03:14:04'),
(255, 'chi', 289, '商品分类页默认排序类型', 'modified', 'shop_price:按价格\r\nsale_stat:按销售次数\r\nmodified:按上架时间 ', '商品分类页默认排序类型', '2009-02-24 08:48:26', '2009-03-11 03:09:43'),
(257, 'chi', 290, '商品分类页默认显示方式', 'DESC', 'DESC:DESC\r\nASC:ASC ', '商品分类页默认排序方式', '2009-02-24 08:49:11', '2009-03-11 03:14:05'),
(263, 'chi', 293, '商品详情页相册图片数量', '3', '', '', '2009-02-24 08:52:03', '2009-02-24 08:52:03'),
(265, 'chi', 294, '文章标题的长度', '20  ', ' ', '文章标题的长度', '2009-02-24 08:52:30', '2009-03-12 03:14:29'),
(275, 'chi', 299, '关联商品显示数量', '10  ', ' ', '关联商品显示数量', '2009-02-24 08:55:39', '2009-03-12 03:14:51'),
(279, 'chi', 301, '文章分类页列表的数量', '20', ' ', '文章分类页列表的数量', '2009-02-24 08:56:54', '2009-03-12 03:15:17'),
(405, 'chi', 302, '分页样式', '1', '0:否\r\n1:是    ', 'paging type', '2009-03-02 09:32:54', '2009-03-09 10:18:04'),
(413, 'chi', 303, '推荐商品排序', '1', '0:否\r\n1:是    ', '推荐商品排序', '2009-03-02 09:42:58', '2009-03-12 03:17:50'),
(415, 'chi', 304, '购物车确定提示', '1', '0:提示用户，点”确定“进购物车;\r\n1:直接进购物车\r\n', '0:提示用户，点”确定“进购物车;\r\n1:直接进购物车\r\n', '2009-03-02 09:47:05', '2009-04-17 08:52:27'),
(433, 'chi', 305, '能否开发票', '1', '0:否\r\n1:是   ', '能否开发票', '2009-03-02 10:11:34', '2009-03-10 02:10:16'),
(431, 'chi', 306, '是否使用积分', '1', '0:否\r\n1:是      ', '是否使用积分', '2009-03-02 10:10:59', '2009-03-12 03:19:08'),
(429, 'chi', 307, '是否使用红包', '1', '0:否\r\n1:是 ', '是否使用红包', '2009-03-02 10:10:19', '2009-03-09 10:20:03'),
(427, 'chi', 308, '是否使用余额', '0', '0:否\r\n1:是', '是否使用余额', '2009-03-02 10:09:27', '2009-03-09 10:20:47'),
(425, 'chi', 309, '是否使用缺货处理', '1', '0:否\r\n1:是 ', '是否使用缺货处理', '2009-03-02 10:08:49', '2009-03-09 10:21:09'),
(423, 'chi', 310, '确认订单时', '1', '0:不发送邮件\r\n1:发送邮件', '确认订单时是否给顾客发送邮件', '2009-03-02 09:50:25', '2009-05-07 16:48:23'),
(469, 'chi', 311, '发货时', '1', '0:不发送邮件 \r\n1:发送邮件', '发货时是否给顾客发送邮件', '2009-03-03 03:28:11', '2009-05-07 16:50:40'),
(471, 'chi', 312, '取消订单时', '1', '0:不发送邮件 \r\n1:发送邮件', '取消订单时是否给顾客发送邮件', '2009-03-03 03:28:45', '2009-05-07 16:52:29'),
(473, 'chi', 313, '把订单设为无效时', '1', '0:不发送邮件 \r\n1:发送邮件', '把订单设为无效时是否给顾客发送邮件', '2009-03-03 03:29:18', '2009-05-07 16:54:02'),
(305, 'chi', 314, '设置订单为“已付款”时', '1', '0:必须填写备注\r\n1:无需填写备注', '设置订单为“已付款”时必须填写备注', '2009-02-24 09:04:57', '2009-05-07 17:12:51'),
(475, 'chi', 315, '设置订单为“未付款”时', '0', '0:必须填写备注\r\n1:无需填写备注   ', '设置订单为“未付款”时必须填写备注', '2009-03-03 03:29:56', '2009-05-07 17:13:27'),
(477, 'chi', 316, '设置订单为“已发货”时', '0', '0:必须填写备注\r\n1:无需填写备注', '设置订单为“已发货”时是否给顾客发送邮件', '2009-03-03 03:30:37', '2009-05-07 17:16:05'),
(479, 'chi', 317, '设置订单为“收货确认”时', '0', '0:必须填写备注\r\n1:无需填写备注   ', '设置订单为“收货确认”时是否给顾客发送邮件', '2009-03-03 03:31:09', '2009-05-07 17:13:58'),
(481, 'chi', 318, '设置订单为“未发货”时', '0', '0:必须填写备注\r\n1:无需填写备注', '设置订单为“未发货”时是否给顾客发送邮件', '2009-03-03 03:31:49', '2009-05-07 17:15:14'),
(483, 'chi', 319, '退货时', '0', '0:必须填写备注\r\n1:无需填写备注  ', '退货时必须填写备注\r\n', '2009-03-03 03:32:26', '2009-05-07 17:17:04'),
(485, 'chi', 320, '把订单设为无效时', '0', '0:必须填写备注\r\n1:无需填写备注', '把订单设为无效时是否给顾客发送邮件', '2009-03-03 03:32:59', '2009-05-07 17:15:44'),
(487, 'chi', 321, '取消订单时', '0', '0:必须填写备注\r\n1:必须填写备注  ', '取消订单时', '2009-03-03 03:33:32', '2009-05-07 17:16:50'),
(321, 'chi', 322, '发票内容', '1', ' 0:否\r\n1:是 ', '发票内容', '2009-02-24 09:09:16', '2009-03-12 03:24:01'),
(463, 'chi', 323, '是否允许未登录用户购物', '1', '0:否\r\n1:是  ', '是否允许未登录用户购物', '2009-03-03 03:26:19', '2009-03-12 03:24:16'),
(461, 'chi', 324, '最小购物金额', '10', '0:否\r\n1:是  ', '最小购物金额', '2009-03-03 03:25:49', '2009-03-10 10:33:06'),
(435, 'chi', 325, '是否一步购物', '0', '0:否\r\n1:是 ', '是否一步购物', '2009-03-02 10:12:48', '2009-03-09 10:27:50'),
(437, 'chi', 326, '发票类型及税率', '1', '0:否\r\n1:是 ', '发票类型及税率', '2009-03-02 10:13:22', '2009-03-09 10:28:13'),
(439, 'chi', 327, '减库存的时机', '1', '0:放入购物车时\r\n1:订单生成时 ', '减库存的时机', '2009-03-02 10:14:05', '2009-03-10 08:43:24'),
(442, 'chi', 328, '下订单时', '1', '0:不发送邮件 \r\n1:发送邮件\r\n ', '下订单时是否给客服发邮件', '2009-03-02 10:14:34', '2009-05-07 17:09:03'),
(443, 'chi', 329, '购物车里显示商品方式', '1', '0:显示文字\r\n1:显示文字和图片  ', '购物车里显示商品方式', '2009-03-03 03:20:24', '2009-03-10 10:24:57'),
(445, 'chi', 330, '购物车里是否显示商品属性', '1', '0:否\r\n1:是   ', '购物车里是否显示商品属性', '2009-03-03 03:21:13', '2009-03-12 03:24:51'),
(447, 'chi', 331, '是否显示货号', '1', '0:否\r\n1:是  ', '是否显示货号', '2009-03-03 03:21:59', '2009-03-09 10:30:28'),
(449, 'chi', 332, '是否显示品牌', '1', '0:否\r\n1:是\r\n   ', '是否显示品牌', '2009-03-03 03:22:25', '2009-04-03 06:04:31'),
(451, 'chi', 333, '是否显示重量', '1', '0:不显示\r\n1:显示 ', '是否显示重量', '2009-03-03 03:22:54', '2009-03-10 09:12:18'),
(453, 'chi', 334, '是否显示库存', '1', '0:不显示\r\n1:显示', '是否显示库存', '2009-03-03 03:23:27', '2009-03-10 09:15:13'),
(455, 'chi', 335, '是否显示上架时间', '1', '0:不显示\r\n1:显示', '是否显示上架时间', '2009-03-03 03:23:57', '2009-03-10 09:17:26'),
(457, 'chi', 336, '商品属性显示样式', '1', '0:否\r\n1:是', '商品属性显示样式', '2009-03-03 03:24:28', '2009-03-12 03:25:53'),
(459, 'chi', 337, '是否显示市场价格', '1', '0:不显示\r\n1:显示', '是否显示市场价格', '2009-03-03 03:25:02', '2009-03-10 09:20:27'),
(513, 'chi', 346, '访问权限', '0', '0:游客\r\n1:特殊用户 ', '访问权限', '2009-03-10 08:17:55', '2009-03-10 09:43:55'),
(515, 'chi', 347, '是否显示货号', '1', '0:否\r\n1:是  ', '是否显示货号', '2009-03-10 08:20:36', '2009-03-10 09:26:56'),
(517, 'chi', 348, '是否显示图片', '1', '0:否\r\n1:是', '', '2009-03-10 08:22:06', '2009-03-10 08:22:06'),
(519, 'chi', 349, '显示个数', '  20  ', '  ', '显示个数', '2009-03-10 08:23:52', '2009-03-12 07:02:17'),
(521, 'chi', 350, '促销新品推荐个数', ' 10 ', ' ', '促销新品推荐个数', '2009-03-10 08:25:06', '2009-03-11 04:37:42'),
(523, 'chi', 351, '是否显示列表', '1', '0:否\r\n1:是 ', '是否显示列表', '2009-03-10 08:27:42', '2009-03-12 03:26:16'),
(525, 'chi', 352, '是否显示图片', '1', '0:否\r\n1:是', '', '2009-03-10 08:29:19', '2009-03-10 08:29:19'),
(527, 'chi', 353, '排序方式', '1', '0:DESC\r\n1:ASC', '', '2009-03-10 08:33:52', '2009-03-10 08:33:52'),
(529, 'chi', 354, '地址增加个数', '5', '', '', '2009-03-10 08:35:40', '2009-03-10 08:35:40'),
(531, 'chi', 355, '好友分类', '5', '', '', '2009-03-10 08:42:36', '2009-03-10 08:42:36'),
(533, 'chi', 356, '好友个数', '20', '', '', '2009-03-10 08:43:22', '2009-03-10 08:43:22'),
(535, 'chi', 357, '是否可充值', '1', '0:否\r\n1:是', '', '2009-03-10 08:45:30', '2009-03-10 08:45:30'),
(538, 'chi', 358, '商品分类', '1', '1:经典\r\n2:时尚\r\n ', '商品分类', '2009-03-10 09:37:13', '2009-03-10 09:39:50'),
(540, 'chi', 359, '商品类型', '1', '1:普通\r\n2:特殊', '', '2009-03-10 09:41:52', '2009-03-10 09:41:52'),
(542, 'chi', 360, '本期售出', '20  ', ' ', '本期售出', '2009-03-10 09:43:20', '2009-03-10 09:44:06'),
(544, 'chi', 361, '浏览次数', '20', '', '', '2009-03-10 09:45:30', '2009-03-10 09:45:30'),
(546, 'chi', 362, '是否显示出售次数', '1', '0:不显示\r\n1:显示', '', '2009-03-10 09:58:10', '2009-03-10 09:58:10'),
(548, 'chi', 363, '显示浏览次数', '1', '0:不显示\r\n1:显示', '', '2009-03-10 10:01:56', '2009-03-10 10:01:56'),
(550, 'chi', 364, '显示商品分类', '1', '0:不显示\r\n1:显示', '', '2009-03-10 10:05:01', '2009-03-10 10:05:01'),
(552, 'chi', 365, '显示商品类型 ', '1', '0:不显示\r\n1:显示', '', '2009-03-10 10:10:13', '2009-03-10 10:10:13'),
(554, 'chi', 366, '相关文章数量', ' 2 ', ' ', '相关文章数量', '2009-03-10 10:14:40', '2009-03-12 03:26:37'),
(556, 'chi', 367, '是否可选包装', '1', '0:不可以\r\n1:可以', '', '2009-03-10 10:19:07', '2009-03-10 10:19:07'),
(558, 'chi', 368, '是否可选贺卡', '1', '0:不可以\r\n1:可以', '', '2009-03-10 10:21:24', '2009-03-10 10:21:24'),
(560, 'chi', 369, '是否启用商品图文列显示', '1', '0:不启用\r\n1:启用', '', '2009-03-10 10:53:47', '2009-04-28 03:50:55'),
(562, 'chi', 370, '是否启用商品图文表格显示', '1', '0:不启用\r\n1:启用', '', '2009-03-10 10:57:51', '2009-03-10 10:57:51'),
(564, 'chi', 371, '是否启用商品文字显示', '1', '0:不启用\r\n1:启用', '', '2009-03-10 10:58:49', '2009-03-10 10:58:49'),
(568, 'chi', 373, '搜索商品的显示方式', '0;1;2', '0:显示商品图片\r\n1:显示商品名\r\n2:显示商品编号', '', '2009-03-11 05:52:58', '2009-03-11 05:52:58'),
(585, 'chi', 382, '邮件服务', '0', '0:采用服务器内置的 Mail 服务\r\n1:采用其他的 SMTP 服务', '', '2009-03-12 05:55:16', '2009-03-12 05:55:16'),
(587, 'chi', 383, '发送邮件服务器地址(SMTP)', '', '', '', '2009-03-12 05:59:19', '2009-03-12 05:59:19'),
(589, 'chi', 384, '服务器端口', '25  ', ' ', '服务器端口', '2009-03-12 05:59:28', '2009-03-12 06:00:34'),
(591, 'chi', 385, '邮件发送帐号', '', '', '', '2009-03-12 06:01:27', '2009-03-12 06:01:27'),
(593, 'chi', 386, '帐号密码', '', '', '', '2009-03-12 06:02:13', '2009-03-12 06:02:13'),
(595, 'chi', 387, '邮件回复地址', '', '', '', '2009-03-12 06:02:53', '2009-03-12 06:02:53'),
(597, 'chi', 388, '邮件编码', '0', '0:国际化编码（utf8）\r\n1:简体中文\r\n2:繁体中文', '', '2009-03-12 06:04:33', '2009-03-12 06:04:33'),
(599, 'chi', 389, '邮件地址', '', '', '', '2009-03-12 06:06:38', '2009-03-12 06:06:38'),
(742, 'chi', 392, '是否添加水印', '1', '0:否\r\n1:是', '', '2009-03-19 05:40:01', '2009-03-19 05:40:01'),
(748, 'chi', 393, '快速搜索图片宽度', '60', '', '', '2009-03-23 05:15:27', '2009-04-02 10:36:38'),
(751, 'chi', 394, '快速搜索图片高度', '40', '', '', '2009-03-23 05:16:07', '2009-03-23 05:16:07'),
(766, 'chi', 396, '会员注册赠送积分数', '10', '', '会员注册赠送积分数', '2009-03-30 17:10:18', '2009-03-30 17:31:00'),
(771, 'chi', 397, '下单是否送积分', '1', '0:否\r\n1:是', '下单是否送积分', '2009-03-30 17:32:49', '2009-03-30 17:32:49'),
(775, 'chi', 398, '下单增送积分数', '20', '', '下单增送积分数', '2009-03-30 17:33:39', '2009-03-30 17:33:39'),
(779, 'chi', 399, '超过订单金额是否送积分', '1', '0:否\r\n1:是', '超过订单金额是否送积分', '2009-03-30 17:35:35', '2009-03-30 17:37:37'),
(783, 'chi', 400, '超过订单金额增送积分数', '30', '', '超过订单金额增送积分数', '2009-03-30 17:36:28', '2009-03-30 17:36:28'),
(787, 'chi', 401, '推荐好友是否送积分', '1', '0:否\r\n1:是', '推荐好友是否送积分', '2009-03-30 17:49:15', '2009-03-30 17:49:15'),
(792, 'chi', 402, '推荐好友赠送送积分数', '5', '', '推荐好友赠送送积分数', '2009-03-30 17:58:42', '2009-03-30 17:58:42'),
(796, 'chi', 403, '推荐好友购物是否送积分', '1', '0:否\r\n1:是', '推荐好友购物是否送积分', '2009-03-30 18:07:38', '2009-03-30 18:07:38'),
(800, 'chi', 404, '推荐好友购物赠送积分数', '50', '', '推荐好友购物赠送积分数', '2009-03-30 18:08:30', '2009-03-30 18:08:30'),
(804, 'chi', 405, '7天内无退货是否送积分', '1', '0:否\r\n1:是', '7天内无退货是否送积分', '2009-03-30 18:12:04', '2009-03-31 15:53:33'),
(808, 'chi', 406, '7天内无退货赠送积分数', '30', '', '7天内无退货赠送积分数', '2009-03-30 18:13:02', '2009-03-31 15:51:01'),
(813, 'chi', 407, '促销页列表的数量', '10', '', '促销页列表的数量', '2009-03-31 14:59:25', '2009-03-31 14:59:25'),
(817, 'chi', 408, '积分支付比例', '10', '', '每100元商品最多可以使用多少元积分', '2009-03-31 17:37:20', '2009-03-31 17:40:05'),
(821, 'chi', 409, '积分换算比例', '100', '', '每100积分可抵多少元现金', '2009-03-31 17:39:37', '2009-03-31 17:39:37'),
(825, 'chi', 410, '积分赠送最小订单金额', '200', '', '积分赠送最小订单金额', '2009-04-01 14:32:28', '2009-04-01 14:32:28'),
(830, 'chi', 411, '是否弹出向导', '1', '1:是\r\n0:否', '是否弹出向导', '2009-04-02 05:24:23', '2009-04-02 05:25:44'),
(834, 'chi', 412, '订阅邮件通知', '1', '0:不发送邮件\r\n1:发送邮件', '订阅邮件通知', '2009-04-02 13:54:48', '2009-04-02 13:54:48'),
(855, 'chi', 419, '货币格式', '￥%s元', '', '显示商品价格的格式，%s将被替换为相应的价格数字。', '2009-04-25 12:07:00', '2009-04-25 12:07:00'),
(872, 'chi', 420, '注册是否送红包', '1', '0:否\r\n1:是', '', '2009-04-30 09:49:47', '2009-05-04 11:39:45'),
(875, 'chi', 421, '是否可用红包', '1', '0:否\r\n1:是', '', '2009-05-04 03:34:11', '2009-05-04 03:34:11'),
(154, 'chi', 424, '邮件服务器是否要求加密连接(SSL)', '0', '0:否\r\n1:是', '邮件服务器主机地址。如果本机可以发送邮件则设置为localhost', '2009-05-14 15:53:50', '2009-05-14 15:54:31'),
(880, 'chi', 427, 'version', 'v1.0.2', '', '版本号', '2009-05-19 06:23:46', '2009-05-19 06:23:46'),
(1218, 'chi', 433, '商品分类页默认显示样式', 'G', 'L:列表显示\r\nG:表格显示\r\nT:文字显示', '', '2009-05-31 21:14:08', '2009-05-31 21:14:08'),
(878, 'chi', 422, '是否送红包', '1', '0:否\r\n1:是', '', '2009-05-04 03:35:45', '2009-05-04 03:35:45');

--
-- 导出表中的数据 'svcart_coupons'
--


--
-- 导出表中的数据 'svcart_coupon_types'
--


--
-- 导出表中的数据 'svcart_coupon_type_i18ns'
--


--
-- 导出表中的数据 'svcart_departments'
--


--
-- 导出表中的数据 'svcart_department_i18ns'
--


--
-- 导出表中的数据 'svcart_flashes'
--

INSERT INTO svcart_flashes (id, type, type_id, roundcorner, autoplaytime, isheightquality, blendmode, transduration, windowopen, btnsetmargin, btndistance, titlebgcolor, titletextcolor, titlebgalpha, titlemoveduration, btnalpha, btntextcolor, btndefaultcolor, btnhovercolor, btnfocuscolor, changimagemode, isshowbtn, isshowtitle, scalemode, transform, isshowabout, titlefont, height, width, created, modified) VALUES
(1, 'H', 0, '9', '8', 'false', 'normal', '1', '_self', 'auto 5 5 auto', '20', '0xff6600', '0xffffff', '.75', '1', '.7', '0xffffff', '0x1B3433', '#41b73d', '#41b73d', 'click', 'true', 'true', 'noBorder', 'blur', 'true', '微软雅黑', 314, 741, '2008-01-01 00:00:00', '2009-03-27 07:52:40');

--
-- 导出表中的数据 'svcart_flash_images'
--

INSERT INTO svcart_flash_images (id, locale, flash_id, orderby, image, title, description, url, status, created, modified) VALUES
(1, 'chi', 1, 0, '/img/home/49b7fa67.jpg', '', '', 'http://www.seevia.cn', '1', '2009-04-09 05:07:38', '2009-04-09 05:07:38');

--
-- 导出表中的数据 'svcart_languages'
--

INSERT INTO svcart_languages (id, locale, name, charset, map, img01, img02, front, backend, is_default, google_translate_code, created, modified) VALUES
(1, 'chi', '中文', 'utf-8', 'zh', 'languages/zh_cn.gif', '', '1', '1', '1', 'zh-cn', '2008-01-01 00:00:00', '2009-03-17 07:03:34');

--
-- 导出表中的数据 'svcart_language_dictionaries'
--

INSERT INTO svcart_language_dictionaries (id, locale, location, name, type, description, value, created, modified) VALUES
(1, 'chi', 'front', 'successfully', 'notice', '成功', '成功', '2008-01-01 00:00:00', '2008-01-01 00:00:00'),
(2, 'chi', 'front', 'failed', 'notice', '失败', '失败', '2008-01-01 00:00:00', '2008-01-01 00:00:00'),
(3, 'chi', 'front', 'not_exist', 'notice', '不存在', '不存在', '2008-01-01 00:00:00', '2009-05-12 16:01:28'),
(4, 'chi', 'front', 'can_not_empty', 'notice', '不能为空', '不能为空', '2008-01-01 00:00:00', '2008-01-01 00:00:00'),
(5, 'chi', 'front', 'not_correct', 'notice', '不正确', '不正确', '2008-01-01 00:00:00', '2009-05-05 11:08:11'),
(6, 'chi', 'front', 'has_been_forbidden', 'notice', '已禁用', '已禁用', '2008-01-01 00:00:00', '2008-01-01 00:00:00'),
(7, 'chi', 'front', 'add_to_favorite', 'notice', '加入收藏夹了！', '加入收藏夹了！', '2008-01-01 00:00:00', '2008-01-01 00:00:00'),
(8, 'chi', 'front', 'if_cancel_order', 'notice', '确定取消该订单吗', '确定取消该订单吗', '2008-01-01 00:00:00', '2008-01-01 00:00:00'),
(9, 'chi', 'front', 'not_find_product', 'notice', '没有搜索到您所要搜索的商品！', '没有搜索到您所要搜索的商品！', '2008-01-01 00:00:00', '2008-01-01 00:00:00'),
(10, 'chi', 'front', 'format', 'notice', '格式', '格式', '2008-01-01 00:00:00', '2008-01-01 00:00:00'),
(11, 'chi', 'front', 'error', 'notice', '出错了', '出错了', '2008-01-01 00:00:00', '2008-01-01 00:00:00'),
(12, 'chi', 'front', 'Already_favorite', 'notice', '已收藏过了', '已收藏过了', '2008-01-01 00:00:00', '2008-01-01 00:00:00'),
(13, 'chi', 'front', 'has_been_verified', 'notice', '已经认证', '已经认证', '2008-01-01 00:00:00', '2008-01-01 00:00:00'),
(14, 'chi', 'front', 'buy_nothing', 'notice', '没有购买任何商品', '没有购买任何商品', '2008-01-01 00:00:00', '2008-01-01 00:00:00'),
(15, 'chi', 'front', 'invalid_id', 'notice', 'id不合法', 'id不合法', '2008-01-01 00:00:00', '2009-05-31 09:28:55'),
(16, 'chi', 'front', 'invalid_operation', 'notice', '非法操作', '非法操作', '2008-01-01 00:00:00', '2008-01-01 00:00:00'),
(17, 'chi', 'front', 'parameter_error', 'notice', '参数不合法', '参数不合法', '2008-01-01 00:00:00', '2008-01-01 00:00:00'),
(18, 'chi', 'front', 'time_out_relogin', 'notice', '登陆超时，请重新登陆！', '登陆超时，请重新登陆！', '2008-01-01 00:00:00', '2008-01-01 00:00:00'),
(19, 'chi', 'front', 'no_view_record', 'notice', '没有浏览记录', '没有浏览记录', '2008-01-01 00:00:00', '2008-01-01 00:00:00'),
(20, 'chi', 'front', 'no_comments', 'notice', '暂无评论！', '暂无评论！', '2008-01-01 00:00:00', '2008-01-01 00:00:00'),
(21, 'chi', 'front', 'no_paying_method', 'notice', '无可用支付方式', '无可用支付方式', '2008-01-01 00:00:00', '2008-01-01 00:00:00'),
(22, 'chi', 'front', 'no_shipping_method', 'notice', '您当前所在的区域无法配送', '您当前所在的区域无法配送', '2008-01-01 00:00:00', '2008-01-01 00:00:00'),
(23, 'chi', 'front', 'only_member_keep', 'notice', '只有登陆用户才能收藏;', '只有登陆用户才能收藏;', '2008-01-01 00:00:00', '2008-01-01 00:00:00'),
(24, 'chi', 'front', 'package_add_cart_failed', 'notice', '包装无法添加到购物车', '包装无法添加到购物车', '2008-01-01 00:00:00', '2008-01-01 00:00:00'),
(25, 'chi', 'front', 'password_length_short', 'notice', '密码长度太短;', '密码长度太短;', '2008-01-01 00:00:00', '2008-01-01 00:00:00'),
(26, 'chi', 'front', 'Passwords_are_not_consistent', 'notice', '两次密码不一致', '两次密码不一致', '2008-01-01 00:00:00', '2008-01-01 00:00:00'),
(27, 'chi', 'front', 'one_product', 'notice', '一件商品', '一件商品', '2008-01-01 00:00:00', '2008-01-01 00:00:00'),
(28, 'chi', 'front', 'hint_question_to_password', 'notice', '密码提示问题', '密码提示问题', '2008-01-01 00:00:00', '2008-01-01 00:00:00'),
(29, 'chi', 'front', 'if_purchase_now', 'notice', '是否现在采购', '是否现在采购', '2008-01-01 00:00:00', '2008-01-01 00:00:00'),
(30, 'chi', 'front', 'positive_integer', 'notice', '正整数', '正整数', '2008-01-01 00:00:00', '2008-01-01 00:00:00'),
(31, 'chi', 'front', 'enter_hint_answer', 'notice', '所选择的问题的答案', '所选择的问题的答案', '2008-01-01 00:00:00', '2008-01-01 00:00:00'),
(32, 'chi', 'front', 'and', 'notice', '和', '和', '2008-01-01 00:00:00', '2008-01-01 00:00:00'),
(33, 'chi', 'front', 'or', 'notice', '或', '或', '2008-01-01 00:00:00', '2008-01-01 00:00:00'),
(34, 'chi', 'front', 'contact_information', 'notice', '联系方式', '联系方式', '2008-01-01 00:00:00', '2008-01-01 00:00:00'),
(35, 'chi', 'front', 'email_receive_message', 'notice', '您的电子邮箱地址，以便收发我们发给您的信息。', '您的电子邮箱地址，以便收发我们发给您的信息。', '2008-01-01 00:00:00', '2008-01-01 00:00:00'),
(36, 'chi', 'front', 'please_leave', 'notice', '请留下', '请留下', '2008-01-01 00:00:00', '2008-01-01 00:00:00'),
(37, 'chi', 'front', 'resend_Email_for_approval', 'notice', '请重新发送认证邮件', '请重新发送认证邮件', '2008-01-01 00:00:00', '2008-01-01 00:00:00'),
(38, 'chi', 'front', 'type_again_password', 'notice', '再一遍您上面输入的密码。', '再一遍您上面输入的密码。', '2008-01-01 00:00:00', '2008-01-01 00:00:00'),
(39, 'chi', 'front', 'products_add_cart_failed', 'notice', '商品无法添加到购物车', '商品无法添加到购物车', '2008-01-01 00:00:00', '2008-01-01 00:00:00'),
(40, 'chi', 'front', 'register_success_activate_account_by_link', 'notice', '注册成功,请单击连接确认认证;', '注册成功,请单击连接确认认证;', '2008-01-01 00:00:00', '2008-01-01 00:00:00'),
(41, 'chi', 'front', 'stock_is_not_enough', 'notice', '商品库存不够', '商品库存不够', '2008-01-01 00:00:00', '2008-01-01 00:00:00'),
(42, 'chi', 'front', 'page_number', 'notice', '此页数', '此页数', '2008-01-01 00:00:00', '2008-01-01 00:00:00'),
(43, 'chi', 'front', 'password_consist_of', 'notice', '密码只能由字母、数字、下划线组成;', '密码只能由字母、数字、下划线组成;', '2008-01-01 00:00:00', '2008-01-01 00:00:00'),
(44, 'chi', 'front', 'expand_max_number', 'notice', '购买商品数超过最大额度', '购买商品数超过最大额度', '2008-01-01 00:00:00', '2008-01-01 00:00:00'),
(45, 'chi', 'front', 'least_number', 'notice', '购买商品数不得低于', '购买商品数不得低于', '2008-01-01 00:00:00', '2008-01-01 00:00:00'),
(46, 'chi', 'front', 'username_consist_of', 'notice', '用户名只能由字母、数字、下划线组成;', '用户名只能由字母、数字、下划线组成;', '2008-01-01 00:00:00', '2008-01-01 00:00:00'),
(47, 'chi', 'front', 'username_length_short', 'notice', '用户名长度太短;', '用户名长度太短;', '2008-01-01 00:00:00', '2008-01-01 00:00:00'),
(48, 'chi', 'front', 'no_products_in_cart', 'notice', '购物车里没有商品', '购物车里没有商品', '2008-01-01 00:00:00', '2008-01-01 00:00:00'),
(49, 'chi', 'front', 'friends_in_group_not_cancelled', 'notice', '此分组里面还有好友，不能删除!', '此分组里面还有好友，不能删除!', '2008-01-01 00:00:00', '2008-01-01 00:00:00'),
(50, 'chi', 'front', 'freeze', 'notice', '冻结', '冻结', '2008-01-01 00:00:00', '2008-01-01 00:00:00'),
(51, 'chi', 'front', 'account_status', 'notice', '该账号状态处于', '该账号状态处于', '2008-01-01 00:00:00', '2008-01-01 00:00:00'),
(52, 'chi', 'front', 'logout', 'notice', '注销', '注销', '2008-01-01 00:00:00', '2008-01-01 00:00:00'),
(53, 'chi', 'front', 'not_your_order', 'notice', '此订单不是您的订单;', '此订单不是您的订单;', '2008-01-01 00:00:00', '2008-01-01 00:00:00'),
(54, 'chi', 'front', 'order_delivered_not_cancel', 'notice', '该订单已经发货不能取消!', '该订单已经发货不能取消!', '2008-01-01 00:00:00', '2008-01-01 00:00:00'),
(55, 'chi', 'front', 'order_paid_not_cancel', 'notice', '该订单已经付款不能取消!', '该订单已经付款不能取消!', '2008-01-01 00:00:00', '2008-01-01 00:00:00'),
(56, 'chi', 'front', 'product_out_of_sale', 'notice', '此商品停止销售!', '此商品停止销售!', '2008-01-01 00:00:00', '2008-01-01 00:00:00'),
(57, 'chi', 'front', 'username_exist', 'notice', '用户名已存在;', '用户名已存在;', '2008-01-01 00:00:00', '2008-01-01 00:00:00'),
(58, 'chi', 'front', 'incorrect_username_or_password', 'notice', '用户名或者密码错误;', '用户名或者密码错误;', '2008-01-01 00:00:00', '2008-01-01 00:00:00'),
(59, 'chi', 'front', 'not_passed_email_approval', 'notice', '您还没有通过邮件认证', '您还没有通过邮件认证', '2008-01-01 00:00:00', '2008-01-01 00:00:00'),
(60, 'chi', 'front', 'email_verified_login', 'notice', '您的邮件已经验证,请直接登录;', '您的邮件已经验证,请直接登录;', '2008-01-01 00:00:00', '2008-01-01 00:00:00'),
(61, 'chi', 'front', 'exceed_upper_limit_products', 'notice', '超出选中商品的上限', '超出选中商品的上限', '2008-01-01 00:00:00', '2008-01-01 00:00:00'),
(62, 'chi', 'front', 'order_amount_under_min', 'notice', '订单金额低于最小购物金额！', '订单金额低于最小购物金额！', '2008-01-01 00:00:00', '2008-01-01 00:00:00'),
(63, 'chi', 'front', 'notice', 'notice', '提示', '提示', '2008-01-01 00:00:00', '2008-01-01 00:00:00'),
(64, 'chi', 'front', 'larger_zero', 'notice', '必须大于零', '必须大于零', '2008-01-01 00:00:00', '2008-01-01 00:00:00'),
(65, 'chi', 'front', 'be_integer', 'notice', '必须为整数', '必须为整数', '2008-01-01 00:00:00', '2008-01-01 00:00:00'),
(66, 'chi', 'front', 'lack_balance_supply_first', 'notice', '余额不足，请先充值！', '余额不足，请先充值！', '2008-01-01 00:00:00', '2008-01-01 00:00:00'),
(67, 'chi', 'front', 'offset_point', 'notice', '积分抵扣', '积分抵扣', '2008-01-01 00:00:00', '2008-01-01 00:00:00'),
(68, 'chi', 'front', 'order_not_paid', 'notice', '此订单无法付费', '此订单无法付费', '2008-01-01 00:00:00', '2008-01-01 00:00:00'),
(69, 'chi', 'front', 'payment_no_support', 'notice', '此支付方式 不支持货到付款', '此支付方式 不支持货到付款', '2008-01-01 00:00:00', '2008-01-01 00:00:00'),
(70, 'chi', 'front', 'please_login', 'notice', '请先登录', '请先登录', '2008-01-01 00:00:00', '2008-01-01 00:00:00'),
(71, 'chi', 'front', 'no_article', 'notice', '无文章', '无文章', '2008-01-01 00:00:00', '2008-01-01 00:00:00'),
(72, 'chi', 'front', 'out_stock_book_successful', 'notice', '你的缺货登记已经成功，我们会在到货的时候和您联系~谢谢', '你的缺货登记已经成功，我们会在到货的时候和您联系~谢谢', '2008-01-01 00:00:00', '2008-01-01 00:00:00'),
(73, 'chi', 'front', 'preset_delivery_address', 'notice', '您可以预设您的购物收货地址', '您可以预设您的购物收货地址', '2008-01-01 00:00:00', '2008-01-01 00:00:00'),
(74, 'chi', 'front', 'ifpay_through_online_or_what', 'notice', '如果您通过网上支付带或者什么的', '如果您通过网上支付带或者什么的', '2008-01-01 00:00:00', '2008-01-01 00:00:00'),
(75, 'chi', 'front', 'rename_consumptive_point', 'notice', '您可以将消费积分重新命名。例如：烧币', '您可以将消费积分重新命名。例如：烧币', '2008-01-01 00:00:00', '2008-01-01 00:00:00'),
(76, 'chi', 'front', 'welcome_back', 'description', '用户 %s，欢迎您回来！', '用户 %s，欢迎您回来！', '2008-01-01 00:00:00', '2008-01-01 00:00:00'),
(77, 'chi', 'front', 'how_much_cash_exchanged_100points', 'notice', '每100积分可抵多少元现金', '每100积分可抵多少元现金', '2008-01-01 00:00:00', '2008-01-01 00:00:00'),
(78, 'chi', 'front', 'max_points_used_100yuan_product', 'notice', '每100元商品最多可以使用多少元积分', '每100元商品最多可以使用多少元积分', '2008-01-01 00:00:00', '2008-01-01 00:00:00'),
(79, 'chi', 'front', 'need_not_shipping_method', 'notice', '无需配送', '无需配送', '2008-01-01 00:00:00', '2008-01-01 00:00:00'),
(80, 'chi', 'front', 'more_choices_quicker_service', 'notice', '有更多的选择提供带来更快捷的服务', '有更多的选择提供带来更快捷的服务', '2008-01-01 00:00:00', '2008-01-01 00:00:00'),
(81, 'chi', 'front', 'make_you_enjoy_internet_shopping', 'notice', '让你体会网上购物带来的乐趣', '让你体会网上购物带来的乐趣', '2008-01-01 00:00:00', '2008-01-01 00:00:00'),
(82, 'chi', 'front', 'duplicate_fill_province_city_district', 'notice', '不需要重复填写省/市/区', '不需要重复填写省/市/区', '2008-01-01 00:00:00', '2008-01-01 00:00:00'),
(83, 'chi', 'front', 'password_is_consist', 'notice', '密码由6-16个字符组成。', '密码由6-16个字符组成。', '2008-01-01 00:00:00', '2008-01-01 00:00:00'),
(84, 'chi', 'front', '3_20_characters', 'notice', '3-20个字符(包括字母、数字、下划线)', '3-20个字符(包括字母、数字、下划线)', '2008-01-01 00:00:00', '2008-01-01 00:00:00'),
(85, 'chi', 'front', 'edit_region_or_contact_cs', 'notice', '请修改您的收货区域或联系客服', '请修改您的收货区域或联系客服', '2008-01-01 00:00:00', '2008-01-01 00:00:00'),
(86, 'chi', 'front', 'point', 'labels', '积分', '积分', '2008-01-01 00:00:00', '2008-01-01 00:00:00'),
(87, 'chi', 'front', 'search', 'labels', '查询', '查询', '2008-01-01 00:00:00', '2008-01-01 00:00:00'),
(88, 'chi', 'front', 'add', 'labels', '新增', '新增', '2008-01-01 00:00:00', '2008-01-01 00:00:00'),
(89, 'chi', 'front', 'comments', 'labels', '评论', '评论', '2008-01-01 00:00:00', '2008-01-01 00:00:00'),
(90, 'chi', 'front', 'consignee', 'labels', '收货人', '收货人', '2008-01-01 00:00:00', '2008-01-01 00:00:00'),
(91, 'chi', 'front', 'information', 'labels', '信息', '信息', '2008-01-01 00:00:00', '2008-01-01 00:00:00'),
(92, 'chi', 'front', 'address', 'labels', '地址', '地址', '2008-01-01 00:00:00', '2008-01-01 00:00:00'),
(93, 'chi', 'front', 'label', 'labels', '标签', '标签', '2008-01-01 00:00:00', '2008-01-01 00:00:00'),
(94, 'chi', 'front', 'after_sale', 'labels', '售后', '售后', '2008-01-01 00:00:00', '2008-01-01 00:00:00'),
(95, 'chi', 'front', 'all', 'labels', '所有', '所有', '2008-01-01 00:00:00', '2008-01-01 00:00:00'),
(96, 'chi', 'front', 'products', 'labels', '商品', '商品', '2008-01-01 00:00:00', '2008-01-01 00:00:00'),
(97, 'chi', 'front', 'anonymous', 'labels', '匿名', '匿名', '2008-01-01 00:00:00', '2008-01-01 00:00:00'),
(98, 'chi', 'front', 'purchase', 'labels', '购买', '购买', '2008-01-01 00:00:00', '2008-01-01 00:00:00'),
(99, 'chi', 'front', 'region', 'labels', '区域', '区域', '2008-01-01 00:00:00', '2008-01-01 00:00:00'),
(100, 'chi', 'front', 'area', 'labels', '地区', '地区', '2008-01-01 00:00:00', '2008-01-01 00:00:00'),
(101, 'chi', 'front', 'article', 'labels', '文章', '文章', '2008-01-01 00:00:00', '2008-01-01 00:00:00'),
(102, 'chi', 'front', 'home', 'labels', '首页', '首页', '2008-01-01 00:00:00', '2008-01-01 00:00:00'),
(103, 'chi', 'front', 'list', 'labels', '列表', '列表', '2008-01-01 00:00:00', '2008-01-01 00:00:00'),
(104, 'chi', 'front', 'title', 'labels', '标题', '标题', '2008-01-01 00:00:00', '2008-01-01 00:00:00'),
(105, 'chi', 'front', 'attachment_size', 'labels', '附件上传大小', '附件上传大小', '2008-01-01 00:00:00', '2008-01-01 00:00:00'),
(106, 'chi', 'front', 'author', 'labels', '作者', '作者', '2008-01-01 00:00:00', '2008-01-01 00:00:00'),
(107, 'chi', 'front', 'backup_email', 'labels', '备用邮箱', '备用邮箱', '2008-01-01 00:00:00', '2008-01-01 00:00:00'),
(108, 'chi', 'front', 'balance', 'labels', '余额', '余额', '2008-01-01 00:00:00', '2008-01-01 00:00:00'),
(109, 'chi', 'front', 'supply', 'labels', '充值', '充值', '2008-01-01 00:00:00', '2008-01-01 00:00:00'),
(110, 'chi', 'front', 'optional_information', 'labels', '可选信息', '可选信息', '2008-01-01 00:00:00', '2008-01-01 00:00:00'),
(111, 'chi', 'front', 'best_shipping_time', 'labels', '最佳送货时间', '最佳送货时间', '2008-01-01 00:00:00', '2008-01-01 00:00:00'),
(112, 'chi', 'front', 'birthday', 'labels', '生日', '生日', '2008-01-01 00:00:00', '2008-01-01 00:00:00'),
(113, 'chi', 'front', 'brand', 'labels', '品牌', '品牌', '2008-01-01 00:00:00', '2008-01-01 00:00:00'),
(114, 'chi', 'front', 'apellation', 'labels', '名称', '名称', '2008-01-01 00:00:00', '2008-01-01 00:00:00'),
(115, 'chi', 'front', 'view_history', 'labels', '浏览历史', '浏览历史', '2008-01-01 00:00:00', '2008-01-01 00:00:00'),
(116, 'chi', 'front', 'view_number', 'labels', '浏览次数', '浏览次数', '2008-01-01 00:00:00', '2008-01-01 00:00:00'),
(117, 'chi', 'front', 'purchase_again', 'labels', '再次购买', '再次购买', '2008-01-01 00:00:00', '2008-01-01 00:00:00'),
(118, 'chi', 'front', 'quantity', 'labels', '数量', '数量', '2008-01-01 00:00:00', '2008-01-01 00:00:00'),
(119, 'chi', 'front', 'calender', 'labels', '日历', '日历', '2008-01-01 00:00:00', '2008-01-01 00:00:00'),
(120, 'chi', 'front', 'cancel', 'labels', '取消', '取消', '2008-01-01 00:00:00', '2008-01-01 00:00:00'),
(121, 'chi', 'front', 'order', 'labels', '订单', '订单', '2008-01-01 00:00:00', '2008-01-01 00:00:00'),
(122, 'chi', 'front', 'cart', 'labels', '购物车', '购物车', '2008-01-01 00:00:00', '2008-01-01 00:00:00'),
(123, 'chi', 'front', 'classificatory', 'labels', '分类', '分类', '2008-01-01 00:00:00', '2008-01-01 00:00:00'),
(124, 'chi', 'front', 'category', 'labels', '类别', '类别', '2008-01-01 00:00:00', '2008-01-01 00:00:00'),
(125, 'chi', 'front', 'group', 'labels', '分组', '分组', '2008-01-01 00:00:00', '2008-01-01 00:00:00'),
(126, 'chi', 'front', 'payment', 'labels', '支付方式', '支付方式', '2008-01-01 00:00:00', '2008-01-01 00:00:00'),
(127, 'chi', 'front', 'user', 'labels', '用户', '用户', '2008-01-01 00:00:00', '2008-01-01 00:00:00'),
(128, 'chi', 'front', 'detail', 'labels', '详细', '详细', '2008-01-01 00:00:00', '2008-01-01 00:00:00'),
(129, 'chi', 'front', 'suppliers_message', 'labels', '商家留言', '商家留言', '2008-01-01 00:00:00', '2008-01-01 00:00:00'),
(130, 'chi', 'front', 'exist_group', 'labels', '已有分组', '已有分组', '2008-01-01 00:00:00', '2008-01-01 00:00:00'),
(131, 'chi', 'front', 'clear_view_history', 'labels', '清除', '清除', '2008-01-01 00:00:00', '2008-01-01 00:00:00'),
(132, 'chi', 'front', 'close', 'labels', '关闭', '关闭', '2008-01-01 00:00:00', '2008-01-01 00:00:00'),
(133, 'chi', 'front', 'company', 'labels', '单位', '单位', '2008-01-01 00:00:00', '2008-01-01 00:00:00'),
(134, 'chi', 'front', 'telephone', 'labels', '电话', '电话', '2008-01-01 00:00:00', '2008-01-01 00:00:00'),
(135, 'chi', 'front', 'save_to_market_price', 'labels', '省', '省', '2008-01-01 00:00:00', '2009-05-20 10:10:23'),
(136, 'chi', 'front', 'complaint', 'labels', '投诉', '投诉', '2008-01-01 00:00:00', '2008-01-01 00:00:00'),
(137, 'chi', 'front', 'confidence', 'labels', '保密', '保密', '2008-01-01 00:00:00', '2008-01-01 00:00:00'),
(138, 'chi', 'front', 'confirm', 'labels', '确定', '确定', '2008-01-01 00:00:00', '2008-01-01 00:00:00'),
(139, 'chi', 'front', 'affirm', 'labels', '确认', '确认', '2008-01-01 00:00:00', '2008-01-01 00:00:00'),
(140, 'chi', 'front', 'connect_person', 'labels', '联系人', '联系人', '2008-01-01 00:00:00', '2008-01-01 00:00:00'),
(141, 'chi', 'front', 'consume', 'labels', '消费', '消费', '2008-01-01 00:00:00', '2008-01-01 00:00:00'),
(142, 'chi', 'front', 'content', 'labels', '内容', '内容', '2008-01-01 00:00:00', '2008-01-01 00:00:00'),
(143, 'chi', 'front', 'continue', 'labels', '继续', '继续', '2008-01-01 00:00:00', '2008-01-01 00:00:00'),
(144, 'chi', 'front', 'friend', 'labels', '好友', '好友', '2008-01-01 00:00:00', '2008-01-01 00:00:00'),
(145, 'chi', 'front', 'create', 'labels', '创建', '创建', '2008-01-01 00:00:00', '2008-01-01 00:00:00'),
(146, 'chi', 'front', 'current', 'labels', '当前', '当前', '2008-01-01 00:00:00', '2008-01-01 00:00:00'),
(147, 'chi', 'front', 'location', 'labels', '位置', '位置', '2008-01-01 00:00:00', '2008-01-01 00:00:00'),
(148, 'chi', 'front', 'default_time_zone', 'labels', '默认时区', '默认时区', '2008-01-01 00:00:00', '2008-01-01 00:00:00'),
(149, 'chi', 'front', 'delete', 'labels', '删除', '删除', '2008-01-01 00:00:00', '2008-01-01 00:00:00'),
(150, 'chi', 'front', 'delivered', 'labels', '已发货', '已发货', '2008-01-01 00:00:00', '2008-01-01 00:00:00'),
(151, 'chi', 'front', 'delivery_status', 'labels', '配送状态', '配送状态', '2008-01-01 00:00:00', '2008-01-01 00:00:00'),
(152, 'chi', 'front', 'description', 'labels', '描述', '描述', '2008-01-01 00:00:00', '2008-01-01 00:00:00'),
(153, 'chi', 'front', 'discount', 'labels', '折扣', '折扣', '2008-01-01 00:00:00', '2008-01-01 00:00:00'),
(154, 'chi', 'front', 'display_mode', 'labels', '显示方式', '显示方式', '2008-01-01 00:00:00', '2008-01-01 00:00:00'),
(155, 'chi', 'front', 'do_not_send_email', 'labels', '不发送邮件', '不发送邮件', '2008-01-01 00:00:00', '2008-01-01 00:00:00'),
(156, 'chi', 'front', 'edit', 'labels', '编辑', '编辑', '2008-01-01 00:00:00', '2008-01-01 00:00:00'),
(157, 'chi', 'front', 'email', 'labels', 'Email', 'Email', '2008-01-01 00:00:00', '2008-01-01 00:00:00'),
(158, 'chi', 'front', 'end', 'labels', '结束', '结束', '2008-01-01 00:00:00', '2008-01-01 00:00:00'),
(159, 'chi', 'front', 'exchange', 'labels', '兑换', '兑换', '2008-01-01 00:00:00', '2008-01-01 00:00:00'),
(160, 'chi', 'front', 'time', 'labels', '时间', '时间', '2008-01-01 00:00:00', '2008-01-01 00:00:00'),
(161, 'chi', 'front', 'fee', 'labels', '费', '费', '2008-01-01 00:00:00', '2008-01-01 00:00:00'),
(162, 'chi', 'front', 'total', 'labels', '合计', '合计', '2008-01-01 00:00:00', '2008-01-01 00:00:00'),
(163, 'chi', 'front', 'fast', 'labels', '快速', '快速', '2008-01-01 00:00:00', '2008-01-01 00:00:00'),
(164, 'chi', 'front', 'register', 'labels', '注册', '注册', '2008-01-01 00:00:00', '2008-01-01 00:00:00'),
(165, 'chi', 'front', 'favorable_content', 'labels', '优惠内容', '优惠内容', '2008-01-01 00:00:00', '2008-01-01 00:00:00'),
(166, 'chi', 'front', 'favorable_products', 'labels', '特惠品', '特惠品', '2008-01-01 00:00:00', '2008-01-01 00:00:00'),
(167, 'chi', 'front', 'favorite', 'labels', '收藏', '收藏', '2008-01-01 00:00:00', '2008-01-01 00:00:00'),
(168, 'chi', 'front', 'female', 'labels', '女', '女', '2008-01-01 00:00:00', '2008-01-01 00:00:00'),
(169, 'chi', 'front', 'please_enter', 'labels', '请填写', '请填写', '2008-01-01 00:00:00', '2008-01-01 00:00:00'),
(170, 'chi', 'front', 'answer', 'labels', '问题答案', '问题答案', '2008-01-01 00:00:00', '2008-01-01 00:00:00'),
(171, 'chi', 'front', 'security_question', 'labels', '密码保护问题', '密码保护问题', '2008-01-01 00:00:00', '2008-01-01 00:00:00'),
(172, 'chi', 'front', 'forget_password', 'labels', '忘记密码', '忘记密码', '2008-01-01 00:00:00', '2008-01-01 00:00:00'),
(173, 'chi', 'front', 'free', 'labels', '免费', '免费', '2008-01-01 00:00:00', '2008-01-01 00:00:00'),
(174, 'chi', 'front', 'limit', 'labels', '额度', '额度', '2008-01-01 00:00:00', '2008-01-01 00:00:00'),
(175, 'chi', 'front', 'gender', 'labels', '性别', '性别', '2008-01-01 00:00:00', '2008-01-01 00:00:00'),
(176, 'chi', 'front', 'help_center', 'labels', '帮助中心', '帮助中心', '2008-01-01 00:00:00', '2008-01-01 00:00:00'),
(177, 'chi', 'front', 'history_details', 'labels', '历史明细', '历史明细', '2008-01-01 00:00:00', '2008-01-01 00:00:00'),
(178, 'chi', 'front', 'hot', 'labels', '热门', '热门', '2008-01-01 00:00:00', '2008-01-01 00:00:00'),
(179, 'chi', 'front', 'verify_code', 'labels', '验证码', '验证码', '2008-01-01 00:00:00', '2008-01-01 00:00:00'),
(180, 'chi', 'front', 'inquiry', 'labels', '询问', '询问', '2008-01-01 00:00:00', '2008-01-01 00:00:00'),
(181, 'chi', 'front', 'issue_comments', 'labels', '我要评论', '我要评论', '2008-01-01 00:00:00', '2008-01-01 00:00:00'),
(182, 'chi', 'front', 'issue_time', 'labels', '发布时间', '发布时间', '2008-01-01 00:00:00', '2008-01-01 00:00:00'),
(183, 'chi', 'front', 'js_part', 'labels', 'JS部份', 'JS部份', '2008-01-01 00:00:00', '2008-01-01 00:00:00'),
(184, 'chi', 'front', 'keywords', 'labels', '关键字', '关键字', '2008-01-01 00:00:00', '2008-01-01 00:00:00'),
(185, 'chi', 'front', 'latest', 'labels', '最新', '最新', '2008-01-01 00:00:00', '2008-01-01 00:00:00'),
(186, 'chi', 'front', 'news', 'labels', '资讯', '资讯', '2008-01-01 00:00:00', '2008-01-01 00:00:00'),
(187, 'chi', 'front', 'characters', 'labels', '文字', '文字', '2008-01-01 00:00:00', '2008-01-01 00:00:00'),
(188, 'chi', 'front', 'graph', 'labels', '图片', '图片', '2008-01-01 00:00:00', '2008-01-01 00:00:00'),
(189, 'chi', 'front', 'sort', 'labels', '排序', '排序', '2008-01-01 00:00:00', '2008-01-01 00:00:00'),
(190, 'chi', 'front', 'login', 'labels', '登录', '登录', '2008-01-01 00:00:00', '2008-01-01 00:00:00'),
(191, 'chi', 'front', 'log_out', 'labels', '退出', '退出', '2008-01-01 00:00:00', '2008-01-01 00:00:00'),
(192, 'chi', 'front', 'male', 'labels', '男', '男', '2008-01-01 00:00:00', '2008-01-01 00:00:00'),
(193, 'chi', 'front', 'marked_building', 'labels', '标志建筑', '标志建筑', '2008-01-01 00:00:00', '2008-01-01 00:00:00'),
(194, 'chi', 'front', 'market_price', 'labels', '市场价', '市场价', '2008-01-01 00:00:00', '2008-01-01 00:00:00'),
(195, 'chi', 'front', 'agreement', 'labels', '协议', '协议', '2008-01-01 00:00:00', '2008-01-01 00:00:00'),
(196, 'chi', 'front', 'membership_price', 'labels', '会员价', '会员价', '2008-01-01 00:00:00', '2008-01-01 00:00:00'),
(197, 'chi', 'front', 'message', 'labels', '留言', '留言', '2008-01-01 00:00:00', '2008-01-01 00:00:00'),
(198, 'chi', 'front', 'mobile', 'labels', '手机', '手机', '2008-01-01 00:00:00', '2008-01-01 00:00:00'),
(199, 'chi', 'front', 'more', 'labels', '更多', '更多', '2008-01-01 00:00:00', '2008-01-01 00:00:00'),
(200, 'chi', 'front', 'address_book', 'labels', '我的地址簿', '我的地址簿', '2008-01-01 00:00:00', '2008-01-01 00:00:00'),
(201, 'chi', 'front', 'my_balance', 'labels', '我的资金', '我的资金', '2008-01-01 00:00:00', '2008-01-01 00:00:00'),
(202, 'chi', 'front', 'my_cart', 'labels', '我的购物车', '我的购物车', '2008-01-01 00:00:00', '2008-01-01 00:00:00'),
(203, 'chi', 'front', 'my_comments', 'labels', '我的评论', '我的评论', '2008-01-01 00:00:00', '2008-01-01 00:00:00'),
(204, 'chi', 'front', 'my_favorite', 'labels', '我的收藏', '我的收藏', '2008-01-01 00:00:00', '2008-01-01 00:00:00'),
(205, 'chi', 'front', 'my_friends', 'labels', '我的好友', '我的好友', '2008-01-01 00:00:00', '2008-01-01 00:00:00'),
(206, 'chi', 'front', 'my_information', 'labels', '我的信息', '我的信息', '2008-01-01 00:00:00', '2008-01-01 00:00:00'),
(207, 'chi', 'front', 'my_message', 'labels', '我的留言', '我的留言', '2008-01-01 00:00:00', '2008-01-01 00:00:00'),
(208, 'chi', 'front', 'my_order', 'labels', '我的订单', '我的订单', '2008-01-01 00:00:00', '2008-01-01 00:00:00'),
(209, 'chi', 'front', 'order_list', 'labels', '我的订单列表', '我的订单列表', '2008-01-01 00:00:00', '2008-01-01 00:00:00'),
(210, 'chi', 'front', 'points', 'labels', '我的积分', '我的积分', '2008-01-01 00:00:00', '2008-01-01 00:00:00'),
(211, 'chi', 'front', 'set', 'labels', '我的设置', '我的设置', '2008-01-01 00:00:00', '2008-01-01 00:00:00'),
(212, 'chi', 'front', 'name', 'labels', '姓名', '姓名', '2008-01-01 00:00:00', '2008-01-01 00:00:00'),
(213, 'chi', 'front', 'new_arrival', 'labels', '新品', '新品', '2008-01-01 00:00:00', '2008-01-01 00:00:00'),
(214, 'chi', 'front', 'no', 'labels', '否', '否', '2008-01-01 00:00:00', '2008-01-01 00:00:00'),
(215, 'chi', 'front', 'no_comments_necessary', 'labels', '无需填写备注', '无需填写备注', '2008-01-01 00:00:00', '2008-01-01 00:00:00'),
(216, 'chi', 'front', 'no_comments_now', 'labels', '暂无评论', '暂无评论', '2008-01-01 00:00:00', '2008-01-01 00:00:00'),
(217, 'chi', 'front', 'no_promote_activity', 'labels', '无促消活动', '无促消活动', '2008-01-01 00:00:00', '2008-01-01 00:00:00'),
(218, 'chi', 'front', 'no_promote_products', 'labels', '暂无促销商品', '暂无促销商品', '2008-01-01 00:00:00', '2008-01-01 00:00:00'),
(219, 'chi', 'front', 'normal', 'labels', '普通', '普通', '2008-01-01 00:00:00', '2008-01-01 00:00:00'),
(220, 'chi', 'front', 'unconfirmed', 'labels', '未确认', '未确认', '2008-01-01 00:00:00', '2008-01-01 00:00:00'),
(221, 'chi', 'front', 'undelivered', 'labels', '未发货', '未发货', '2008-01-01 00:00:00', '2008-01-01 00:00:00'),
(222, 'chi', 'front', 'onsale', 'labels', '上架', '上架', '2008-01-01 00:00:00', '2008-01-01 00:00:00'),
(223, 'chi', 'front', 'operation', 'labels', '操作', '操作', '2008-01-01 00:00:00', '2008-01-01 00:00:00'),
(224, 'chi', 'front', 'sales', 'labels', '销量', '销量', '2008-01-01 00:00:00', '2008-01-01 00:00:00'),
(225, 'chi', 'front', 'order_code', 'labels', '订单号', '订单号', '2008-01-01 00:00:00', '2008-01-01 00:00:00'),
(226, 'chi', 'front', 'status', 'labels', '状态', '状态', '2008-01-01 00:00:00', '2008-01-01 00:00:00'),
(227, 'chi', 'front', 'order_time', 'labels', '下单时间', '下单时间', '2008-01-01 00:00:00', '2008-01-01 00:00:00'),
(228, 'chi', 'front', 'original_price', 'labels', '原价', '原价', '2008-01-01 00:00:00', '2008-01-01 00:00:00'),
(229, 'chi', 'front', 'others', 'labels', '其他信息', '其他信息', '2008-01-01 00:00:00', '2008-01-01 00:00:00'),
(230, 'chi', 'front', 'our_price', 'labels', '本店售价', '本店售价', '2008-01-01 00:00:00', '2008-01-01 00:00:00'),
(231, 'chi', 'front', 'sold_out', 'labels', '缺货', '缺货', '2008-01-01 00:00:00', '2008-01-01 00:00:00'),
(232, 'chi', 'front', 'booking', 'labels', '缺货登记', '缺货登记', '2008-01-01 00:00:00', '2008-01-01 00:00:00'),
(233, 'chi', 'front', 'card_fee', 'labels', '贺卡费', '贺卡费', '2008-01-01 00:00:00', '2008-01-01 00:00:00'),
(234, 'chi', 'front', 'package_fee', 'labels', '包装费', '包装费', '2008-01-01 00:00:00', '2008-01-01 00:00:00'),
(235, 'chi', 'front', 'password', 'labels', '密码', '密码', '2008-01-01 00:00:00', '2008-01-01 00:00:00'),
(236, 'chi', 'front', 'payable_amount', 'labels', '应付金额', '应付金额', '2008-01-01 00:00:00', '2008-01-01 00:00:00'),
(237, 'chi', 'front', 'please_choose', 'labels', '请选择', '请选择', '2008-01-01 00:00:00', '2008-01-01 00:00:00'),
(238, 'chi', 'front', 'exchange_ratio', 'labels', '换算比例', '换算比例', '2008-01-01 00:00:00', '2008-01-01 00:00:00'),
(239, 'chi', 'front', 'payment_ratio', 'labels', '支付比例', '支付比例', '2008-01-01 00:00:00', '2008-01-01 00:00:00'),
(240, 'chi', 'front', 'price', 'labels', '价格', '价格', '2008-01-01 00:00:00', '2008-01-01 00:00:00'),
(241, 'chi', 'front', 'code', 'labels', '号', '号', '2008-01-01 00:00:00', '2008-01-01 00:00:00'),
(242, 'chi', 'front', 'sku', 'labels', '货号', '货号', '2008-01-01 00:00:00', '2008-01-01 00:00:00'),
(243, 'chi', 'front', 'weight', 'labels', '重量', '重量', '2008-01-01 00:00:00', '2008-01-01 00:00:00'),
(244, 'chi', 'front', 'purchased_products', 'labels', '您购买的商品', '您购买的商品', '2008-01-01 00:00:00', '2008-01-01 00:00:00'),
(245, 'chi', 'front', 'promotion', 'labels', '促销', '促销', '2008-01-01 00:00:00', '2008-01-01 00:00:00'),
(246, 'chi', 'front', 'purchase_requirement', 'labels', '采购需求', '采购需求', '2008-01-01 00:00:00', '2008-01-01 00:00:00'),
(247, 'chi', 'front', 'purchased', 'labels', '已购买', '已购买', '2008-01-01 00:00:00', '2008-01-01 00:00:00'),
(248, 'chi', 'front', 'put_into_cart', 'labels', '加入购物车', '加入购物车', '2008-01-01 00:00:00', '2008-01-01 00:00:00'),
(249, 'chi', 'front', 'comment_rank', 'labels', '评价等级', '评价等级', '2008-01-01 00:00:00', '2008-01-01 00:00:00'),
(250, 'chi', 'front', 'sort_by', 'labels', '排序方式', '排序方式', '2008-01-01 00:00:00', '2008-01-01 00:00:00'),
(251, 'chi', 'front', 'rechoose', 'labels', '重新选择', '重新选择', '2008-01-01 00:00:00', '2008-01-01 00:00:00'),
(252, 'chi', 'front', 'recommend', 'labels', '推荐', '推荐', '2008-01-01 00:00:00', '2008-01-01 00:00:00'),
(253, 'chi', 'front', 'related_article', 'labels', '相关文章', '相关文章', '2008-01-01 00:00:00', '2008-01-01 00:00:00'),
(254, 'chi', 'front', 'related_products', 'labels', '关联商品', '关联商品', '2008-01-01 00:00:00', '2008-01-01 00:00:00'),
(255, 'chi', 'front', 'remark', 'labels', '备注', '备注', '2008-01-01 00:00:00', '2008-01-01 00:00:00'),
(256, 'chi', 'front', 'remark_is_necessary', 'labels', '必需填写备注', '必需填写备注', '2008-01-01 00:00:00', '2008-01-01 00:00:00'),
(257, 'chi', 'front', 'repeat_password', 'labels', '重复密码', '重复密码', '2008-01-01 00:00:00', '2008-01-01 00:00:00'),
(258, 'chi', 'front', 'reply', 'labels', '回复', '回复', '2008-01-01 00:00:00', '2008-01-01 00:00:00'),
(259, 'chi', 'front', 'return', 'labels', '返回', '返回', '2008-01-01 00:00:00', '2008-01-01 00:00:00'),
(260, 'chi', 'front', 'sales_this_term', 'labels', '本期售出', '本期售出', '2008-01-01 00:00:00', '2008-01-01 00:00:00'),
(261, 'chi', 'front', 'saved', 'labels', '节省了', '节省了', '2008-01-01 00:00:00', '2008-01-01 00:00:00'),
(262, 'chi', 'front', 'search_result', 'labels', '搜索结果', '搜索结果', '2008-01-01 00:00:00', '2008-01-01 00:00:00'),
(263, 'chi', 'front', 'security_answer', 'labels', '密码保护答案', '密码保护答案', '2008-01-01 00:00:00', '2008-01-01 00:00:00'),
(264, 'chi', 'front', 'send', 'labels', '发送', '发送', '2008-01-01 00:00:00', '2008-01-01 00:00:00'),
(265, 'chi', 'front', 'send_confirm_mail', 'labels', '认证邮件', '认证邮件', '2008-01-01 00:00:00', '2008-01-01 00:00:00'),
(266, 'chi', 'front', 'send_mail', 'labels', '发送邮件', '发送邮件', '2008-01-01 00:00:00', '2008-01-01 00:00:00'),
(267, 'chi', 'front', 'paid', 'labels', '已付款', '已付款', '2008-01-01 00:00:00', '2008-01-01 00:00:00'),
(268, 'chi', 'front', 'checkout', 'labels', '结算', '结算', '2008-01-01 00:00:00', '2008-01-01 00:00:00'),
(269, 'chi', 'front', 'checkout_center', 'labels', '结算中心', '结算中心', '2008-01-01 00:00:00', '2008-01-01 00:00:00'),
(270, 'chi', 'front', 'shipping_fee', 'labels', '配送费', '配送费', '2008-01-01 00:00:00', '2008-01-01 00:00:00'),
(271, 'chi', 'front', 'payment_fee', 'labels', '支付费', '支付费', '2008-01-01 00:00:00', '2008-01-01 00:00:00'),
(272, 'chi', 'front', 'shipping_method', 'labels', '配送方式', '配送方式', '2008-01-01 00:00:00', '2008-01-01 00:00:00'),
(273, 'chi', 'front', 'subtotal', 'labels', '小计', '小计', '2008-01-01 00:00:00', '2008-01-01 00:00:00'),
(274, 'chi', 'front', 'out_of_stock_process', 'labels', '缺货处理', '缺货处理', '2008-01-01 00:00:00', '2008-01-01 00:00:00'),
(275, 'chi', 'front', 'start', 'labels', '开始', '开始', '2008-01-01 00:00:00', '2008-01-01 00:00:00'),
(276, 'chi', 'front', 'subject', 'labels', '主题', '主题', '2008-01-01 00:00:00', '2008-01-01 00:00:00'),
(277, 'chi', 'front', 'zone_telephone_extension', 'labels', '（区号-电话号码-分机）', '（区号-电话号码-分机）', '2008-01-01 00:00:00', '2008-01-01 00:00:00'),
(278, 'chi', 'front', 'total_order_value', 'labels', '订单总金额', '订单总金额', '2008-01-01 00:00:00', '2008-01-01 00:00:00'),
(279, 'chi', 'front', 'type', 'labels', '类型', '类型', '2008-01-01 00:00:00', '2008-01-01 00:00:00'),
(280, 'chi', 'front', 'undefined', 'labels', '未定义', '未定义', '2008-01-01 00:00:00', '2008-01-01 00:00:00'),
(281, 'chi', 'front', 'unpaid', 'labels', '未付款', '未付款', '2008-01-01 00:00:00', '2008-01-01 00:00:00'),
(282, 'chi', 'front', 'user_center', 'labels', '用户中心', '用户中心', '2008-01-01 00:00:00', '2008-01-01 00:00:00'),
(283, 'chi', 'front', 'notices', 'labels', '公告', '公告', '2008-01-01 00:00:00', '2008-01-01 00:00:00'),
(284, 'chi', 'front', 'user_remind', 'labels', '用户提醒', '用户提醒', '2008-01-01 00:00:00', '2008-01-01 00:00:00'),
(285, 'chi', 'front', 'username', 'labels', '用户名', '用户名', '2008-01-01 00:00:00', '2008-01-01 00:00:00'),
(286, 'chi', 'front', 'waitting_for_check', 'labels', '[等待审核]', '[等待审核]', '2008-01-01 00:00:00', '2008-01-01 00:00:00'),
(287, 'chi', 'front', 'waitting_for_confirm', 'labels', '待确认', '待确认', '2008-01-01 00:00:00', '2008-01-01 00:00:00'),
(288, 'chi', 'front', 'website_information', 'labels', '站内信息', '站内信息', '2008-01-01 00:00:00', '2008-01-01 00:00:00'),
(289, 'chi', 'front', 'sitemap', 'labels', '网站导航', '网站导航', '2008-01-01 00:00:00', '2008-01-01 00:00:00'),
(290, 'chi', 'front', 'welcome', 'labels', '欢迎光临', '欢迎光临', '2008-01-01 00:00:00', '2008-01-01 00:00:00'),
(291, 'chi', 'front', 'yes', 'labels', '是', '是', '2008-01-01 00:00:00', '2008-01-01 00:00:00'),
(292, 'chi', 'front', 'your_account', 'labels', '您的帐户', '您的帐户', '2008-01-01 00:00:00', '2008-01-01 00:00:00'),
(293, 'chi', 'front', 'current_points', 'labels', '剩余积分为', '剩余积分为', '2008-01-01 00:00:00', '2008-01-01 00:00:00'),
(294, 'chi', 'front', 'last_login_time', 'labels', '您的上一次登录时间', '您的上一次登录时间', '2008-01-01 00:00:00', '2008-01-01 00:00:00'),
(295, 'chi', 'front', 'level_is', 'labels', '您的等级是', '您的等级是', '2008-01-01 00:00:00', '2008-01-01 00:00:00'),
(296, 'chi', 'front', 'yuan', 'labels', '元', '元', '2008-01-01 00:00:00', '2008-01-01 00:00:00'),
(297, 'chi', 'front', 'post_code', 'labels', '邮政编码', '邮政编码', '2008-01-01 00:00:00', '2008-01-01 00:00:00'),
(298, 'chi', 'front', 'correlative_products', 'labels', '相关商品', '相关商品', '2008-01-01 00:00:00', '2008-01-01 00:00:00'),
(299, 'chi', 'front', 'activity', 'labels', '活动', '活动', '2008-01-01 00:00:00', '2008-01-01 00:00:00'),
(300, 'chi', 'front', 'attribute', 'labels', '属性', '属性', '2008-01-01 00:00:00', '2008-01-01 00:00:00'),
(301, 'chi', 'front', 'current_price', 'labels', '现价', '现价', '2008-01-01 00:00:00', '2008-01-01 00:00:00'),
(302, 'chi', 'front', 'advanced_search', 'labels', '高级搜索', '高级搜索', '2008-01-01 00:00:00', '2008-01-01 00:00:00'),
(303, 'chi', 'front', 'gram', 'labels', '克', '克', '2008-01-01 00:00:00', '2008-01-01 00:00:00'),
(304, 'chi', 'front', 'stock', 'labels', '库存', '库存', '2008-01-01 00:00:00', '2008-01-01 00:00:00'),
(305, 'chi', 'front', 'shop', 'labels', '商店', '商店', '2008-01-01 00:00:00', '2008-01-01 00:00:00'),
(306, 'chi', 'front', 'setting', 'labels', '设置', '设置', '2008-01-01 00:00:00', '2008-01-01 00:00:00'),
(307, 'chi', 'front', 'basic', 'labels', '基本', '基本', '2008-01-01 00:00:00', '2008-01-01 00:00:00'),
(308, 'chi', 'front', 'show', 'labels', '显示', '显示', '2008-01-01 00:00:00', '2008-01-01 00:00:00'),
(309, 'chi', 'front', 'shop_flow', 'labels', '购物流程', '购物流程', '2008-01-01 00:00:00', '2008-01-01 00:00:00'),
(310, 'chi', 'front', 'member', 'labels', '会员', '会员', '2008-01-01 00:00:00', '2008-01-01 00:00:00'),
(311, 'chi', 'front', 'email_letter', 'labels', '邮件', '邮件', '2008-01-01 00:00:00', '2008-01-01 00:00:00'),
(312, 'chi', 'front', 'template', 'labels', '模板', '模板', '2008-01-01 00:00:00', '2008-01-01 00:00:00'),
(313, 'chi', 'front', 'reset', 'labels', '重置', '重置', '2008-01-01 00:00:00', '2008-01-01 00:00:00'),
(314, 'chi', 'front', 'submit', 'labels', '提交', '提交', '2008-01-01 00:00:00', '2008-01-01 00:00:00'),
(315, 'chi', 'front', 'street', 'labels', '街道', '街道', '2008-01-01 00:00:00', '2008-01-01 00:00:00'),
(316, 'chi', 'front', 'amount', 'labels', '金额', '金额', '2008-01-01 00:00:00', '2008-01-01 00:00:00'),
(317, 'chi', 'front', 'one_contact', 'labels', '一个联系方式', '一个联系方式', '2008-01-01 00:00:00', '2008-01-01 00:00:00'),
(318, 'chi', 'front', 'recharge_amount', 'labels', '充值的金额', '充值的金额', '2008-01-01 00:00:00', '2008-01-01 00:00:00'),
(319, 'chi', 'front', 'account', 'labels', '账户', '账户', '2008-01-01 00:00:00', '2008-01-01 00:00:00'),
(320, 'chi', 'front', 'notes', 'labels', '注意事项', '注意事项', '2008-01-01 00:00:00', '2008-01-01 00:00:00'),
(321, 'chi', 'front', 'ifpay_through_counter', 'labels', '如果您通过柜面付款', '如果您通过柜面付款', '2008-01-01 00:00:00', '2008-01-01 00:00:00'),
(322, 'chi', 'front', 'mmodify', 'labels', '修改', '修改', '2008-01-01 00:00:00', '2008-01-01 00:00:00'),
(323, 'chi', 'front', 'view', 'labels', '查看', '查看', '2008-01-01 00:00:00', '2008-01-01 00:00:00'),
(324, 'chi', 'front', 'pay', 'labels', '付款', '付款', '2008-01-01 00:00:00', '2008-01-01 00:00:00'),
(325, 'chi', 'front', 'has_confirmed', 'labels', '已确认', '已确认', '2008-01-01 00:00:00', '2008-01-01 00:00:00'),
(326, 'chi', 'front', 'retrieve_password', 'labels', '找回密码', '找回密码', '2008-01-01 00:00:00', '2008-01-01 00:00:00'),
(327, 'chi', 'front', 'register_functions_closed', 'labels', '注册功能已经关闭', '注册功能已经关闭', '2008-01-01 00:00:00', '2008-01-01 00:00:00'),
(328, 'chi', 'front', 'order_generated', 'labels', '订单产生', '订单产生', '2008-01-01 00:00:00', '2008-01-01 00:00:00'),
(329, 'chi', 'front', 'new_password', 'labels', '新密码', '新密码', '2008-01-01 00:00:00', '2008-01-01 00:00:00'),
(330, 'chi', 'front', 'reenter_new_password', 'labels', '再输入一次新密码', '再输入一次新密码', '2008-01-01 00:00:00', '2008-01-01 00:00:00'),
(331, 'chi', 'front', 'alipay', 'labels', '支付宝', '支付宝', '2008-01-01 00:00:00', '2008-01-01 00:00:00'),
(332, 'chi', 'front', 'switch_languages', 'labels', '切换语言', '切换语言', '2008-01-01 00:00:00', '2008-01-01 00:00:00'),
(333, 'chi', 'front', 'goods_have_received', 'labels', '已收货', '已收货', '2008-01-01 00:00:00', '2008-01-01 00:00:00'),
(334, 'chi', 'front', 'has_been_canceled', 'labels', '已取消', '已取消', '2008-01-01 00:00:00', '2008-01-01 00:00:00'),
(335, 'chi', 'front', 'invalid', 'labels', '无效', '无效', '2008-01-01 00:00:00', '2008-01-01 00:00:00'),
(336, 'chi', 'front', 'return_products', 'labels', '退货', '退货', '2008-01-01 00:00:00', '2008-01-01 00:00:00'),
(337, 'chi', 'front', 'stocking', 'labels', '备货中 ', '备货中 ', '2008-01-01 00:00:00', '2008-01-01 00:00:00'),
(338, 'chi', 'front', 'paying', 'labels', '付款中', '付款中', '2008-01-01 00:00:00', '2008-01-01 00:00:00'),
(339, 'chi', 'front', 'no_friends', 'labels', '暂无好友', '暂无好友', '2008-01-01 00:00:00', '2008-01-01 00:00:00'),
(340, 'chi', 'front', 'email_notification', 'labels', '订阅邮件通知', '订阅邮件通知', '2008-01-01 00:00:00', '2008-01-01 00:00:00'),
(341, 'chi', 'front', 'auto_send_mail', 'labels', '自动发送邮件', '自动发送邮件', '2008-01-01 00:00:00', '2008-01-01 00:00:00'),
(342, 'chi', 'front', 'use', 'labels', '使用', '使用', '2008-01-01 00:00:00', '2008-01-01 00:00:00'),
(343, 'chi', 'front', 'card', 'labels', '贺卡', '贺卡', '2008-01-01 00:00:00', '2008-01-01 00:00:00'),
(344, 'chi', 'front', 'packaging', 'labels', '包装', '包装', '2008-01-01 00:00:00', '2008-01-01 00:00:00'),
(345, 'chi', 'front', 'agree', 'labels', '同意', '同意', '2008-01-01 00:00:00', '2008-01-01 00:00:00'),
(346, 'chi', 'front', 'fill_out_information', 'labels', '填写信息', '填写信息', '2008-01-01 00:00:00', '2008-01-01 00:00:00'),
(347, 'chi', 'front', 'received_mail', 'labels', '收电子邮件', '收电子邮件', '2008-01-01 00:00:00', '2008-01-01 00:00:00'),
(348, 'chi', 'front', 'tell_a_friend', 'labels', '推荐给好友', '推荐给好友', '2008-01-01 00:00:00', '2008-01-01 00:00:00'),
(349, 'chi', 'front', 'register_presented', 'labels', '注册赠送', '注册赠送', '2008-01-01 00:00:00', '2008-01-01 00:00:00'),
(350, 'chi', 'front', 'registration_steps', 'labels', '注册步骤', '注册步骤', '2008-01-01 00:00:00', '2008-01-01 00:00:00'),
(351, 'chi', 'front', 'products_details', 'labels', '商品详细', '商品详细', '2008-01-01 00:00:00', '2008-01-01 00:00:00'),
(352, 'chi', 'front', 'basic_setting', 'labels', '基本设定', '基本设定', '2008-01-01 00:00:00', '2008-01-01 00:00:00'),
(353, 'chi', 'front', 'shop_setting', 'labels', '商店信息', '商店信息', '2008-01-01 00:00:00', '2008-01-01 00:00:00'),
(354, 'chi', 'front', 'show_setting', 'labels', '显示设置', '显示设置', '2008-01-01 00:00:00', '2008-01-01 00:00:00'),
(355, 'chi', 'front', 'products_show_setting', 'labels', '商品显示信息', '商品显示信息', '2008-01-01 00:00:00', '2008-01-01 00:00:00'),
(356, 'chi', 'front', 'point_setting', 'labels', '积分设置', '积分设置', '2008-01-01 00:00:00', '2008-01-01 00:00:00'),
(357, 'chi', 'front', 'user_setting', 'labels', '会员设置', '会员设置', '2008-01-01 00:00:00', '2008-01-01 00:00:00'),
(358, 'chi', 'front', 'pages', 'labels', '页', '页', '2008-01-01 00:00:00', '2008-01-01 00:00:00'),
(359, 'chi', 'front', 'topage', 'labels', '到第', '到第', '2008-01-01 00:00:00', '2008-01-01 00:00:00'),
(360, 'chi', 'front', 'piece', 'labels', '篇', '篇', '2008-01-01 00:00:00', '2008-01-01 00:00:00'),
(361, 'chi', 'front', 'next', 'labels', '下一', '下一', '2008-01-01 00:00:00', '2008-01-01 00:00:00'),
(362, 'chi', 'front', 'previous', 'labels', '上一', '上一', '2008-01-01 00:00:00', '2008-01-01 00:00:00'),
(363, 'chi', 'front', 'colon', 'labels', '：', '：', '2008-01-01 00:00:00', '2008-01-01 00:00:00'),
(364, 'chi', 'front', 'page', 'labels', '页', '页', '2008-01-01 00:00:00', '2008-01-01 00:00:00'),
(365, 'chi', 'front', 'current_location_system_remind', 'labels', '当前位置：系统提示', '当前位置：系统提示', '2008-01-01 00:00:00', '2009-05-19 06:14:38'),
(366, 'chi', 'front', 'products_list_setting', 'labels', '商品列表设置', '商品列表设置', '2008-01-01 00:00:00', '2008-01-01 00:00:00'),
(367, 'chi', 'front', 'page_show_number', 'description', '每页显示%d条商品', '每页显示%d条商品', '2008-01-01 00:00:00', '2008-01-01 00:00:00'),
(368, 'chi', 'front', 'add_yuan_get', 'description', '加%d元:获得', '加%d元:获得', '2008-01-01 00:00:00', '2008-01-01 00:00:00'),
(369, 'chi', 'front', 'copyright', 'description', '%s 版权所有', '%s 版权所有', '2008-01-01 00:00:00', '2009-04-28 15:13:28'),
(370, 'chi', 'front', 'alipay_pay_immedia', 'labels', '立即支付宝付款', '立即支付宝付款', '2008-01-01 00:00:00', '2008-01-01 00:00:00'),
(371, 'chi', 'front', 'to_page', 'description', '到第%d页', '到第%d页', '2008-01-01 00:00:00', '2008-01-01 00:00:00'),
(372, 'chi', 'front', 'totally_buy_records', 'description', '总共%d个购买记录', '总共%d个购买记录', '2008-01-01 00:00:00', '2008-01-01 00:00:00'),
(373, 'chi', 'front', 'have_friends_now_continue_adding', 'description', '您现在有%d个好友，您可以继续添加好友', '您现在有%d个好友，您可以继续添加好友', '2008-01-01 00:00:00', '2008-01-01 00:00:00'),
(374, 'chi', 'front', 'submit_in_latest_30days', 'description', '您最近30天内提交了%d个订单', '您最近30天内提交了%d个订单', '2008-01-01 00:00:00', '2008-01-01 00:00:00'),
(375, 'chi', 'front', 'chosen_products', 'description', '从下面的赠品（特惠品）中选择 %d 个', '从下面的赠品（特惠品）中选择 %d 个', '2008-01-01 00:00:00', '2008-01-01 00:00:00'),
(376, 'chi', 'front', 'several_issues', 'description', '今天发布%d个记录', '今天发布%d个记录', '2008-01-01 00:00:00', '2008-01-01 00:00:00'),
(377, 'chi', 'front', 'continue_adding_friends', 'description', '您可以继续添加好友', '您可以继续添加好友', '2008-01-01 00:00:00', '2008-01-01 00:00:00'),
(378, 'chi', 'front', 'no_limit', 'description', '0表示不限制数量', '0表示不限制数量', '2008-01-01 00:00:00', '2008-01-01 00:00:00'),
(379, 'chi', 'front', 'records_statistics', 'description', '总共%d个记录，今天发布%d个记录', '总共%d个记录，今天发布%d个记录', '2008-01-01 00:00:00', '2008-01-01 00:00:00'),
(380, 'chi', 'front', 'totally_records_unpaid', 'description', '总共%d个记录', '总共%d个记录', '2008-01-01 00:00:00', '2008-01-01 00:00:00'),
(381, 'chi', 'front', 'can_offset_fee', 'description', '可以抵消%s元', '可以抵消%s元', '2008-01-01 00:00:00', '2009-05-10 10:47:55'),
(382, 'chi', 'front', 'can_use_point', 'description', '可用积分为%d积分', '您的积分为%d点', '2008-01-01 00:00:00', '2009-05-11 11:12:11'),
(383, 'chi', 'front', 'avliable_point', 'description', '使用了%d积分', '使用了积分%d点', '2008-01-01 00:00:00', '2009-05-10 10:48:41'),
(384, 'chi', 'front', 'hundred_point', 'description', '每100积分可抵%d元现金', '积分100点可抵%d元现金', '2008-01-01 00:00:00', '2009-05-10 10:51:44'),
(385, 'chi', 'front', 'order_max_point', 'description', '本订单最多可以使用%d积分', '本订单最多可以使用积分%d点', '2008-01-01 00:00:00', '2009-05-10 10:51:19'),
(386, 'chi', 'front', 'today_consumer', 'description', '今天的消费金额为%s 元', '今天的消费金额为%s 元', '2008-01-01 00:00:00', '2008-01-01 00:00:00'),
(387, 'chi', 'front', 'shipping_in', 'description', '发货于%s', '发货于%s', '2008-01-01 00:00:00', '2008-01-01 00:00:00'),
(388, 'chi', 'front', 'pay_in', 'description', '付款于%s', '付款于%s', '2008-01-01 00:00:00', '2008-01-01 00:00:00'),
(389, 'chi', 'front', 'pay_by', 'description', '使用%d支付', '使用%d支付', '2008-01-01 00:00:00', '2008-01-01 00:00:00');
INSERT INTO svcart_language_dictionaries (id, locale, location, name, type, description, value, created, modified) VALUES
(390, 'chi', 'front', 'set_order_as_unpaid', 'description', '设置订单为“%d”时', '设置订单为“%d”时', '2008-01-01 00:00:00', '2008-01-01 00:00:00'),
(391, 'chi', 'front', 'order_by', 'description', '按%s排序', '按%s排序', '2008-01-01 00:00:00', '2008-01-01 00:00:00'),
(392, 'chi', 'front', 'this_week', 'description', '本周%s', '本周%s', '2008-01-01 00:00:00', '2008-01-01 00:00:00'),
(393, 'chi', 'front', 'remaining_balance', 'description', '资金为%s元', '资金为%s元', '2008-01-01 00:00:00', '2008-01-01 00:00:00'),
(394, 'chi', 'front', 'contact', 'description', '联系方式', '联系方式', '2008-01-01 00:00:00', '2008-01-01 00:00:00'),
(395, 'chi', 'front', 'valid', 'description', '有效', '有效', '2008-01-01 00:00:00', '2008-01-01 00:00:00'),
(396, 'chi', 'front', 'no_coupon', 'notice', '没有任何优惠券', '没有任何优惠券', '2008-01-01 00:00:00', '2008-01-01 00:00:00'),
(397, 'chi', 'front', 'more_than_order_total', 'labels', '超过订单金额 ', '超过订单金额', '2008-01-01 00:00:00', '2008-01-01 00:00:00'),
(398, 'chi', 'front', 'balances', 'labels', '资金', '资金', '2008-01-01 00:00:00', '2008-01-01 00:00:00'),
(399, 'chi', 'front', 'links', 'labels', '友情链接', '友情链接', '2008-01-01 00:00:00', '2008-01-01 00:00:00'),
(400, 'chi', 'front', 'payment_result', 'labels', '支付结果', '支付结果', '2008-01-01 00:00:00', '2008-01-01 00:00:00'),
(401, 'chi', 'front', 'cost', 'labels', '费用', '费用', '2008-01-01 00:00:00', '2008-01-01 00:00:00'),
(402, 'chi', 'front', 'shop_closed', 'notice', '网店关闭', '网店关闭', '2008-01-01 00:00:00', '2008-01-01 00:00:00'),
(403, 'chi', 'front', 'reset_password_sent_please_view', 'notice', '重置密码邮件已发送请登录邮箱查看', '重置密码邮件已发送请登录邮箱查看', '2008-01-01 00:00:00', '2008-01-01 00:00:00'),
(404, 'chi', 'front', 'invalid_url', 'notice', '无效的路径', '无效的路径', '2008-01-01 00:00:00', '2008-01-01 00:00:00'),
(405, 'chi', 'front', 'buy', 'labels', '购买', '购买', '2008-01-01 00:00:00', '2008-01-01 00:00:00'),
(406, 'chi', 'front', 'value_of', 'labels', '价值', '价值', '2008-01-01 00:00:00', '2008-01-01 00:00:00'),
(407, 'chi', 'front', 'not_clear', 'labels', '看不清楚', '看不清楚', '2008-01-01 00:00:00', '2008-01-01 00:00:00'),
(408, 'chi', 'front', 'topic', 'labels', '专题', '专题', '2008-01-01 00:00:00', '2008-01-01 00:00:00'),
(409, 'chi', 'front', 'coupon', 'labels', '优惠券', '优惠券', '2008-01-01 00:00:00', '2008-01-01 00:00:00'),
(410, 'chi', 'front', 'coupon_setting', 'labels', '优惠券设置', '优惠券设置', '2008-01-01 00:00:00', '2008-01-01 00:00:00'),
(411, 'chi', 'front', 'shop_settings', 'labels', '商店设置', '商店设置', '2008-01-01 00:00:00', '2008-01-01 00:00:00'),
(412, 'chi', 'front', 'not_less_eight_characters', 'notice', '不能少于8个字符', '不能少于8个字符', '2009-04-30 11:16:05', '2009-04-30 11:16:05'),
(413, 'chi', 'front', 'telephone_or_mobile', 'labels', '电话或手机必填一个', '电话或手机必填一个', '2009-04-30 11:21:57', '2009-04-30 11:21:57'),
(414, 'chi', 'front', 'welcome_to', 'description', '欢迎进入%s', '欢迎进入%s', '2008-01-01 00:00:00', '2008-01-01 00:00:00'),
(415, 'chi', 'front', 'point_unit', 'labels', '点', '点', '2008-01-01 00:00:00', '2008-01-01 00:00:00'),
(416, 'chi', 'front', 'no_stock', 'notice', '尚无库存', '尚无库存', '2008-01-01 00:00:00', '2008-01-01 00:00:00'),
(417, 'chi', 'front', 'send_after_products_arrived', 'notice', '等到货后发送', '等到货后发送', '2008-01-01 00:00:00', '2008-01-01 00:00:00'),
(418, 'chi', 'front', 'total_record', 'description', '共计 %d 个', '共计 %d 个', '2008-01-01 00:00:00', '2008-01-01 00:00:00'),
(419, 'chi', 'front', 'my_coupon', 'labels', '我的优惠券', '我的优惠券', '2008-01-01 00:00:00', '2008-01-01 00:00:00'),
(420, 'chi', 'front', 'choose_exist_coupon', 'labels', '选择已有优惠券', '选择已有优惠券', '2008-01-01 00:00:00', '2008-01-01 00:00:00'),
(421, 'chi', 'front', 'or_enter_coupon_serial', 'labels', '请直接输入优惠券序列号', '请直接输入优惠券序列号', '2008-01-01 00:00:00', '2008-01-01 00:00:00'),
(422, 'chi', 'front', 'exceed_max_value_can_use', 'notice', '超出了可使用的最大数值', '超出了可使用的最大数值', '2008-01-01 00:00:00', '2008-01-01 00:00:00'),
(423, 'chi', 'front', 'goods_amount_less_coupon_min', 'notice', '订单商品金额没有达到使用该优惠券的最低金额', '订单商品金额没有达到使用该优惠券的最低金额', '2008-01-01 00:00:00', '2009-05-05 11:35:26'),
(424, 'chi', 'front', 'min_orders_amount', 'labels', '最小订单金额', '最小订单金额', '2008-01-01 00:00:00', '2008-01-01 00:00:00'),
(425, 'chi', 'front', 'deadline', 'labels', '截至使用日期', '截至使用日期', '2008-01-01 00:00:00', '2008-01-01 00:00:00'),
(426, 'chi', 'front', 'unused', 'labels', '未使用', '未使用', '2008-01-01 00:00:00', '2008-01-01 00:00:00'),
(427, 'chi', 'front', 'has_been_used', 'labels', '已使用', '已使用', '2008-01-01 00:00:00', '2008-01-01 00:00:00'),
(428, 'chi', 'front', 'coming_please_note', 'notice', '即将推出,敬请关注！', '即将推出,敬请关注！', '2008-01-01 00:00:00', '2008-01-01 00:00:00'),
(429, 'chi', 'front', 'shipping_no_support', 'notice', '此配送方式 不支持货到付款', '此配送方式 不支持货到付款', '2008-01-01 00:00:00', '2008-01-01 00:00:00'),
(430, 'chi', 'front', 'if_requirements_in_orders', 'labels', '如果您对订单有什么其他要求', '如果您对订单有什么其他要求', '2008-01-01 00:00:00', '2008-01-01 00:00:00'),
(431, 'chi', 'front', 'remark_here', 'labels', '可以在这增加备注', '可以在这增加备注', '2008-01-01 00:00:00', '2008-01-01 00:00:00'),
(432, 'chi', 'front', 'this_order_receives', 'labels', '此订单可获得', '此订单可获得', '2008-01-01 00:00:00', '2008-01-01 00:00:00'),
(433, 'chi', 'front', 'receives', 'labels', '可获得', '可获得', '2008-01-01 00:00:00', '2008-01-01 00:00:00'),
(434, 'chi', 'front', 'users', 'labels', '可使用', '可使用', '2008-01-01 00:00:00', '2008-01-01 00:00:00'),
(435, 'chi', 'front', 'supply_method_is', 'labels', '你选择的充值方式为', '你选择的充值方式为', '2008-01-01 00:00:00', '2008-01-01 00:00:00'),
(436, 'chi', 'front', 'send_email_setting', 'notice', '邮件发送设置', '邮件发送设置', '2008-01-01 00:00:00', '2008-01-01 00:00:00'),
(437, 'chi', 'front', 'administrator_operation', 'labels', '管理员操作', '管理员操作', '2008-01-01 00:00:00', '2008-01-01 00:00:00'),
(438, 'chi', 'front', 'no_balance_log', 'notice', '没有资金日志', '没有资金日志', '2008-01-01 00:00:00', '2008-01-01 00:00:00'),
(439, 'chi', 'front', 'supply_records', 'labels', '充值记录', '充值记录', '2008-01-01 00:00:00', '2008-01-01 00:00:00'),
(440, 'chi', 'front', 'not_favorite_goods', 'notice', '没有收藏任何商品', '没有收藏任何商品', '2008-01-01 00:00:00', '2008-01-01 00:00:00'),
(441, 'chi', 'front', 'not_buy_goods', 'notice', '没有购买任何商品', '没有购买任何商品', '2008-01-01 00:00:00', '2008-01-01 00:00:00'),
(442, 'chi', 'front', 'no_order', 'notice', '没有任何订单', '没有任何订单', '2008-01-01 00:00:00', '2008-01-01 00:00:00'),
(443, 'chi', 'front', 'place_order', 'labels', '下单', '下单', '2008-01-01 00:00:00', '2008-01-01 00:00:00'),
(444, 'chi', 'front', 'present_coupons', 'labels', '送优惠券', '送优惠券', '2008-01-01 00:00:00', '2008-01-01 00:00:00'),
(445, 'chi', 'front', 'present_points', 'labels', '送积分', '送积分', '2008-01-01 00:00:00', '2008-01-01 00:00:00'),
(446, 'chi', 'front', 'names', 'labels', '名', '名', '2008-01-01 00:00:00', '2008-01-01 00:00:00'),
(447, 'chi', 'front', 'can_be_registered', 'labels', '可以注册', '可以注册', '2008-01-01 00:00:00', '2008-01-01 00:00:00'),
(448, 'chi', 'front', 'have_been_logout', 'notice', '您已经安全退出', '您已经安全退出', '2008-01-01 00:00:00', '2008-01-01 00:00:00'),
(449, 'chi', 'front', 'support_value_or_not', 'labels', '是否需要保价', '是否需要保价', '2008-01-01 00:00:00', '2008-01-01 00:00:00'),
(450, 'chi', 'front', 'no_support_value', 'labels', '不支持保价', '不支持保价', '2008-01-01 00:00:00', '2008-01-01 00:00:00'),
(451, 'chi', 'front', 'support_value_fee', 'labels', '保价费', '保价费', '2008-01-01 00:00:00', '2008-01-01 00:00:00'),
(452, 'chi', 'front', 'expiration_date', 'labels', '有效期限', '有效期限', '2008-01-01 00:00:00', '2008-01-01 00:00:00'),
(453, 'chi', 'front', 'card_number', 'labels', '卡号', '卡号', '2008-01-01 00:00:00', '2008-01-01 00:00:00'),
(454, 'chi', 'front', 'clear_out', 'labels', '清空', '清空', '2008-01-01 00:00:00', '2009-05-22 10:38:24');

--
-- 导出表中的数据 'svcart_links'
--

INSERT INTO svcart_links (id, contact_name, contact_email, contact_tele, orderby, status, created, modified) VALUES
(85, 'Seevia', 'info@seevia.cn', '1234567', 1, '1', '2009-04-23 01:57:33', '2009-04-23 02:09:52');

--
-- 导出表中的数据 'svcart_link_i18ns'
--

INSERT INTO svcart_link_i18ns (id, locale, link_id, name, description, url, click_stat, img01, img02, created, modified) VALUES
(1, 'chi', 85, 'Seevia', '', 'http://www.seevia.cn', 0, 'logo.gif', '', '2009-04-23 01:57:33', '2009-04-23 02:09:52');

--
-- 导出表中的数据 'svcart_mail_templates'
--

INSERT INTO svcart_mail_templates (id, code, status, created, modified) VALUES
(31, 'register_validate', '1', '2009-02-17 05:12:33', '2009-05-05 17:04:40'),
(36, 'order_invalid', '1', '2008-01-01 00:00:00', '2009-05-05 17:07:27'),
(35, 'order_cancel', '1', '2008-01-01 00:00:00', '2009-05-05 17:06:24'),
(34, 'deliver_notice', '1', '2008-01-01 00:00:00', '2009-04-30 15:02:15'),
(33, 'order_confirm', '1', '2008-01-01 00:00:00', '2009-05-05 17:05:31'),
(37, 'send_password', '1', '2009-03-16 10:23:42', '2009-05-05 17:08:20'),
(38, 'out_confirm', '1', '2009-03-30 16:53:43', '2009-05-05 17:09:39'),
(39, 'virtual_vard', '1', '2009-04-16 06:15:12', '2009-05-05 17:10:18'),
(41, 'message_revert', '1', '2009-04-29 18:54:48', '2009-05-05 19:10:58'),
(42, 'send_coupon', '1', '2009-05-06 13:08:46', '2009-05-06 13:16:32');

--
-- 导出表中的数据 'svcart_mail_template_i18ns'
--

INSERT INTO svcart_mail_template_i18ns (id, locale, mail_template_id, title, text_body, html_body, created, modified) VALUES
(38, 'chi', 31, '$shop_name - 邮件验证', '$user_name 您好!\r\n这封邮件是 $shop_name 发送的。\r\n你收到这封邮件是为了验证你注册邮件地址是否有效。\r\n如果您已经通过验证了，请忽略这封邮件。\r\n请点击以下链接(或者复制到您的浏览器)来验证你的邮件地址: \r\n$url\r\n $shop_name $shop_url\r\n$send_date', '$user_name 您好!<br />\r\n这封邮件是 $shop_name 发送的。<br />\r\n你收到这封邮件是为了验证你注册邮件地址是否有效。<br />\r\n如果您已经通过验证了，请忽略这封邮件。<br />\r\n请点击以下链接(或者复制到您的浏览器)来验证你的邮件地址: <br />\r\n<a href=''$url''> $url</a><br />\r\n $shop_name <a href=''$shop_url''>$shop_url</a><br />\r\n$send_date', '2009-02-17 05:12:33', '2009-05-05 17:04:40'),
(42, 'chi', 33, '$shop_name - 订单确认邮件', '亲爱的 $consignee  ，你好！\r\n我们已经收到您于  $formated_add_time  提交的订单。\r\n\r\n订单的商品信息: \r\n$products_info\r\n\r\n\r\n该订单编号为： $order_code  请记住这个编号以便日后的查询。\r\n$shop_name $shop_url\r\n$sent_date', '亲爱的 $consignee  ，你好！<br />\r\n我们已经收到您于  $formated_add_time  提交的订单。<br />\r\n\r\n订单的商品信息: <br />\r\n$products_info\r\n\r\n\r\n该订单编号为： $order_code  请记住这个编号以便日后的查询。 <br />\r\n$shop_name <a href=''$shop_url''>$shop_url</a><br />\r\n$sent_date', '2008-01-01 00:00:00', '2009-05-05 17:05:31'),
(71, 'chi', 34, '$shop_name - 通知', '', '', '2009-04-20 06:40:45', '2009-04-30 15:02:15'),
(43, 'chi', 35, '$shop_name - 订单取消', '亲爱的 $consignee  ，你好！\r\n您的编号为：$order_code  的订单已取消。\r\n\r\n订单的商品信息:\r\n$products_info\r\n\r\n$shop_name $shop_url\r\n$sent_date', '亲爱的 $consignee  ，你好！<br />\r\n您的编号为：$order_code  的订单已取消。<br />\r\n\r\n订单的商品信息:<br/>\r\n$products_info\r\n\r\n$shop_name <a href=''$shop_url''>$shop_url</a><br/>\r\n$sent_date', '2008-01-01 00:00:00', '2009-05-05 17:06:24'),
(44, 'chi', 36, '$shop_name - 订单无效', '亲爱的 $consignee ，你好！\r\n您的编号为： $order_code 的订单无效。\r\n订单的商品信息:\r\n$products_info\r\n$shop_name $shop_url\r\n$send_date', '亲爱的 $consignee ，你好！<br/>\r\n您的编号为： $order_code 的订单无效。<br />\r\n订单的商品信息:<br/>\r\n$products_info\r\n$shop_name <a href=''$shop_url''>$shop_url</a><br />\r\n$send_date<br />', '2008-01-01 00:00:00', '2009-05-05 17:07:27'),
(45, 'chi', 37, '$shop_name - 密码找回', '$user_name 您好！\r\n您已经进行了密码重置的操作，请点击以下链接(或者复制到您的浏览器):\r\n $reset_email\r\n以确认您的新密码重置操作！\r\n$shop_name $shop_url\r\n$send_date ', '$user_name 您好！<br/>\r\n您已经进行了密码重置的操作，请点击以下链接(或者复制到您的浏览器):<br/>\r\n<a href=''$reset_email'' target=''_blank''> $reset_email </a><br/>\r\n以确认您的新密码重置操作！<br/>\r\n$shop_name <a href=''$shop_url''>$shop_url</a><br/>\r\n$send_date <br/>', '2009-03-16 10:23:42', '2009-05-05 17:08:20'),
(60, 'chi', 38, '$shop_name - 发货通知', '亲爱的 $consignee ， 你好  \r\n我们已经收到您于 $formated_add_time  提交的订单 并且已经发货。\r\n您的配送单号:   $invoice_no\r\n\r\n订单的商品信息: \r\n$products_info\r\n\r\n\r\n该订单编号为： $order_code 请记住这个编号以便日后的查询。\r\n收货确认 $url\r\n$shop_name $shop_url\r\n$send_date ', '亲爱的 $consignee ， 你好  <br />\r\n我们已经收到您于 $formated_add_time  提交的订单 并且已经发货。 <br />\r\n您的配送单号:   $invoice_no <br />\r\n\r\n订单的商品信息: <br />\r\n$products_info\r\n\r\n\r\n该订单编号为： $order_code 请记住这个编号以便日后的查询。<br/>\r\n收货确认 <a href=''$url''>$url</a><br />\r\n$shop_name <a href=''$shop_url''>$shop_url</a><br />\r\n$send_date <br />', '2009-03-30 16:53:43', '2009-05-05 17:09:39'),
(64, 'chi', 39, '$shop_name - 虚拟卡片', '亲爱的$consignee       \r\n你好！您的订单 $order_sn 中$product_name 商品的详细信息如下: \r\n$virtualcards_info\r\n再次感谢您对我们的支持。欢迎您的再次光临。\r\n\r\n$shop_name $shop_url\r\n$send_date ', '亲爱的$consignee       <br />\r\n你好！您的订单 $order_sn 中$product_name 商品的详细信息如下: <br />\r\n$virtualcards_info\r\n再次感谢您对我们的支持。欢迎您的再次光临。 <br />\r\n\r\n$shop_name <a href=''$shop_url''>$shop_url</a><br />\r\n$send_date <br />', '2009-04-16 06:15:12', '2009-05-05 17:10:18'),
(85, 'chi', 41, '$shop_name - 留言回复', '亲爱的 $user_name ，你好！\r\n我们已经收到您于  $created  提交的留言。\r\n留言类型:$msg_type\r\n\r\n留言标题:$msg_title        \r\n\r\n留言内容:$msg_content\r\n\r\n管理员回复:$restore_content\r\n\r\n查看 $url\r\n$shop_name   $shop_url\r\n$sent_date\r\n', '亲爱的 $user_name ，你好！<br/>\r\n我们已经收到您于  $created  提交的留言。<br/>\r\n留言类型:$msg_type <br/>\r\n\r\n留言标题:$msg_title    <br/>   \r\n\r\n留言内容:$msg_content <br/>\r\n\r\n管理员回复:$restore_content <br/>\r\n查看<a href=''url''>$url<a> <br/>\r\n$shop_name   <a href=''$shop_url''>$shop_url<a> <br/>\r\n$sent_date', '2009-04-29 18:54:48', '2009-05-05 19:10:58'),
(88, 'chi', 42, '$shop_name - 优惠券邮件', '', '亲爱的 $user_name 您好！\r\n\r\n恭喜您获得了 1 个优惠券，金额为 $money\r\n\r\n$shop_name $shop_url\r\n$send_date', '2009-05-06 13:08:46', '2009-05-06 13:16:32');

--
-- 导出表中的数据 'svcart_navigations'
--

INSERT INTO svcart_navigations (id, type, orderby, status, icon, target, controller, created, modified) VALUES
(1, 'T', 5, '1', '', '_self', 'pages', '2008-01-01 00:00:00', '2009-03-26 02:02:14'),
(2, 'T', 10, '1', '', '_blank', 'pages', '2008-01-01 00:00:00', '2009-03-26 02:03:04'),
(3, 'H', 20, '1', '', '_self', 'pages', '2009-01-06 03:45:48', '2009-03-27 09:34:08'),
(5, 'T', 20, '1', '', '_self', 'pages', '2008-01-01 00:00:00', '2009-03-26 02:03:51'),
(6, 'T', 30, '1', '', '_self', 'pages', '2008-01-01 00:00:00', '2009-03-26 02:04:35'),
(8, 'H', 30, '1', '', '_self', 'pages', '2009-01-06 03:49:32', '2009-03-27 01:42:25');

--
-- 导出表中的数据 'svcart_navigation_i18ns'
--

INSERT INTO svcart_navigation_i18ns (id, locale, navigation_id, name, url, description, created, modified) VALUES
(1, 'chi', 2, '所有商品', '/products/advancedsearch/SAD/all/', 'fdsf', '2009-01-10 02:56:35', '2009-03-26 02:03:04'),
(2, 'chi', 5, '促销活动', '/promotions/', '', '2009-01-10 02:59:19', '2009-03-26 02:03:51'),
(3, 'chi', 6, '网站导航', '/sitemaps/', '', '2009-01-10 03:00:35', '2009-03-26 02:04:35'),
(4, 'chi', 8, '付款说明', '/articles/1', '', '2009-01-10 03:08:30', '2009-03-27 01:42:25'),
(5, 'chi', 3, '配送须知', '/articles/2', 'ert', '2009-01-10 03:07:23', '2009-03-27 09:34:08'),
(6, 'chi', 1, '首页', '/', '', '2009-02-17 06:19:29', '2009-03-26 02:02:14');

--
-- 导出表中的数据 'svcart_newsletter_lists'
--


--
-- 导出表中的数据 'svcart_operators'
--


--
-- 导出表中的数据 'svcart_operator_actions'
--


--
-- 导出表中的数据 'svcart_operator_action_i18ns'
--


--
-- 导出表中的数据 'svcart_operator_logs'
--


--
-- 导出表中的数据 'svcart_operator_menus'
--

INSERT INTO svcart_operator_menus (id, parent_id, operator_action_code, type, link, status, orderby, created, modified) VALUES
(2, 0, '', '', '', '1', 10, '2008-01-01 00:00:00', '2008-12-19 05:24:26'),
(3, 0, '', '', '', '1', 15, '2008-01-01 00:00:00', '2008-01-01 00:00:00'),
(4, 0, '', '', '', '1', 20, '2008-01-01 00:00:00', '2008-01-01 00:00:00'),
(5, 0, '', '', '', '1', 25, '2008-01-01 00:00:00', '2008-01-01 00:00:00'),
(7, 0, '', '', '', '1', 35, '2008-01-01 00:00:00', '2008-01-01 00:00:00'),
(8, 0, '', '', '', '1', 40, '2008-01-01 00:00:00', '2008-01-01 00:00:00'),
(16, 2, 'purchase_order_view', '', '/reports/procurement', '1', 5, '2008-01-01 00:00:00', '2009-02-11 03:58:48'),
(17, 2, 'shipping_order_view', '', '/reports/shipments', '1', 10, '2008-01-01 00:00:00', '2008-01-01 00:00:00'),
(18, 2, 'user_funds_statement_view', '', '/reports/balance', '1', 15, '2008-01-01 00:00:00', '2008-01-01 00:00:00'),
(19, 2, 'accumulate_point_view', '', '/reports/point', '1', 20, '2008-01-01 00:00:00', '2008-01-01 00:00:00'),
(20, 2, 'member_consume_statement_view', '', '/reports/consume', '1', 25, '2008-01-01 00:00:00', '2008-01-01 00:00:00'),
(21, 2, 'goods_sale_statement_view', '', '/reports/sales', '1', 30, '2008-01-01 00:00:00', '2008-01-01 00:00:00'),
(22, 2, 'order_status_statement_view', '', '/reports/orderstatus', '1', 35, '2008-01-01 00:00:00', '2008-12-02 02:56:32'),
(23, 2, 'order_perform_statement_view', '', '/reports/orderfee', '1', 40, '2008-01-01 00:00:00', '2008-01-01 00:00:00'),
(24, 3, 'promotion_view', '', '/promotions/', '1', 5, '2008-01-01 00:00:00', '2008-01-01 00:00:00'),
(25, 3, 'coupon_view', '', '/coupons/', '1', 10, '2008-01-01 00:00:00', '2008-01-01 00:00:00'),
(26, 3, 'card_view', '', '/cards/', '1', 5, '2008-01-01 00:00:00', '2008-01-01 00:00:00'),
(27, 3, 'package_view', '', '/packages/', '1', 10, '2008-01-01 00:00:00', '2008-01-01 00:00:00'),
(28, 3, 'special_topic_view', '', '/topics/', '1', 15, '2008-01-01 00:00:00', '2009-02-16 06:35:02'),
(29, 4, 'member_view', '', '/users/', '1', 5, '2008-01-01 00:00:00', '2008-01-01 00:00:00'),
(30, 4, 'order_view', '', '/orders/', '1', 10, '2008-01-01 00:00:00', '2008-01-01 00:00:00'),
(31, 4, 'goods_manage_view', '', '/products/', '1', 15, '2008-01-01 00:00:00', '2008-12-03 03:06:26'),
(32, 4, 'goods_type_view', '', '/productstypes/', '1', 20, '2008-01-01 00:00:00', '2009-01-06 10:55:57'),
(33, 4, 'goods_category_view', '', '/categories/index/P', '1', 25, '2008-01-01 00:00:00', '2009-01-17 03:39:23'),
(34, 4, 'brand_view', '', '/brands/', '1', 30, '2008-01-01 00:00:00', '2008-01-01 00:00:00'),
(35, 4, 'article_view', '', '/articles/', '1', 35, '2008-01-01 00:00:00', '2008-01-01 00:00:00'),
(36, 4, 'comment_view', '', '/comments/', '1', 40, '2008-01-01 00:00:00', '2008-01-01 00:00:00'),
(37, 4, 'message_view', '', '/messages/', '1', 45, '2008-01-01 00:00:00', '2008-12-08 10:11:10'),
(38, 4, 'member_rank_view', '', '/memberlevels/', '1', 50, '2008-01-01 00:00:00', '2008-01-01 00:00:00'),
(39, 5, 'fund_log_view', '', '/balances/', '1', 5, '2008-01-01 00:00:00', '2008-01-01 00:00:00'),
(40, 5, 'accumulate_point_log_view', '', '/points/', '1', 10, '2008-01-01 00:00:00', '2008-01-01 00:00:00'),
(63, 4, 'article_category_view', '', '/categories/index/A', '1', 34, '2009-01-17 03:37:37', '2009-01-17 03:39:44'),
(47, 7, 'friendly_link_view', '', '/links/', '1', 5, '2008-01-01 00:00:00', '2008-01-01 00:00:00'),
(48, 7, 'advertisment_view', '', '/advertisements/', '1', 10, '2008-01-01 00:00:00', '2008-12-30 03:52:29'),
(49, 7, 'flash_play_view', '', '/flashes/', '1', 15, '2008-01-01 00:00:00', '2008-01-01 00:00:00'),
(50, 7, 'template_view', '', '/themes/', '1', 20, '2008-01-01 00:00:00', '2008-01-01 00:00:00'),
(51, 7, 'navigation_view', '', '/navigations/', '1', 25, '2008-01-01 00:00:00', '2008-01-01 00:00:00'),
(52, 8, 'shop_view', '', '/configvalues/', '1', 5, '2008-01-01 00:00:00', '2008-01-01 00:00:00'),
(53, 8, 'ship_view', '', '/shippingments/', '1', 10, '2008-01-01 00:00:00', '2008-01-01 00:00:00'),
(54, 8, 'pay_view', '', '/payments/', '1', 15, '2008-01-01 00:00:00', '2008-01-01 00:00:00'),
(55, 8, 'zone_view', '', '/areas/', '1', 20, '2008-01-01 00:00:00', '2008-01-01 00:00:00'),
(62, 4, 'image_view', '', '/images/', '1', 38, '2008-01-01 00:00:00', '2008-01-01 00:00:00'),
(67, 4, 'virtual_card_view', '', '/virtual_cards/', '1', 50, '2009-04-13 12:37:21', '2009-04-15 02:40:00'),
(66, 4, 'batch_add_products_view', '', '/products/upload_products_file', '1', 50, '2008-01-01 00:00:00', '2009-04-13 12:53:33'),
(68, 8, 'mail_settings_view', '', '/configvalues/mail_settings/', '1', 50, '2009-04-17 08:09:52', '2009-04-17 08:24:05'),
(59, 8, 'mail_template_view', '', '/mailtemplates/', '1', 51, '2008-01-01 00:00:00', '2009-04-20 03:20:50'),
(69, 4, 'user_accounts_view', '', '/user_accounts', '1', 50, '2009-05-08 13:46:08', '2009-05-08 13:46:08');

--
-- 导出表中的数据 'svcart_operator_menu_i18ns'
--

INSERT INTO svcart_operator_menu_i18ns (id, locale, operator_menu_id, name, created, modified) VALUES
(2, 'chi', 2, '报表统计', '2009-03-11 13:57:48', '2009-03-11 13:57:48'),
(3, 'chi', 3, '特色服务', '2009-03-11 13:57:48', '2009-03-11 13:57:48'),
(4, 'chi', 4, '资源管理', '2009-03-11 13:57:48', '2009-03-11 13:57:48'),
(5, 'chi', 5, '日志管理', '2009-03-11 13:57:48', '2009-03-11 13:57:48'),
(7, 'chi', 7, '界面管理', '2009-03-11 13:57:48', '2009-03-11 13:57:48'),
(8, 'chi', 8, '系统管理', '2009-03-11 13:57:48', '2009-03-11 13:57:48'),
(16, 'chi', 16, '采购单', '2009-03-11 13:57:48', '2009-03-11 13:57:48'),
(17, 'chi', 17, '待发货单', '2009-03-11 13:57:48', '2009-03-11 13:57:48'),
(18, 'chi', 18, '用户资金报表', '2009-03-11 13:57:48', '2009-03-11 13:57:48'),
(19, 'chi', 19, '积分报表', '2009-03-11 13:57:48', '2009-03-11 13:57:48'),
(20, 'chi', 20, '会员消费报表', '2009-03-11 13:57:48', '2009-03-11 13:57:48'),
(21, 'chi', 21, '商品销售报表', '2009-03-11 13:57:48', '2009-03-11 13:57:48'),
(22, 'chi', 22, '订单状态报表', '2009-03-11 13:57:48', '2009-03-11 13:57:48'),
(23, 'chi', 23, '订单业绩报表', '2009-03-11 13:57:48', '2009-03-11 13:57:48'),
(24, 'chi', 24, '促销活动', '2009-03-11 13:57:48', '2009-03-11 13:57:48'),
(25, 'chi', 25, '电子优惠券', '2009-03-11 13:57:48', '2009-03-11 13:57:48'),
(26, 'chi', 26, '贺卡', '2009-03-11 13:57:48', '2009-03-11 13:57:48'),
(27, 'chi', 27, '包装', '2009-03-11 13:57:48', '2009-03-11 13:57:48'),
(28, 'chi', 28, '专题', '2009-03-11 13:57:48', '2009-03-11 13:57:48'),
(29, 'chi', 29, '会员管理', '2009-03-11 13:57:48', '2009-03-11 13:57:48'),
(30, 'chi', 30, '订单管理', '2009-03-11 13:57:48', '2009-03-11 13:57:48'),
(31, 'chi', 31, '商品管理', '2009-03-11 13:57:48', '2009-03-11 13:57:48'),
(32, 'chi', 32, '商品类型管理', '2009-03-11 13:57:48', '2009-03-11 13:57:48'),
(33, 'chi', 33, '商品分类管理', '2009-03-11 13:57:48', '2009-03-11 13:57:48'),
(34, 'chi', 34, '品牌管理', '2009-03-11 13:57:48', '2009-03-11 13:57:48'),
(35, 'chi', 35, '文章管理', '2009-03-11 13:57:48', '2009-03-11 13:57:48'),
(36, 'chi', 36, '评论管理', '2009-03-11 13:57:48', '2009-03-11 13:57:48'),
(37, 'chi', 37, '留言管理', '2009-03-11 13:57:48', '2009-03-11 13:57:48'),
(38, 'chi', 38, '会员等级管理', '2009-03-11 13:57:48', '2009-03-11 13:57:48'),
(39, 'chi', 39, '资金日志', '2009-03-11 13:57:48', '2009-03-11 13:57:48'),
(40, 'chi', 40, '积分日志', '2009-03-11 13:57:48', '2009-03-11 13:57:48'),
(47, 'chi', 47, '友情链接', '2009-03-11 13:57:48', '2009-03-11 13:57:48'),
(48, 'chi', 48, '广告管理', '2009-03-11 13:57:48', '2009-03-11 13:57:48'),
(49, 'chi', 49, 'Flash轮播管理', '2009-03-11 13:57:48', '2009-03-11 13:57:48'),
(50, 'chi', 50, '模板管理', '2009-03-11 13:57:48', '2009-03-11 13:57:48'),
(51, 'chi', 51, '导航设置', '2009-03-11 13:57:48', '2009-03-11 13:57:48'),
(52, 'chi', 52, '商店设置', '2009-03-11 13:57:48', '2009-03-11 13:57:48'),
(53, 'chi', 53, '配送方式', '2009-03-11 13:57:48', '2009-03-11 13:57:48'),
(54, 'chi', 54, '支付方式', '2009-03-11 13:57:48', '2009-03-11 13:57:48'),
(55, 'chi', 55, '地区设置', '2009-03-11 13:57:48', '2009-03-11 13:57:48'),
(59, 'chi', 59, '邮件模板管理', '2009-03-11 13:57:48', '2009-04-20 03:20:50'),
(62, 'chi', 62, '图片管理', '2009-03-11 13:57:48', '2009-03-11 13:57:48'),
(44, 'chi', 63, '文章分类管理', '2009-03-11 13:57:48', '2009-03-11 13:57:48'),
(256, 'chi', 69, '充值管理', '2009-05-08 13:46:08', '2009-05-08 13:46:08'),
(166, 'chi', 66, '商品批量上传', '2008-01-01 00:00:00', '2009-04-13 12:53:33'),
(170, 'chi', 67, '虚拟卡管理', '2009-04-13 12:37:21', '2009-04-15 02:40:00'),
(175, 'chi', 68, '邮件服务器设置', '2009-04-17 08:09:52', '2009-04-17 08:24:05');

--
-- 导出表中的数据 'svcart_operator_roles'
--


--
-- 导出表中的数据 'svcart_operator_role_i18ns'
--


--
-- 导出表中的数据 'svcart_orders'
--


--
-- 导出表中的数据 'svcart_order_actions'
--


--
-- 导出表中的数据 'svcart_order_cards'
--


--
-- 导出表中的数据 'svcart_order_packagings'
--


--
-- 导出表中的数据 'svcart_order_products'
--


--
-- 导出表中的数据 'svcart_packagings'
--


--
-- 导出表中的数据 'svcart_packaging_i18ns'
--


--
-- 导出表中的数据 'svcart_payments'
--

INSERT INTO svcart_payments (id, store_id, code, fee, orderby, config, status, is_cod, is_online, supply_use_flag, order_use_flag, php_code, version, created, modified) VALUES
(2, 0, 'COD', '40', 0, '', '0', '1', '0', '1', '1', '', '', '2009-02-18 03:30:13', '2009-03-27 07:14:41'),
(3, 0, 'alipay', '0', 0, '$payment_arr = array(''alipay_account''=> array(''name''=> ''支付宝帐户'',''value''=>'''' , ''type'' => ''text''),''alipay_key''=> array(''name''=> ''交易安全校验码'',''value''=>'''' , ''type'' => ''text''),''alipay_partner''=> array(''name''=> ''合作者身份ID'',''value''=>'''' , ''type'' => ''text''));', '0', '0', '1', '1', '1', 'class alipay \r\n{\r\n    function alipay()\r\n    {\r\n    }\r\n\r\n    function __construct()\r\n    {\r\n        $this->alipay();\r\n    }\r\n    function get_code($order, $payment,$db)\r\n    {\r\n	eval($payment[''Payment''][''config'']);\r\n	$host = isset($_SERVER[''HTTP_X_FORWARDED_HOST'']) ? $_SERVER[''HTTP_X_FORWARDED_HOST''] : (isset($_SERVER[''HTTP_HOST'']) ? $_SERVER[''HTTP_HOST''] : '''');\r\n        \r\n	$alipay_account = $payment_arr[''alipay_account''][''value''];\r\n	$alipay_partner = $payment_arr[''alipay_partner''][''value''];\r\n	$alipay_key = $payment_arr[''alipay_key''][''value''];\r\n	$charset = ''utf-8'';\r\n	$service = ''trade_create_by_buyer'';\r\n	$agent = ''C4335319945672464113'';\r\n	$parameter = array(\r\n            ''agent''             => $agent,\r\n            ''service''           => $service,\r\n            ''partner''           => $alipay_partner,\r\n            ''_input_charset''    => $charset,\r\n            ''notify_url''        => "http://".$host."/responds/index/alipay",\r\n            ''return_url''        => "http://".$host."/responds/index/alipay",\r\n            /* 业务参数 */\r\n            ''subject''           => $db->configs[''shop_name'']."-".$order[''log_id''],              //order 型号\r\n            ''out_trade_no''      => $order[''log_id''],\r\n            ''price''             => $order[''total''],\r\n            ''quantity''          => 1,\r\n            ''payment_type''      => 1,\r\n            /* 物流参数 */\r\n            ''logistics_type''    => ''EXPRESS'',\r\n            ''logistics_fee''     => 0,\r\n            ''logistics_payment'' => ''BUYER_PAY_AFTER_RECEIVE'',\r\n            /* 买卖双方信息 */\r\n            ''seller_email''      => $alipay_account\r\n        );\r\n\r\n	\r\n        ksort($parameter);\r\n        reset($parameter);\r\n		$param = '''';\r\n        $sign  = '''';\r\n        foreach ($parameter AS $key => $val)\r\n        {\r\n            $param .= "$key=" .urlencode($val). "&";\r\n            $sign  .= "$key=$val&";\r\n        }\r\n		\r\n        $param = substr($param, 0, -1);\r\n        $sign  = substr($sign, 0, -1).$alipay_key;\r\n        $button = "https://www.alipay.com/cooperate/gateway.do?".$param."&sign=".md5($sign)."&sign_type=MD5";\r\n        return $button;\r\n    }\r\n function respond($db)\r\n    {\r\n        /*\r\n        if (!empty($_POST))\r\n        {\r\n            foreach($_POST as $key => $data)\r\n            {\r\n                $_GET[$key] = $data;\r\n            }\r\n        }\r\n        */\r\n        $payment = $db->Payment->findbycode(''alipay'');\r\n        eval($payment[''Payment''][''config'']);    \r\n		$alipay_account = $payment_arr[''alipay_account''][''value''];\r\n		$alipay_partner = $payment_arr[''alipay_partner''][''value''];\r\n		$alipay_key = $payment_arr[''alipay_key''][''value''];\r\n        $seller_email = rawurldecode($_GET[''seller_email'']);\r\n        $order_id = str_replace($_GET[''subject''], '''', $_GET[''out_trade_no'']);\r\n        $order_id = trim($order_id);\r\n        //取到的是支付的记录id\r\n        /* 检查支付的金额是否相符 */\r\n        $payment_log = $db->PaymentApiLog->findbyid($order_id);\r\n		\r\n		//检查是否已成功支付\r\n		if($payment_log[''PaymentApiLog''][''is_paid''] == "1"){\r\n 			return false;\r\n 		}\r\n		\r\n		if($payment_log[''PaymentApiLog''][''type''] > 0){\r\n			$account = $db->UserAccount->findbyid($payment_log[''PaymentApiLog''][''type_id'']);\r\n	        if ($_GET[''total_fee''] != $account[''UserAccount''][''amount''])\r\n	        {\r\n	            return false;\r\n	        }\r\n        }else{\r\n        $order_total = $db->Order->findbyid($payment_log[''PaymentApiLog''][''type_id'']);\r\n	        if ($_GET[''total_fee''] != $order_total[''Order''][''total''])\r\n	        {\r\n	            return false;\r\n	        }\r\n        }\r\n\r\n		$charset = ''utf-8'';\r\n		$service = ''trade_create_by_buyer'';\r\n		$agent = ''C4335319945672464113'';\r\n		$host = isset($_SERVER[''HTTP_X_FORWARDED_HOST'']) ? $_SERVER[''HTTP_X_FORWARDED_HOST''] : (isset($_SERVER[''HTTP_HOST'']) ? $_SERVER[''HTTP_HOST''] : '''');\r\n        \r\n        ksort($_GET);\r\n        reset($_GET);\r\n        $arg = "";\r\n		while (list ($key, $val) = each ($_GET)) {\r\n			if($key != "sign" && $key != "sign_type" && $key != ''code'' && $key != ''url'')\r\n			$arg.=$key."=".$val."&";\r\n		}\r\n		$prestr = substr($arg,0,count($arg)-2);  //去掉最后一个&号\r\n		 $sign = $prestr.$alipay_key;\r\n\r\n      if (md5($sign) != $_GET[''sign''])\r\n        {\r\n            return false;\r\n        }\r\n		if($payment_log[''PaymentApiLog''][''type''] > 0){\r\n			/* 充值成功*/\r\n			   $payment_log[''PaymentApiLog''][''is_paid''] = ''1'';\r\n			   $db->PaymentApiLog->save($payment_log);\r\n			   $balance_log = array(\r\n			   						"id"=>'''',\r\n			   						"user_id"=>$account[''UserAccount''][''user_id''],\r\n			   						"amount"=>$account[''UserAccount''][''amount''],\r\n			   						"log_type" => "B",\r\n			   						"type_id"=>$payment_log[''PaymentApiLog''][''type_id'']\r\n			   						);\r\n			   $db->UserBalanceLog->save($balance_log);\r\n				\r\n			   $user_info = $db->User->findbyid($account[''UserAccount''][''user_id'']);\r\n			   $user_info[''User''][''balance''] += $account[''UserAccount''][''amount''];\r\n			   $db->User->save($user_info);\r\n			   $account[''UserAccount''][''paid_time''] = date("Y-m-d H:i:s");\r\n			   $db->UserAccount->save($account);\r\n			   return true;\r\n		\r\n		}else if ($_GET[''trade_status''] == ''WAIT_SELLER_SEND_GOODS'')\r\n        {\r\n            /* 改变订单状态 */\r\n			$payment_log[''PaymentApiLog''][''is_paid''] = ''1'';\r\n			$order_total[''Order''][''payment_status''] = ''2'';\r\n			$order_total[''Order''][''money_paid''] = $_GET[''total_fee''];\r\n			$db->PaymentApiLog->save($payment_log);\r\n			$db->Order->save($order_total);\r\n			// 超过订单金额赠送积分\r\n			if($db->configs[''order_smallest''] <= $order_total[''Order''][''subtotal'']){\r\n				$user_info = $db->User->findbyid($order_total[''Order''][''user_id'']);\r\n				$user_info[''User''][''point''] += $db->configs[''out_order_points''];\r\n				$db->User->save($user_info);\r\n				$point_log = array("id"=>"",\r\n									"user_id" => $order_total[''Order''][''user_id''],\r\n									"point" => $db->configs[''out_order_points''],\r\n									"log_type" => "B",\r\n									"type_id" => $order_total[''Order''][''id'']\r\n									);\r\n				$db->UserPointLog->save($point_log);\r\n			}\r\n						//下单是否送积分\r\n			if($db->configs[''order_gift_points''] == 1){\r\n				$user_info = $db->User->findbyid($order_total[''Order''][''user_id'']);\r\n				$user_info[''User''][''point''] += $db->configs[''order_points''];\r\n				$db->User->save($user_info);\r\n				$point_log = array("id"=>"",\r\n									"user_id" => $order_total[''Order''][''user_id''],\r\n									"point" => $db->configs[''order_points''],\r\n									"log_type" => "B",\r\n									"type_id" => $order_total[''Order''][''id'']\r\n									);\r\n				$db->UserPointLog->save($point_log);\r\n			} \r\n			// 商品送积分\r\n\r\n			$product_ids = $db->OrderProduct->findbyorder_id($order_total[''Order''][''id'']);\r\n            $product_point = 0;\r\n            foreach($product_ids as $k=>$v){\r\n            	$product = $db->Product->findbyid($v[''OrderProduct''][''product_id'']);\r\n            	$product_point += $product[''Product''][''point'']*$v[''OrderProduct''][''product_quntity''];\r\n            }\r\n            if($product_point>0){\r\n				$user_info = $db->User->findbyid($order_total[''Order''][''user_id'']);\r\n				$user_info[''User''][''point''] += $product_point;\r\n				$db->User->save($user_info);\r\n				$point_log = array("id"=>"",\r\n									"user_id" => $order_total[''Order''][''user_id''],\r\n									"point" => $product_point,\r\n									"log_type" => "B",\r\n									"type_id" => $order_total[''Order''][''id'']\r\n									);\r\n				$db->UserPointLog->save($point_log);\r\n            }			           \r\n			 return true;\r\n        }else if ($_GET[''trade_status''] == ''TRADE_FINISHED'')\r\n        {\r\n            /* 改变订单状态 */\r\n			$payment_log[''PaymentApiLog''][''is_paid''] = ''1'';\r\n			$order_total[''Order''][''payment_status''] = ''2'';\r\n			$order_total[''Order''][''money_paid''] = $_GET[''total_fee''];\r\n			$db->PaymentApiLog->save($payment_log);\r\n			$db->Order->save($order_total);       \r\n			\r\n			// 超过订单金额赠送积分\r\n			if($db->configs[''order_smallest''] <= $order_total[''Order''][''subtotal'']){\r\n				$user_info = $db->User->findbyid($order_total[''Order''][''user_id'']);\r\n				$user_info[''User''][''point''] += $db->configs[''out_order_points''];\r\n				$db->User->save($user_info);\r\n				$point_log = array("id"=>"",\r\n									"user_id" => $order_total[''Order''][''user_id''],\r\n									"point" => $db->configs[''out_order_points''],\r\n									"log_type" => "B",\r\n									"type_id" => $order_total[''Order''][''id'']\r\n									);\r\n				$db->UserPointLog->save($point_log);\r\n			}\r\n						//下单是否送积分\r\n			if($db->configs[''order_gift_points''] == 1){\r\n				$user_info = $db->User->findbyid($order_total[''Order''][''user_id'']);\r\n				$user_info[''User''][''point''] += $db->configs[''order_points''];\r\n				$db->User->save($user_info);\r\n				$point_log = array("id"=>"",\r\n									"user_id" => $order_total[''Order''][''user_id''],\r\n									"point" => $db->configs[''order_points''],\r\n									"log_type" => "B",\r\n									"type_id" => $order_total[''Order''][''id'']\r\n									);\r\n				$db->UserPointLog->save($point_log);\r\n			}\r\n			// 商品送积分\r\n			//$order_total[''Order''][''id'']\r\n			$product_ids = $db->OrderProduct->findbyorder_id($order_total[''Order''][''id'']);\r\n            $product_point = 0;\r\n            foreach($product_ids as $k=>$v){\r\n            	$product = $db->Product->findbyid($v[''OrderProduct''][''product_id'']);\r\n            	$product_point += $product[''Product''][''point'']*$v[''OrderProduct''][''product_quntity''];\r\n            }\r\n            if($product_point>0){\r\n				$user_info = $db->User->findbyid($order_total[''Order''][''user_id'']);\r\n				$user_info[''User''][''point''] += $product_point;\r\n				$db->User->save($user_info);\r\n				$point_log = array("id"=>"",\r\n									"user_id" => $order_total[''Order''][''user_id''],\r\n									"point" => $product_point,\r\n									"log_type" => "B",\r\n									"type_id" => $order_total[''Order''][''id'']\r\n									);\r\n				$db->UserPointLog->save($point_log);\r\n            }\r\n            return true;\r\n        }\r\n        else\r\n        {   \r\n            return false;\r\n        }\r\n    }\r\n}', '', '2008-01-01 00:00:00', '2009-04-21 09:45:22'),
(4, 0, 'bank', '0', 0, '', '0', '0', '0', '1', '1', 'class bank\r\n{\r\n\r\n    function bank()\r\n    {\r\n    }\r\n\r\n    function __construct()\r\n    {\r\n        $this->bank();\r\n    }\r\n\r\n    function get_code()\r\n    {\r\n        return '''';\r\n    }\r\n\r\n    function response()\r\n    {\r\n        return;\r\n    }\r\n}', '', '2008-01-01 00:00:00', '2009-03-27 07:12:43'),
(5, 0, 'post', '0', 0, '', '0', '0', '0', '1', '1', 'class post\r\n{\r\n    /**\r\n     * 构造函数\r\n     *\r\n     * @access  public\r\n     * @param\r\n     *\r\n     * @return void\r\n     */\r\n    function post()\r\n    {\r\n    }\r\n\r\n    function __construct()\r\n    {\r\n        $this->post();\r\n    }\r\n\r\n    /**\r\n     * 提交函数\r\n     */\r\n    function get_code()\r\n    {\r\n        return '''';\r\n    }\r\n\r\n    /**\r\n     * 处理函数\r\n     */\r\n    function response()\r\n    {\r\n        return;\r\n    }\r\n}', '', '2008-01-01 00:00:00', '2009-03-27 07:10:37'),
(7, 0, 'paypalcn', '0', 0, '$payment_arr = array(''data_pay_account''=> array(''name''=> ''贝宝帐户'',''value''=>'''',''type''=>''text''));', '0', '0', '1', '1', '1', 'class paypal\r\n{\r\n    function paypal()\r\n    {\r\n    }\r\n    function __construct()\r\n    {\r\n        $this->paypal();\r\n    }\r\n    function get_code($order, $payment,$db)\r\n    {\r\n\r\n	eval($payment[''Payment''][''config'']);\r\n	$host = isset($_SERVER[''HTTP_X_FORWARDED_HOST'']) ? $_SERVER[''HTTP_X_FORWARDED_HOST''] : (isset($_SERVER[''HTTP_HOST'']) ? $_SERVER[''HTTP_HOST''] : '''');\r\n	$data_pay_account = $payment_arr[''data_pay_account''][''value''];\r\n\r\n		$currency_code      = "CNY"; // 货币\r\n        $data_order_id      = $order[''log_id''];\r\n		$no_note 	   		= $db->configs[''shop_name'']."-".$order[''log_id''];\r\n        $data_amount        = $order[''total''];\r\n        $data_return_url    = "http://".$host."/responds/index/paypal";\r\n        $data_notify_url    = "http://".$host."/responds/index/paypal";\r\n        $cancel_return      = "http://".$host."/";\r\n\r\n        $def_url  = ''<br /><form style="text-align:center;" action="https://www.paypal.com/cgi-bin/webscr" method="post" target="_blank">'' .   // 不能省略\r\n            "<p class=''back_home''>".\r\n	    "<input type=''hidden'' name=''cmd'' value=''_xclick''>" .                             // 不能省略\r\n            "<input type=''hidden'' name=''business'' value=''$data_pay_account''>" .                 // 贝宝帐号\r\n            "<input type=''hidden'' name=''item_name'' value=''$no_note''>" .                 // payment for\r\n            "<input type=''hidden'' name=''amount'' value=''$data_amount''>" .                        // 订单金额\r\n            "<input type=''hidden'' name=''currency_code'' value=''$currency_code''>" .            // 货币\r\n            "<input type=''hidden'' name=''return'' value=''$data_return_url''>" .                    // 付款后页面\r\n            "<input type=''hidden'' name=''invoice'' value=''$data_order_id''>" .                      // 订单号\r\n            "<input type=''hidden'' name=''charset'' value=''utf-8''>" .                              // 字符集\r\n            "<input type=''hidden'' name=''no_shipping'' value=''1''>" .                              // 不要求客户提供收货地址\r\n            "<input type=''hidden'' name=''no_note'' value=''$no_note''>" .                                  // 付款说明\r\n            "<input type=''hidden'' name=''notify_url'' value=''$data_notify_url''>" .\r\n            "<input type=''hidden'' name=''rm'' value=''2''>" .\r\n            "<input type=''hidden'' name=''cancel_return'' value=''$cancel_return''>" .\r\n            "<input type=''submit'' value=''使用 paypal 支付''>" .                      // 按钮\r\n            "</p>".\r\n		"</form><br />";\r\n\r\n        return $def_url;\r\n    }\r\n    function respond($db)\r\n    {\r\n       // $payment        = get_payment(''paypal'');\r\n        //$merchant_id    = $payment[''paypal_account''];               ///获取商户编号\r\n        $payment = $db->Payment->findbycode(''paypalcn'');\r\n		eval($payment[''Payment''][''config'']);\r\n		$merchant_id   = $payment_arr[''data_pay_account''][''value''];\r\n        // read the post from PayPal system and add ''cmd''\r\n        $req = ''cmd=_notify-validate'';\r\n        foreach ($_POST as $key => $value)\r\n        {\r\n            $value = urlencode(stripslashes($value));\r\n            $req .= "&$key=$value";\r\n        }\r\n\r\n        // post back to PayPal system to validate\r\n        $header = "POST /cgi-bin/webscr HTTP/1.0\\r\\n";\r\n        $header .= "Content-Type: application/x-www-form-urlencoded\\r\\n";\r\n        $header .= "Content-Length: " . strlen($req) ."\\r\\n\\r\\n";\r\n        $fp = fsockopen (''www.paypal.com'', 80, $errno, $errstr, 30);\r\n\r\n        // assign posted variables to local variables\r\n        $item_name = $_POST[''item_name''];\r\n        $item_number = $_POST[''item_number''];\r\n        $payment_status = $_POST[''payment_status''];\r\n        $payment_amount = $_POST[''mc_gross''];\r\n        $payment_currency = $_POST[''mc_currency''];\r\n        $txn_id = $_POST[''txn_id''];\r\n        $receiver_email = $_POST[''receiver_email''];\r\n        $payer_email = $_POST[''payer_email''];\r\n        $order_sn = $_POST[''invoice''];\r\n        $memo = !empty($_POST[''memo'']) ? $_POST[''memo''] : '''';\r\n        $action_note = $txn_id . ''（paypal 交易号）'' . $memo;\r\n\r\n        if (!$fp)\r\n        {\r\n            fclose($fp);\r\n\r\n            return false;\r\n        }\r\n        else\r\n        {\r\n            fputs($fp, $header . $req);\r\n            while (!feof($fp))\r\n            {\r\n                $res = fgets($fp, 1024);\r\n                if (strcmp($res, ''VERIFIED'') == 0)\r\n                {\r\n                    // check the payment_status is Completed\r\n                    if ($payment_status != ''Completed'' && $payment_status != ''Pending'')\r\n                    {\r\n                        fclose($fp);\r\n\r\n                        return false;\r\n                    }\r\n                    // check that receiver_email is your Primary PayPal email\r\n                    if ($receiver_email != $merchant_id)\r\n                    {\r\n                        fclose($fp);\r\n\r\n                        return false;\r\n                    }\r\n                    \r\n        			$payment_log = $db->PaymentApiLog->findbyid($log_id);\r\n        			\r\n					//检查是否已成功支付\r\n					if($payment_log[''PaymentApiLog''][''is_paid''] == "1"){\r\n			                fclose($fp);\r\n			 			return false;\r\n			 		}                    \r\n			 		// check that payment_amount/payment_currency are correct\r\n					if($payment_log[''PaymentApiLog''][''type''] > 0){\r\n					$account = $db->UserAccount->findbyid($payment_log[''PaymentApiLog''][''type_id'']);\r\n				        if ($payment_amount != $account[''UserAccount''][''amount''])\r\n				        {\r\n			                fclose($fp);\r\n				            return false;\r\n				        }\r\n			        }else{\r\n			        $order_total = $db->Order->findbyid($payment_log[''PaymentApiLog''][''type_id'']);\r\n	        	        if ($order_total[''Order''][''total''] != $payment_amount)\r\n	                    {\r\n	                        fclose($fp);\r\n\r\n	                        return false;\r\n	                    }\r\n        			}\r\n\r\n                    if ("CNY" != $payment_currency)\r\n                    {\r\n                        fclose($fp);\r\n\r\n                        return false;\r\n                    }\r\n                    \r\n	  \r\n				    if($payment_log[''PaymentApiLog''][''type''] < 1)\r\n				    {                    // process payment\r\n			            /* 改变订单状态 */\r\n						$payment_log[''PaymentApiLog''][''is_paid''] = ''1'';\r\n						$order_total[''Order''][''payment_status''] = ''2'';\r\n						$db->PaymentApiLog->save($payment_log);\r\n						$db->Order->save($order_total);\r\n						// 超过订单金额赠送积分\r\n						if($db->configs[''order_smallest''] <= $order_total[''Order''][''subtotal'']){\r\n							$user_info = $db->User->findbyid($order_total[''Order''][''user_id'']);\r\n							$user_info[''User''][''point''] += $db->configs[''out_order_points''];\r\n							$db->User->save($user_info);\r\n							$point_log = array("id"=>"",\r\n												"user_id" => $order_total[''Order''][''user_id''],\r\n												"point" => $db->configs[''out_order_points''],\r\n												"log_type" => "B",\r\n												"type_id" => $order_total[''Order''][''id'']\r\n												);\r\n							$db->UserPointLog->save($point_log);\r\n						}\r\n									//下单是否送积分\r\n						if($db->configs[''order_gift_points''] == 1){\r\n							$user_info = $db->User->findbyid($order_total[''Order''][''user_id'']);\r\n							$user_info[''User''][''point''] += $db->configs[''order_points''];\r\n							$db->User->save($user_info);\r\n							$point_log = array("id"=>"",\r\n												"user_id" => $order_total[''Order''][''user_id''],\r\n												"point" => $db->configs[''order_points''],\r\n												"log_type" => "B",\r\n												"type_id" => $order_total[''Order''][''id'']\r\n												);\r\n							$db->UserPointLog->save($point_log);\r\n						}       \r\n						\r\n					// 商品送积分\r\n					//$order_total[''Order''][''id'']\r\n					$product_ids = $db->OrderProduct->findbyorder_id($order_total[''Order''][''id'']);\r\n		            $product_point = 0;\r\n		            foreach($product_ids as $k=>$v){\r\n		            	$product = $db->Product->findbyid($v[''OrderProduct''][''product_id'']);\r\n		            	$product_point += $product[''Product''][''point'']*$v[''OrderProduct''][''product_quntity''];\r\n		            }\r\n		            if($product_point>0){\r\n						$user_info = $db->User->findbyid($order_total[''Order''][''user_id'']);\r\n						$user_info[''User''][''point''] += $product_point;\r\n						$db->User->save($user_info);\r\n						$point_log = array("id"=>"",\r\n											"user_id" => $order_total[''Order''][''user_id''],\r\n											"point" => $product_point,\r\n											"log_type" => "B",\r\n											"type_id" => $order_total[''Order''][''id'']\r\n											);\r\n						$db->UserPointLog->save($point_log);\r\n		            }						     						\r\n	                    fclose($fp);\r\n	                    return true;\r\n                    }else{\r\n						/* 充值成功*/\r\n					   $payment_log[''PaymentApiLog''][''is_paid''] = ''1'';\r\n					   $db->PaymentApiLog->save($payment_log);\r\n					   $balance_log = array(\r\n					   						"id"=>'''',\r\n					   						"user_id"=>$account[''UserAccount''][''user_id''],\r\n					   						"amount"=>$account[''UserAccount''][''amount''],\r\n					   						"log_type" => "B",\r\n					   						"type_id"=>$payment_log[''PaymentApiLog''][''type_id'']\r\n					   						);\r\n					   $db->UserBalanceLog->save($balance_log);\r\n						\r\n					   $user_info = $db->User->findbyid($account[''UserAccount''][''user_id'']);\r\n					   $user_info[''User''][''balance''] += $account[''UserAccount''][''amount''];\r\n					   $db->User->save($user_info);\r\n					   $account[''UserAccount''][''paid_time''] = date("Y-m-d H:i:s");\r\n					   $db->UserAccount->save($account);\r\n						fclose($fp);\r\n				      	return true;\r\n                    }\r\n                }\r\n                elseif (strcmp($res, ''INVALID'') == 0)\r\n                {\r\n                    // log for manual investigation\r\n                    fclose($fp);\r\n\r\n                    return false;\r\n                }\r\n            }\r\n        }\r\n    }\r\n}', '', '2008-01-01 00:00:00', '2009-04-08 12:04:31'),
(8, 0, 'paypal', '0', 0, '$payment_arr = array(''data_pay_account''=> array(''name''=> ''贝宝帐户'',''value''=>'''' , ''type'' => ''text''),''currency_code''=> array(''name''=> ''货币'',''value''=>''JPY'' , ''type'' => ''select'', ''select_value'' => array( ''澳元'' => ''AUD'',''加元'' => ''CAD'',''欧元'' => ''EUR'',''英镑'' => ''GBP'',''日元'' => ''JPY'',''美元'' => ''USD'',''港元'' => ''HKD'')));', '0', '0', '1', '1', '1', 'class paypal\r\n{\r\n    function paypal()\r\n    {\r\n    }\r\n    function __construct()\r\n    {\r\n        $this->paypal();\r\n    }\r\n    function get_code($order, $payment,$db)\r\n    {\r\n\r\n	$host = isset($_SERVER[''HTTP_X_FORWARDED_HOST'']) ? $_SERVER[''HTTP_X_FORWARDED_HOST''] : (isset($_SERVER[''HTTP_HOST'']) ? $_SERVER[''HTTP_HOST''] : '''');\r\n		eval($payment[''Payment''][''config'']);\r\n		$data_pay_account   = $payment_arr[''data_pay_account''][''value''];\r\n		$currency_code      = $payment_arr[''currency_code''][''value''];\r\n        $data_order_id      = $order[''log_id''];\r\n		$no_note 	   		= $db->configs[''shop_name'']."-".$order[''log_id''];\r\n        $data_amount        = $order[''total''];\r\n        $data_return_url    = "http://".$host."/responds/index/paypal";\r\n        $data_notify_url    = "http://".$host."/responds/index/paypal";\r\n        $cancel_return      = "http://".$host."/";\r\n\r\n        $def_url  = ''<br /><form style="text-align:center;" action="https://www.paypal.com/cgi-bin/webscr" method="post" target="_blank">'' .   // 不能省略\r\n            "<p class=''back_home''>".\r\n	    "<input type=''hidden'' name=''cmd'' value=''_xclick''>" .                             // 不能省略\r\n            "<input type=''hidden'' name=''business'' value=''$data_pay_account''>" .                 // 贝宝帐号\r\n            "<input type=''hidden'' name=''item_name'' value=''$no_note''>" .                 // payment for\r\n            "<input type=''hidden'' name=''amount'' value=''$data_amount''>" .                        // 订单金额\r\n            "<input type=''hidden'' name=''currency_code'' value=''$currency_code''>" .            // 货币\r\n            "<input type=''hidden'' name=''return'' value=''$data_return_url''>" .                    // 付款后页面\r\n            "<input type=''hidden'' name=''invoice'' value=''$data_order_id''>" .                      // 订单号\r\n            "<input type=''hidden'' name=''charset'' value=''utf-8''>" .                              // 字符集\r\n            "<input type=''hidden'' name=''no_shipping'' value=''1''>" .                              // 不要求客户提供收货地址\r\n            "<input type=''hidden'' name=''no_note'' value=''$no_note''>" .                                  // 付款说明\r\n            "<input type=''hidden'' name=''notify_url'' value=''$data_notify_url''>" .\r\n            "<input type=''hidden'' name=''rm'' value=''2''>" .\r\n            "<input type=''hidden'' name=''cancel_return'' value=''$cancel_return''>" .\r\n            "<input type=''submit'' value=''使用 paypal 支付''>" .                      // 按钮\r\n            "</p>".\r\n		"</form><br />";\r\n\r\n        return $def_url;\r\n    }\r\n    function respond($db)\r\n    {\r\n        \r\n        \r\n        //$payment        = get_payment(''paypal'');\r\n        //$merchant_id    = $payment[''paypal_account''];               ///获取商户编号\r\n        $payment = $db->Payment->findbycode(''paypal'');\r\n		eval($payment[''Payment''][''config'']);\r\n		$merchant_id   = $payment_arr[''data_pay_account''][''value''];\r\n		$currency_code      = $payment_arr[''currency_code''][''value''];        \r\n		// read the post from PayPal system and add ''cmd''\r\n        $req = ''cmd=_notify-validate'';\r\n        foreach ($_POST as $key => $value)\r\n        {\r\n            $value = urlencode(stripslashes($value));\r\n            $req .= "&$key=$value";\r\n        }\r\n\r\n        // post back to PayPal system to validate\r\n        $header = "POST /cgi-bin/webscr HTTP/1.0\\r\\n";\r\n        $header .= "Content-Type: application/x-www-form-urlencoded\\r\\n";\r\n        $header .= "Content-Length: " . strlen($req) ."\\r\\n\\r\\n";\r\n        $fp = fsockopen (''www.paypal.com'', 80, $errno, $errstr, 30);\r\n\r\n        // assign posted variables to local variables\r\n        $item_name = $_POST[''item_name''];\r\n        $item_number = $_POST[''item_number''];\r\n        $payment_status = $_POST[''payment_status''];\r\n        $payment_amount = $_POST[''mc_gross''];\r\n        $payment_currency = $_POST[''mc_currency''];\r\n        $txn_id = $_POST[''txn_id''];\r\n        $receiver_email = $_POST[''receiver_email''];\r\n        $payer_email = $_POST[''payer_email''];\r\n        $order_sn = $_POST[''invoice''];\r\n        $memo = !empty($_POST[''memo'']) ? $_POST[''memo''] : '''';\r\n        $action_note = $txn_id . ''（paypal 交易号）'' . $memo;\r\n\r\n        if (!$fp)\r\n        {\r\n            fclose($fp);\r\n\r\n            return false;\r\n        }\r\n        else\r\n        {\r\n            fputs($fp, $header . $req);\r\n            while (!feof($fp))\r\n            {\r\n                $res = fgets($fp, 1024);\r\n                if (strcmp($res, ''VERIFIED'') == 0)\r\n                {\r\n                    // check the payment_status is Completed\r\n                    if ($payment_status != ''Completed'' && $payment_status != ''Pending'')\r\n                    {\r\n                        fclose($fp);\r\n\r\n                        return false;\r\n                    }\r\n                    // check that receiver_email is your Primary PayPal email\r\n                    if ($receiver_email != $merchant_id)\r\n                    {\r\n                        fclose($fp);\r\n\r\n                        return false;\r\n                    }\r\n                    \r\n        			$payment_log = $db->PaymentApiLog->findbyid($log_id);\r\n        					//检查是否已成功支付\r\n					if($payment_log[''PaymentApiLog''][''is_paid''] == "1"){\r\n			                fclose($fp);\r\n			 			return false;\r\n			 		}\r\n                    // check that payment_amount/payment_currency are correct\r\n					if($payment_log[''PaymentApiLog''][''type''] > 0){\r\n					$account = $db->UserAccount->findbyid($payment_log[''PaymentApiLog''][''type_id'']);\r\n				        if ($payment_amount != $account[''UserAccount''][''amount''])\r\n				        {\r\n			                fclose($fp);\r\n				            return false;\r\n				        }\r\n			        }else{\r\n			        $order_total = $db->Order->findbyid($payment_log[''PaymentApiLog''][''type_id'']);\r\n	        	        if ($order_total[''Order''][''total''] != $payment_amount)\r\n	                    {\r\n	                        fclose($fp);\r\n\r\n	                        return false;\r\n	                    }\r\n        			}\r\n\r\n                    if ($currency_code != $payment_currency)\r\n                    {\r\n                        fclose($fp);\r\n\r\n                        return false;\r\n                    }\r\n                    \r\n	  \r\n				    if($payment_log[''PaymentApiLog''][''type''] < 1)\r\n				    {                    // process payment\r\n			            /* 改变订单状态 */\r\n						$payment_log[''PaymentApiLog''][''is_paid''] = ''1'';\r\n						$order_total[''Order''][''payment_status''] = ''2'';\r\n						$db->PaymentApiLog->save($payment_log);\r\n						$db->Order->save($order_total);\r\n						// 超过订单金额赠送积分\r\n						if($db->configs[''order_smallest''] <= $order_total[''Order''][''subtotal'']){\r\n							$user_info = $db->User->findbyid($order_total[''Order''][''user_id'']);\r\n							$user_info[''User''][''point''] += $db->configs[''out_order_points''];\r\n							$db->User->save($user_info);\r\n							$point_log = array("id"=>"",\r\n												"user_id" => $order_total[''Order''][''user_id''],\r\n												"point" => $db->configs[''out_order_points''],\r\n												"log_type" => "B",\r\n												"type_id" => $order_total[''Order''][''id'']\r\n												);\r\n							$db->UserPointLog->save($point_log);\r\n						}\r\n									//下单是否送积分\r\n						if($db->configs[''order_gift_points''] == 1){\r\n							$user_info = $db->User->findbyid($order_total[''Order''][''user_id'']);\r\n							$user_info[''User''][''point''] += $db->configs[''order_points''];\r\n							$db->User->save($user_info);\r\n							$point_log = array("id"=>"",\r\n												"user_id" => $order_total[''Order''][''user_id''],\r\n												"point" => $db->configs[''order_points''],\r\n												"log_type" => "B",\r\n												"type_id" => $order_total[''Order''][''id'']\r\n												);\r\n							$db->UserPointLog->save($point_log);\r\n						}      \r\n						\r\n					// 商品送积分\r\n					//$order_total[''Order''][''id'']\r\n					$product_ids = $db->OrderProduct->findbyorder_id($order_total[''Order''][''id'']);\r\n		            $product_point = 0;\r\n		            foreach($product_ids as $k=>$v){\r\n		            	$product = $db->Product->findbyid($v[''OrderProduct''][''product_id'']);\r\n		            	$product_point += $product[''Product''][''point'']*$v[''OrderProduct''][''product_quntity''];\r\n		            }\r\n		            if($product_point>0){\r\n						$user_info = $db->User->findbyid($order_total[''Order''][''user_id'']);\r\n						$user_info[''User''][''point''] += $product_point;\r\n						$db->User->save($user_info);\r\n						$point_log = array("id"=>"",\r\n											"user_id" => $order_total[''Order''][''user_id''],\r\n											"point" => $product_point,\r\n											"log_type" => "B",\r\n											"type_id" => $order_total[''Order''][''id'']\r\n											);\r\n						$db->UserPointLog->save($point_log);\r\n		            }						      						\r\n	                    fclose($fp);\r\n	                    return true;\r\n                    }else{\r\n						/* 充值成功*/\r\n					   $payment_log[''PaymentApiLog''][''is_paid''] = ''1'';\r\n					   $db->PaymentApiLog->save($payment_log);\r\n					   $balance_log = array(\r\n					   						"id"=>'''',\r\n					   						"user_id"=>$account[''UserAccount''][''user_id''],\r\n					   						"amount"=>$account[''UserAccount''][''amount''],\r\n					   						"log_type" => "B",\r\n					   						"type_id"=>$payment_log[''PaymentApiLog''][''type_id'']\r\n					   						);\r\n					   $db->UserBalanceLog->save($balance_log);\r\n						\r\n					   $user_info = $db->User->findbyid($account[''UserAccount''][''user_id'']);\r\n					   $user_info[''User''][''balance''] += $account[''UserAccount''][''amount''];\r\n					   $db->User->save($user_info);\r\n					   $account[''UserAccount''][''paid_time''] = date("Y-m-d H:i:s");\r\n					   $db->UserAccount->save($account);\r\n						fclose($fp);\r\n				      	return true;\r\n                    }\r\n                }\r\n                elseif (strcmp($res, ''INVALID'') == 0)\r\n                {\r\n                    // log for manual investigation\r\n                    fclose($fp);\r\n\r\n                    return false;\r\n                }\r\n            }\r\n        }\r\n    }\r\n}', '', '2008-01-01 00:00:00', '2009-04-09 18:24:08'),
(9, 0, 'account_pay', '10', 0, '', '0', '0', '1', '1', '1', '', '', '2008-01-01 00:00:00', '2009-04-21 03:39:01');

--
-- 导出表中的数据 'svcart_payment_api_logs'
--


--
-- 导出表中的数据 'svcart_payment_i18ns'
--

INSERT INTO svcart_payment_i18ns (id, locale, payment_id, name, values, description, status, created, modified) VALUES
(49, 'chi', 2, '货到付款', '', '全国300城市支持货到付款', '1', '2009-02-18 03:30:13', '2009-03-27 07:14:41'),
(55, 'chi', 3, '支付宝', '', '支付宝', '1', '2008-01-01 00:00:00', '2009-04-21 09:45:22'),
(52, 'chi', 4, '银行汇款/转帐', '', '银行名称 收款人信息：全称 ××× ；帐号或地址 ××× ；开户行 ×××。 注意事项：办理电汇时，请在电汇单“汇款用途”一栏处注明您的订单号。', '1', '2008-01-01 00:00:00', '2009-03-27 07:12:43'),
(53, 'chi', 5, '邮局汇款', '', '收款人信息：姓名 ××× ；地址 ××× ；邮编 ××× 。 注意事项： 请在汇款单背面的附言中注明您的订单号，只填写后6位即可。', '1', '2008-01-01 00:00:00', '2009-03-27 07:10:37'),
(57, 'chi', 7, '贝宝', '', 'PayPal 是在线付款解决方案的全球领导者，在全世界有超过七千一百六十万个帐户用户。 PayPal 可在 56 个市场以 7 种货币（加元、欧元、英镑、美元、日元、澳元、港元）使用。 （网址：http://www.paypal.com）', '1', '2008-01-01 00:00:00', '2009-04-08 12:04:31'),
(74, 'chi', 8, 'paypal', '', ' 	PayPal 是在线付款解决方案的全球领导者，在全世界有超过七千一百六十万个帐户用户。 PayPal...', '1', '2008-01-01 00:00:00', '2009-04-09 18:24:08'),
(78, 'chi', 9, '余额支付', '', '余额支付-安全便利  -______,-', '1', '2008-01-01 00:00:00', '2009-04-21 03:39:01');

--
-- 导出表中的数据 'svcart_products'
--


--
-- 导出表中的数据 'svcart_products_categories'
--


--
-- 导出表中的数据 'svcart_product_articles'
--


--
-- 导出表中的数据 'svcart_product_attributes'
--


--
-- 导出表中的数据 'svcart_product_galleries'
--


--
-- 导出表中的数据 'svcart_product_gallery_i18ns'
--


--
-- 导出表中的数据 'svcart_product_i18ns'
--


--
-- 导出表中的数据 'svcart_product_ranks'
--


--
-- 导出表中的数据 'svcart_product_relations'
--


--
-- 导出表中的数据 'svcart_product_types'
--


--
-- 导出表中的数据 'svcart_product_type_attributes'
--


--
-- 导出表中的数据 'svcart_product_type_attribute_i18ns'
--


--
-- 导出表中的数据 'svcart_product_type_i18ns'
--


--
-- 导出表中的数据 'svcart_promotions'
--


--
-- 导出表中的数据 'svcart_promotion_i18ns'
--


--
-- 导出表中的数据 'svcart_promotion_products'
--


--
-- 导出表中的数据 'svcart_providers'
--


--
-- 导出表中的数据 'svcart_provider_products'
--


--
-- 导出表中的数据 'svcart_regions'
--

INSERT INTO svcart_regions (id, parent_id, level, agency_id, param01, param02, param03, orderby, created, modified) VALUES
(209, 18, '2', 0, '', '', '', 0, '2008-01-01 00:00:00', '2008-01-01 00:00:00'),
(208, 18, '2', 0, '', '', '', 0, '2008-01-01 00:00:00', '2008-01-01 00:00:00'),
(207, 18, '2', 0, '', '', '', 0, '2008-01-01 00:00:00', '2008-01-01 00:00:00'),
(206, 18, '2', 0, '', '', '', 0, '2008-01-01 00:00:00', '2008-01-01 00:00:00'),
(205, 17, '2', 0, '', '', '', 0, '2008-01-01 00:00:00', '2008-01-01 00:00:00'),
(204, 17, '2', 0, '', '', '', 0, '2008-01-01 00:00:00', '2008-01-01 00:00:00'),
(203, 17, '2', 0, '', '', '', 0, '2008-01-01 00:00:00', '2008-01-01 00:00:00'),
(202, 17, '2', 0, '', '', '', 0, '2008-01-01 00:00:00', '2008-01-01 00:00:00'),
(201, 17, '2', 0, '', '', '', 0, '2008-01-01 00:00:00', '2008-01-01 00:00:00'),
(200, 17, '2', 0, '', '', '', 0, '2008-01-01 00:00:00', '2008-01-01 00:00:00'),
(199, 17, '2', 0, '', '', '', 0, '2008-01-01 00:00:00', '2008-01-01 00:00:00'),
(198, 17, '2', 0, '', '', '', 0, '2008-01-01 00:00:00', '2008-01-01 00:00:00'),
(197, 17, '2', 0, '', '', '', 0, '2008-01-01 00:00:00', '2008-01-01 00:00:00'),
(196, 17, '2', 0, '', '', '', 0, '2008-01-01 00:00:00', '2008-01-01 00:00:00'),
(195, 17, '2', 0, '', '', '', 0, '2008-01-01 00:00:00', '2008-01-01 00:00:00'),
(194, 17, '2', 0, '', '', '', 0, '2008-01-01 00:00:00', '2008-01-01 00:00:00'),
(193, 17, '2', 0, '', '', '', 0, '2008-01-01 00:00:00', '2008-01-01 00:00:00'),
(192, 17, '2', 0, '', '', '', 0, '2008-01-01 00:00:00', '2008-01-01 00:00:00'),
(191, 17, '2', 0, '', '', '', 0, '2008-01-01 00:00:00', '2008-01-01 00:00:00'),
(190, 17, '2', 0, '', '', '', 0, '2008-01-01 00:00:00', '2008-01-01 00:00:00'),
(189, 17, '2', 0, '', '', '', 0, '2008-01-01 00:00:00', '2008-01-01 00:00:00'),
(188, 16, '2', 0, '', '', '', 0, '2008-01-01 00:00:00', '2008-01-01 00:00:00'),
(187, 16, '2', 0, '', '', '', 0, '2008-01-01 00:00:00', '2008-01-01 00:00:00'),
(186, 16, '2', 0, '', '', '', 0, '2008-01-01 00:00:00', '2008-01-01 00:00:00'),
(185, 16, '2', 0, '', '', '', 0, '2008-01-01 00:00:00', '2008-01-01 00:00:00'),
(184, 16, '2', 0, '', '', '', 0, '2008-01-01 00:00:00', '2008-01-01 00:00:00'),
(183, 16, '2', 0, '', '', '', 0, '2008-01-01 00:00:00', '2008-01-01 00:00:00'),
(182, 16, '2', 0, '', '', '', 0, '2008-01-01 00:00:00', '2008-01-01 00:00:00'),
(181, 16, '2', 0, '', '', '', 0, '2008-01-01 00:00:00', '2008-01-01 00:00:00'),
(180, 16, '2', 0, '', '', '', 0, '2008-01-01 00:00:00', '2008-01-01 00:00:00'),
(179, 16, '2', 0, '', '', '', 0, '2008-01-01 00:00:00', '2008-01-01 00:00:00'),
(178, 16, '2', 0, '', '', '', 0, '2008-01-01 00:00:00', '2008-01-01 00:00:00'),
(177, 16, '2', 0, '', '', '', 0, '2008-01-01 00:00:00', '2008-01-01 00:00:00'),
(176, 16, '2', 0, '', '', '', 0, '2008-01-01 00:00:00', '2008-01-01 00:00:00'),
(175, 16, '2', 0, '', '', '', 0, '2008-01-01 00:00:00', '2008-01-01 00:00:00'),
(174, 16, '2', 0, '', '', '', 0, '2008-01-01 00:00:00', '2008-01-01 00:00:00'),
(173, 16, '2', 0, '', '', '', 0, '2008-01-01 00:00:00', '2008-01-01 00:00:00'),
(172, 16, '2', 0, '', '', '', 0, '2008-01-01 00:00:00', '2008-01-01 00:00:00'),
(171, 15, '2', 0, '', '', '', 0, '2008-01-01 00:00:00', '2008-01-01 00:00:00'),
(170, 15, '2', 0, '', '', '', 0, '2008-01-01 00:00:00', '2008-01-01 00:00:00'),
(169, 15, '2', 0, '', '', '', 0, '2008-01-01 00:00:00', '2008-01-01 00:00:00'),
(168, 15, '2', 0, '', '', '', 0, '2008-01-01 00:00:00', '2008-01-01 00:00:00'),
(167, 15, '2', 0, '', '', '', 0, '2008-01-01 00:00:00', '2008-01-01 00:00:00'),
(166, 15, '2', 0, '', '', '', 0, '2008-01-01 00:00:00', '2008-01-01 00:00:00'),
(165, 15, '2', 0, '', '', '', 0, '2008-01-01 00:00:00', '2008-01-01 00:00:00'),
(164, 15, '2', 0, '', '', '', 0, '2008-01-01 00:00:00', '2008-01-01 00:00:00'),
(163, 15, '2', 0, '', '', '', 0, '2008-01-01 00:00:00', '2008-01-01 00:00:00'),
(162, 15, '2', 0, '', '', '', 0, '2008-01-01 00:00:00', '2008-01-01 00:00:00'),
(161, 15, '2', 0, '', '', '', 0, '2008-01-01 00:00:00', '2008-01-01 00:00:00'),
(160, 14, '2', 0, '', '', '', 0, '2008-01-01 00:00:00', '2008-01-01 00:00:00'),
(159, 14, '2', 0, '', '', '', 0, '2008-01-01 00:00:00', '2008-01-01 00:00:00'),
(158, 14, '2', 0, '', '', '', 0, '2008-01-01 00:00:00', '2008-01-01 00:00:00'),
(157, 14, '2', 0, '', '', '', 0, '2008-01-01 00:00:00', '2008-01-01 00:00:00'),
(156, 14, '2', 0, '', '', '', 0, '2008-01-01 00:00:00', '2008-01-01 00:00:00'),
(155, 14, '2', 0, '', '', '', 0, '2008-01-01 00:00:00', '2008-01-01 00:00:00'),
(154, 14, '2', 0, '', '', '', 0, '2008-01-01 00:00:00', '2008-01-01 00:00:00'),
(153, 14, '2', 0, '', '', '', 0, '2008-01-01 00:00:00', '2008-01-01 00:00:00'),
(152, 14, '2', 0, '', '', '', 0, '2008-01-01 00:00:00', '2008-01-01 00:00:00'),
(151, 13, '2', 0, '', '', '', 0, '2008-01-01 00:00:00', '2008-01-01 00:00:00'),
(150, 13, '2', 0, '', '', '', 0, '2008-01-01 00:00:00', '2008-01-01 00:00:00'),
(149, 13, '2', 0, '', '', '', 0, '2008-01-01 00:00:00', '2008-01-01 00:00:00'),
(148, 13, '2', 0, '', '', '', 0, '2008-01-01 00:00:00', '2008-01-01 00:00:00'),
(147, 13, '2', 0, '', '', '', 0, '2008-01-01 00:00:00', '2008-01-01 00:00:00'),
(146, 13, '2', 0, '', '', '', 0, '2008-01-01 00:00:00', '2008-01-01 00:00:00'),
(145, 13, '2', 0, '', '', '', 0, '2008-01-01 00:00:00', '2008-01-01 00:00:00'),
(144, 13, '2', 0, '', '', '', 0, '2008-01-01 00:00:00', '2008-01-01 00:00:00'),
(143, 13, '2', 0, '', '', '', 0, '2008-01-01 00:00:00', '2008-01-01 00:00:00'),
(142, 13, '2', 0, '', '', '', 0, '2008-01-01 00:00:00', '2008-01-01 00:00:00'),
(141, 13, '2', 0, '', '', '', 0, '2008-01-01 00:00:00', '2008-01-01 00:00:00'),
(140, 13, '2', 0, '', '', '', 0, '2008-01-01 00:00:00', '2008-01-01 00:00:00'),
(139, 13, '2', 0, '', '', '', 0, '2008-01-01 00:00:00', '2008-01-01 00:00:00'),
(138, 13, '2', 0, '', '', '', 0, '2008-01-01 00:00:00', '2008-01-01 00:00:00'),
(137, 13, '2', 0, '', '', '', 0, '2008-01-01 00:00:00', '2008-01-01 00:00:00'),
(136, 13, '2', 0, '', '', '', 0, '2008-01-01 00:00:00', '2008-01-01 00:00:00'),
(135, 13, '2', 0, '', '', '', 0, '2008-01-01 00:00:00', '2008-01-01 00:00:00'),
(134, 12, '2', 0, '', '', '', 0, '2008-01-01 00:00:00', '2008-01-01 00:00:00'),
(133, 12, '2', 0, '', '', '', 0, '2008-01-01 00:00:00', '2008-01-01 00:00:00'),
(132, 12, '2', 0, '', '', '', 0, '2008-01-01 00:00:00', '2008-01-01 00:00:00'),
(131, 12, '2', 0, '', '', '', 0, '2008-01-01 00:00:00', '2008-01-01 00:00:00'),
(130, 12, '2', 0, '', '', '', 0, '2008-01-01 00:00:00', '2008-01-01 00:00:00'),
(129, 12, '2', 0, '', '', '', 0, '2008-01-01 00:00:00', '2008-01-01 00:00:00'),
(128, 12, '2', 0, '', '', '', 0, '2008-01-01 00:00:00', '2008-01-01 00:00:00'),
(127, 12, '2', 0, '', '', '', 0, '2008-01-01 00:00:00', '2008-01-01 00:00:00'),
(126, 12, '2', 0, '', '', '', 0, '2008-01-01 00:00:00', '2008-01-01 00:00:00'),
(125, 12, '2', 0, '', '', '', 0, '2008-01-01 00:00:00', '2008-01-01 00:00:00'),
(124, 12, '2', 0, '', '', '', 0, '2008-01-01 00:00:00', '2008-01-01 00:00:00'),
(123, 11, '2', 0, '', '', '', 0, '2008-01-01 00:00:00', '2008-01-01 00:00:00'),
(122, 11, '2', 0, '', '', '', 0, '2008-01-01 00:00:00', '2008-01-01 00:00:00'),
(121, 11, '2', 0, '', '', '', 0, '2008-01-01 00:00:00', '2008-01-01 00:00:00'),
(120, 11, '2', 0, '', '', '', 0, '2008-01-01 00:00:00', '2008-01-01 00:00:00'),
(119, 11, '2', 0, '', '', '', 0, '2008-01-01 00:00:00', '2008-01-01 00:00:00'),
(118, 11, '2', 0, '', '', '', 0, '2008-01-01 00:00:00', '2008-01-01 00:00:00'),
(117, 11, '2', 0, '', '', '', 0, '2008-01-01 00:00:00', '2008-01-01 00:00:00'),
(116, 11, '2', 0, '', '', '', 0, '2008-01-01 00:00:00', '2008-01-01 00:00:00'),
(115, 11, '2', 0, '', '', '', 0, '2008-01-01 00:00:00', '2008-01-01 00:00:00'),
(114, 11, '2', 0, '', '', '', 0, '2008-01-01 00:00:00', '2008-01-01 00:00:00'),
(113, 11, '2', 0, '', '', '', 0, '2008-01-01 00:00:00', '2008-01-01 00:00:00'),
(112, 11, '2', 0, '', '', '', 0, '2008-01-01 00:00:00', '2008-01-01 00:00:00'),
(111, 11, '2', 0, '', '', '', 0, '2008-01-01 00:00:00', '2008-01-01 00:00:00'),
(110, 10, '2', 0, '', '', '', 0, '2008-01-01 00:00:00', '2008-01-01 00:00:00'),
(109, 9, '2', 0, '', '', '', 0, '2008-01-01 00:00:00', '2008-01-01 00:00:00'),
(108, 9, '2', 0, '', '', '', 0, '2008-01-01 00:00:00', '2008-01-01 00:00:00'),
(107, 9, '2', 0, '', '', '', 0, '2008-01-01 00:00:00', '2008-01-01 00:00:00'),
(106, 9, '2', 0, '', '', '', 0, '2008-01-01 00:00:00', '2008-01-01 00:00:00'),
(105, 9, '2', 0, '', '', '', 0, '2008-01-01 00:00:00', '2008-01-01 00:00:00'),
(104, 9, '2', 0, '', '', '', 0, '2008-01-01 00:00:00', '2008-01-01 00:00:00'),
(103, 9, '2', 0, '', '', '', 0, '2008-01-01 00:00:00', '2008-01-01 00:00:00'),
(102, 9, '2', 0, '', '', '', 0, '2008-01-01 00:00:00', '2008-01-01 00:00:00'),
(101, 9, '2', 0, '', '', '', 0, '2008-01-01 00:00:00', '2008-01-01 00:00:00'),
(100, 9, '2', 0, '', '', '', 0, '2008-01-01 00:00:00', '2008-01-01 00:00:00'),
(99, 9, '2', 0, '', '', '', 0, '2008-01-01 00:00:00', '2008-01-01 00:00:00'),
(98, 9, '2', 0, '', '', '', 0, '2008-01-01 00:00:00', '2008-01-01 00:00:00'),
(97, 9, '2', 0, '', '', '', 0, '2008-01-01 00:00:00', '2008-01-01 00:00:00'),
(96, 8, '2', 0, '', '', '', 0, '2008-01-01 00:00:00', '2008-01-01 00:00:00'),
(95, 8, '2', 0, '', '', '', 0, '2008-01-01 00:00:00', '2008-01-01 00:00:00'),
(94, 8, '2', 0, '', '', '', 0, '2008-01-01 00:00:00', '2008-01-01 00:00:00'),
(93, 8, '2', 0, '', '', '', 0, '2008-01-01 00:00:00', '2008-01-01 00:00:00'),
(92, 8, '2', 0, '', '', '', 0, '2008-01-01 00:00:00', '2008-01-01 00:00:00'),
(91, 8, '2', 0, '', '', '', 0, '2008-01-01 00:00:00', '2008-01-01 00:00:00'),
(90, 8, '2', 0, '', '', '', 0, '2008-01-01 00:00:00', '2008-01-01 00:00:00'),
(89, 8, '2', 0, '', '', '', 0, '2008-01-01 00:00:00', '2008-01-01 00:00:00'),
(88, 8, '2', 0, '', '', '', 0, '2008-01-01 00:00:00', '2008-01-01 00:00:00'),
(87, 7, '2', 0, '', '', '', 0, '2008-01-01 00:00:00', '2008-01-01 00:00:00'),
(86, 7, '2', 0, '', '', '', 0, '2008-01-01 00:00:00', '2008-01-01 00:00:00'),
(85, 7, '2', 0, '', '', '', 0, '2008-01-01 00:00:00', '2008-01-01 00:00:00'),
(84, 7, '2', 0, '', '', '', 0, '2008-01-01 00:00:00', '2008-01-01 00:00:00'),
(83, 7, '2', 0, '', '', '', 0, '2008-01-01 00:00:00', '2008-01-01 00:00:00'),
(82, 7, '2', 0, '', '', '', 0, '2008-01-01 00:00:00', '2008-01-01 00:00:00'),
(81, 7, '2', 0, '', '', '', 0, '2008-01-01 00:00:00', '2008-01-01 00:00:00'),
(80, 7, '2', 0, '', '', '', 0, '2008-01-01 00:00:00', '2008-01-01 00:00:00'),
(79, 7, '2', 0, '', '', '', 0, '2008-01-01 00:00:00', '2008-01-01 00:00:00'),
(78, 7, '2', 0, '', '', '', 0, '2008-01-01 00:00:00', '2008-01-01 00:00:00'),
(77, 7, '2', 0, '', '', '', 0, '2008-01-01 00:00:00', '2008-01-01 00:00:00'),
(76, 7, '2', 0, '', '', '', 0, '2008-01-01 00:00:00', '2008-01-01 00:00:00'),
(75, 7, '2', 0, '', '', '', 0, '2008-01-01 00:00:00', '2008-01-01 00:00:00'),
(74, 7, '2', 0, '', '', '', 0, '2008-01-01 00:00:00', '2008-01-01 00:00:00'),
(73, 6, '2', 0, '', '', '', 0, '2008-01-01 00:00:00', '2008-01-01 00:00:00'),
(72, 6, '2', 0, '', '', '', 0, '2008-01-01 00:00:00', '2008-01-01 00:00:00'),
(71, 6, '2', 0, '', '', '', 0, '2008-01-01 00:00:00', '2008-01-01 00:00:00'),
(70, 6, '2', 0, '', '', '', 0, '2008-01-01 00:00:00', '2008-01-01 00:00:00'),
(69, 6, '2', 0, '', '', '', 0, '2008-01-01 00:00:00', '2008-01-01 00:00:00'),
(68, 6, '2', 0, '', '', '', 0, '2008-01-01 00:00:00', '2008-01-01 00:00:00'),
(67, 6, '2', 0, '', '', '', 0, '2008-01-01 00:00:00', '2008-01-01 00:00:00'),
(66, 6, '2', 0, '', '', '', 0, '2008-01-01 00:00:00', '2008-01-01 00:00:00'),
(65, 6, '2', 0, '', '', '', 0, '2008-01-01 00:00:00', '2008-01-01 00:00:00'),
(64, 6, '2', 0, '', '', '', 0, '2008-01-01 00:00:00', '2008-01-01 00:00:00'),
(63, 6, '2', 0, '', '', '', 0, '2008-01-01 00:00:00', '2008-01-01 00:00:00'),
(62, 6, '2', 0, '', '', '', 0, '2008-01-01 00:00:00', '2008-01-01 00:00:00'),
(61, 5, '2', 0, '', '', '', 0, '2008-01-01 00:00:00', '2008-01-01 00:00:00'),
(60, 5, '2', 0, '', '', '', 0, '2008-01-01 00:00:00', '2008-01-01 00:00:00'),
(59, 5, '2', 0, '', '', '', 0, '2008-01-01 00:00:00', '2008-01-01 00:00:00'),
(58, 5, '2', 0, '', '', '', 0, '2008-01-01 00:00:00', '2008-01-01 00:00:00'),
(57, 5, '2', 0, '', '', '', 0, '2008-01-01 00:00:00', '2008-01-01 00:00:00'),
(56, 5, '2', 0, '', '', '', 0, '2008-01-01 00:00:00', '2008-01-01 00:00:00'),
(55, 5, '2', 0, '', '', '', 0, '2008-01-01 00:00:00', '2008-01-01 00:00:00'),
(54, 5, '2', 0, '', '', '', 0, '2008-01-01 00:00:00', '2008-01-01 00:00:00'),
(53, 5, '2', 0, '', '', '', 0, '2008-01-01 00:00:00', '2008-01-01 00:00:00'),
(52, 5, '2', 0, '', '', '', 0, '2008-01-01 00:00:00', '2008-01-01 00:00:00'),
(51, 5, '2', 0, '', '', '', 0, '2008-01-01 00:00:00', '2008-01-01 00:00:00'),
(50, 5, '2', 0, '', '', '', 0, '2008-01-01 00:00:00', '2008-01-01 00:00:00'),
(49, 5, '2', 0, '', '', '', 0, '2008-01-01 00:00:00', '2008-01-01 00:00:00'),
(48, 5, '2', 0, '', '', '', 0, '2008-01-01 00:00:00', '2008-01-01 00:00:00'),
(47, 4, '2', 0, '', '', '', 0, '2008-01-01 00:00:00', '2008-01-01 00:00:00'),
(46, 4, '2', 0, '', '', '', 0, '2008-01-01 00:00:00', '2008-01-01 00:00:00'),
(45, 4, '2', 0, '', '', '', 0, '2008-01-01 00:00:00', '2008-01-01 00:00:00'),
(44, 4, '2', 0, '', '', '', 0, '2008-01-01 00:00:00', '2008-01-01 00:00:00'),
(43, 4, '2', 0, '', '', '', 0, '2008-01-01 00:00:00', '2008-01-01 00:00:00'),
(42, 4, '2', 0, '', '', '', 0, '2008-01-01 00:00:00', '2008-01-01 00:00:00'),
(41, 4, '2', 0, '', '', '', 0, '2008-01-01 00:00:00', '2008-01-01 00:00:00'),
(40, 4, '2', 0, '', '', '', 0, '2008-01-01 00:00:00', '2008-01-01 00:00:00'),
(39, 4, '2', 0, '', '', '', 0, '2008-01-01 00:00:00', '2008-01-01 00:00:00'),
(38, 4, '2', 0, '', '', '', 0, '2008-01-01 00:00:00', '2008-01-01 00:00:00'),
(37, 4, '2', 0, '', '', '', 0, '2008-01-01 00:00:00', '2008-01-01 00:00:00'),
(36, 3, '2', 0, '', '', '', 0, '2008-01-01 00:00:00', '2008-01-01 00:00:00'),
(35, 2, '2', 0, '', '', '', 0, '2008-01-01 00:00:00', '2008-01-01 00:00:00'),
(34, 1, '2', 0, '', '', '', 0, '2008-01-01 00:00:00', '2008-01-01 00:00:00'),
(33, 1, '2', 0, '', '', '', 0, '2008-01-01 00:00:00', '2008-01-01 00:00:00'),
(32, 1, '2', 0, '', '', '', 0, '2008-01-01 00:00:00', '2008-01-01 00:00:00'),
(31, 1, '2', 0, '', '', '', 0, '2008-01-01 00:00:00', '2008-01-01 00:00:00'),
(30, 1, '2', 0, '', '', '', 0, '2008-01-01 00:00:00', '2008-01-01 00:00:00'),
(29, 1, '2', 0, '', '', '', 0, '2008-01-01 00:00:00', '2008-01-01 00:00:00'),
(28, 1, '2', 0, '', '', '', 0, '2008-01-01 00:00:00', '2008-01-01 00:00:00'),
(27, 1, '2', 0, '', '', '', 0, '2008-01-01 00:00:00', '2008-01-01 00:00:00'),
(26, 1, '2', 0, '', '', '', 0, '2008-01-01 00:00:00', '2008-01-01 00:00:00'),
(25, 1, '2', 0, '', '', '', 0, '2008-01-01 00:00:00', '2008-01-01 00:00:00'),
(24, 1, '2', 0, '', '', '', 0, '2008-01-01 00:00:00', '2008-01-01 00:00:00'),
(23, 1, '2', 0, '', '', '', 0, '2008-01-01 00:00:00', '2008-01-01 00:00:00'),
(22, 1, '2', 0, '', '', '', 0, '2008-01-01 00:00:00', '2008-01-01 00:00:00'),
(21, 1, '2', 0, '', '', '', 0, '2008-01-01 00:00:00', '2008-01-01 00:00:00'),
(20, 1, '2', 0, '', '', '', 0, '2008-01-01 00:00:00', '2008-01-01 00:00:00'),
(19, 1, '2', 0, '', '', '', 0, '2008-01-01 00:00:00', '2008-01-01 00:00:00'),
(18, 1, '2', 0, '', '', '', 0, '2008-01-01 00:00:00', '2008-01-01 00:00:00'),
(17, 1, '2', 0, '', '', '', 0, '2008-01-01 00:00:00', '2008-01-01 00:00:00'),
(16, 1, '2', 0, '', '', '', 0, '2008-01-01 00:00:00', '2008-01-01 00:00:00'),
(15, 1, '2', 0, '', '', '', 0, '2008-01-01 00:00:00', '2008-01-01 00:00:00'),
(14, 1, '2', 0, '', '', '', 0, '2008-01-01 00:00:00', '2008-01-01 00:00:00'),
(13, 1, '2', 0, '', '', '', 0, '2008-01-01 00:00:00', '2008-01-01 00:00:00'),
(12, 1, '2', 0, '', '', '', 0, '2008-01-01 00:00:00', '2008-01-01 00:00:00'),
(11, 1, '2', 0, '', '', '', 0, '2008-01-01 00:00:00', '2008-01-01 00:00:00'),
(10, 1, '2', 0, '', '', '', 0, '2008-01-01 00:00:00', '2008-01-01 00:00:00'),
(9, 1, '2', 0, '', '', '', 0, '2008-01-01 00:00:00', '2008-01-01 00:00:00'),
(8, 1, '2', 0, '', '', '', 0, '2008-01-01 00:00:00', '2008-01-01 00:00:00'),
(7, 1, '2', 0, '', '', '', 0, '2008-01-01 00:00:00', '2008-01-01 00:00:00'),
(6, 1, '2', 0, '', '', '', 0, '2008-01-01 00:00:00', '2008-01-01 00:00:00'),
(5, 1, '2', 0, '', '', '', 0, '2008-01-01 00:00:00', '2008-01-01 00:00:00'),
(4, 1, '2', 0, '', '', '', 0, '2008-01-01 00:00:00', '2008-01-01 00:00:00'),
(3, 1, '2', 0, '', '', '', 0, '2008-01-01 00:00:00', '2008-01-01 00:00:00'),
(2, 1, '2', 0, '', '', '', 0, '2008-01-01 00:00:00', '2008-01-01 00:00:00'),
(1, 0, '2', 0, '', '', '', 0, '2008-01-01 00:00:00', '2009-04-13 02:10:05'),
(210, 18, '2', 0, '', '', '', 0, '2008-01-01 00:00:00', '2008-01-01 00:00:00'),
(211, 18, '2', 0, '', '', '', 0, '2008-01-01 00:00:00', '2008-01-01 00:00:00'),
(212, 18, '2', 0, '', '', '', 0, '2008-01-01 00:00:00', '2008-01-01 00:00:00'),
(213, 18, '2', 0, '', '', '', 0, '2008-01-01 00:00:00', '2008-01-01 00:00:00'),
(214, 18, '2', 0, '', '', '', 0, '2008-01-01 00:00:00', '2008-01-01 00:00:00'),
(215, 18, '2', 0, '', '', '', 0, '2008-01-01 00:00:00', '2008-01-01 00:00:00'),
(216, 18, '2', 0, '', '', '', 0, '2008-01-01 00:00:00', '2008-01-01 00:00:00'),
(217, 18, '2', 0, '', '', '', 0, '2008-01-01 00:00:00', '2008-01-01 00:00:00'),
(218, 18, '2', 0, '', '', '', 0, '2008-01-01 00:00:00', '2008-01-01 00:00:00'),
(219, 19, '2', 0, '', '', '', 0, '2008-01-01 00:00:00', '2008-01-01 00:00:00'),
(220, 19, '2', 0, '', '', '', 0, '2008-01-01 00:00:00', '2008-01-01 00:00:00'),
(221, 19, '2', 0, '', '', '', 0, '2008-01-01 00:00:00', '2008-01-01 00:00:00'),
(222, 19, '2', 0, '', '', '', 0, '2008-01-01 00:00:00', '2008-01-01 00:00:00'),
(223, 19, '2', 0, '', '', '', 0, '2008-01-01 00:00:00', '2008-01-01 00:00:00'),
(224, 19, '2', 0, '', '', '', 0, '2008-01-01 00:00:00', '2008-01-01 00:00:00'),
(225, 19, '2', 0, '', '', '', 0, '2008-01-01 00:00:00', '2008-01-01 00:00:00'),
(226, 19, '2', 0, '', '', '', 0, '2008-01-01 00:00:00', '2008-01-01 00:00:00'),
(227, 19, '2', 0, '', '', '', 0, '2008-01-01 00:00:00', '2008-01-01 00:00:00'),
(228, 19, '2', 0, '', '', '', 0, '2008-01-01 00:00:00', '2008-01-01 00:00:00'),
(229, 19, '2', 0, '', '', '', 0, '2008-01-01 00:00:00', '2008-01-01 00:00:00'),
(230, 19, '2', 0, '', '', '', 0, '2008-01-01 00:00:00', '2008-01-01 00:00:00'),
(231, 19, '2', 0, '', '', '', 0, '2008-01-01 00:00:00', '2008-01-01 00:00:00'),
(232, 19, '2', 0, '', '', '', 0, '2008-01-01 00:00:00', '2008-01-01 00:00:00'),
(233, 20, '2', 0, '', '', '', 0, '2008-01-01 00:00:00', '2008-01-01 00:00:00'),
(234, 20, '2', 0, '', '', '', 0, '2008-01-01 00:00:00', '2008-01-01 00:00:00'),
(235, 20, '2', 0, '', '', '', 0, '2008-01-01 00:00:00', '2008-01-01 00:00:00'),
(236, 20, '2', 0, '', '', '', 0, '2008-01-01 00:00:00', '2008-01-01 00:00:00'),
(237, 20, '2', 0, '', '', '', 0, '2008-01-01 00:00:00', '2008-01-01 00:00:00'),
(238, 20, '2', 0, '', '', '', 0, '2008-01-01 00:00:00', '2008-01-01 00:00:00'),
(239, 20, '2', 0, '', '', '', 0, '2008-01-01 00:00:00', '2008-01-01 00:00:00'),
(240, 20, '2', 0, '', '', '', 0, '2008-01-01 00:00:00', '2008-01-01 00:00:00'),
(241, 20, '2', 0, '', '', '', 0, '2008-01-01 00:00:00', '2008-01-01 00:00:00'),
(242, 20, '2', 0, '', '', '', 0, '2008-01-01 00:00:00', '2008-01-01 00:00:00'),
(243, 20, '2', 0, '', '', '', 0, '2008-01-01 00:00:00', '2008-01-01 00:00:00'),
(244, 20, '2', 0, '', '', '', 0, '2008-01-01 00:00:00', '2008-01-01 00:00:00'),
(245, 20, '2', 0, '', '', '', 0, '2008-01-01 00:00:00', '2008-01-01 00:00:00'),
(246, 20, '2', 0, '', '', '', 0, '2008-01-01 00:00:00', '2008-01-01 00:00:00'),
(247, 20, '2', 0, '', '', '', 0, '2008-01-01 00:00:00', '2008-01-01 00:00:00'),
(248, 20, '2', 0, '', '', '', 0, '2008-01-01 00:00:00', '2008-01-01 00:00:00'),
(249, 20, '2', 0, '', '', '', 0, '2008-01-01 00:00:00', '2008-01-01 00:00:00'),
(250, 20, '2', 0, '', '', '', 0, '2008-01-01 00:00:00', '2008-01-01 00:00:00'),
(251, 20, '2', 0, '', '', '', 0, '2008-01-01 00:00:00', '2008-01-01 00:00:00'),
(252, 20, '2', 0, '', '', '', 0, '2008-01-01 00:00:00', '2008-01-01 00:00:00'),
(253, 20, '2', 0, '', '', '', 0, '2008-01-01 00:00:00', '2008-01-01 00:00:00'),
(254, 21, '2', 0, '', '', '', 0, '2008-01-01 00:00:00', '2008-01-01 00:00:00'),
(255, 21, '2', 0, '', '', '', 0, '2008-01-01 00:00:00', '2008-01-01 00:00:00'),
(256, 21, '2', 0, '', '', '', 0, '2008-01-01 00:00:00', '2008-01-01 00:00:00'),
(257, 21, '2', 0, '', '', '', 0, '2008-01-01 00:00:00', '2008-01-01 00:00:00'),
(258, 21, '2', 0, '', '', '', 0, '2008-01-01 00:00:00', '2008-01-01 00:00:00'),
(259, 21, '2', 0, '', '', '', 0, '2008-01-01 00:00:00', '2008-01-01 00:00:00'),
(260, 21, '2', 0, '', '', '', 0, '2008-01-01 00:00:00', '2008-01-01 00:00:00'),
(261, 21, '2', 0, '', '', '', 0, '2008-01-01 00:00:00', '2008-01-01 00:00:00'),
(262, 21, '2', 0, '', '', '', 0, '2008-01-01 00:00:00', '2008-01-01 00:00:00'),
(263, 21, '2', 0, '', '', '', 0, '2008-01-01 00:00:00', '2008-01-01 00:00:00'),
(264, 21, '2', 0, '', '', '', 0, '2008-01-01 00:00:00', '2008-01-01 00:00:00'),
(265, 21, '2', 0, '', '', '', 0, '2008-01-01 00:00:00', '2008-01-01 00:00:00'),
(266, 21, '2', 0, '', '', '', 0, '2008-01-01 00:00:00', '2008-01-01 00:00:00'),
(267, 21, '2', 0, '', '', '', 0, '2008-01-01 00:00:00', '2008-01-01 00:00:00'),
(268, 22, '2', 0, '', '', '', 0, '2008-01-01 00:00:00', '2008-01-01 00:00:00'),
(269, 22, '2', 0, '', '', '', 0, '2008-01-01 00:00:00', '2008-01-01 00:00:00'),
(270, 22, '2', 0, '', '', '', 0, '2008-01-01 00:00:00', '2008-01-01 00:00:00'),
(271, 23, '2', 0, '', '', '', 0, '2008-01-01 00:00:00', '2008-01-01 00:00:00'),
(272, 24, '2', 0, '', '', '', 0, '2008-01-01 00:00:00', '2008-01-01 00:00:00'),
(273, 24, '2', 0, '', '', '', 0, '2008-01-01 00:00:00', '2008-01-01 00:00:00'),
(274, 24, '2', 0, '', '', '', 0, '2008-01-01 00:00:00', '2008-01-01 00:00:00'),
(275, 24, '2', 0, '', '', '', 0, '2008-01-01 00:00:00', '2008-01-01 00:00:00'),
(276, 24, '2', 0, '', '', '', 0, '2008-01-01 00:00:00', '2008-01-01 00:00:00'),
(277, 24, '2', 0, '', '', '', 0, '2008-01-01 00:00:00', '2008-01-01 00:00:00'),
(278, 24, '2', 0, '', '', '', 0, '2008-01-01 00:00:00', '2008-01-01 00:00:00'),
(279, 24, '2', 0, '', '', '', 0, '2008-01-01 00:00:00', '2008-01-01 00:00:00'),
(280, 24, '2', 0, '', '', '', 0, '2008-01-01 00:00:00', '2008-01-01 00:00:00'),
(281, 24, '2', 0, '', '', '', 0, '2008-01-01 00:00:00', '2008-01-01 00:00:00'),
(282, 24, '2', 0, '', '', '', 0, '2008-01-01 00:00:00', '2008-01-01 00:00:00'),
(283, 24, '2', 0, '', '', '', 0, '2008-01-01 00:00:00', '2008-01-01 00:00:00'),
(284, 24, '2', 0, '', '', '', 0, '2008-01-01 00:00:00', '2008-01-01 00:00:00'),
(285, 24, '2', 0, '', '', '', 0, '2008-01-01 00:00:00', '2008-01-01 00:00:00'),
(286, 24, '2', 0, '', '', '', 0, '2008-01-01 00:00:00', '2008-01-01 00:00:00'),
(287, 24, '2', 0, '', '', '', 0, '2008-01-01 00:00:00', '2008-01-01 00:00:00'),
(288, 24, '2', 0, '', '', '', 0, '2008-01-01 00:00:00', '2008-01-01 00:00:00'),
(289, 24, '2', 0, '', '', '', 0, '2008-01-01 00:00:00', '2008-01-01 00:00:00'),
(290, 24, '2', 0, '', '', '', 0, '2008-01-01 00:00:00', '2008-01-01 00:00:00'),
(291, 24, '2', 0, '', '', '', 0, '2008-01-01 00:00:00', '2008-01-01 00:00:00'),
(292, 24, '2', 0, '', '', '', 0, '2008-01-01 00:00:00', '2008-01-01 00:00:00'),
(293, 25, '2', 0, '', '', '', 0, '2008-01-01 00:00:00', '2008-01-01 00:00:00'),
(294, 25, '2', 0, '', '', '', 0, '2008-01-01 00:00:00', '2008-01-01 00:00:00'),
(295, 25, '2', 0, '', '', '', 0, '2008-01-01 00:00:00', '2008-01-01 00:00:00'),
(296, 25, '2', 0, '', '', '', 0, '2008-01-01 00:00:00', '2008-01-01 00:00:00'),
(297, 25, '2', 0, '', '', '', 0, '2008-01-01 00:00:00', '2008-01-01 00:00:00'),
(298, 25, '2', 0, '', '', '', 0, '2008-01-01 00:00:00', '2008-01-01 00:00:00'),
(299, 25, '2', 0, '', '', '', 0, '2008-01-01 00:00:00', '2008-01-01 00:00:00'),
(300, 25, '2', 0, '', '', '', 0, '2008-01-01 00:00:00', '2008-01-01 00:00:00'),
(301, 25, '2', 0, '', '', '', 0, '2008-01-01 00:00:00', '2008-01-01 00:00:00'),
(302, 26, '2', 0, '', '', '', 0, '2008-01-01 00:00:00', '2008-01-01 00:00:00'),
(303, 26, '2', 0, '', '', '', 0, '2008-01-01 00:00:00', '2008-01-01 00:00:00'),
(304, 26, '2', 0, '', '', '', 0, '2008-01-01 00:00:00', '2008-01-01 00:00:00'),
(305, 26, '2', 0, '', '', '', 0, '2008-01-01 00:00:00', '2008-01-01 00:00:00'),
(306, 26, '2', 0, '', '', '', 0, '2008-01-01 00:00:00', '2008-01-01 00:00:00'),
(307, 26, '2', 0, '', '', '', 0, '2008-01-01 00:00:00', '2008-01-01 00:00:00'),
(308, 26, '2', 0, '', '', '', 0, '2008-01-01 00:00:00', '2008-01-01 00:00:00'),
(309, 26, '2', 0, '', '', '', 0, '2008-01-01 00:00:00', '2008-01-01 00:00:00'),
(310, 26, '2', 0, '', '', '', 0, '2008-01-01 00:00:00', '2008-01-01 00:00:00'),
(311, 26, '2', 0, '', '', '', 0, '2008-01-01 00:00:00', '2008-01-01 00:00:00'),
(312, 26, '2', 0, '', '', '', 0, '2008-01-01 00:00:00', '2008-01-01 00:00:00'),
(313, 26, '2', 0, '', '', '', 0, '2008-01-01 00:00:00', '2008-01-01 00:00:00'),
(314, 26, '2', 0, '', '', '', 0, '2008-01-01 00:00:00', '2008-01-01 00:00:00'),
(315, 26, '2', 0, '', '', '', 0, '2008-01-01 00:00:00', '2008-01-01 00:00:00'),
(316, 26, '2', 0, '', '', '', 0, '2008-01-01 00:00:00', '2008-01-01 00:00:00'),
(317, 26, '2', 0, '', '', '', 0, '2008-01-01 00:00:00', '2008-01-01 00:00:00'),
(318, 27, '2', 0, '', '', '', 0, '2008-01-01 00:00:00', '2008-01-01 00:00:00'),
(319, 27, '2', 0, '', '', '', 0, '2008-01-01 00:00:00', '2008-01-01 00:00:00'),
(320, 27, '2', 0, '', '', '', 0, '2008-01-01 00:00:00', '2008-01-01 00:00:00'),
(321, 27, '2', 0, '', '', '', 0, '2008-01-01 00:00:00', '2008-01-01 00:00:00'),
(322, 27, '2', 0, '', '', '', 0, '2008-01-01 00:00:00', '2008-01-01 00:00:00'),
(323, 27, '2', 0, '', '', '', 0, '2008-01-01 00:00:00', '2008-01-01 00:00:00'),
(324, 27, '2', 0, '', '', '', 0, '2008-01-01 00:00:00', '2008-01-01 00:00:00'),
(325, 28, '2', 0, '', '', '', 0, '2008-01-01 00:00:00', '2008-01-01 00:00:00'),
(326, 28, '2', 0, '', '', '', 0, '2008-01-01 00:00:00', '2008-01-01 00:00:00'),
(327, 28, '2', 0, '', '', '', 0, '2008-01-01 00:00:00', '2008-01-01 00:00:00'),
(328, 28, '2', 0, '', '', '', 0, '2008-01-01 00:00:00', '2008-01-01 00:00:00'),
(329, 28, '2', 0, '', '', '', 0, '2008-01-01 00:00:00', '2008-01-01 00:00:00'),
(330, 28, '2', 0, '', '', '', 0, '2008-01-01 00:00:00', '2008-01-01 00:00:00'),
(331, 28, '2', 0, '', '', '', 0, '2008-01-01 00:00:00', '2008-01-01 00:00:00'),
(332, 28, '2', 0, '', '', '', 0, '2008-01-01 00:00:00', '2008-01-01 00:00:00'),
(333, 28, '2', 0, '', '', '', 0, '2008-01-01 00:00:00', '2008-01-01 00:00:00'),
(334, 28, '2', 0, '', '', '', 0, '2008-01-01 00:00:00', '2008-01-01 00:00:00'),
(335, 29, '2', 0, '', '', '', 0, '2008-01-01 00:00:00', '2008-01-01 00:00:00'),
(336, 29, '2', 0, '', '', '', 0, '2008-01-01 00:00:00', '2008-01-01 00:00:00'),
(337, 29, '2', 0, '', '', '', 0, '2008-01-01 00:00:00', '2008-01-01 00:00:00'),
(338, 29, '2', 0, '', '', '', 0, '2008-01-01 00:00:00', '2008-01-01 00:00:00'),
(339, 29, '2', 0, '', '', '', 0, '2008-01-01 00:00:00', '2008-01-01 00:00:00'),
(340, 29, '2', 0, '', '', '', 0, '2008-01-01 00:00:00', '2008-01-01 00:00:00'),
(341, 29, '2', 0, '', '', '', 0, '2008-01-01 00:00:00', '2008-01-01 00:00:00'),
(342, 29, '2', 0, '', '', '', 0, '2008-01-01 00:00:00', '2008-01-01 00:00:00'),
(343, 29, '2', 0, '', '', '', 0, '2008-01-01 00:00:00', '2008-01-01 00:00:00'),
(344, 29, '2', 0, '', '', '', 0, '2008-01-01 00:00:00', '2008-01-01 00:00:00'),
(345, 29, '2', 0, '', '', '', 0, '2008-01-01 00:00:00', '2008-01-01 00:00:00'),
(346, 29, '2', 0, '', '', '', 0, '2008-01-01 00:00:00', '2008-01-01 00:00:00'),
(347, 29, '2', 0, '', '', '', 0, '2008-01-01 00:00:00', '2008-01-01 00:00:00'),
(348, 29, '2', 0, '', '', '', 0, '2008-01-01 00:00:00', '2008-01-01 00:00:00'),
(349, 30, '2', 0, '', '', '', 0, '2008-01-01 00:00:00', '2008-01-01 00:00:00'),
(350, 30, '2', 0, '', '', '', 0, '2008-01-01 00:00:00', '2008-01-01 00:00:00'),
(351, 30, '2', 0, '', '', '', 0, '2008-01-01 00:00:00', '2008-01-01 00:00:00'),
(352, 30, '2', 0, '', '', '', 0, '2008-01-01 00:00:00', '2008-01-01 00:00:00'),
(353, 30, '2', 0, '', '', '', 0, '2008-01-01 00:00:00', '2008-01-01 00:00:00'),
(354, 30, '2', 0, '', '', '', 0, '2008-01-01 00:00:00', '2008-01-01 00:00:00'),
(355, 30, '2', 0, '', '', '', 0, '2008-01-01 00:00:00', '2008-01-01 00:00:00'),
(356, 30, '2', 0, '', '', '', 0, '2008-01-01 00:00:00', '2008-01-01 00:00:00'),
(357, 31, '2', 0, '', '', '', 0, '2008-01-01 00:00:00', '2008-01-01 00:00:00'),
(358, 31, '2', 0, '', '', '', 0, '2008-01-01 00:00:00', '2008-01-01 00:00:00'),
(359, 31, '2', 0, '', '', '', 0, '2008-01-01 00:00:00', '2008-01-01 00:00:00'),
(360, 31, '2', 0, '', '', '', 0, '2008-01-01 00:00:00', '2008-01-01 00:00:00'),
(361, 31, '2', 0, '', '', '', 0, '2008-01-01 00:00:00', '2008-01-01 00:00:00'),
(362, 32, '2', 0, '', '', '', 0, '2008-01-01 00:00:00', '2008-01-01 00:00:00'),
(363, 32, '2', 0, '', '', '', 0, '2008-01-01 00:00:00', '2008-01-01 00:00:00'),
(364, 32, '2', 0, '', '', '', 0, '2008-01-01 00:00:00', '2008-01-01 00:00:00'),
(365, 32, '2', 0, '', '', '', 0, '2008-01-01 00:00:00', '2008-01-01 00:00:00'),
(366, 32, '2', 0, '', '', '', 0, '2008-01-01 00:00:00', '2008-01-01 00:00:00'),
(367, 32, '2', 0, '', '', '', 0, '2008-01-01 00:00:00', '2008-01-01 00:00:00'),
(368, 32, '2', 0, '', '', '', 0, '2008-01-01 00:00:00', '2008-01-01 00:00:00'),
(369, 32, '2', 0, '', '', '', 0, '2008-01-01 00:00:00', '2008-01-01 00:00:00'),
(370, 32, '2', 0, '', '', '', 0, '2008-01-01 00:00:00', '2008-01-01 00:00:00'),
(371, 32, '2', 0, '', '', '', 0, '2008-01-01 00:00:00', '2008-01-01 00:00:00'),
(372, 32, '2', 0, '', '', '', 0, '2008-01-01 00:00:00', '2008-01-01 00:00:00'),
(373, 32, '2', 0, '', '', '', 0, '2008-01-01 00:00:00', '2008-01-01 00:00:00'),
(374, 32, '2', 0, '', '', '', 0, '2008-01-01 00:00:00', '2008-01-01 00:00:00'),
(375, 32, '2', 0, '', '', '', 0, '2008-01-01 00:00:00', '2008-01-01 00:00:00'),
(376, 33, '2', 0, '', '', '', 0, '2008-01-01 00:00:00', '2008-01-01 00:00:00'),
(377, 33, '2', 0, '', '', '', 0, '2008-01-01 00:00:00', '2008-01-01 00:00:00'),
(378, 33, '2', 0, '', '', '', 0, '2008-01-01 00:00:00', '2008-01-01 00:00:00'),
(379, 33, '2', 0, '', '', '', 0, '2008-01-01 00:00:00', '2008-01-01 00:00:00'),
(380, 33, '2', 0, '', '', '', 0, '2008-01-01 00:00:00', '2008-01-01 00:00:00'),
(381, 33, '2', 0, '', '', '', 0, '2008-01-01 00:00:00', '2008-01-01 00:00:00'),
(382, 33, '2', 0, '', '', '', 0, '2008-01-01 00:00:00', '2008-01-01 00:00:00'),
(383, 33, '2', 0, '', '', '', 0, '2008-01-01 00:00:00', '2008-01-01 00:00:00'),
(384, 33, '2', 0, '', '', '', 0, '2008-01-01 00:00:00', '2008-01-01 00:00:00'),
(385, 33, '2', 0, '', '', '', 0, '2008-01-01 00:00:00', '2008-01-01 00:00:00'),
(386, 33, '2', 0, '', '', '', 0, '2008-01-01 00:00:00', '2008-01-01 00:00:00'),
(387, 33, '2', 0, '', '', '', 0, '2008-01-01 00:00:00', '2008-01-01 00:00:00'),
(388, 33, '2', 0, '', '', '', 0, '2008-01-01 00:00:00', '2008-01-01 00:00:00'),
(389, 33, '2', 0, '', '', '', 0, '2008-01-01 00:00:00', '2008-01-01 00:00:00'),
(390, 33, '2', 0, '', '', '', 0, '2008-01-01 00:00:00', '2008-01-01 00:00:00'),
(391, 33, '2', 0, '', '', '', 0, '2008-01-01 00:00:00', '2008-01-01 00:00:00'),
(392, 33, '2', 0, '', '', '', 0, '2008-01-01 00:00:00', '2008-01-01 00:00:00'),
(393, 33, '2', 0, '', '', '', 0, '2008-01-01 00:00:00', '2008-01-01 00:00:00'),
(394, 34, '2', 0, '', '', '', 0, '2008-01-01 00:00:00', '2008-01-01 00:00:00'),
(395, 34, '2', 0, '', '', '', 0, '2008-01-01 00:00:00', '2008-01-01 00:00:00'),
(396, 34, '2', 0, '', '', '', 0, '2008-01-01 00:00:00', '2008-01-01 00:00:00'),
(397, 34, '2', 0, '', '', '', 0, '2008-01-01 00:00:00', '2008-01-01 00:00:00'),
(398, 34, '2', 0, '', '', '', 0, '2008-01-01 00:00:00', '2008-01-01 00:00:00'),
(399, 34, '2', 0, '', '', '', 0, '2008-01-01 00:00:00', '2008-01-01 00:00:00'),
(400, 34, '2', 0, '', '', '', 0, '2008-01-01 00:00:00', '2008-01-01 00:00:00'),
(401, 34, '2', 0, '', '', '', 0, '2008-01-01 00:00:00', '2008-01-01 00:00:00'),
(402, 34, '2', 0, '', '', '', 0, '2008-01-01 00:00:00', '2008-01-01 00:00:00'),
(403, 34, '2', 0, '', '', '', 0, '2008-01-01 00:00:00', '2008-01-01 00:00:00'),
(404, 34, '2', 0, '', '', '', 0, '2008-01-01 00:00:00', '2008-01-01 00:00:00'),
(405, 34, '2', 0, '', '', '', 0, '2008-01-01 00:00:00', '2008-01-01 00:00:00'),
(406, 34, '2', 0, '', '', '', 0, '2008-01-01 00:00:00', '2008-01-01 00:00:00'),
(407, 34, '2', 0, '', '', '', 0, '2008-01-01 00:00:00', '2008-01-01 00:00:00'),
(408, 34, '2', 0, '', '', '', 0, '2008-01-01 00:00:00', '2008-01-01 00:00:00'),
(409, 34, '2', 0, '', '', '', 0, '2008-01-01 00:00:00', '2008-01-01 00:00:00'),
(410, 34, '2', 0, '', '', '', 0, '2008-01-01 00:00:00', '2008-01-01 00:00:00'),
(411, 34, '2', 0, '', '', '', 0, '2008-01-01 00:00:00', '2008-01-01 00:00:00'),
(412, 34, '2', 0, '', '', '', 0, '2008-01-01 00:00:00', '2008-01-01 00:00:00'),
(413, 34, '2', 0, '', '', '', 0, '2008-01-01 00:00:00', '2008-01-01 00:00:00'),
(414, 34, '2', 0, '', '', '', 0, '2008-01-01 00:00:00', '2008-01-01 00:00:00'),
(415, 34, '2', 0, '', '', '', 0, '2008-01-01 00:00:00', '2008-01-01 00:00:00'),
(416, 34, '2', 0, '', '', '', 0, '2008-01-01 00:00:00', '2008-01-01 00:00:00'),
(417, 35, '2', 0, '', '', '', 0, '2008-01-01 00:00:00', '2008-01-01 00:00:00'),
(418, 35, '2', 0, '', '', '', 0, '2008-01-01 00:00:00', '2008-01-01 00:00:00');

--
-- 导出表中的数据 'svcart_region_i18ns'
--

INSERT INTO svcart_region_i18ns (id, locale, region_id, name, description, created, modified) VALUES
(873, 'chi', 179, '济宁', '', '2008-01-01 00:00:00', '2008-01-01 00:00:00'),
(872, 'chi', 180, '泰安', '', '2008-01-01 00:00:00', '2008-01-01 00:00:00'),
(871, 'chi', 181, '威海', '', '2008-01-01 00:00:00', '2008-01-01 00:00:00'),
(870, 'chi', 182, '日照', '', '2008-01-01 00:00:00', '2008-01-01 00:00:00'),
(869, 'chi', 183, '莱芜', '', '2008-01-01 00:00:00', '2008-01-01 00:00:00'),
(868, 'chi', 184, '临沂', '', '2008-01-01 00:00:00', '2008-01-01 00:00:00'),
(867, 'chi', 185, '德州', '', '2008-01-01 00:00:00', '2008-01-01 00:00:00'),
(866, 'chi', 186, '聊城', '', '2008-01-01 00:00:00', '2008-01-01 00:00:00'),
(865, 'chi', 187, '滨州', '', '2008-01-01 00:00:00', '2008-01-01 00:00:00'),
(864, 'chi', 188, '荷泽', '', '2008-01-01 00:00:00', '2008-01-01 00:00:00'),
(863, 'chi', 189, '郑州', '', '2008-01-01 00:00:00', '2008-01-01 00:00:00'),
(862, 'chi', 190, '开封', '', '2008-01-01 00:00:00', '2008-01-01 00:00:00'),
(861, 'chi', 191, '洛阳', '', '2008-01-01 00:00:00', '2008-01-01 00:00:00'),
(860, 'chi', 192, '平顶山', '', '2008-01-01 00:00:00', '2008-01-01 00:00:00'),
(859, 'chi', 193, '焦作', '', '2008-01-01 00:00:00', '2008-01-01 00:00:00'),
(858, 'chi', 194, '鹤壁', '', '2008-01-01 00:00:00', '2008-01-01 00:00:00'),
(857, 'chi', 195, '新乡', '', '2008-01-01 00:00:00', '2008-01-01 00:00:00'),
(856, 'chi', 196, '安阳', '', '2008-01-01 00:00:00', '2008-01-01 00:00:00'),
(855, 'chi', 197, '濮阳', '', '2008-01-01 00:00:00', '2008-01-01 00:00:00'),
(854, 'chi', 198, '许昌', '', '2008-01-01 00:00:00', '2008-01-01 00:00:00'),
(853, 'chi', 199, '漯河', '', '2008-01-01 00:00:00', '2008-01-01 00:00:00'),
(852, 'chi', 200, '三门峡', '', '2008-01-01 00:00:00', '2008-01-01 00:00:00'),
(851, 'chi', 201, '南阳', '', '2008-01-01 00:00:00', '2008-01-01 00:00:00'),
(850, 'chi', 202, '商丘', '', '2008-01-01 00:00:00', '2008-01-01 00:00:00'),
(849, 'chi', 203, '信阳', '', '2008-01-01 00:00:00', '2008-01-01 00:00:00'),
(848, 'chi', 204, '周口', '', '2008-01-01 00:00:00', '2008-01-01 00:00:00'),
(847, 'chi', 205, '驻马店', '', '2008-01-01 00:00:00', '2008-01-01 00:00:00'),
(846, 'chi', 206, '武汉', '', '2008-01-01 00:00:00', '2008-01-01 00:00:00'),
(845, 'chi', 207, '黄石', '', '2008-01-01 00:00:00', '2008-01-01 00:00:00'),
(843, 'chi', 209, '十堰', '', '2008-01-01 00:00:00', '2008-01-01 00:00:00'),
(844, 'chi', 208, '襄樊', '', '2008-01-01 00:00:00', '2008-01-01 00:00:00'),
(1238, 'chi', 396, '基隆市', '', '2008-01-01 00:00:00', '2008-01-01 00:00:00'),
(1237, 'chi', 395, '高雄市', '', '2008-01-01 00:00:00', '2008-01-01 00:00:00'),
(1236, 'chi', 394, '台北市', '', '2008-01-01 00:00:00', '2008-01-01 00:00:00'),
(1235, 'chi', 393, '元朗区', '', '2008-01-01 00:00:00', '2008-01-01 00:00:00'),
(1234, 'chi', 392, '荃湾区', '', '2008-01-01 00:00:00', '2008-01-01 00:00:00'),
(1233, 'chi', 391, '大埔区', '', '2008-01-01 00:00:00', '2008-01-01 00:00:00'),
(1232, 'chi', 390, '屯门区', '', '2008-01-01 00:00:00', '2008-01-01 00:00:00'),
(1231, 'chi', 389, '沙田区', '', '2008-01-01 00:00:00', '2008-01-01 00:00:00'),
(1230, 'chi', 388, '西贡区', '', '2008-01-01 00:00:00', '2008-01-01 00:00:00'),
(1229, 'chi', 387, '北区', '', '2008-01-01 00:00:00', '2008-01-01 00:00:00'),
(1228, 'chi', 386, '葵青区', '', '2008-01-01 00:00:00', '2008-01-01 00:00:00'),
(1227, 'chi', 385, '离岛区', '', '2008-01-01 00:00:00', '2008-01-01 00:00:00'),
(1226, 'chi', 384, '油尖旺区', '', '2008-01-01 00:00:00', '2008-01-01 00:00:00'),
(1225, 'chi', 383, '湾仔区', '', '2008-01-01 00:00:00', '2008-01-01 00:00:00'),
(1224, 'chi', 382, '黄大仙区', '', '2008-01-01 00:00:00', '2008-01-01 00:00:00'),
(1223, 'chi', 381, '深水埗区', '', '2008-01-01 00:00:00', '2008-01-01 00:00:00'),
(1222, 'chi', 380, '南区', '', '2008-01-01 00:00:00', '2008-01-01 00:00:00'),
(1221, 'chi', 379, '观塘区', '', '2008-01-01 00:00:00', '2008-01-01 00:00:00'),
(1220, 'chi', 378, '九龙城区', '', '2008-01-01 00:00:00', '2008-01-01 00:00:00'),
(1219, 'chi', 377, '东区', '', '2008-01-01 00:00:00', '2008-01-01 00:00:00'),
(1218, 'chi', 376, '中西区', '', '2008-01-01 00:00:00', '2008-01-01 00:00:00'),
(1217, 'chi', 375, '阿勒泰', '', '2008-01-01 00:00:00', '2008-01-01 00:00:00'),
(1216, 'chi', 374, '塔城', '', '2008-01-01 00:00:00', '2008-01-01 00:00:00'),
(1215, 'chi', 373, '伊犁', '', '2008-01-01 00:00:00', '2008-01-01 00:00:00'),
(1214, 'chi', 372, '博尔塔拉', '', '2008-01-01 00:00:00', '2008-01-01 00:00:00'),
(1213, 'chi', 371, '昌吉', '', '2008-01-01 00:00:00', '2008-01-01 00:00:00'),
(1212, 'chi', 370, '巴音郭楞', '', '2008-01-01 00:00:00', '2008-01-01 00:00:00'),
(1211, 'chi', 369, '克孜勒苏', '', '2008-01-01 00:00:00', '2008-01-01 00:00:00'),
(1210, 'chi', 368, '喀什', '', '2008-01-01 00:00:00', '2008-01-01 00:00:00'),
(1209, 'chi', 367, '阿克苏地区', '', '2008-01-01 00:00:00', '2008-01-01 00:00:00'),
(1208, 'chi', 366, '和田', '', '2008-01-01 00:00:00', '2008-01-01 00:00:00'),
(1207, 'chi', 365, '哈密', '', '2008-01-01 00:00:00', '2008-01-01 00:00:00'),
(1206, 'chi', 364, '吐露番', '', '2008-01-01 00:00:00', '2008-01-01 00:00:00'),
(1205, 'chi', 363, '克拉玛依', '', '2008-01-01 00:00:00', '2008-01-01 00:00:00'),
(1204, 'chi', 362, '乌鲁木齐', '', '2008-01-01 00:00:00', '2008-01-01 00:00:00'),
(1203, 'chi', 361, '中卫市', '', '2008-01-01 00:00:00', '2008-01-01 00:00:00'),
(1202, 'chi', 360, '固原', '', '2008-01-01 00:00:00', '2008-01-01 00:00:00'),
(1201, 'chi', 359, '吴忠', '', '2008-01-01 00:00:00', '2008-01-01 00:00:00'),
(1200, 'chi', 358, '石嘴山', '', '2008-01-01 00:00:00', '2008-01-01 00:00:00'),
(1199, 'chi', 357, '银川', '', '2008-01-01 00:00:00', '2008-01-01 00:00:00'),
(1198, 'chi', 356, '海西', '', '2008-01-01 00:00:00', '2008-01-01 00:00:00'),
(1197, 'chi', 355, '玉树', '', '2008-01-01 00:00:00', '2008-01-01 00:00:00'),
(1196, 'chi', 354, '果洛', '', '2008-01-01 00:00:00', '2008-01-01 00:00:00'),
(1195, 'chi', 353, '海南', '', '2008-01-01 00:00:00', '2008-01-01 00:00:00'),
(1194, 'chi', 352, '黄南', '', '2008-01-01 00:00:00', '2008-01-01 00:00:00'),
(1193, 'chi', 351, '海北', '', '2008-01-01 00:00:00', '2008-01-01 00:00:00'),
(1192, 'chi', 350, '海东', '', '2008-01-01 00:00:00', '2008-01-01 00:00:00'),
(1191, 'chi', 349, '西宁', '', '2008-01-01 00:00:00', '2008-01-01 00:00:00'),
(1190, 'chi', 348, '甘南', '', '2008-01-01 00:00:00', '2008-01-01 00:00:00'),
(1189, 'chi', 347, '临夏', '', '2008-01-01 00:00:00', '2008-01-01 00:00:00'),
(1188, 'chi', 346, '陇南', '', '2008-01-01 00:00:00', '2008-01-01 00:00:00'),
(1187, 'chi', 345, '定西', '', '2008-01-01 00:00:00', '2008-01-01 00:00:00'),
(1186, 'chi', 344, '庆阳', '', '2008-01-01 00:00:00', '2008-01-01 00:00:00'),
(1185, 'chi', 343, '酒泉', '', '2008-01-01 00:00:00', '2008-01-01 00:00:00'),
(1184, 'chi', 342, '平凉', '', '2008-01-01 00:00:00', '2008-01-01 00:00:00'),
(1183, 'chi', 341, '张掖', '', '2008-01-01 00:00:00', '2008-01-01 00:00:00'),
(1182, 'chi', 340, '武威', '', '2008-01-01 00:00:00', '2008-01-01 00:00:00'),
(1181, 'chi', 339, '天水', '', '2008-01-01 00:00:00', '2008-01-01 00:00:00'),
(1180, 'chi', 338, '白银', '', '2008-01-01 00:00:00', '2008-01-01 00:00:00'),
(1179, 'chi', 337, '金昌', '', '2008-01-01 00:00:00', '2008-01-01 00:00:00'),
(1178, 'chi', 336, '嘉峪关', '', '2008-01-01 00:00:00', '2008-01-01 00:00:00'),
(1177, 'chi', 335, '兰州', '', '2008-01-01 00:00:00', '2008-01-01 00:00:00'),
(1176, 'chi', 334, '商洛', '', '2008-01-01 00:00:00', '2008-01-01 00:00:00'),
(1175, 'chi', 333, '安康', '', '2008-01-01 00:00:00', '2008-01-01 00:00:00'),
(1174, 'chi', 332, '榆林', '', '2008-01-01 00:00:00', '2008-01-01 00:00:00'),
(1173, 'chi', 331, '汉中', '', '2008-01-01 00:00:00', '2008-01-01 00:00:00'),
(1172, 'chi', 330, '延安', '', '2008-01-01 00:00:00', '2008-01-01 00:00:00'),
(1171, 'chi', 329, '渭南', '', '2008-01-01 00:00:00', '2008-01-01 00:00:00'),
(1170, 'chi', 328, '咸阳', '', '2008-01-01 00:00:00', '2008-01-01 00:00:00'),
(1169, 'chi', 327, '宝鸡', '', '2008-01-01 00:00:00', '2008-01-01 00:00:00'),
(1168, 'chi', 326, '铜川', '', '2008-01-01 00:00:00', '2008-01-01 00:00:00'),
(1167, 'chi', 325, '西安', '', '2008-01-01 00:00:00', '2008-01-01 00:00:00'),
(1166, 'chi', 324, '林芝', '', '2008-01-01 00:00:00', '2008-01-01 00:00:00'),
(1165, 'chi', 323, '阿里', '', '2008-01-01 00:00:00', '2008-01-01 00:00:00'),
(1164, 'chi', 322, '那曲', '', '2008-01-01 00:00:00', '2008-01-01 00:00:00'),
(1163, 'chi', 321, '日喀则', '', '2008-01-01 00:00:00', '2008-01-01 00:00:00'),
(1162, 'chi', 320, '山南', '', '2008-01-01 00:00:00', '2008-01-01 00:00:00'),
(1161, 'chi', 319, '昌都', '', '2008-01-01 00:00:00', '2008-01-01 00:00:00'),
(1160, 'chi', 318, '拉萨', '', '2008-01-01 00:00:00', '2008-01-01 00:00:00'),
(1159, 'chi', 317, '迪庆', '', '2008-01-01 00:00:00', '2008-01-01 00:00:00'),
(1158, 'chi', 316, '怒江', '', '2008-01-01 00:00:00', '2008-01-01 00:00:00'),
(1157, 'chi', 315, '德宏', '', '2008-01-01 00:00:00', '2008-01-01 00:00:00'),
(1156, 'chi', 314, '大理', '', '2008-01-01 00:00:00', '2008-01-01 00:00:00'),
(1155, 'chi', 313, '楚雄', '', '2008-01-01 00:00:00', '2008-01-01 00:00:00'),
(1154, 'chi', 312, '西双版纳', '', '2008-01-01 00:00:00', '2008-01-01 00:00:00'),
(1153, 'chi', 311, '红河', '', '2008-01-01 00:00:00', '2008-01-01 00:00:00'),
(1152, 'chi', 310, '文山', '', '2008-01-01 00:00:00', '2008-01-01 00:00:00'),
(1151, 'chi', 309, '临沧', '', '2008-01-01 00:00:00', '2008-01-01 00:00:00'),
(1150, 'chi', 308, '思茅', '', '2008-01-01 00:00:00', '2008-01-01 00:00:00'),
(1149, 'chi', 307, '丽江', '', '2008-01-01 00:00:00', '2008-01-01 00:00:00'),
(1148, 'chi', 306, '昭通', '', '2008-01-01 00:00:00', '2008-01-01 00:00:00'),
(1147, 'chi', 305, '保山', '', '2008-01-01 00:00:00', '2008-01-01 00:00:00'),
(1146, 'chi', 304, '玉溪', '', '2008-01-01 00:00:00', '2008-01-01 00:00:00'),
(1145, 'chi', 303, '曲靖', '', '2008-01-01 00:00:00', '2008-01-01 00:00:00'),
(1144, 'chi', 302, '昆明', '', '2008-01-01 00:00:00', '2008-01-01 00:00:00'),
(1143, 'chi', 301, '黔南', '', '2008-01-01 00:00:00', '2008-01-01 00:00:00'),
(1142, 'chi', 300, '黔东南', '', '2008-01-01 00:00:00', '2008-01-01 00:00:00'),
(1141, 'chi', 299, '黔西南', '', '2008-01-01 00:00:00', '2008-01-01 00:00:00'),
(1140, 'chi', 298, '毕节', '', '2008-01-01 00:00:00', '2008-01-01 00:00:00'),
(1139, 'chi', 297, '铜仁', '', '2008-01-01 00:00:00', '2008-01-01 00:00:00'),
(1138, 'chi', 296, '安顺', '', '2008-01-01 00:00:00', '2008-01-01 00:00:00'),
(1137, 'chi', 295, '遵义', '', '2008-01-01 00:00:00', '2008-01-01 00:00:00'),
(1136, 'chi', 294, '六盘水', '', '2008-01-01 00:00:00', '2008-01-01 00:00:00'),
(1135, 'chi', 293, '贵阳', '', '2008-01-01 00:00:00', '2008-01-01 00:00:00'),
(1134, 'chi', 292, '凉山', '', '2008-01-01 00:00:00', '2008-01-01 00:00:00'),
(1133, 'chi', 291, '甘孜', '', '2008-01-01 00:00:00', '2008-01-01 00:00:00'),
(1132, 'chi', 290, '阿坝', '', '2008-01-01 00:00:00', '2008-01-01 00:00:00'),
(1131, 'chi', 289, '资阳', '', '2008-01-01 00:00:00', '2008-01-01 00:00:00'),
(1130, 'chi', 288, '巴中', '', '2008-01-01 00:00:00', '2008-01-01 00:00:00'),
(1129, 'chi', 287, '雅安', '', '2008-01-01 00:00:00', '2008-01-01 00:00:00'),
(1128, 'chi', 286, '眉山', '', '2008-01-01 00:00:00', '2008-01-01 00:00:00'),
(1127, 'chi', 285, '达州', '', '2008-01-01 00:00:00', '2008-01-01 00:00:00'),
(1126, 'chi', 284, '广安', '', '2008-01-01 00:00:00', '2008-01-01 00:00:00'),
(1125, 'chi', 283, '宜宾', '', '2008-01-01 00:00:00', '2008-01-01 00:00:00'),
(1124, 'chi', 282, '南充', '', '2008-01-01 00:00:00', '2008-01-01 00:00:00'),
(1123, 'chi', 281, '乐山', '', '2008-01-01 00:00:00', '2008-01-01 00:00:00'),
(1122, 'chi', 280, '内江', '', '2008-01-01 00:00:00', '2008-01-01 00:00:00'),
(1121, 'chi', 279, '遂宁', '', '2008-01-01 00:00:00', '2008-01-01 00:00:00'),
(1120, 'chi', 278, '广元', '', '2008-01-01 00:00:00', '2008-01-01 00:00:00'),
(1119, 'chi', 277, '绵阳', '', '2008-01-01 00:00:00', '2008-01-01 00:00:00'),
(1118, 'chi', 276, '德阳', '', '2008-01-01 00:00:00', '2008-01-01 00:00:00'),
(1117, 'chi', 275, '泸州', '', '2008-01-01 00:00:00', '2008-01-01 00:00:00'),
(1116, 'chi', 274, '攀枝花', '', '2008-01-01 00:00:00', '2008-01-01 00:00:00'),
(1115, 'chi', 273, '自贡', '', '2008-01-01 00:00:00', '2008-01-01 00:00:00'),
(1114, 'chi', 272, '成都', '', '2008-01-01 00:00:00', '2008-01-01 00:00:00'),
(1113, 'chi', 271, '重庆', '', '2008-01-01 00:00:00', '2008-01-01 00:00:00'),
(1112, 'chi', 270, '其他', '', '2008-01-01 00:00:00', '2008-01-01 00:00:00'),
(1111, 'chi', 269, '三亚', '', '2008-01-01 00:00:00', '2008-01-01 00:00:00'),
(1110, 'chi', 268, '海口', '', '2008-01-01 00:00:00', '2008-01-01 00:00:00'),
(1109, 'chi', 267, '崇左', '', '2008-01-01 00:00:00', '2008-01-01 00:00:00'),
(1108, 'chi', 266, '来宾', '', '2008-01-01 00:00:00', '2008-01-01 00:00:00'),
(1107, 'chi', 265, '河池', '', '2008-01-01 00:00:00', '2008-01-01 00:00:00'),
(1106, 'chi', 264, '贺州', '', '2008-01-01 00:00:00', '2008-01-01 00:00:00'),
(1105, 'chi', 263, '百色', '', '2008-01-01 00:00:00', '2008-01-01 00:00:00'),
(1104, 'chi', 262, '玉林', '', '2008-01-01 00:00:00', '2008-01-01 00:00:00'),
(1103, 'chi', 261, '贵港', '', '2008-01-01 00:00:00', '2008-01-01 00:00:00'),
(1102, 'chi', 260, '钦州', '', '2008-01-01 00:00:00', '2008-01-01 00:00:00'),
(1101, 'chi', 259, '防城港', '', '2008-01-01 00:00:00', '2008-01-01 00:00:00'),
(1100, 'chi', 258, '北海', '', '2008-01-01 00:00:00', '2008-01-01 00:00:00'),
(1099, 'chi', 257, '梧州', '', '2008-01-01 00:00:00', '2008-01-01 00:00:00'),
(1098, 'chi', 256, '桂林', '', '2008-01-01 00:00:00', '2008-01-01 00:00:00'),
(1097, 'chi', 255, '柳州', '', '2008-01-01 00:00:00', '2008-01-01 00:00:00'),
(1096, 'chi', 254, '南宁', '', '2008-01-01 00:00:00', '2008-01-01 00:00:00'),
(1095, 'chi', 253, '云浮', '', '2008-01-01 00:00:00', '2008-01-01 00:00:00'),
(1094, 'chi', 252, '揭阳', '', '2008-01-01 00:00:00', '2008-01-01 00:00:00'),
(1093, 'chi', 251, '潮州', '', '2008-01-01 00:00:00', '2008-01-01 00:00:00'),
(1092, 'chi', 250, '中山', '', '2008-01-01 00:00:00', '2008-01-01 00:00:00'),
(1091, 'chi', 249, '东莞', '', '2008-01-01 00:00:00', '2008-01-01 00:00:00'),
(1090, 'chi', 248, '清远', '', '2008-01-01 00:00:00', '2008-01-01 00:00:00'),
(1089, 'chi', 247, '阳江', '', '2008-01-01 00:00:00', '2008-01-01 00:00:00'),
(1088, 'chi', 246, '河源', '', '2008-01-01 00:00:00', '2008-01-01 00:00:00'),
(1087, 'chi', 245, '汕尾', '', '2008-01-01 00:00:00', '2008-01-01 00:00:00'),
(1086, 'chi', 244, '梅州', '', '2008-01-01 00:00:00', '2008-01-01 00:00:00'),
(1085, 'chi', 243, '惠州', '', '2008-01-01 00:00:00', '2008-01-01 00:00:00'),
(1084, 'chi', 242, '肇庆', '', '2008-01-01 00:00:00', '2008-01-01 00:00:00'),
(1083, 'chi', 241, '茂名', '', '2008-01-01 00:00:00', '2008-01-01 00:00:00'),
(1082, 'chi', 240, '湛江', '', '2008-01-01 00:00:00', '2008-01-01 00:00:00'),
(1081, 'chi', 239, '江门', '', '2008-01-01 00:00:00', '2008-01-01 00:00:00'),
(1080, 'chi', 238, '佛山', '', '2008-01-01 00:00:00', '2008-01-01 00:00:00'),
(1079, 'chi', 237, '韶关', '', '2008-01-01 00:00:00', '2008-01-01 00:00:00'),
(1078, 'chi', 236, '汕头', '', '2008-01-01 00:00:00', '2008-01-01 00:00:00'),
(1077, 'chi', 235, '珠海', '', '2008-01-01 00:00:00', '2008-01-01 00:00:00'),
(1076, 'chi', 234, '深圳', '', '2008-01-01 00:00:00', '2008-01-01 00:00:00'),
(1075, 'chi', 233, '广州', '', '2008-01-01 00:00:00', '2008-01-01 00:00:00'),
(1074, 'chi', 232, '湘西', '', '2008-01-01 00:00:00', '2008-01-01 00:00:00'),
(1073, 'chi', 231, '娄底', '', '2008-01-01 00:00:00', '2008-01-01 00:00:00'),
(1072, 'chi', 230, '怀化', '', '2008-01-01 00:00:00', '2008-01-01 00:00:00'),
(1071, 'chi', 229, '永州', '', '2008-01-01 00:00:00', '2008-01-01 00:00:00'),
(1070, 'chi', 228, '郴州', '', '2008-01-01 00:00:00', '2008-01-01 00:00:00'),
(1069, 'chi', 227, '益阳', '', '2008-01-01 00:00:00', '2008-01-01 00:00:00'),
(1068, 'chi', 226, '张家界', '', '2008-01-01 00:00:00', '2008-01-01 00:00:00'),
(1067, 'chi', 225, '常德', '', '2008-01-01 00:00:00', '2008-01-01 00:00:00'),
(1066, 'chi', 224, '岳阳', '', '2008-01-01 00:00:00', '2008-01-01 00:00:00'),
(1065, 'chi', 223, '邵阳', '', '2008-01-01 00:00:00', '2008-01-01 00:00:00'),
(1064, 'chi', 222, '衡阳', '', '2008-01-01 00:00:00', '2008-01-01 00:00:00'),
(1063, 'chi', 221, '湘潭', '', '2008-01-01 00:00:00', '2008-01-01 00:00:00'),
(1062, 'chi', 220, '株洲', '', '2008-01-01 00:00:00', '2008-01-01 00:00:00'),
(1061, 'chi', 219, '长沙', '', '2008-01-01 00:00:00', '2008-01-01 00:00:00'),
(1060, 'chi', 218, '恩施', '', '2008-01-01 00:00:00', '2008-01-01 00:00:00'),
(1059, 'chi', 217, '随州', '', '2008-01-01 00:00:00', '2008-01-01 00:00:00'),
(1058, 'chi', 216, '咸宁', '', '2008-01-01 00:00:00', '2008-01-01 00:00:00'),
(1057, 'chi', 215, '黄冈', '', '2008-01-01 00:00:00', '2008-01-01 00:00:00'),
(1056, 'chi', 214, '孝感', '', '2008-01-01 00:00:00', '2008-01-01 00:00:00'),
(1055, 'chi', 213, '鄂州', '', '2008-01-01 00:00:00', '2008-01-01 00:00:00'),
(1054, 'chi', 212, '荆门', '', '2008-01-01 00:00:00', '2008-01-01 00:00:00'),
(1053, 'chi', 211, '宜昌', '', '2008-01-01 00:00:00', '2008-01-01 00:00:00'),
(1052, 'chi', 210, '荆州', '', '2008-01-01 00:00:00', '2008-01-01 00:00:00'),
(1051, 'chi', 1, '中国', '', '2008-01-01 00:00:00', '2009-04-13 02:10:05'),
(1050, 'chi', 2, '北京', '', '2008-01-01 00:00:00', '2008-01-01 00:00:00'),
(1049, 'chi', 3, '天津', '', '2008-01-01 00:00:00', '2008-01-01 00:00:00'),
(1048, 'chi', 4, '河北', '', '2008-01-01 00:00:00', '2008-01-01 00:00:00'),
(1047, 'chi', 5, '山西', '', '2008-01-01 00:00:00', '2008-01-01 00:00:00'),
(1046, 'chi', 6, '内蒙古', '', '2008-01-01 00:00:00', '2008-01-01 00:00:00'),
(1045, 'chi', 7, '辽宁', '', '2008-01-01 00:00:00', '2008-01-01 00:00:00'),
(1044, 'chi', 8, '吉林', '', '2008-01-01 00:00:00', '2008-01-01 00:00:00'),
(1043, 'chi', 9, '黑龙江', '', '2008-01-01 00:00:00', '2008-01-01 00:00:00'),
(1042, 'chi', 10, '上海', '', '2008-01-01 00:00:00', '2008-01-01 00:00:00'),
(1041, 'chi', 11, '江苏', '', '2008-01-01 00:00:00', '2008-01-01 00:00:00'),
(1040, 'chi', 12, '浙江', '', '2008-01-01 00:00:00', '2008-01-01 00:00:00'),
(1039, 'chi', 13, '安徽', '', '2008-01-01 00:00:00', '2008-01-01 00:00:00'),
(1038, 'chi', 14, '福建', '', '2008-01-01 00:00:00', '2008-01-01 00:00:00'),
(1037, 'chi', 15, '江西', '', '2008-01-01 00:00:00', '2008-01-01 00:00:00'),
(1036, 'chi', 16, '山东', '', '2008-01-01 00:00:00', '2008-01-01 00:00:00'),
(1035, 'chi', 17, '河南', '', '2008-01-01 00:00:00', '2008-01-01 00:00:00'),
(1034, 'chi', 18, '湖北', '', '2008-01-01 00:00:00', '2008-01-01 00:00:00'),
(1033, 'chi', 19, '湖南', '', '2008-01-01 00:00:00', '2008-01-01 00:00:00'),
(1032, 'chi', 20, '广东', '', '2008-01-01 00:00:00', '2008-01-01 00:00:00'),
(1031, 'chi', 21, '广西', '', '2008-01-01 00:00:00', '2008-01-01 00:00:00'),
(1030, 'chi', 22, '海南', '', '2008-01-01 00:00:00', '2008-01-01 00:00:00'),
(1029, 'chi', 23, '重庆', '', '2008-01-01 00:00:00', '2008-01-01 00:00:00'),
(1028, 'chi', 24, '四川', '', '2008-01-01 00:00:00', '2008-01-01 00:00:00'),
(1027, 'chi', 25, '贵州', '', '2008-01-01 00:00:00', '2008-01-01 00:00:00'),
(1026, 'chi', 26, '云南', '', '2008-01-01 00:00:00', '2008-01-01 00:00:00'),
(1025, 'chi', 27, '西藏', '', '2008-01-01 00:00:00', '2008-01-01 00:00:00'),
(1024, 'chi', 28, '陕西', '', '2008-01-01 00:00:00', '2008-01-01 00:00:00'),
(1023, 'chi', 29, '甘肃', '', '2008-01-01 00:00:00', '2008-01-01 00:00:00'),
(1022, 'chi', 30, '青海', '', '2008-01-01 00:00:00', '2008-01-01 00:00:00'),
(1021, 'chi', 31, '宁夏', '', '2008-01-01 00:00:00', '2008-01-01 00:00:00'),
(1020, 'chi', 32, '新疆', '', '2008-01-01 00:00:00', '2008-01-01 00:00:00'),
(1019, 'chi', 33, '香港', '', '2008-01-01 00:00:00', '2008-01-01 00:00:00'),
(1018, 'chi', 34, '台湾', '', '2008-01-01 00:00:00', '2008-01-01 00:00:00'),
(1017, 'chi', 35, '北京', '', '2008-01-01 00:00:00', '2008-01-01 00:00:00'),
(1016, 'chi', 36, '天津', '', '2008-01-01 00:00:00', '2008-01-01 00:00:00'),
(1015, 'chi', 37, '石家庄', '', '2008-01-01 00:00:00', '2008-01-01 00:00:00'),
(1014, 'chi', 38, '唐山', '', '2008-01-01 00:00:00', '2008-01-01 00:00:00'),
(1013, 'chi', 39, '秦皇岛', '', '2008-01-01 00:00:00', '2008-01-01 00:00:00'),
(1012, 'chi', 40, '邯郸', '', '2008-01-01 00:00:00', '2008-01-01 00:00:00'),
(1011, 'chi', 41, '邢台', '', '2008-01-01 00:00:00', '2008-01-01 00:00:00'),
(1010, 'chi', 42, '保定', '', '2008-01-01 00:00:00', '2008-01-01 00:00:00'),
(1009, 'chi', 43, '张家口', '', '2008-01-01 00:00:00', '2008-01-01 00:00:00'),
(1008, 'chi', 44, '承德', '', '2008-01-01 00:00:00', '2008-01-01 00:00:00'),
(1007, 'chi', 45, '沧州', '', '2008-01-01 00:00:00', '2008-01-01 00:00:00'),
(1006, 'chi', 46, '廊坊', '', '2008-01-01 00:00:00', '2008-01-01 00:00:00'),
(1005, 'chi', 47, '衡水', '', '2008-01-01 00:00:00', '2008-01-01 00:00:00'),
(1004, 'chi', 48, '太原', '', '2008-01-01 00:00:00', '2008-01-01 00:00:00'),
(1003, 'chi', 49, '大同', '', '2008-01-01 00:00:00', '2008-01-01 00:00:00'),
(1002, 'chi', 50, '阳泉', '', '2008-01-01 00:00:00', '2008-01-01 00:00:00'),
(1001, 'chi', 51, '长治', '', '2008-01-01 00:00:00', '2008-01-01 00:00:00'),
(1000, 'chi', 52, '晋城', '', '2008-01-01 00:00:00', '2008-01-01 00:00:00'),
(999, 'chi', 53, '朔州', '', '2008-01-01 00:00:00', '2008-01-01 00:00:00'),
(998, 'chi', 54, '晋中', '', '2008-01-01 00:00:00', '2008-01-01 00:00:00'),
(997, 'chi', 55, '运城', '', '2008-01-01 00:00:00', '2008-01-01 00:00:00'),
(996, 'chi', 56, '忻州', '', '2008-01-01 00:00:00', '2008-01-01 00:00:00'),
(995, 'chi', 57, '临汾', '', '2008-01-01 00:00:00', '2008-01-01 00:00:00'),
(994, 'chi', 58, '吕梁', '', '2008-01-01 00:00:00', '2008-01-01 00:00:00'),
(993, 'chi', 59, '侯马', '', '2008-01-01 00:00:00', '2008-01-01 00:00:00'),
(992, 'chi', 60, '五台山', '', '2008-01-01 00:00:00', '2008-01-01 00:00:00'),
(991, 'chi', 61, '离石', '', '2008-01-01 00:00:00', '2008-01-01 00:00:00'),
(990, 'chi', 62, '呼和浩特', '', '2008-01-01 00:00:00', '2008-01-01 00:00:00'),
(989, 'chi', 63, '包头', '', '2008-01-01 00:00:00', '2008-01-01 00:00:00'),
(988, 'chi', 64, '乌海', '', '2008-01-01 00:00:00', '2008-01-01 00:00:00'),
(987, 'chi', 65, '赤峰', '', '2008-01-01 00:00:00', '2008-01-01 00:00:00'),
(986, 'chi', 66, '通辽', '', '2008-01-01 00:00:00', '2008-01-01 00:00:00'),
(985, 'chi', 67, '鄂尔多斯', '', '2008-01-01 00:00:00', '2008-01-01 00:00:00'),
(984, 'chi', 68, '呼伦贝尔', '', '2008-01-01 00:00:00', '2008-01-01 00:00:00'),
(983, 'chi', 69, '巴彦淖尔市', '', '2008-01-01 00:00:00', '2008-01-01 00:00:00'),
(982, 'chi', 70, '乌兰察布市', '', '2008-01-01 00:00:00', '2008-01-01 00:00:00'),
(981, 'chi', 71, '兴安盟', '', '2008-01-01 00:00:00', '2008-01-01 00:00:00'),
(980, 'chi', 72, '锡林郭勒盟', '', '2008-01-01 00:00:00', '2008-01-01 00:00:00'),
(979, 'chi', 73, '阿拉善盟', '', '2008-01-01 00:00:00', '2008-01-01 00:00:00'),
(978, 'chi', 74, '沈阳', '', '2008-01-01 00:00:00', '2008-01-01 00:00:00'),
(977, 'chi', 75, '大连', '', '2008-01-01 00:00:00', '2008-01-01 00:00:00'),
(976, 'chi', 76, '鞍山', '', '2008-01-01 00:00:00', '2008-01-01 00:00:00'),
(975, 'chi', 77, '抚顺', '', '2008-01-01 00:00:00', '2008-01-01 00:00:00'),
(974, 'chi', 78, '本溪', '', '2008-01-01 00:00:00', '2008-01-01 00:00:00'),
(973, 'chi', 79, '丹东', '', '2008-01-01 00:00:00', '2008-01-01 00:00:00'),
(972, 'chi', 80, '锦州', '', '2008-01-01 00:00:00', '2008-01-01 00:00:00'),
(971, 'chi', 81, '营口', '', '2008-01-01 00:00:00', '2008-01-01 00:00:00'),
(970, 'chi', 82, '阜新', '', '2008-01-01 00:00:00', '2008-01-01 00:00:00'),
(969, 'chi', 83, '辽阳', '', '2008-01-01 00:00:00', '2008-01-01 00:00:00'),
(968, 'chi', 84, '盘锦', '', '2008-01-01 00:00:00', '2008-01-01 00:00:00'),
(967, 'chi', 85, '铁岭', '', '2008-01-01 00:00:00', '2008-01-01 00:00:00'),
(966, 'chi', 86, '朝阳', '', '2008-01-01 00:00:00', '2008-01-01 00:00:00'),
(965, 'chi', 87, '葫芦岛市', '', '2008-01-01 00:00:00', '2008-01-01 00:00:00'),
(964, 'chi', 88, '长春', '', '2008-01-01 00:00:00', '2008-01-01 00:00:00'),
(963, 'chi', 89, '吉林', '', '2008-01-01 00:00:00', '2008-01-01 00:00:00'),
(962, 'chi', 90, '四平', '', '2008-01-01 00:00:00', '2008-01-01 00:00:00'),
(961, 'chi', 91, '辽源', '', '2008-01-01 00:00:00', '2008-01-01 00:00:00'),
(960, 'chi', 92, '通化', '', '2008-01-01 00:00:00', '2008-01-01 00:00:00'),
(959, 'chi', 93, '白山', '', '2008-01-01 00:00:00', '2008-01-01 00:00:00'),
(958, 'chi', 94, '松原', '', '2008-01-01 00:00:00', '2008-01-01 00:00:00'),
(957, 'chi', 95, '白城', '', '2008-01-01 00:00:00', '2008-01-01 00:00:00'),
(956, 'chi', 96, '延边', '', '2008-01-01 00:00:00', '2008-01-01 00:00:00'),
(955, 'chi', 97, '哈尔滨', '', '2008-01-01 00:00:00', '2008-01-01 00:00:00'),
(954, 'chi', 98, '齐齐哈尔', '', '2008-01-01 00:00:00', '2008-01-01 00:00:00'),
(953, 'chi', 99, '鸡西', '', '2008-01-01 00:00:00', '2008-01-01 00:00:00'),
(952, 'chi', 100, '鹤岗', '', '2008-01-01 00:00:00', '2008-01-01 00:00:00'),
(951, 'chi', 101, '双鸭山', '', '2008-01-01 00:00:00', '2008-01-01 00:00:00'),
(950, 'chi', 102, '大庆', '', '2008-01-01 00:00:00', '2008-01-01 00:00:00'),
(949, 'chi', 103, '伊春', '', '2008-01-01 00:00:00', '2008-01-01 00:00:00'),
(948, 'chi', 104, '佳木斯', '', '2008-01-01 00:00:00', '2008-01-01 00:00:00'),
(947, 'chi', 105, '七台河', '', '2008-01-01 00:00:00', '2008-01-01 00:00:00'),
(946, 'chi', 106, '牡丹江', '', '2008-01-01 00:00:00', '2008-01-01 00:00:00'),
(945, 'chi', 107, '黑河', '', '2008-01-01 00:00:00', '2008-01-01 00:00:00'),
(944, 'chi', 108, '绥化', '', '2008-01-01 00:00:00', '2008-01-01 00:00:00'),
(943, 'chi', 109, '大兴安岭', '', '2008-01-01 00:00:00', '2008-01-01 00:00:00'),
(942, 'chi', 110, '上海', '', '2008-01-01 00:00:00', '2008-01-01 00:00:00'),
(941, 'chi', 111, '南京', '', '2008-01-01 00:00:00', '2008-01-01 00:00:00'),
(940, 'chi', 112, '无锡', '', '2008-01-01 00:00:00', '2008-01-01 00:00:00'),
(939, 'chi', 113, '徐州', '', '2008-01-01 00:00:00', '2008-01-01 00:00:00'),
(938, 'chi', 114, '常州', '', '2008-01-01 00:00:00', '2008-01-01 00:00:00'),
(937, 'chi', 115, '苏州', '', '2008-01-01 00:00:00', '2008-01-01 00:00:00'),
(936, 'chi', 116, '南通', '', '2008-01-01 00:00:00', '2008-01-01 00:00:00'),
(935, 'chi', 117, '连云港', '', '2008-01-01 00:00:00', '2008-01-01 00:00:00'),
(934, 'chi', 118, '淮安', '', '2008-01-01 00:00:00', '2008-01-01 00:00:00'),
(933, 'chi', 119, '盐城', '', '2008-01-01 00:00:00', '2008-01-01 00:00:00'),
(932, 'chi', 120, '扬州', '', '2008-01-01 00:00:00', '2008-01-01 00:00:00'),
(931, 'chi', 121, '镇江', '', '2008-01-01 00:00:00', '2008-01-01 00:00:00'),
(930, 'chi', 122, '泰州', '', '2008-01-01 00:00:00', '2008-01-01 00:00:00'),
(929, 'chi', 123, '宿迁', '', '2008-01-01 00:00:00', '2008-01-01 00:00:00'),
(928, 'chi', 124, '杭州', '', '2008-01-01 00:00:00', '2008-01-01 00:00:00'),
(927, 'chi', 125, '宁波', '', '2008-01-01 00:00:00', '2008-01-01 00:00:00'),
(926, 'chi', 126, '温州', '', '2008-01-01 00:00:00', '2008-01-01 00:00:00'),
(925, 'chi', 127, '嘉兴', '', '2008-01-01 00:00:00', '2008-01-01 00:00:00'),
(924, 'chi', 128, '湖州', '', '2008-01-01 00:00:00', '2008-01-01 00:00:00'),
(923, 'chi', 129, '绍兴', '', '2008-01-01 00:00:00', '2008-01-01 00:00:00'),
(922, 'chi', 130, '金华', '', '2008-01-01 00:00:00', '2008-01-01 00:00:00'),
(921, 'chi', 131, '衢州', '', '2008-01-01 00:00:00', '2008-01-01 00:00:00'),
(920, 'chi', 132, '舟山', '', '2008-01-01 00:00:00', '2008-01-01 00:00:00'),
(919, 'chi', 133, '台州', '', '2008-01-01 00:00:00', '2008-01-01 00:00:00'),
(918, 'chi', 134, '丽水', '', '2008-01-01 00:00:00', '2008-01-01 00:00:00'),
(917, 'chi', 135, '合肥', '', '2008-01-01 00:00:00', '2008-01-01 00:00:00'),
(916, 'chi', 136, '芜湖', '', '2008-01-01 00:00:00', '2008-01-01 00:00:00'),
(915, 'chi', 137, '蚌埠', '', '2008-01-01 00:00:00', '2008-01-01 00:00:00'),
(914, 'chi', 138, '淮南', '', '2008-01-01 00:00:00', '2008-01-01 00:00:00'),
(913, 'chi', 139, '马鞍山', '', '2008-01-01 00:00:00', '2008-01-01 00:00:00'),
(912, 'chi', 140, '淮北', '', '2008-01-01 00:00:00', '2008-01-01 00:00:00'),
(911, 'chi', 141, '铜陵', '', '2008-01-01 00:00:00', '2008-01-01 00:00:00'),
(910, 'chi', 142, '安庆', '', '2008-01-01 00:00:00', '2008-01-01 00:00:00'),
(909, 'chi', 143, '黄山', '', '2008-01-01 00:00:00', '2008-01-01 00:00:00'),
(908, 'chi', 144, '滁州', '', '2008-01-01 00:00:00', '2008-01-01 00:00:00'),
(907, 'chi', 145, '阜阳', '', '2008-01-01 00:00:00', '2008-01-01 00:00:00'),
(906, 'chi', 146, '宿州', '', '2008-01-01 00:00:00', '2008-01-01 00:00:00'),
(905, 'chi', 147, '巢湖', '', '2008-01-01 00:00:00', '2008-01-01 00:00:00'),
(904, 'chi', 148, '六安', '', '2008-01-01 00:00:00', '2008-01-01 00:00:00'),
(903, 'chi', 149, '亳州', '', '2008-01-01 00:00:00', '2008-01-01 00:00:00'),
(902, 'chi', 150, '池州', '', '2008-01-01 00:00:00', '2008-01-01 00:00:00'),
(901, 'chi', 151, '宣城', '', '2008-01-01 00:00:00', '2008-01-01 00:00:00'),
(900, 'chi', 152, '福州', '', '2008-01-01 00:00:00', '2008-01-01 00:00:00'),
(899, 'chi', 153, '厦门', '', '2008-01-01 00:00:00', '2008-01-01 00:00:00'),
(898, 'chi', 154, '莆田', '', '2008-01-01 00:00:00', '2008-01-01 00:00:00'),
(897, 'chi', 155, '三明', '', '2008-01-01 00:00:00', '2008-01-01 00:00:00'),
(896, 'chi', 156, '泉州', '', '2008-01-01 00:00:00', '2008-01-01 00:00:00'),
(895, 'chi', 157, '漳州', '', '2008-01-01 00:00:00', '2008-01-01 00:00:00'),
(894, 'chi', 158, '南平', '', '2008-01-01 00:00:00', '2008-01-01 00:00:00'),
(893, 'chi', 159, '龙岩', '', '2008-01-01 00:00:00', '2008-01-01 00:00:00'),
(892, 'chi', 160, '宁德', '', '2008-01-01 00:00:00', '2008-01-01 00:00:00'),
(891, 'chi', 161, '南昌', '', '2008-01-01 00:00:00', '2008-01-01 00:00:00'),
(890, 'chi', 162, '景德镇', '', '2008-01-01 00:00:00', '2008-01-01 00:00:00'),
(889, 'chi', 163, '萍乡', '', '2008-01-01 00:00:00', '2008-01-01 00:00:00'),
(888, 'chi', 164, '九江', '', '2008-01-01 00:00:00', '2008-01-01 00:00:00'),
(887, 'chi', 165, '新余', '', '2008-01-01 00:00:00', '2008-01-01 00:00:00'),
(886, 'chi', 166, '鹰潭', '', '2008-01-01 00:00:00', '2008-01-01 00:00:00'),
(885, 'chi', 167, '赣州', '', '2008-01-01 00:00:00', '2008-01-01 00:00:00'),
(884, 'chi', 168, '吉安', '', '2008-01-01 00:00:00', '2008-01-01 00:00:00'),
(883, 'chi', 169, '宜春', '', '2008-01-01 00:00:00', '2008-01-01 00:00:00'),
(882, 'chi', 170, '抚州', '', '2008-01-01 00:00:00', '2008-01-01 00:00:00'),
(881, 'chi', 171, '上饶', '', '2008-01-01 00:00:00', '2008-01-01 00:00:00'),
(880, 'chi', 172, '济南', '', '2008-01-01 00:00:00', '2008-01-01 00:00:00'),
(879, 'chi', 173, '青岛', '', '2008-01-01 00:00:00', '2008-01-01 00:00:00'),
(878, 'chi', 174, '淄博', '', '2008-01-01 00:00:00', '2008-01-01 00:00:00'),
(877, 'chi', 175, '枣庄', '', '2008-01-01 00:00:00', '2008-01-01 00:00:00'),
(876, 'chi', 176, '东营', '', '2008-01-01 00:00:00', '2008-01-01 00:00:00'),
(875, 'chi', 177, '烟台', '', '2008-01-01 00:00:00', '2008-01-01 00:00:00'),
(874, 'chi', 178, '潍坊', '', '2008-01-01 00:00:00', '2008-01-01 00:00:00'),
(1239, 'chi', 397, '台中市', '', '2008-01-01 00:00:00', '2008-01-01 00:00:00'),
(1240, 'chi', 398, '台南市', '', '2008-01-01 00:00:00', '2008-01-01 00:00:00'),
(1241, 'chi', 399, '新竹市', '', '2008-01-01 00:00:00', '2008-01-01 00:00:00'),
(1242, 'chi', 400, '嘉义市', '', '2008-01-01 00:00:00', '2008-01-01 00:00:00'),
(1243, 'chi', 401, '台北县', '', '2008-01-01 00:00:00', '2008-01-01 00:00:00'),
(1244, 'chi', 402, '宜兰县', '', '2008-01-01 00:00:00', '2008-01-01 00:00:00'),
(1245, 'chi', 403, '桃园县', '', '2008-01-01 00:00:00', '2008-01-01 00:00:00'),
(1246, 'chi', 404, '新竹县', '', '2008-01-01 00:00:00', '2008-01-01 00:00:00'),
(1247, 'chi', 405, '苗栗县', '', '2008-01-01 00:00:00', '2008-01-01 00:00:00'),
(1248, 'chi', 406, '台中县', '', '2008-01-01 00:00:00', '2008-01-01 00:00:00'),
(1249, 'chi', 407, '彰化县', '', '2008-01-01 00:00:00', '2008-01-01 00:00:00'),
(1250, 'chi', 408, '南投县', '', '2008-01-01 00:00:00', '2008-01-01 00:00:00'),
(1251, 'chi', 409, '云林县', '', '2008-01-01 00:00:00', '2008-01-01 00:00:00'),
(1252, 'chi', 410, '嘉义县', '', '2008-01-01 00:00:00', '2008-01-01 00:00:00'),
(1253, 'chi', 411, '台南县', '', '2008-01-01 00:00:00', '2008-01-01 00:00:00'),
(1254, 'chi', 412, '高雄县', '', '2008-01-01 00:00:00', '2008-01-01 00:00:00'),
(1255, 'chi', 413, '屏东县', '', '2008-01-01 00:00:00', '2008-01-01 00:00:00'),
(1256, 'chi', 414, '澎湖县', '', '2008-01-01 00:00:00', '2008-01-01 00:00:00'),
(1257, 'chi', 415, '台东县', '', '2008-01-01 00:00:00', '2008-01-01 00:00:00'),
(1258, 'chi', 416, '花莲县', '', '2008-01-01 00:00:00', '2008-01-01 00:00:00'),
(1259, 'chi', 417, '三环以内包括亚运村', '', '2008-01-01 00:00:00', '2008-01-01 00:00:00'),
(1260, 'chi', 418, '三环外四环内', '', '2008-01-01 00:00:00', '2008-01-01 00:00:00');

--
-- 导出表中的数据 'svcart_sessions'
--


--
-- 导出表中的数据 'svcart_shippings'
--

INSERT INTO svcart_shippings (id, store_id, code, insure, support_cod, status, php_code, orderby, insure_fee, version, created, modified) VALUES
(1, 0, 'cac', '0', '1', '1', '', 0, 0.00, '', '2008-01-01 00:00:00', '2008-01-01 00:00:00'),
(2, 0, 'flat', '0', '0', '1', '', 0, 0.00, '', '2008-01-01 00:00:00', '2008-01-01 00:00:00');

--
-- 导出表中的数据 'svcart_shipping_areas'
--


--
-- 导出表中的数据 'svcart_shipping_area_i18ns'
--


--
-- 导出表中的数据 'svcart_shipping_area_regions'
--


--
-- 导出表中的数据 'svcart_shipping_i18ns'
--

INSERT INTO svcart_shipping_i18ns (id, locale, shipping_id, name, description, param, created, modified) VALUES
(1, 'chi', 1, '门店取货', '门店取货-描述-描述-描述-描述', '', '2008-01-01 00:00:00', '2008-01-01 00:00:00'),
(2, 'chi', 2, '送货上门', '送货上门-描述-描述-描述-描述', '', '2008-01-01 00:00:00', '2008-01-01 00:00:00');

--
-- 导出表中的数据 'svcart_stores'
--


--
-- 导出表中的数据 'svcart_store_i18ns'
--


--
-- 导出表中的数据 'svcart_store_products'
--


--
-- 导出表中的数据 'svcart_templates'
--

INSERT INTO svcart_templates (id, name, url, status, is_default, author, version, created, modified) VALUES
(1, 'SV_G00', '../themed/SV_G00/screenshot.png', '1', '1', 'Design ZYS Template maker ZSS', '1.0.0', '2009-04-15 14:27:10', '2008-01-01 00:00:00');

--
-- 导出表中的数据 'svcart_topics'
--


--
-- 导出表中的数据 'svcart_topic_i18ns'
--


--
-- 导出表中的数据 'svcart_topic_products'
--


--
-- 导出表中的数据 'svcart_users'
--


--
-- 导出表中的数据 'svcart_user_accounts'
--


--
-- 导出表中的数据 'svcart_user_addresses'
--


--
-- 导出表中的数据 'svcart_user_balance_logs'
--


--
-- 导出表中的数据 'svcart_user_configs'
--


--
-- 导出表中的数据 'svcart_user_config_i18ns'
--


--
-- 导出表中的数据 'svcart_user_favorites'
--


--
-- 导出表中的数据 'svcart_user_friends'
--


--
-- 导出表中的数据 'svcart_user_friend_cats'
--


--
-- 导出表中的数据 'svcart_user_infos'
--


--
-- 导出表中的数据 'svcart_user_info_i18ns'
--


--
-- 导出表中的数据 'svcart_user_info_values'
--


--
-- 导出表中的数据 'svcart_user_messages'
--


--
-- 导出表中的数据 'svcart_user_point_logs'
--


--
-- 导出表中的数据 'svcart_user_ranks'
--


--
-- 导出表中的数据 'svcart_user_rank_i18ns'
--


--
-- 导出表中的数据 'svcart_virtual_cards'
--