--
-- 数据库: 'svcart_data_primary'
--

--
-- 导出表中的数据 'svcart_advertisements'
--


--
-- 导出表中的数据 'svcart_advertisement_i18ns'
--


--
-- 导出表中的数据 'svcart_articles'
--

INSERT INTO svcart_articles (id, store_id, category_id, author_email, type, file_url, orderby, status, front, importance, clicked, created, modified) VALUES
(1, 0, 0, '作者01', '', '', 50, '1', '0', '0', 0, '2008-01-01 00:00:00', '2008-01-01 00:00:00'),
(2, 0, 0, '作者02', '', '', 50, '1', '0', '0', 0, '2008-01-01 00:00:00', '2008-01-01 00:00:00'),
(3, 0, 0, '作者03', '', '', 50, '1', '1', '0', 0, '2008-01-01 00:00:00', '2008-01-01 00:00:00'),
(5, 0, 0, 'info@seevia.cn', 'HTML', '', 50, '1', '0', '0', 0, '2009-05-12 18:28:22', '2009-05-15 11:55:59');

--
-- 导出表中的数据 'svcart_article_categories'
--

INSERT INTO svcart_article_categories (id, category_id, article_id, orderby, created, modified) VALUES
(1, 1, 1, 500, '2009-04-27 08:43:36', '2009-04-27 08:43:36'),
(2, 1, 2, 500, '2009-04-27 08:43:36', '2009-04-27 08:43:36'),
(3, 1, 3, 500, '2008-01-01 00:00:00', '2008-01-01 00:00:00'),
(4, 1, 5, 500, '2008-01-01 00:00:00', '2008-01-01 00:00:00');

--
-- 导出表中的数据 'svcart_article_i18ns'
--

INSERT INTO svcart_article_i18ns (id, locale, article_id, title, meta_keywords, meta_description, content, author, img01, img02, created, modified) VALUES
(1, 'chi', 1, '付款说明', '付款说明', '', '<p>付款说明：<br />\r\n1. 汇款时请多汇几元钱或者几角钱，如600.7元，目的是为了确认谁汇的款。<br />\r\n2. 付款后发EMAIL到：pay@studa.com，说明汇款日期、银行、金额、详细要求以及您的联系电话！<br />\r\n3. 九年相关业务成功运作经验，从没出现信誉问题，信用问题请查看信用说明。<br />\r\n4. 您有任何问题，请在7&times;8小时内通过服务热线:0737-2800345 2800007查询。<br />\r\n5. 您对服务人员的服务不满意，请投诉到站长信箱：studaa@gmail.com，站长24小时内一定给您解决。</p>', '', '', NULL, '2009-02-11 09:27:19', '2009-04-29 14:36:02'),
(2, 'chi', 2, '配送须知', '配送须知', '', '<p>1. 首先，您在易购商城进行购物时，请正确填写个人信息以便更好的享受我们的配送服务。<br />\r\n2.正常情况下，我们会在收到您货款的当日将您的货品发出。<br />\r\n3.一般情况下我们会以快递方式发出您的订单。72小时内您可以收到您的物品。国内大多数用户可以享受此服务。<br />\r\n4.对于极个别地区，我们可能会采用邮政方式寄出。收货时间大约在7－10天左右。对于此种方式，我们会在寄出前与您沟通。</p>\r\n<p>得到您的确认后，我们才会使用。<br />\r\n5.关于邮资收取，我们遵循以下原则：本埠（北京）单次交易100元以上免邮费，不足100元收取5元；外埠（不含港澳台）</p>\r\n<p>200元以上免邮费，不足200元收取10元。港澳台地区邮费按实际发生收取。</p>\r\n<p>6.由于委托第三方运输，请您务必在收到货物的第一时间查收，以确认您收到的物品数量和品质等与您的订单一致。如果有疑问，</p>\r\n<p>您可以在此时通知我们。如果您放弃这个权利，我们将视为您已经对收到的物品无任何异议。<br />\r\n7.我们不支持无条件退换货服务。如无质量问题，商品一经售出，将概不退货。所以为了最大限度的保证您的权益，在选购商品时，</p>\r\n<p>请您谨慎下单。</p>\r\n<p><br />\r\n感谢您阅读以上条款，祝您在本站购物愉快！<br />\r\n客服中心：（010）62195755</p>', '', '', NULL, '2009-02-11 09:27:19', '2009-04-30 11:36:27'),
(3, 'eng', 1, 'Payment Instruction', '付款说明', '', '<p>付款说明：<br />\r\n1. 汇款时请多汇几元钱或者几角钱，如600.7元，目的是为了确认谁汇的款。<br />\r\n2. 付款后发EMAIL到：pay@studa.com，说明汇款日期、银行、金额、详细要求以及您的联系电话！<br />\r\n3. 九年相关业务成功运作经验，从没出现信誉问题，信用问题请查看信用说明。<br />\r\n4. 您有任何问题，请在7&times;8小时内通过服务热线:0737-2800345 2800007查询。<br />\r\n5. 您对服务人员的服务不满意，请投诉到站长信箱：studaa@gmail.com，站长24小时内一定给您解决。</p>', '', '', NULL, '2009-02-11 09:27:19', '2009-04-29 14:36:02'),
(4, 'eng', 2, 'Shopping Information', '配送须知', '', '<p>1. 首先，您在易购商城进行购物时，请正确填写个人信息以便更好的享受我们的配送服务。<br />\r\n2.正常情况下，我们会在收到您货款的当日将您的货品发出。<br />\r\n3.一般情况下我们会以快递方式发出您的订单。72小时内您可以收到您的物品。国内大多数用户可以享受此服务。<br />\r\n4.对于极个别地区，我们可能会采用邮政方式寄出。收货时间大约在7－10天左右。对于此种方式，我们会在寄出前与您沟通。</p>\r\n<p>得到您的确认后，我们才会使用。<br />\r\n5.关于邮资收取，我们遵循以下原则：本埠（北京）单次交易100元以上免邮费，不足100元收取5元；外埠（不含港澳台）</p>\r\n<p>200元以上免邮费，不足200元收取10元。港澳台地区邮费按实际发生收取。</p>\r\n<p>6.由于委托第三方运输，请您务必在收到货物的第一时间查收，以确认您收到的物品数量和品质等与您的订单一致。如果有疑问，</p>\r\n<p>您可以在此时通知我们。如果您放弃这个权利，我们将视为您已经对收到的物品无任何异议。<br />\r\n7.我们不支持无条件退换货服务。如无质量问题，商品一经售出，将概不退货。所以为了最大限度的保证您的权益，在选购商品时，</p>\r\n<p>请您谨慎下单。</p>\r\n<p><br />\r\n感谢您阅读以上条款，祝您在本站购物愉快！<br />\r\n客服中心：（010）62195755</p>', '', '', NULL, '2009-02-11 09:27:19', '2009-04-30 11:36:27'),
(5, 'chi', 5, '用户注册协议', '', '', '<p>八、 责任范围及责任限制 <br />\r\n&nbsp;&nbsp;&nbsp; （一） 本公司仅对本协议中列明的责任承担范围负责。 <br />\r\n&nbsp;&nbsp;&nbsp; （二） 您明确因交易所产生的任何风险应由您与交易对方承担。<br />\r\n&nbsp;&nbsp;&nbsp; （三） 支付宝用户信息是由用户本人自行提供的，本公司无法保证该信息之准确、及时和完整，您应对您的判断承担全部责任。 <br />\r\n&nbsp;&nbsp;&nbsp; （四） 本公司不对交易标的及本服务提供任何形式的保证，包括但不限于以下事项： <br />\r\n&nbsp;&nbsp;&nbsp; 1、本服务符合您的需求。<br />\r\n&nbsp;&nbsp;&nbsp; 2、本服务不受干扰、及时提供或免于出错。<br />\r\n&nbsp;&nbsp;&nbsp; 3、您经由本服务购买或取得之任何产品、服务、资讯或其他资料符合您的期望。<br />\r\n&nbsp;&nbsp;&nbsp; （五） 本服务之合作单位，所提供之服务品质及内容由该合作单位自行负责。 <br />\r\n&nbsp;&nbsp;&nbsp; （六） 您经由本服务之使用下载或取得任何资料，应由您自行考量且自负风险，因资料之下载而导致您电脑系统之任何损坏或资料流失，您应负完全责任。<br />\r\n&nbsp;&nbsp;&nbsp; （七） 您自本公司及本公司工作人员或经由本服务取得之建议和资讯，无论其为书面或口头形式，均不构成本公司对本服务之保证。</p>', '', '', NULL, '2009-05-12 18:28:22', '2009-05-15 11:55:59'),
(6, 'eng', 5, '用户注册协议', '', '', '<p>8, the responsibility of the scope and limitation of liability  <br />\r\n&nbsp;&nbsp;&nbsp;&nbsp; (A) of the Company only to the agreements set out the scope of responsibility to bear the responsibility.  <br />\r\n&nbsp;&nbsp;&nbsp;&nbsp; (B) because of your explicit risks arising from any transaction by you and the other shoulder.  <br />\r\n&nbsp;&nbsp;&nbsp;&nbsp; (C) Bao-users pay for information is provided by the user of my own, the Company can not guarantee that the information is accurate, timely and complete, you should determine your shoulder all the responsibilities. <br />\r\n&nbsp;&nbsp;&nbsp;&nbsp; (D) the Company is not the subject of the transaction and the service providers of any kind, including but not limited to the following: <br />\r\n&nbsp;&nbsp;&nbsp;&nbsp; 1, the services will meet your needs.  <br />\r\n&nbsp;&nbsp;&nbsp;&nbsp; 2, the service uninterrupted, timely delivery, or from an error.  <br />\r\n&nbsp;&nbsp;&nbsp;&nbsp; 3, through the services you purchase or obtain any goods, services, information or other information in line with your expectations. <br />\r\n&nbsp;&nbsp;&nbsp;&nbsp; (E) in cooperation with the services, quality of service provided and the content of co-operation by the unit itself.  <br />\r\n&nbsp;&nbsp;&nbsp;&nbsp; (F) your use of this service by downloading or obtaining any information, should be considered on its own and your own risk, as a result of downloaded data on your computer system of any damage or data loss, you should bear full responsibility. <br />\r\n&nbsp;&nbsp;&nbsp;&nbsp; (G) the Company and your own staff members of the Company or through the services of the advice and information obtained, whether written or oral form, the Company does not constitute a guarantee of this service.</p>', '', '', NULL, '2009-05-12 18:28:22', '2009-05-15 11:55:59'),
(7, 'chi', 3, 'SV-Cart电子商务平台 v1.0 正式版发布了', '', '', '<p>免费版v1.0发布<br />\r\n功能介绍（包括免费版与商业版的功能对比）<br />\r\n免费、开源：SV-CART网上商城系统是一款开源免费的网上商城系统，是一套集网上购物和网站内容管理于一体的电子商务解决方案。<br />\r\n操作便捷、功能强劲：SV-CART系统注重操作上的便捷易用与功能上的强大完善，使您能方便自主的管理自己的网上店铺。前台：网上购物、会员管理、商品检 索等网上商店所需要的功能。后台：强大简便的网站内容管理功能，只需轻点鼠标、简单录入即可完成网上商城管理，如网站模板更换、编辑商品栏目、发货管理、 订单管理、批量导入数据功能、整合多种主流支付通道、内置多国语言等等。<br />\r\n性能好、速度快：SV-CART系统在网站速度上采用专业手段进行优化，速度快、性能好、操作便捷、安全性高。更可根据客户需求进行搜索引擎优化，使您在GOOGLE、BAIDU的搜索结果上名列前茅。</p>', '', NULL, NULL, '2008-01-01 00:00:00', '2008-01-01 00:00:00'),
(8, 'eng', 3, 'SV-Cart e-commerce platform for the official version v1.0 released', '', '', '<p>免费版v1.0发布<br />\r\n功能介绍（包括免费版与商业版的功能对比）<br />\r\n免费、开源：SV-CART网上商城系统是一款开源免费的网上商城系统，是一套集网上购物和网站内容管理于一体的电子商务解决方案。<br />\r\n操作便捷、功能强劲：SV-CART系统注重操作上的便捷易用与功能上的强大完善，使您能方便自主的管理自己的网上店铺。前台：网上购物、会员管理、商品检 索等网上商店所需要的功能。后台：强大简便的网站内容管理功能，只需轻点鼠标、简单录入即可完成网上商城管理，如网站模板更换、编辑商品栏目、发货管理、 订单管理、批量导入数据功能、整合多种主流支付通道、内置多国语言等等。<br />\r\n性能好、速度快：SV-CART系统在网站速度上采用专业手段进行优化，速度快、性能好、操作便捷、安全性高。更可根据客户需求进行搜索引擎优化，使您在GOOGLE、BAIDU的搜索结果上名列前茅。</p>', '', NULL, NULL, '2008-01-01 00:00:00', '2008-01-01 00:00:00');

--
-- 导出表中的数据 'svcart_booking_products'
--


--
-- 导出表中的数据 'svcart_brands'
--


--
-- 导出表中的数据 'svcart_brand_i18ns'
--


--
-- 导出表中的数据 'svcart_cards'
--


--
-- 导出表中的数据 'svcart_card_i18ns'
--


--
-- 导出表中的数据 'svcart_carts'
--


--
-- 导出表中的数据 'svcart_categories'
--

INSERT INTO svcart_categories (id, parent_id, type, orderby, status, link, img01, img02, created, modified) VALUES
(1, 0, 'A', 50, '1', '', '', '', '2008-01-01 00:00:00', '2008-01-01 00:00:00'),
(2, 0, 'A', 50, '1', '', '', '', '2009-04-09 05:32:25', '2009-04-09 05:32:25'),
(3, 0, 'A', 50, '1', '', '', '', '2008-01-01 00:00:00', '2008-01-01 00:00:00');

--
-- 导出表中的数据 'svcart_category_i18ns'
--

INSERT INTO svcart_category_i18ns (id, locale, category_id, name, meta_keywords, meta_description, detail, img01, img02, img03, created, modified) VALUES
(1, 'chi', 1, '最新咨询', '', '', '', NULL, NULL, NULL, '2008-01-01 00:00:00', '2008-01-01 00:00:00'),
(2, 'chi', 2, '活动看板', '', '', '', NULL, NULL, NULL, '2008-01-01 00:00:00', '2008-01-01 00:00:00'),
(3, 'chi', 3, '精彩专题', '', '', '', NULL, NULL, NULL, '2008-01-01 00:00:00', '2008-01-01 00:00:00'),
(4, 'eng', 1, 'News', '', '', '', NULL, NULL, NULL, '2008-01-01 00:00:00', '2008-01-01 00:00:00'),
(5, 'eng', 2, 'Activities Board', '', '', '', NULL, NULL, NULL, '2008-01-01 00:00:00', '2008-01-01 00:00:00'),
(6, 'eng', 3, 'Exciting Topic', '', '', '', NULL, NULL, NULL, '2008-01-01 00:00:00', '2008-01-01 00:00:00');

--
-- 导出表中的数据 'svcart_comments'
--


--
-- 导出表中的数据 'svcart_configs'
--

INSERT INTO svcart_configs (id, store_id, group_code, code, type, orderby, created, modified) VALUES
(25, 0, 'products_show_setting', 'show_member_level_price', 'radio', 50, '2008-01-01 00:00:00', '2009-03-10 09:23:36'),
(32, 0, 'user_setting', 'register_question', 'checkbox', 50, '2008-01-01 00:00:00', '2009-03-18 02:38:52'),
(217, 0, 'shop_setting', 'shop_name', 'text', 0, '2009-02-24 07:37:58', '2009-04-20 03:20:12'),
(218, 0, 'shop_setting', 'shop_title', 'text', 0, '2009-02-24 07:39:09', '2009-04-20 05:54:21'),
(219, 0, 'shop_setting', 'shop_description', 'text', 0, '2009-02-24 07:40:41', '2009-02-24 07:40:41'),
(220, 0, 'shop_setting', 'shop_keywords', 'text', 0, '2009-02-24 07:41:36', '2009-05-12 16:33:57'),
(224, 0, 'shop_setting', 'company_address', 'text', 0, '2009-02-24 07:44:25', '2009-03-12 02:09:59'),
(225, 0, 'shop_setting', 'qq', 'text', 0, '2009-02-24 07:44:53', '2009-04-20 03:20:54'),
(226, 0, 'shop_setting', 'ww', 'text', 0, '2009-02-24 07:45:29', '2009-04-20 03:21:27'),
(227, 0, 'shop_setting', 'skype', 'text', 0, '2009-02-24 07:46:18', '2009-04-20 03:21:56'),
(228, 0, 'shop_setting', 'ym', 'text', 0, '2009-02-24 07:46:59', '2009-04-20 03:22:26'),
(229, 0, 'shop_setting', 'msn', 'text', 0, '2009-02-24 07:47:37', '2009-04-20 03:22:57'),
(230, 0, 'shop_setting', 'customer_service_email', 'text', 0, '2009-02-24 07:48:07', '2009-03-12 02:12:41'),
(231, 0, 'shop_setting', 'customer_service_phone', 'text', 0, '2009-02-24 07:48:46', '2009-03-12 02:13:23'),
(232, 0, 'shop_setting', 'shop_temporal_closed', 'radio', 0, '2009-02-24 07:49:20', '2009-04-21 04:58:59'),
(233, 0, 'shop_setting', 'closed_reason', 'text', 0, '2009-02-24 07:50:05', '2009-02-24 07:50:05'),
(234, 0, 'shop_setting', 'shop_logo', 'image', 0, '2009-02-24 07:51:53', '2009-04-20 03:23:23'),
(236, 0, 'shop_setting', 'user_center_notice', 'text', 0, '2009-02-24 08:01:13', '2009-04-20 03:23:47'),
(237, 0, 'shop_setting', 'shop_notice', 'text', 0, '2009-02-24 08:01:46', '2009-04-20 03:24:17'),
(238, 0, 'shop_setting', 'enable_registration_closed', 'radio', 0, '2009-02-24 08:02:32', '2009-03-09 09:36:08'),
(241, 0, 'basic_setting', 'icp_number', 'text', 0, '2009-02-24 08:09:49', '2009-04-23 08:40:38'),
(243, 0, 'basic_setting', 'watermark_file', 'image', 0, '2009-02-24 08:11:02', '2009-03-12 09:58:38'),
(244, 0, 'basic_setting', 'watermark_location', 'radio', 0, '2009-03-03 03:38:19', '2009-03-11 14:46:52'),
(245, 0, 'basic_setting', 'watermark_transparency', 'text', 0, '2009-02-24 08:12:26', '2009-04-20 03:24:58'),
(246, 0, 'basic_setting', 'enable_stock_manage', 'radio', 0, '2009-03-03 03:37:46', '2009-03-09 09:39:21'),
(247, 0, 'basic_setting', 'market_price_rate', 'text', 0, '2009-02-24 08:13:31', '2009-04-20 03:25:36'),
(252, 0, 'basic_setting', 'products_code_prefix', 'text', 0, '2009-02-24 08:15:58', '2009-03-12 02:16:34'),
(253, 0, 'basic_setting', 'enable_user_comment_check', 'radio', 0, '2009-03-02 09:42:09', '2009-03-30 17:53:24'),
(254, 0, 'basic_setting', 'products_default_image', 'image', 0, '2009-02-24 08:17:09', '2009-03-12 08:04:28'),
(255, 0, 'basic_setting', 'statistic_code', 'textarea', 0, '2009-02-24 08:17:34', '2009-04-20 03:26:34'),
(257, 0, 'point_setting', 'register_gift_points', 'radio', 1, '2009-02-24 08:18:40', '2009-04-30 09:49:02'),
(258, 0, 'basic_setting', 'enable_gzip', 'radio', 0, '2009-02-24 08:19:08', '2009-04-20 03:27:03'),
(260, 0, 'basic_setting', 'default_timezone', 'select', 0, '2009-02-24 08:20:04', '2009-05-19 06:55:49'),
(263, 0, 'basic_setting', 'products_comment_condition', 'radio', 0, '2009-02-24 08:21:32', '2009-03-10 08:00:28'),
(264, 0, 'basic_setting', 'enable_new_order_remind', 'radio', 0, '2009-02-24 08:27:17', '2009-03-09 15:07:37'),
(265, 0, 'basic_setting', 'default_stock', 'text', 0, '2009-02-24 08:27:59', '2009-04-20 03:27:33'),
(268, 0, 'email', 'enable_auto_send_mail', 'radio', 40, '2009-02-24 08:29:29', '2009-04-20 00:32:36'),
(270, 0, 'basic_setting', 'retain_original_image_when_upload_products', 'radio', 0, '2009-03-02 09:47:56', '2009-03-09 10:02:18'),
(271, 0, 'basic_setting', 'enable_members_mail_verify', 'radio', 0, '2009-03-02 09:48:40', '2009-03-09 10:04:14'),
(273, 0, 'show_setting', 'home_search_keywords', 'text', 0, '2009-02-24 08:32:35', '2009-04-20 05:52:40'),
(277, 0, 'show_setting', 'thumbl_image_width', 'text', 0, '2009-02-24 08:34:28', '2009-03-11 16:17:47'),
(278, 0, 'show_setting', 'thumb_image_height', 'text', 0, '2009-02-24 08:34:58', '2009-03-11 16:18:18'),
(279, 0, 'show_setting', 'image_width', 'text', 0, '2009-02-24 08:35:39', '2009-03-11 15:06:18'),
(280, 0, 'show_setting', 'image_height', 'text', 0, '2009-02-24 08:36:04', '2009-03-11 15:06:37'),
(281, 0, 'show_setting', 'sales_top_number', 'text', 0, '2009-02-24 08:36:29', '2009-03-12 03:12:11'),
(283, 0, 'show_setting', 'comments_number', 'text', 0, '2009-02-24 08:45:30', '2009-04-20 03:29:17'),
(284, 0, 'show_setting', 'related_products_number', 'text', 0, '2009-02-24 08:46:04', '2009-04-20 03:29:37'),
(285, 0, 'show_setting', 'latest_article_show_number', 'text', 0, '2009-02-24 08:46:31', '2009-03-12 03:12:28'),
(286, 0, 'show_setting', 'products_name_length', 'text', 0, '2009-02-24 08:46:55', '2009-02-24 08:46:55'),
(287, 0, 'show_setting', 'products_price_show_format', 'radio', 0, '2009-02-24 08:47:22', '2009-03-12 03:13:05'),
(288, 0, 'show_setting', 'products_category_page_size', 'text', 0, '2009-02-24 08:47:47', '2009-03-12 03:14:04'),
(289, 0, 'show_setting', 'products_category_page_orderby_type', 'radio', 0, '2009-02-24 08:48:26', '2009-03-11 03:09:43'),
(290, 0, 'show_setting', 'products_category_page_orderby_method', 'radio', 0, '2009-02-24 08:49:11', '2009-03-11 03:14:05'),
(293, 0, 'show_setting', 'products_detail_page_gallery_number', 'text', 0, '2009-02-24 08:52:03', '2009-02-24 08:52:03'),
(294, 0, 'show_setting', 'article_title_length', 'text', 0, '2009-02-24 08:52:30', '2009-04-20 08:46:48'),
(299, 0, 'show_setting', 'related_products_show_number', 'text', 0, '2009-02-24 08:55:39', '2009-04-20 03:30:12'),
(301, 0, 'show_setting', 'article_category_page_list_number', 'text', 0, '2009-02-24 08:56:54', '2009-03-12 03:15:17'),
(302, 0, 'show_setting', 'paging_type', 'radio', 0, '2009-03-02 09:32:54', '2009-03-09 10:18:04'),
(303, 0, 'show_setting', 'recommend_products_orderby', 'radio', 0, '2009-03-02 09:42:58', '2009-03-12 03:17:50'),
(304, 0, 'shop_flow', 'cart_confirm_notice', 'select', 0, '2009-03-02 09:47:05', '2009-04-26 01:36:09'),
(305, 0, 'shop_flow', 'enable_invoice', 'radio', 0, '2009-03-02 10:11:34', '2009-03-10 02:10:16'),
(306, 0, 'point_setting', 'enable_points', 'radio', 0, '2009-03-02 10:10:59', '2009-03-12 03:19:08'),
(307, 0, 'shop_flow', 'enable_bonus', 'radio', 0, '2009-03-02 10:10:19', '2009-03-09 10:20:03'),
(308, 0, 'shop_flow', 'enable_balance', 'radio', 0, '2009-03-02 10:09:27', '2009-03-09 10:20:47'),
(309, 0, 'shop_flow', 'enable_out_of_stock_handle', 'radio', 0, '2009-03-02 10:08:49', '2009-04-20 03:31:16'),
(310, 0, 'send_email_setting', 'enable_send_confirm_email', 'radio', 1, '2009-03-02 09:50:25', '2009-05-07 16:48:23'),
(311, 0, 'send_email_setting', 'enable_send_ship_email', 'radio', 3, '2009-03-03 03:28:11', '2009-05-07 16:50:40'),
(312, 0, 'send_email_setting', 'enable_send_cancel_email', 'radio', 1, '2009-03-03 03:28:45', '2009-05-07 16:52:29'),
(313, 0, 'send_email_setting', 'enable_send_invalid_email', 'radio', 0, '2009-03-03 03:29:18', '2009-05-07 16:54:02'),
(314, 0, 'shop_flow', 'write_order_pay_remark', 'radio', 0, '2009-02-24 09:04:57', '2009-05-07 17:12:51'),
(315, 0, 'shop_flow', 'write_order_unpay_remark', 'radio', 0, '2009-03-03 03:29:56', '2009-05-07 17:13:27'),
(316, 0, 'shop_flow', 'write_order_ship_remark', 'radio', 0, '2009-03-03 03:30:37', '2009-05-07 17:16:05'),
(317, 0, 'shop_flow', 'write_order_receive_remark', 'radio', 0, '2009-03-03 03:31:09', '2009-05-07 17:13:58'),
(318, 0, 'shop_flow', 'write_order_unship_remark', 'radio', 0, '2009-03-03 03:31:49', '2009-05-07 17:15:14'),
(319, 0, 'shop_flow', 'write_order_return_remark', 'radio', 0, '2009-03-03 03:32:26', '2009-05-07 17:17:04'),
(320, 0, 'shop_flow', 'write_order_invalid_remark', 'radio', 0, '2009-03-03 03:32:59', '2009-05-07 17:15:44'),
(321, 0, 'shop_flow', 'write_order_cancel_remark', 'radio', 0, '2009-03-03 03:33:32', '2009-05-07 17:16:50'),
(322, 0, 'shop_flow', 'invoice_content', 'radio', 0, '2009-02-24 09:09:16', '2009-04-20 03:31:46'),
(323, 0, 'shop_flow', 'enable_guest_buy', 'radio', 0, '2009-03-03 03:26:19', '2009-03-25 07:36:21'),
(324, 0, 'shop_flow', 'min_buy_amount', 'text', 0, '2009-03-03 03:25:49', '2009-04-20 03:32:07'),
(325, 0, 'shop_flow', 'enable_one_step_buy', 'radio', 0, '2009-03-02 10:12:48', '2009-03-09 10:27:50'),
(326, 0, 'shop_flow', 'invoice_type_tax_rate', 'radio', 0, '2009-03-02 10:13:22', '2009-03-09 10:28:13'),
(327, 0, 'shop_flow', 'enable_decrease_stock_time', 'radio', 0, '2009-03-02 10:14:05', '2009-03-10 08:43:24'),
(328, 0, 'send_email_setting', 'enable_send_confirm_email_customer_service', 'radio', 2, '2009-03-02 10:14:34', '2009-05-07 17:09:03'),
(329, 0, 'shop_flow', 'enable_products_show_method', 'radio', 0, '2009-03-03 03:20:24', '2009-03-30 14:45:24'),
(330, 0, 'shop_flow', 'enable_show_products_attribute', 'radio', 0, '2009-03-03 03:21:13', '2009-03-30 14:44:49'),
(331, 0, 'products_show_setting', 'show_product_code', 'radio', 0, '2009-03-03 03:21:59', '2009-03-09 10:30:28'),
(332, 0, 'products_show_setting', 'show_brand', 'radio', 0, '2009-03-03 03:22:25', '2009-03-10 09:28:03'),
(333, 0, 'products_show_setting', 'show_weight', 'radio', 0, '2009-03-03 03:22:54', '2009-03-10 09:12:18'),
(334, 0, 'products_show_setting', 'show_stock', 'radio', 0, '2009-03-03 03:23:27', '2009-03-10 09:15:13'),
(335, 0, 'products_show_setting', 'show_onsale_time', 'radio', 0, '2009-03-03 03:23:57', '2009-03-10 09:17:26'),
(336, 0, 'products_show_setting', 'products_attribute_show_type', 'radio', 0, '2009-03-03 03:24:28', '2009-03-12 03:25:53'),
(337, 0, 'products_show_setting', 'show_market_price', 'radio', 0, '2009-03-03 03:25:02', '2009-04-27 01:33:52'),
(346, 0, 'shop_setting', 'access_right', 'radio', 0, '2009-03-10 08:17:55', '2009-03-10 09:43:55'),
(347, 0, 'basic_setting', 'display_products_code', 'radio', 0, '2009-03-10 08:20:36', '2009-03-10 09:26:56'),
(348, 0, 'basic_setting', 'display_picture', 'radio', 0, '2009-03-10 08:22:06', '2009-04-23 08:47:15'),
(349, 0, 'basic_setting', 'show_count', 'text', 0, '2009-03-10 08:23:52', '2009-03-12 07:02:17'),
(350, 0, 'basic_setting', 'promotion_count', 'text', 0, '2009-03-10 08:25:06', '2009-03-11 04:37:42'),
(351, 0, 'products_list_setting', 'show_list', 'radio', 0, '2009-03-10 08:27:42', '2009-03-12 03:26:16'),
(352, 0, 'products_list_setting', 'show_picture', 'radio', 0, '2009-03-10 08:29:19', '2009-03-10 08:29:19'),
(353, 0, 'products_list_setting', 'order_type', 'radio', 0, '2009-03-10 08:33:52', '2009-04-16 10:36:15'),
(354, 0, 'user_setting', 'add_address_count', 'text', 0, '2009-03-10 08:35:40', '2009-04-23 08:18:35'),
(355, 0, 'user_setting', 'friend_category', 'text', 0, '2009-03-10 08:42:36', '2009-04-23 07:59:16'),
(356, 0, 'user_setting', 'friend_count', 'text', 0, '2009-03-10 08:43:22', '2009-04-23 07:59:27'),
(357, 0, 'user_setting', 'voucher', 'radio', 0, '2009-03-10 08:45:30', '2009-04-21 05:11:28'),
(358, 0, 'products_list_setting', 'products_category', 'select', 0, '2009-03-10 09:37:13', '2009-04-16 09:43:37'),
(359, 0, 'products_list_setting', 'products_type', 'select', 0, '2009-03-10 09:41:52', '2009-04-16 09:45:36'),
(360, 0, 'products_list_setting', 'current_sale', 'text', 0, '2009-03-10 09:43:20', '2009-03-10 09:44:06'),
(361, 0, 'products_list_setting', 'views_count', 'text', 0, '2009-03-10 09:45:30', '2009-03-10 09:45:30'),
(362, 0, 'products_show_setting', 'show_sale_stat', 'radio', 0, '2009-03-10 09:58:10', '2009-03-10 09:58:10'),
(363, 0, 'products_show_setting', 'show_view_stat', 'radio', 0, '2009-03-10 10:01:56', '2009-03-10 10:01:56'),
(364, 0, 'products_show_setting', 'show_product_category', 'radio', 0, '2009-03-10 10:05:01', '2009-03-10 10:05:01'),
(365, 0, 'products_show_setting', 'show_product_type', 'radio', 0, '2009-03-10 10:10:13', '2009-03-10 10:10:13'),
(366, 0, 'show_setting', 'related_articles_number', 'text', 0, '2009-03-10 10:14:40', '2009-03-12 03:26:37'),
(367, 0, 'shop_flow', 'enable_buy_packing', 'radio', 0, '2009-03-10 10:19:07', '2009-03-10 10:19:07'),
(368, 0, 'shop_flow', 'enable_buy_card', 'radio', 0, '2009-03-10 10:21:24', '2009-03-10 10:21:24'),
(369, 0, 'shop_flow', 'show_L', 'radio', 0, '2009-03-10 10:53:47', '2009-04-28 03:50:55'),
(370, 0, 'shop_flow', 'show_G', 'radio', 0, '2009-03-10 10:57:51', '2009-03-10 10:57:51'),
(371, 0, 'shop_flow', 'show_T', 'radio', 0, '2009-03-10 10:58:49', '2009-03-10 10:58:49'),
(373, 0, 'basic_setting', 'search_prouduct_type', 'checkbox', 0, '2009-03-11 05:52:58', '2009-03-11 05:52:58'),
(382, 0, 'email', 'mail_service', 'radio', 1, '2009-03-12 05:55:16', '2009-04-21 07:44:39'),
(383, 0, 'email', 'smtp_host', 'text', 10, '2009-03-12 05:59:19', '2009-04-20 00:32:57'),
(384, 0, 'email', 'smtp_port', 'text', 15, '2009-03-12 05:59:28', '2009-04-20 00:33:29'),
(385, 0, 'email', 'smtp_user', 'text', 20, '2009-03-12 06:01:27', '2009-04-20 00:34:09'),
(386, 0, 'email', 'smtp_pass', 'text', 25, '2009-03-12 06:02:13', '2009-04-20 05:36:11'),
(387, 0, 'email', 'smtp_mail', 'text', 30, '2009-03-12 06:02:53', '2009-03-12 06:02:53'),
(388, 0, 'email', 'mail_charset', 'radio', 35, '2009-03-12 06:04:33', '2009-03-12 06:04:33'),
(389, 0, 'email', 'test_mail_address', 'text', 45, '2009-03-12 06:06:38', '2009-03-12 06:06:38'),
(392, 0, 'basic_setting', 'is_watermark', 'radio', 5, '2009-03-19 05:40:01', '2009-03-19 05:40:01'),
(393, 0, 'show_setting', 'search_autocomplete_image_width', 'text', 34, '2009-03-23 05:15:27', '2009-04-02 10:36:38'),
(394, 0, 'show_setting', 'search_autocomplete_image_height', 'text', 40, '2009-03-23 05:16:07', '2009-03-23 05:16:07'),
(396, 0, 'point_setting', 'first_points', 'text', 1, '2009-03-30 17:10:18', '2009-03-30 17:31:00'),
(397, 0, 'point_setting', 'order_gift_points', 'radio', 2, '2009-03-30 17:32:49', '2009-03-30 17:32:49'),
(398, 0, 'point_setting', 'order_points', 'text', 3, '2009-03-30 17:33:39', '2009-03-30 17:33:39'),
(399, 0, 'point_setting', 'out_order_gift_points', 'radio', 4, '2009-03-30 17:35:35', '2009-03-30 17:37:37'),
(400, 0, 'point_setting', 'out_order_points', 'text', 5, '2009-03-30 17:36:28', '2009-03-30 17:36:28'),
(401, 0, 'point_setting', 'recommend_gift_points', 'radio', 7, '2009-03-30 17:49:15', '2009-03-30 17:49:15'),
(402, 0, 'point_setting', 'recommend_points', 'text', 7, '2009-03-30 17:58:42', '2009-03-30 17:58:42'),
(403, 0, 'point_setting', 'recommend_buy_gift_points', 'radio', 8, '2009-03-30 18:07:38', '2009-03-30 18:07:38'),
(404, 0, 'point_setting', 'recommend_buy_points', 'text', 9, '2009-03-30 18:08:30', '2009-03-30 18:08:30'),
(405, 0, 'point_setting', 'buy_gift_points', 'radio', 6, '2009-03-30 18:12:04', '2009-03-31 15:53:33'),
(406, 0, 'point_setting', 'buy_points', 'text', 5, '2009-03-30 18:13:02', '2009-03-31 15:51:01'),
(407, 0, 'show_setting', 'promotions_page_list_number', 'text', 8, '2009-03-31 14:59:25', '2009-03-31 14:59:25'),
(408, 0, 'point_setting', 'proportion_point', 'text', 10, '2009-03-31 17:37:20', '2009-03-31 17:40:05'),
(409, 0, 'point_setting', 'conversion_ratio_point', 'text', 11, '2009-03-31 17:39:37', '2009-03-31 17:39:37'),
(410, 0, 'point_setting', 'order_smallest', 'text', 7, '2009-04-01 14:32:28', '2009-04-01 14:32:28'),
(411, 0, 'basic_setting', 'is_guides', 'radio', 2, '2009-04-02 05:24:23', '2009-04-02 05:25:44'),
(412, 0, 'email', 'email_notification', 'radio', 50, '2009-04-02 13:54:48', '2009-04-02 13:54:48'),
(419, 0, 'show_setting', 'price_format', 'text', 50, '2009-04-25 12:07:00', '2009-04-25 12:07:00'),
(420, 0, 'coupon_setting', 'register_coupons', 'radio', 50, '2009-04-30 09:49:47', '2009-05-04 11:39:45'),
(421, 0, 'coupon_setting', 'use_coupons', 'radio', 50, '2009-05-04 03:34:11', '2009-05-04 03:34:11'),
(422, 0, 'coupon_setting', 'send_coupons', 'radio', 50, '2009-05-04 03:35:45', '2009-05-04 03:35:45'),
(424, 0, 'Email', 'smtp_ssl', 'radio', 5, '2009-05-14 15:53:50', '2009-05-14 15:54:31'),
(427, 0, 'basic_setting', 'version', 'text', 50, '2009-05-19 06:23:46', '2009-05-19 06:23:46');

--
-- 导出表中的数据 'svcart_config_i18ns'
--

INSERT INTO svcart_config_i18ns (id, locale, config_id, name, value, options, description, created, modified) VALUES
(1, 'chi', 398, '下单增送积分数', '20', '', '下单增送积分数', '2009-03-30 17:33:39', '2009-03-30 17:33:39'),
(2, 'chi', 399, '超过订单金额是否送积分', '1', '0:否\r\n1:是', '超过订单金额是否送积分', '2009-03-30 17:35:35', '2009-03-30 17:37:37'),
(3, 'chi', 409, '积分换算比例', '100', '', '每100积分可抵多少元现金', '2009-03-31 17:39:37', '2009-03-31 17:39:37'),
(4, 'chi', 410, '积分赠送最小订单金额', '200', '', '积分赠送最小订单金额', '2009-04-01 14:32:28', '2009-04-01 14:32:28'),
(5, 'chi', 407, '促销页列表的数量', '10', '', '促销页列表的数量', '2009-03-31 14:59:25', '2009-03-31 14:59:25'),
(6, 'chi', 408, '积分支付比例', '10', '', '每100元商品最多可以使用多少元积分', '2009-03-31 17:37:20', '2009-03-31 17:40:05'),
(7, 'chi', 400, '超过订单金额增送积分数', '30', '', '超过订单金额增送积分数', '2009-03-30 17:36:28', '2009-03-30 17:36:28'),
(8, 'chi', 406, '7天内无退货赠送积分数', '30', '', '7天内无退货赠送积分数', '2009-03-30 18:13:02', '2009-03-31 15:51:01'),
(9, 'chi', 405, '7天内无退货是否送积分', '1', '0:否\r\n1:是', '7天内无退货是否送积分', '2009-03-30 18:12:04', '2009-03-31 15:53:33'),
(10, 'chi', 411, '是否弹出向导', '1', '1:是\r\n0:否', '是否弹出向导', '2009-04-02 05:24:23', '2009-04-02 05:25:44'),
(11, 'chi', 412, '订阅邮件通知', '1', '0:不发送邮件\r\n1:发送邮件', '订阅邮件通知', '2009-04-02 13:54:48', '2009-04-02 13:54:48'),
(12, 'chi', 404, '推荐好友购物赠送积分数', '50', '', '推荐好友购物赠送积分数', '2009-03-30 18:08:30', '2009-03-30 18:08:30'),
(13, 'chi', 402, '推荐好友赠送送积分数', '5', '', '推荐好友赠送送积分数', '2009-03-30 17:58:42', '2009-03-30 17:58:42'),
(14, 'chi', 401, '推荐好友是否送积分', '1', '0:否\r\n1:是', '推荐好友是否送积分', '2009-03-30 17:49:15', '2009-03-30 17:49:15'),
(15, 'chi', 397, '下单是否送积分', '1', '0:否\r\n1:是', '下单是否送积分', '2009-03-30 17:32:49', '2009-03-30 17:32:49'),
(16, 'chi', 396, '会员注册赠送积分数', '10', '', '会员注册赠送积分数', '2009-03-30 17:10:18', '2009-03-30 17:31:00'),
(17, 'chi', 394, '快速搜索图片高度', '40', '', '', '2009-03-23 05:16:07', '2009-03-23 05:16:07'),
(18, 'chi', 393, '快速搜索图片宽度', '60', '', '', '2009-03-23 05:15:27', '2009-04-02 10:36:38'),
(19, 'chi', 392, '是否添加水印', '1', '0:否\r\n1:是', '', '2009-03-19 05:40:01', '2009-03-19 05:40:01'),
(20, 'chi', 389, '邮件地址', '', '', '', '2009-03-12 06:06:38', '2009-03-12 06:06:38'),
(21, 'chi', 388, '邮件编码', '0', '0:国际化编码（utf8）\r\n1:简体中文\r\n2:繁体中文', '', '2009-03-12 06:04:33', '2009-03-12 06:04:33'),
(22, 'chi', 387, '邮件回复地址', '', '', '', '2009-03-12 06:02:53', '2009-03-12 06:02:53'),
(23, 'chi', 386, '帐号密码', '', '', '', '2009-03-12 06:02:13', '2009-03-12 06:02:13'),
(24, 'chi', 373, '搜索商品的显示方式', '0;1;2', '0:显示商品图片\r\n1:显示商品名\r\n2:显示商品编号', '', '2009-03-11 05:52:58', '2009-03-11 05:52:58'),
(25, 'chi', 370, '是否启用商品图文表格显示', '1', '0:不启用\r\n1:启用', '', '2009-03-10 10:57:51', '2009-03-10 10:57:51'),
(26, 'chi', 369, '是否启用商品图文列显示', '1', '0:不启用\r\n1:启用', '', '2009-03-10 10:53:47', '2009-04-28 03:50:55'),
(27, 'chi', 368, '是否可选贺卡', '1', '0:不可以\r\n1:可以', '', '2009-03-10 10:21:24', '2009-03-10 10:21:24'),
(28, 'chi', 367, '是否可选包装', '1', '0:不可以\r\n1:可以', '', '2009-03-10 10:19:07', '2009-03-10 10:19:07'),
(29, 'chi', 366, '相关文章数量', ' 2 ', ' ', '相关文章数量', '2009-03-10 10:14:40', '2009-03-12 03:26:37'),
(30, 'chi', 365, '显示商品类型 ', '1', '0:不显示\r\n1:显示', '', '2009-03-10 10:10:13', '2009-03-10 10:10:13'),
(31, 'chi', 364, '显示商品分类', '1', '0:不显示\r\n1:显示', '', '2009-03-10 10:05:01', '2009-03-10 10:05:01'),
(32, 'chi', 363, '显示浏览次数', '1', '0:不显示\r\n1:显示', '', '2009-03-10 10:01:56', '2009-03-10 10:01:56'),
(33, 'chi', 362, '是否显示出售次数', '1', '0:不显示\r\n1:显示', '', '2009-03-10 09:58:10', '2009-03-10 09:58:10'),
(34, 'chi', 361, '浏览次数', '20', '', '', '2009-03-10 09:45:30', '2009-03-10 09:45:30'),
(35, 'chi', 360, '本期售出', '20  ', ' ', '本期售出', '2009-03-10 09:43:20', '2009-03-10 09:44:06'),
(36, 'chi', 359, '商品类型', '1', '1:普通\r\n2:特殊', '', '2009-03-10 09:41:52', '2009-03-10 09:41:52'),
(37, 'chi', 358, '商品分类', '1', '1:经典\r\n2:时尚\r\n ', '商品分类', '2009-03-10 09:37:13', '2009-03-10 09:39:50'),
(38, 'chi', 357, '是否可充值', '1', '0:否\r\n1:是', '', '2009-03-10 08:45:30', '2009-03-10 08:45:30'),
(39, 'chi', 356, '好友个数', '20', '', '', '2009-03-10 08:43:22', '2009-03-10 08:43:22'),
(40, 'chi', 353, '排序方式', '1', '0:DESC\r\n1:ASC', '', '2009-03-10 08:33:52', '2009-03-10 08:33:52'),
(41, 'chi', 352, '是否显示图片', '1', '0:否\r\n1:是', '', '2009-03-10 08:29:19', '2009-03-10 08:29:19'),
(42, 'chi', 351, '是否显示列表', '1', '0:否\r\n1:是 ', '是否显示列表', '2009-03-10 08:27:42', '2009-03-12 03:26:16'),
(43, 'chi', 350, '促销新品推荐个数', ' 10 ', ' ', '促销新品推荐个数', '2009-03-10 08:25:06', '2009-03-11 04:37:42'),
(44, 'chi', 349, '显示个数', '  20  ', '  ', '显示个数', '2009-03-10 08:23:52', '2009-03-12 07:02:17'),
(45, 'chi', 348, '是否显示图片', '1', '0:否\r\n1:是', '', '2009-03-10 08:22:06', '2009-03-10 08:22:06'),
(46, 'chi', 347, '是否显示货号', '1', '0:否\r\n1:是  ', '是否显示货号', '2009-03-10 08:20:36', '2009-03-10 09:26:56'),
(47, 'chi', 383, '发送邮件服务器地址(SMTP)', '', '', '', '2009-03-12 05:59:19', '2009-03-12 05:59:19'),
(48, 'chi', 384, '服务器端口', '25  ', ' ', '服务器端口', '2009-03-12 05:59:28', '2009-03-12 06:00:34'),
(49, 'chi', 346, '访问权限', '0', '0:游客\r\n1:特殊用户 ', '访问权限', '2009-03-10 08:17:55', '2009-03-10 09:43:55'),
(50, 'chi', 403, '推荐好友购物是否送积分', '1', '0:否\r\n1:是', '推荐好友购物是否送积分', '2009-03-30 18:07:38', '2009-03-30 18:07:38'),
(51, 'chi', 382, '邮件服务', '0', '0:采用服务器内置的 Mail 服务\r\n1:采用其他的 SMTP 服务', '', '2009-03-12 05:55:16', '2009-03-12 05:55:16'),
(52, 'chi', 371, '是否启用商品文字显示', '1', '0:不启用\r\n1:启用', '', '2009-03-10 10:58:49', '2009-03-10 10:58:49'),
(53, 'chi', 302, '分页样式', '1', '0:否\r\n1:是    ', 'paging type', '2009-03-02 09:32:54', '2009-03-09 10:18:04'),
(54, 'chi', 336, '商品属性显示样式', '1', '0:否\r\n1:是', '商品属性显示样式', '2009-03-03 03:24:28', '2009-03-12 03:25:53'),
(55, 'chi', 314, '设置订单为“已付款”时', '1', '0:必须填写备注\r\n1:无需填写备注', '设置订单为“已付款”时必须填写备注', '2009-02-24 09:04:57', '2009-05-07 17:12:51'),
(56, 'chi', 313, '把订单设为无效时', '1', '0:不发送邮件 \r\n1:发送邮件', '把订单设为无效时是否给顾客发送邮件', '2009-03-03 03:29:18', '2009-05-07 16:54:02'),
(57, 'chi', 312, '取消订单时', '1', '0:不发送邮件 \r\n1:发送邮件', '取消订单时是否给顾客发送邮件', '2009-03-03 03:28:45', '2009-05-07 16:52:29'),
(58, 'chi', 311, '发货时', '1', '0:不发送邮件 \r\n1:发送邮件', '发货时是否给顾客发送邮件', '2009-03-03 03:28:11', '2009-05-07 16:50:40'),
(59, 'chi', 308, '是否使用余额', '1', '0:否\r\n1:是', '是否使用余额', '2009-03-02 10:09:27', '2009-03-09 10:20:47'),
(60, 'chi', 309, '是否使用缺货处理', '1', '0:否\r\n1:是 ', '是否使用缺货处理', '2009-03-02 10:08:49', '2009-03-09 10:21:09'),
(61, 'chi', 310, '确认订单时', '1', '0:不发送邮件\r\n1:发送邮件', '确认订单时是否给顾客发送邮件', '2009-03-02 09:50:25', '2009-05-07 16:48:23'),
(62, 'chi', 307, '是否使用红包', '1', '0:否\r\n1:是 ', '是否使用红包', '2009-03-02 10:10:19', '2009-03-09 10:20:03'),
(63, 'chi', 306, '是否使用积分', '1', '0:否\r\n1:是      ', '是否使用积分', '2009-03-02 10:10:59', '2009-03-12 03:19:08'),
(64, 'chi', 318, '设置订单为“未发货”时', '0', '0:必须填写备注\r\n1:无需填写备注', '设置订单为“未发货”时是否给顾客发送邮件', '2009-03-03 03:31:49', '2009-05-07 17:15:14'),
(65, 'chi', 317, '设置订单为“收货确认”时', '0', '0:必须填写备注\r\n1:无需填写备注   ', '设置订单为“收货确认”时是否给顾客发送邮件', '2009-03-03 03:31:09', '2009-05-07 17:13:58'),
(66, 'chi', 315, '设置订单为“未付款”时', '0', '0:必须填写备注\r\n1:无需填写备注   ', '设置订单为“未付款”时必须填写备注', '2009-03-03 03:29:56', '2009-05-07 17:13:27'),
(67, 'chi', 316, '设置订单为“已发货”时', '0', '0:必须填写备注\r\n1:无需填写备注', '设置订单为“已发货”时是否给顾客发送邮件', '2009-03-03 03:30:37', '2009-05-07 17:16:05'),
(68, 'chi', 337, '是否显示市场价格', '1', '0:不显示\r\n1:显示', '是否显示市场价格', '2009-03-03 03:25:02', '2009-03-10 09:20:27'),
(69, 'chi', 328, '下订单时', '1', '0:不发送邮件 \r\n1:发送邮件\r\n ', '下订单时是否给客服发邮件', '2009-03-02 10:14:34', '2009-05-07 17:09:03'),
(70, 'chi', 327, '减库存的时机', '1', '0:放入购物车时\r\n1:订单生成时 ', '减库存的时机', '2009-03-02 10:14:05', '2009-03-10 08:43:24'),
(71, 'chi', 324, '最小购物金额', '10', '0:否\r\n1:是  ', '最小购物金额', '2009-03-03 03:25:49', '2009-03-10 10:33:06'),
(72, 'chi', 323, '是否允许未登录用户购物', '1', '0:否\r\n1:是  ', '是否允许未登录用户购物', '2009-03-03 03:26:19', '2009-03-12 03:24:16'),
(73, 'chi', 326, '发票类型及税率', '1', '0:否\r\n1:是 ', '发票类型及税率', '2009-03-02 10:13:22', '2009-03-09 10:28:13'),
(74, 'chi', 325, '是否一步购物', '0', '0:否\r\n1:是 ', '是否一步购物', '2009-03-02 10:12:48', '2009-03-09 10:27:50'),
(75, 'chi', 322, '发票内容', '1', ' 0:否\r\n1:是 ', '发票内容', '2009-02-24 09:09:16', '2009-03-12 03:24:01'),
(76, 'chi', 321, '取消订单时', '0', '0:必须填写备注\r\n1:必须填写备注  ', '取消订单时', '2009-03-03 03:33:32', '2009-05-07 17:16:50'),
(77, 'chi', 320, '把订单设为无效时', '0', '0:必须填写备注\r\n1:无需填写备注', '把订单设为无效时是否给顾客发送邮件', '2009-03-03 03:32:59', '2009-05-07 17:15:44'),
(78, 'chi', 319, '退货时', '0', '0:必须填写备注\r\n1:无需填写备注  ', '退货时必须填写备注\r\n', '2009-03-03 03:32:26', '2009-05-07 17:17:04'),
(79, 'chi', 305, '能否开发票', '1', '0:否\r\n1:是   ', '能否开发票', '2009-03-02 10:11:34', '2009-03-10 02:10:16'),
(80, 'chi', 299, '关联商品显示数量', '10  ', ' ', '关联商品显示数量', '2009-02-24 08:55:39', '2009-03-12 03:14:51'),
(81, 'chi', 301, '文章分类页列表的数量', '20', ' ', '文章分类页列表的数量', '2009-02-24 08:56:54', '2009-03-12 03:15:17'),
(82, 'chi', 303, '推荐商品排序', '1', '0:否\r\n1:是    ', '推荐商品排序', '2009-03-02 09:42:58', '2009-03-12 03:17:50'),
(83, 'chi', 304, '购物车确定提示', '1', '0:提示用户，点”确定“进购物车;\r\n1:直接进购物车\r\n', '0:提示用户，点”确定“进购物车;\r\n1:直接进购物车\r\n', '2009-03-02 09:47:05', '2009-04-17 08:52:27'),
(84, 'chi', 329, '购物车里显示商品方式', '1', '0:显示文字\r\n1:显示文字和图片  ', '购物车里显示商品方式', '2009-03-03 03:20:24', '2009-03-10 10:24:57'),
(85, 'chi', 330, '购物车里是否显示商品属性', '1', '0:否\r\n1:是   ', '购物车里是否显示商品属性', '2009-03-03 03:21:13', '2009-03-12 03:24:51'),
(86, 'chi', 355, '好友分类', '5', '', '', '2009-03-10 08:42:36', '2009-03-10 08:42:36'),
(87, 'chi', 331, '是否显示货号', '1', '0:否\r\n1:是  ', '是否显示货号', '2009-03-03 03:21:59', '2009-03-09 10:30:28'),
(88, 'chi', 332, '是否显示品牌', '1', '0:否\r\n1:是\r\n   ', '是否显示品牌', '2009-03-03 03:22:25', '2009-04-03 06:04:31'),
(89, 'chi', 333, '是否显示重量', '1', '0:不显示\r\n1:显示 ', '是否显示重量', '2009-03-03 03:22:54', '2009-03-10 09:12:18'),
(90, 'chi', 334, '是否显示库存', '1', '0:不显示\r\n1:显示', '是否显示库存', '2009-03-03 03:23:27', '2009-03-10 09:15:13'),
(91, 'chi', 335, '是否显示上架时间', '1', '0:不显示\r\n1:显示', '是否显示上架时间', '2009-03-03 03:23:57', '2009-03-10 09:17:26'),
(92, 'chi', 294, '文章标题的长度', '20  ', ' ', '文章标题的长度', '2009-02-24 08:52:30', '2009-03-12 03:14:29'),
(93, 'chi', 293, '商品详情页相册图片数量', '3', '', '', '2009-02-24 08:52:03', '2009-02-24 08:52:03'),
(94, 'chi', 219, '商店描述', '最好的,免费开源的,PHP电子商务平台 SV-Cart系统', '', '', '2009-02-24 07:40:41', '2009-02-24 07:40:41'),
(95, 'chi', 354, '地址增加个数', '5', '', '', '2009-03-10 08:35:40', '2009-03-10 08:35:40'),
(96, 'chi', 290, '商品分类页默认显示方式', 'DESC', 'DESC:DESC\r\nASC:ASC ', '商品分类页默认排序方式', '2009-02-24 08:49:11', '2009-03-11 03:14:05'),
(97, 'chi', 288, '商品分类页列表的数量', '5', ' ', '商品分类页列表的数量', '2009-02-24 08:47:47', '2009-03-12 03:14:04'),
(98, 'chi', 289, '商品分类页默认排序类型', 'modified', 'shop_price:按价格\r\nsale_stat:按销售次数\r\nmodified:按上架时间 ', '商品分类页默认排序类型', '2009-02-24 08:48:26', '2009-03-11 03:09:43'),
(99, 'chi', 287, '商品价格显示规则', '1', '0:否\r\n1:是  ', '商品价格显示规则', '2009-02-24 08:47:22', '2009-03-12 03:13:05'),
(100, 'chi', 283, '评论数量', '3', '', '', '2009-02-24 08:45:30', '2009-02-24 08:45:30'),
(101, 'chi', 284, '相关商品数量', '2', '', '', '2009-02-24 08:46:04', '2009-02-24 08:46:04'),
(102, 'chi', 285, '最新文章显示数量', '5  ', ' ', '最新文章显示数量', '2009-02-24 08:46:31', '2009-03-12 03:12:28'),
(103, 'chi', 286, '商品名称的长度', '20', '', '', '2009-02-24 08:46:55', '2009-02-24 08:46:55'),
(104, 'chi', 281, '销量排行数量', '400  ', ' ', '销量排行数量', '2009-02-24 08:36:29', '2009-03-12 03:12:11'),
(105, 'chi', 279, '商品详细图片宽度', '400', '  ', '商品详细图片宽度', '2009-02-24 08:35:39', '2009-03-11 15:06:18'),
(106, 'chi', 280, '商品详细图片高度', '400', '  ', '商品详细图片高度', '2009-02-24 08:36:04', '2009-03-11 15:06:37'),
(107, 'chi', 278, '列表缩略图高度', '108', '   ', '列表缩略图高度', '2009-02-24 08:34:58', '2009-03-11 16:18:18'),
(108, 'chi', 277, '列表缩略图宽度', '108', '   ', '列表缩略图宽度', '2009-02-24 08:34:28', '2009-03-11 16:17:47'),
(109, 'chi', 273, '首页搜索的关键字', '购物  ', ' ', '首页搜索的关键字', '2009-02-24 08:32:35', '2009-03-12 03:11:46'),
(110, 'chi', 271, '是否开启会员邮件验证', '1', '0:否\r\n1:是\r\n  ', '是否开启会员邮件验证', '2009-03-02 09:48:40', '2009-03-09 10:04:14'),
(111, 'chi', 270, '上传商品时是否保留原图', '1', '0:否\r\n1:是\r\n  ', 'retain original image when upload products', '2009-03-02 09:47:56', '2009-03-09 10:02:18'),
(112, 'chi', 268, '是否开启自动发送邮件', '1', '0:否\r\n1:是\r\n ', '是否开启自动发送邮件', '2009-02-24 08:29:29', '2009-03-09 10:03:26'),
(113, 'chi', 264, '是否开启新订单提醒', '1', '0:否\r\n1:是  ', '是否开启新订单提醒', '2009-02-24 08:27:17', '2009-03-09 15:07:37'),
(114, 'chi', 265, '默认库存', '999', '', '', '2009-02-24 08:27:59', '2009-02-24 08:27:59'),
(115, 'chi', 263, '商品评论的条件', '0', '0:所有人可评论\r\n1:注册会员可评论\r\n2:购买后可评论', '商品评论的条件', '2009-02-24 08:21:32', '2009-03-10 08:00:28'),
(116, 'chi', 260, '默认时区', '-8', '-8:(GMT +08:00) Beijing, Hong Kong, Perth, Singapore, Taipei;\r\n+11:(GMT -11:00) Midway Island, Samoa\r\n', '默认时区', '2009-02-24 08:20:04', '2009-04-28 17:13:04'),
(117, 'chi', 257, '会员注册赠送积分', '  1', '0:否\r\n1:是      ', '会员注册赠送积分', '2009-02-24 08:18:40', '2009-04-30 09:49:02'),
(118, 'chi', 258, '是否启用Gzip模式', '1', '0:否\r\n1:是\r\n ', '是否启用Gzip模式', '2009-02-24 08:19:08', '2009-03-09 10:14:04'),
(119, 'chi', 253, '用户评论是否需要审核', '1', '0:否\r\n1:是\r\n  ', '用户评论是否需要审核', '2009-03-02 09:42:09', '2009-03-09 09:54:15'),
(120, 'chi', 254, '商品的默认图片', '0', '0: /sv-admin/img/zh_cn.gif\r\n1: /sv-admin/img/en_us.gif', '商品的默认图片', '2009-02-24 08:17:09', '2009-03-12 08:04:28'),
(121, 'chi', 255, '统计代码', '', ' ', '统计代码', '2009-02-24 08:17:34', '2009-03-31 11:52:38'),
(122, 'chi', 252, '商品货号前缀', 'SV', ' ', '商品货号前缀', '2009-02-24 08:15:58', '2009-03-12 02:16:34'),
(123, 'chi', 246, '是否启用库存管理', '1', '0:否\r\n1:是\r\n ', '是否启用库存管理', '2009-03-03 03:37:46', '2009-03-09 09:39:21'),
(124, 'chi', 247, '市场价格比例', '1.2', ' ', '市场价格比例', '2009-02-24 08:13:31', '2009-03-12 02:15:52'),
(125, 'chi', 245, '水印透明度', '50', ' ', '水印透明度', '2009-02-24 08:12:26', '2009-03-11 14:53:00'),
(126, 'chi', 244, '水印位置', '', '0:随机位置\r\n1:顶端居左\r\n2:顶端居中\r\n3:顶端居右\r\n4:中部居左\r\n5:中部居中\r\n6:中部居右\r\n7:底端居左\r\n8:底端居中\r\n9:底端居右\r\n', '水印位置', '2009-03-03 03:38:19', '2009-03-11 14:46:52'),
(127, 'chi', 243, '水印文件', '', '0: /sv-admin/img/zh_cn.gif\r\n1: /sv-admin/img/en_us.gif \r\n2: /sv-admin/img/img.jpg\r\n', '水印文件', '2009-02-24 08:11:02', '2009-03-12 09:58:38'),
(128, 'chi', 241, 'ICP备案证书号', '', '  ', 'ICP备案证书号', '2009-02-24 08:09:49', '2009-03-12 02:15:26'),
(129, 'chi', 238, '是否关闭注册', '0', '0:否\r\n1:是\r\n ', '是否关闭注册', '2009-02-24 08:02:32', '2009-03-09 09:36:08'),
(130, 'chi', 236, '用户中心公告', '这里是用户中心公告', '', '', '2009-02-24 08:01:13', '2009-02-24 08:01:13'),
(131, 'chi', 237, '商店公告', '', '', '', '2009-02-24 08:01:46', '2009-02-24 08:01:46'),
(132, 'chi', 234, '商店Logo', '', '0: /sv-admin/img/zh_cn.gif\r\n1: /sv-admin/img/en_us.gif', '商店Logo', '2009-02-24 07:51:53', '2009-03-12 08:04:57'),
(133, 'chi', 233, '关闭网店的原因', '', '', '', '2009-02-24 07:50:05', '2009-02-24 07:50:05'),
(134, 'chi', 232, '暂时关闭网站', '0', '0:否\r\n1:是', '暂时关闭网站', '2009-02-24 07:49:20', '2009-03-09 09:32:57'),
(135, 'chi', 231, '客服电话', '', ' ', '客服电话', '2009-02-24 07:48:46', '2009-03-12 02:13:23'),
(136, 'chi', 230, '客服邮件地址', '', ' ', '客服邮件地址', '2009-02-24 07:48:07', '2009-03-12 02:12:41'),
(137, 'chi', 229, 'MSN Messenger', '1234567  ', ' ', 'MSN Messenger', '2009-02-24 07:47:37', '2009-03-12 02:12:03'),
(138, 'chi', 228, 'Yahoo Messenger', '1234567  ', ' ', 'Yahoo Messenger', '2009-02-24 07:46:59', '2009-03-12 02:11:47'),
(139, 'chi', 227, 'Skype', '', ' ', 'Skype', '2009-02-24 07:46:18', '2009-03-12 02:11:18'),
(140, 'chi', 226, '淘宝旺旺', '旺旺', ' ', '淘宝旺旺', '2009-02-24 07:45:29', '2009-03-12 02:10:52'),
(141, 'chi', 225, '客服QQ号码', '', ' ', '客服QQ号码', '2009-02-24 07:44:53', '2009-03-12 02:10:21'),
(142, 'chi', 224, '详细地址', '公司地址', ' ', '详细地址', '2009-02-24 07:44:25', '2009-03-12 02:09:59'),
(143, 'chi', 220, '商店关键字', '电子商务平台,免费开源,sv-cart,上海实玮,php', '', '', '2009-02-24 07:41:36', '2009-02-24 07:41:36'),
(144, 'chi', 218, '商店标题', 'PHP电子商务平台 SV-Cart官网 | 上海实玮', '', '', '2009-02-24 07:39:09', '2009-02-24 07:39:09'),
(145, 'chi', 217, '商店名称', 'SV-Cart演示网站', '     ', '商店名称', '2009-02-24 07:37:58', '2009-03-12 02:07:50'),
(146, 'chi', 32, '密码保护问题', '1;2;3', '1:我的姓名\r\n2:我的生日\r\n3:最喜欢的颜色\r\n  ', '密码保护问题', '2008-01-01 00:00:00', '2009-03-12 03:55:18'),
(147, 'chi', 25, '会员价是否显示', '2', '0:不显示\r\n1:显示当前用户\r\n2:显示全部', '会员价是否显示', '2008-01-01 00:00:00', '2009-03-10 09:23:36'),
(148, 'chi', 385, '邮件发送帐号', '', '', '', '2009-03-12 06:01:27', '2009-03-12 06:01:27'),
(149, 'chi', 419, '货币格式', '￥%s元', '', '显示商品价格的格式，%s将被替换为相应的价格数字。', '2009-04-25 12:07:00', '2009-04-25 12:07:00'),
(150, 'chi', 421, '是否可用红包', '1', '0:否\r\n1:是', '', '2009-05-04 03:34:11', '2009-05-04 03:34:11'),
(151, 'chi', 420, '注册是否送红包', '1', '0:否\r\n1:是', '', '2009-04-30 09:49:47', '2009-05-04 11:39:45'),
(152, 'chi', 422, '是否送红包', '1', '0:否\r\n1:是', '', '2009-05-04 03:35:45', '2009-05-04 03:35:45'),
(153, 'chi', 427, 'version', 'v1.0.2', '', '版本号', '2009-05-19 06:23:46', '2009-05-19 06:23:46'),
(154, 'chi', 424, '邮件服务器是否要求加密连接(SSL)', '0', '0:否\r\n1:是', '邮件服务器主机地址。如果本机可以发送邮件则设置为localhost', '2009-05-14 15:53:50', '2009-05-14 15:54:31'),
(155, 'eng', 25, '会员价是否显示', '2', '0:不显示\r\n1:显示当前用户\r\n2:显示全部', '会员价是否显示', '2008-01-01 00:00:00', '2009-03-10 09:23:36'),
(156, 'eng', 32, '密码保护问题', '1;2;3', '1:我的姓名\r\n2:我的生日\r\n3:最喜欢的颜色\r\n  ', '密码保护问题', '2008-01-01 00:00:00', '2009-03-12 03:55:18'),
(157, 'eng', 217, '商店名称', 'SV-Cart演示网站', '     ', '商店名称', '2009-02-24 07:37:58', '2009-03-12 02:07:50'),
(158, 'eng', 218, '商店标题', 'PHP电子商务平台 SV-Cart官网 | 上海实玮', '', '', '2009-02-24 07:39:09', '2009-02-24 07:39:09'),
(159, 'eng', 219, '商店描述', '最好的,免费开源的,PHP电子商务平台 SV-Cart系统', '', '', '2009-02-24 07:40:41', '2009-02-24 07:40:41'),
(160, 'eng', 220, '商店关键字', '电子商务平台,免费开源,sv-cart,上海实玮,php', '', '', '2009-02-24 07:41:36', '2009-02-24 07:41:36'),
(161, 'eng', 224, '详细地址', '公司地址', ' ', '详细地址', '2009-02-24 07:44:25', '2009-03-12 02:09:59'),
(162, 'eng', 225, '客服QQ号码', '', ' ', '客服QQ号码', '2009-02-24 07:44:53', '2009-03-12 02:10:21'),
(163, 'eng', 226, '淘宝旺旺', '旺旺', ' ', '淘宝旺旺', '2009-02-24 07:45:29', '2009-03-12 02:10:52'),
(164, 'eng', 227, 'Skype', '', ' ', 'Skype', '2009-02-24 07:46:18', '2009-03-12 02:11:18'),
(165, 'eng', 228, 'Yahoo Messenger', '1234567  ', ' ', 'Yahoo Messenger', '2009-02-24 07:46:59', '2009-03-12 02:11:47'),
(166, 'eng', 229, 'MSN Messenger', '1234567  ', ' ', 'MSN Messenger', '2009-02-24 07:47:37', '2009-03-12 02:12:03'),
(167, 'eng', 230, '客服邮件地址', '', ' ', '客服邮件地址', '2009-02-24 07:48:07', '2009-03-12 02:12:41'),
(168, 'eng', 231, '客服电话', '', ' ', '客服电话', '2009-02-24 07:48:46', '2009-03-12 02:13:23'),
(169, 'eng', 232, '暂时关闭网站', '0', '0:否\r\n1:是', '暂时关闭网站', '2009-02-24 07:49:20', '2009-03-09 09:32:57'),
(170, 'eng', 233, '关闭网店的原因', '', '', '', '2009-02-24 07:50:05', '2009-02-24 07:50:05'),
(171, 'eng', 234, '商店Logo', '', '0: /sv-admin/img/zh_cn.gif\r\n1: /sv-admin/img/en_us.gif', '商店Logo', '2009-02-24 07:51:53', '2009-03-12 08:04:57'),
(172, 'eng', 236, '用户中心公告', '这里是用户中心公告', '', '', '2009-02-24 08:01:13', '2009-02-24 08:01:13'),
(173, 'eng', 237, '商店公告', '', '', '', '2009-02-24 08:01:46', '2009-02-24 08:01:46'),
(174, 'eng', 238, '是否关闭注册', '0', '0:否\r\n1:是\r\n ', '是否关闭注册', '2009-02-24 08:02:32', '2009-03-09 09:36:08'),
(175, 'eng', 241, 'ICP备案证书号', '', '  ', 'ICP备案证书号', '2009-02-24 08:09:49', '2009-03-12 02:15:26'),
(176, 'eng', 243, '水印文件', '', '0: /sv-admin/img/zh_cn.gif\r\n1: /sv-admin/img/en_us.gif \r\n2: /sv-admin/img/img.jpg\r\n', '水印文件', '2009-02-24 08:11:02', '2009-03-12 09:58:38'),
(177, 'eng', 244, '水印位置', '', '0:随机位置\r\n1:顶端居左\r\n2:顶端居中\r\n3:顶端居右\r\n4:中部居左\r\n5:中部居中\r\n6:中部居右\r\n7:底端居左\r\n8:底端居中\r\n9:底端居右\r\n', '水印位置', '2009-03-03 03:38:19', '2009-03-11 14:46:52'),
(178, 'eng', 245, '水印透明度', '50', ' ', '水印透明度', '2009-02-24 08:12:26', '2009-03-11 14:53:00'),
(179, 'eng', 246, '是否启用库存管理', '1', '0:否\r\n1:是\r\n ', '是否启用库存管理', '2009-03-03 03:37:46', '2009-03-09 09:39:21'),
(180, 'eng', 247, '市场价格比例', '1.2', ' ', '市场价格比例', '2009-02-24 08:13:31', '2009-03-12 02:15:52'),
(181, 'eng', 252, '商品货号前缀', 'SV', ' ', '商品货号前缀', '2009-02-24 08:15:58', '2009-03-12 02:16:34'),
(182, 'eng', 253, '用户评论是否需要审核', '1', '0:否\r\n1:是\r\n  ', '用户评论是否需要审核', '2009-03-02 09:42:09', '2009-03-09 09:54:15'),
(183, 'eng', 254, '商品的默认图片', '0', '0: /sv-admin/img/zh_cn.gif\r\n1: /sv-admin/img/en_us.gif', '商品的默认图片', '2009-02-24 08:17:09', '2009-03-12 08:04:28'),
(184, 'eng', 255, '统计代码', '', ' ', '统计代码', '2009-02-24 08:17:34', '2009-03-31 11:52:38'),
(185, 'eng', 257, '会员注册赠送积分', '  1', '0:否\r\n1:是      ', '会员注册赠送积分', '2009-02-24 08:18:40', '2009-04-30 09:49:02'),
(186, 'eng', 258, '是否启用Gzip模式', '1', '0:否\r\n1:是\r\n ', '是否启用Gzip模式', '2009-02-24 08:19:08', '2009-03-09 10:14:04'),
(187, 'eng', 260, '默认时区', '-8', '-8:(GMT +08:00) Beijing, Hong Kong, Perth, Singapore, Taipei;\r\n+11:(GMT -11:00) Midway Island, Samoa\r\n', '默认时区', '2009-02-24 08:20:04', '2009-04-28 17:13:04'),
(188, 'eng', 263, '商品评论的条件', '0', '0:所有人可评论\r\n1:注册会员可评论\r\n2:购买后可评论', '商品评论的条件', '2009-02-24 08:21:32', '2009-03-10 08:00:28'),
(189, 'eng', 264, '是否开启新订单提醒', '1', '0:否\r\n1:是  ', '是否开启新订单提醒', '2009-02-24 08:27:17', '2009-03-09 15:07:37'),
(190, 'eng', 265, '默认库存', '999', '', '', '2009-02-24 08:27:59', '2009-02-24 08:27:59'),
(191, 'eng', 268, '是否开启自动发送邮件', '1', '0:否\r\n1:是\r\n ', '是否开启自动发送邮件', '2009-02-24 08:29:29', '2009-03-09 10:03:26'),
(192, 'eng', 270, '上传商品时是否保留原图', '1', '0:否\r\n1:是\r\n  ', 'retain original image when upload products', '2009-03-02 09:47:56', '2009-03-09 10:02:18'),
(193, 'eng', 271, '是否开启会员邮件验证', '1', '0:否\r\n1:是\r\n  ', '是否开启会员邮件验证', '2009-03-02 09:48:40', '2009-03-09 10:04:14'),
(194, 'eng', 273, '首页搜索的关键字', '购物  ', ' ', '首页搜索的关键字', '2009-02-24 08:32:35', '2009-03-12 03:11:46'),
(195, 'eng', 277, '列表缩略图宽度', '108', '   ', '列表缩略图宽度', '2009-02-24 08:34:28', '2009-03-11 16:17:47'),
(196, 'eng', 278, '列表缩略图高度', '108', '   ', '列表缩略图高度', '2009-02-24 08:34:58', '2009-03-11 16:18:18'),
(197, 'eng', 279, '商品详细图片宽度', '400', '  ', '商品详细图片宽度', '2009-02-24 08:35:39', '2009-03-11 15:06:18'),
(198, 'eng', 280, '商品详细图片高度', '400', '  ', '商品详细图片高度', '2009-02-24 08:36:04', '2009-03-11 15:06:37'),
(199, 'eng', 281, '销量排行数量', '400  ', ' ', '销量排行数量', '2009-02-24 08:36:29', '2009-03-12 03:12:11'),
(200, 'eng', 283, '评论数量', '3', '', '', '2009-02-24 08:45:30', '2009-02-24 08:45:30'),
(201, 'eng', 284, '相关商品数量', '2', '', '', '2009-02-24 08:46:04', '2009-02-24 08:46:04'),
(202, 'eng', 285, '最新文章显示数量', '5  ', ' ', '最新文章显示数量', '2009-02-24 08:46:31', '2009-03-12 03:12:28'),
(203, 'eng', 286, '商品名称的长度', '20', '', '', '2009-02-24 08:46:55', '2009-02-24 08:46:55'),
(204, 'eng', 287, '商品价格显示规则', '1', '0:否\r\n1:是  ', '商品价格显示规则', '2009-02-24 08:47:22', '2009-03-12 03:13:05'),
(205, 'eng', 288, '商品分类页列表的数量', '5', ' ', '商品分类页列表的数量', '2009-02-24 08:47:47', '2009-03-12 03:14:04'),
(206, 'eng', 289, '商品分类页默认排序类型', 'modified', 'shop_price:按价格\r\nsale_stat:按销售次数\r\nmodified:按上架时间 ', '商品分类页默认排序类型', '2009-02-24 08:48:26', '2009-03-11 03:09:43'),
(207, 'eng', 290, '商品分类页默认显示方式', 'DESC', 'DESC:DESC\r\nASC:ASC ', '商品分类页默认排序方式', '2009-02-24 08:49:11', '2009-03-11 03:14:05'),
(208, 'eng', 293, '商品详情页相册图片数量', '3', '', '', '2009-02-24 08:52:03', '2009-02-24 08:52:03'),
(209, 'eng', 294, '文章标题的长度', '20  ', ' ', '文章标题的长度', '2009-02-24 08:52:30', '2009-03-12 03:14:29'),
(210, 'eng', 299, '关联商品显示数量', '10  ', ' ', '关联商品显示数量', '2009-02-24 08:55:39', '2009-03-12 03:14:51'),
(211, 'eng', 301, '文章分类页列表的数量', '20', ' ', '文章分类页列表的数量', '2009-02-24 08:56:54', '2009-03-12 03:15:17'),
(212, 'eng', 302, '分页样式', '1', '0:否\r\n1:是    ', 'paging type', '2009-03-02 09:32:54', '2009-03-09 10:18:04'),
(213, 'eng', 303, '推荐商品排序', '1', '0:否\r\n1:是    ', '推荐商品排序', '2009-03-02 09:42:58', '2009-03-12 03:17:50'),
(214, 'eng', 304, '购物车确定提示', '1', '0:提示用户，点”确定“进购物车;\r\n1:直接进购物车\r\n', '0:提示用户，点”确定“进购物车;\r\n1:直接进购物车\r\n', '2009-03-02 09:47:05', '2009-04-17 08:52:27'),
(215, 'eng', 305, '能否开发票', '1', '0:否\r\n1:是   ', '能否开发票', '2009-03-02 10:11:34', '2009-03-10 02:10:16'),
(216, 'eng', 306, '是否使用积分', '1', '0:否\r\n1:是      ', '是否使用积分', '2009-03-02 10:10:59', '2009-03-12 03:19:08'),
(217, 'eng', 307, '是否使用红包', '1', '0:否\r\n1:是 ', '是否使用红包', '2009-03-02 10:10:19', '2009-03-09 10:20:03'),
(218, 'eng', 308, '是否使用余额', '1', '0:否\r\n1:是', '是否使用余额', '2009-03-02 10:09:27', '2009-03-09 10:20:47'),
(219, 'eng', 309, '是否使用缺货处理', '1', '0:否\r\n1:是 ', '是否使用缺货处理', '2009-03-02 10:08:49', '2009-03-09 10:21:09'),
(220, 'eng', 310, '确认订单时', '1', '0:不发送邮件\r\n1:发送邮件', '确认订单时是否给顾客发送邮件', '2009-03-02 09:50:25', '2009-05-07 16:48:23'),
(221, 'eng', 311, '发货时', '1', '0:不发送邮件 \r\n1:发送邮件', '发货时是否给顾客发送邮件', '2009-03-03 03:28:11', '2009-05-07 16:50:40'),
(222, 'eng', 312, '取消订单时', '1', '0:不发送邮件 \r\n1:发送邮件', '取消订单时是否给顾客发送邮件', '2009-03-03 03:28:45', '2009-05-07 16:52:29'),
(223, 'eng', 313, '把订单设为无效时', '1', '0:不发送邮件 \r\n1:发送邮件', '把订单设为无效时是否给顾客发送邮件', '2009-03-03 03:29:18', '2009-05-07 16:54:02'),
(224, 'eng', 314, '设置订单为“已付款”时', '1', '0:必须填写备注\r\n1:无需填写备注', '设置订单为“已付款”时必须填写备注', '2009-02-24 09:04:57', '2009-05-07 17:12:51'),
(225, 'eng', 315, '设置订单为“未付款”时', '0', '0:必须填写备注\r\n1:无需填写备注   ', '设置订单为“未付款”时必须填写备注', '2009-03-03 03:29:56', '2009-05-07 17:13:27'),
(226, 'eng', 316, '设置订单为“已发货”时', '0', '0:必须填写备注\r\n1:无需填写备注', '设置订单为“已发货”时是否给顾客发送邮件', '2009-03-03 03:30:37', '2009-05-07 17:16:05'),
(227, 'eng', 317, '设置订单为“收货确认”时', '0', '0:必须填写备注\r\n1:无需填写备注   ', '设置订单为“收货确认”时是否给顾客发送邮件', '2009-03-03 03:31:09', '2009-05-07 17:13:58'),
(228, 'eng', 318, '设置订单为“未发货”时', '0', '0:必须填写备注\r\n1:无需填写备注', '设置订单为“未发货”时是否给顾客发送邮件', '2009-03-03 03:31:49', '2009-05-07 17:15:14'),
(229, 'eng', 319, '退货时', '0', '0:必须填写备注\r\n1:无需填写备注  ', '退货时必须填写备注\r\n', '2009-03-03 03:32:26', '2009-05-07 17:17:04'),
(230, 'eng', 320, '把订单设为无效时', '0', '0:必须填写备注\r\n1:无需填写备注', '把订单设为无效时是否给顾客发送邮件', '2009-03-03 03:32:59', '2009-05-07 17:15:44'),
(231, 'eng', 321, '取消订单时', '0', '0:必须填写备注\r\n1:必须填写备注  ', '取消订单时', '2009-03-03 03:33:32', '2009-05-07 17:16:50'),
(232, 'eng', 322, '发票内容', '1', ' 0:否\r\n1:是 ', '发票内容', '2009-02-24 09:09:16', '2009-03-12 03:24:01'),
(233, 'eng', 323, '是否允许未登录用户购物', '1', '0:否\r\n1:是  ', '是否允许未登录用户购物', '2009-03-03 03:26:19', '2009-03-12 03:24:16'),
(234, 'eng', 324, '最小购物金额', '10', '0:否\r\n1:是  ', '最小购物金额', '2009-03-03 03:25:49', '2009-03-10 10:33:06'),
(235, 'eng', 325, '是否一步购物', '0', '0:否\r\n1:是 ', '是否一步购物', '2009-03-02 10:12:48', '2009-03-09 10:27:50'),
(236, 'eng', 326, '发票类型及税率', '1', '0:否\r\n1:是 ', '发票类型及税率', '2009-03-02 10:13:22', '2009-03-09 10:28:13'),
(237, 'eng', 327, '减库存的时机', '1', '0:放入购物车时\r\n1:订单生成时 ', '减库存的时机', '2009-03-02 10:14:05', '2009-03-10 08:43:24'),
(238, 'eng', 328, '下订单时', '1', '0:不发送邮件 \r\n1:发送邮件\r\n ', '下订单时是否给客服发邮件', '2009-03-02 10:14:34', '2009-05-07 17:09:03'),
(239, 'eng', 329, '购物车里显示商品方式', '1', '0:显示文字\r\n1:显示文字和图片  ', '购物车里显示商品方式', '2009-03-03 03:20:24', '2009-03-10 10:24:57'),
(240, 'eng', 330, '购物车里是否显示商品属性', '1', '0:否\r\n1:是   ', '购物车里是否显示商品属性', '2009-03-03 03:21:13', '2009-03-12 03:24:51'),
(241, 'eng', 331, '是否显示货号', '1', '0:否\r\n1:是  ', '是否显示货号', '2009-03-03 03:21:59', '2009-03-09 10:30:28'),
(242, 'eng', 332, '是否显示品牌', '1', '0:否\r\n1:是\r\n   ', '是否显示品牌', '2009-03-03 03:22:25', '2009-04-03 06:04:31'),
(243, 'eng', 333, '是否显示重量', '1', '0:不显示\r\n1:显示 ', '是否显示重量', '2009-03-03 03:22:54', '2009-03-10 09:12:18'),
(244, 'eng', 334, '是否显示库存', '1', '0:不显示\r\n1:显示', '是否显示库存', '2009-03-03 03:23:27', '2009-03-10 09:15:13'),
(245, 'eng', 335, '是否显示上架时间', '1', '0:不显示\r\n1:显示', '是否显示上架时间', '2009-03-03 03:23:57', '2009-03-10 09:17:26'),
(246, 'eng', 336, '商品属性显示样式', '1', '0:否\r\n1:是', '商品属性显示样式', '2009-03-03 03:24:28', '2009-03-12 03:25:53'),
(247, 'eng', 337, '是否显示市场价格', '1', '0:不显示\r\n1:显示', '是否显示市场价格', '2009-03-03 03:25:02', '2009-03-10 09:20:27'),
(248, 'eng', 346, '访问权限', '0', '0:游客\r\n1:特殊用户 ', '访问权限', '2009-03-10 08:17:55', '2009-03-10 09:43:55'),
(249, 'eng', 347, '是否显示货号', '1', '0:否\r\n1:是  ', '是否显示货号', '2009-03-10 08:20:36', '2009-03-10 09:26:56'),
(250, 'eng', 348, '是否显示图片', '1', '0:否\r\n1:是', '', '2009-03-10 08:22:06', '2009-03-10 08:22:06'),
(251, 'eng', 349, '显示个数', '  20  ', '  ', '显示个数', '2009-03-10 08:23:52', '2009-03-12 07:02:17'),
(252, 'eng', 350, '促销新品推荐个数', ' 10 ', ' ', '促销新品推荐个数', '2009-03-10 08:25:06', '2009-03-11 04:37:42'),
(253, 'eng', 351, '是否显示列表', '1', '0:否\r\n1:是 ', '是否显示列表', '2009-03-10 08:27:42', '2009-03-12 03:26:16'),
(254, 'eng', 352, '是否显示图片', '1', '0:否\r\n1:是', '', '2009-03-10 08:29:19', '2009-03-10 08:29:19'),
(255, 'eng', 353, '排序方式', '1', '0:DESC\r\n1:ASC', '', '2009-03-10 08:33:52', '2009-03-10 08:33:52'),
(256, 'eng', 354, '地址增加个数', '5', '', '', '2009-03-10 08:35:40', '2009-03-10 08:35:40'),
(257, 'eng', 355, '好友分类', '5', '', '', '2009-03-10 08:42:36', '2009-03-10 08:42:36'),
(258, 'eng', 356, '好友个数', '20', '', '', '2009-03-10 08:43:22', '2009-03-10 08:43:22'),
(259, 'eng', 357, '是否可充值', '1', '0:否\r\n1:是', '', '2009-03-10 08:45:30', '2009-03-10 08:45:30'),
(260, 'eng', 358, '商品分类', '1', '1:经典\r\n2:时尚\r\n ', '商品分类', '2009-03-10 09:37:13', '2009-03-10 09:39:50'),
(261, 'eng', 359, '商品类型', '1', '1:普通\r\n2:特殊', '', '2009-03-10 09:41:52', '2009-03-10 09:41:52'),
(262, 'eng', 360, '本期售出', '20  ', ' ', '本期售出', '2009-03-10 09:43:20', '2009-03-10 09:44:06'),
(263, 'eng', 361, '浏览次数', '20', '', '', '2009-03-10 09:45:30', '2009-03-10 09:45:30'),
(264, 'eng', 362, '是否显示出售次数', '1', '0:不显示\r\n1:显示', '', '2009-03-10 09:58:10', '2009-03-10 09:58:10'),
(265, 'eng', 363, '显示浏览次数', '1', '0:不显示\r\n1:显示', '', '2009-03-10 10:01:56', '2009-03-10 10:01:56'),
(266, 'eng', 364, '显示商品分类', '1', '0:不显示\r\n1:显示', '', '2009-03-10 10:05:01', '2009-03-10 10:05:01'),
(267, 'eng', 365, '显示商品类型 ', '1', '0:不显示\r\n1:显示', '', '2009-03-10 10:10:13', '2009-03-10 10:10:13'),
(268, 'eng', 366, '相关文章数量', ' 2 ', ' ', '相关文章数量', '2009-03-10 10:14:40', '2009-03-12 03:26:37'),
(269, 'eng', 367, '是否可选包装', '1', '0:不可以\r\n1:可以', '', '2009-03-10 10:19:07', '2009-03-10 10:19:07'),
(270, 'eng', 368, '是否可选贺卡', '1', '0:不可以\r\n1:可以', '', '2009-03-10 10:21:24', '2009-03-10 10:21:24'),
(271, 'eng', 369, '是否启用商品图文列显示', '1', '0:不启用\r\n1:启用', '', '2009-03-10 10:53:47', '2009-04-28 03:50:55'),
(272, 'eng', 370, '是否启用商品图文表格显示', '1', '0:不启用\r\n1:启用', '', '2009-03-10 10:57:51', '2009-03-10 10:57:51'),
(273, 'eng', 371, '是否启用商品文字显示', '1', '0:不启用\r\n1:启用', '', '2009-03-10 10:58:49', '2009-03-10 10:58:49'),
(274, 'eng', 373, '搜索商品的显示方式', '0;1;2', '0:显示商品图片\r\n1:显示商品名\r\n2:显示商品编号', '', '2009-03-11 05:52:58', '2009-03-11 05:52:58'),
(275, 'eng', 382, '邮件服务', '0', '0:采用服务器内置的 Mail 服务\r\n1:采用其他的 SMTP 服务', '', '2009-03-12 05:55:16', '2009-03-12 05:55:16'),
(276, 'eng', 383, '发送邮件服务器地址(SMTP)', '', '', '', '2009-03-12 05:59:19', '2009-03-12 05:59:19'),
(277, 'eng', 384, '服务器端口', '25  ', ' ', '服务器端口', '2009-03-12 05:59:28', '2009-03-12 06:00:34'),
(278, 'eng', 385, '邮件发送帐号', '', '', '', '2009-03-12 06:01:27', '2009-03-12 06:01:27'),
(279, 'eng', 386, '帐号密码', '', '', '', '2009-03-12 06:02:13', '2009-03-12 06:02:13'),
(280, 'eng', 387, '邮件回复地址', '', '', '', '2009-03-12 06:02:53', '2009-03-12 06:02:53'),
(281, 'eng', 388, '邮件编码', '0', '0:国际化编码（utf8）\r\n1:简体中文\r\n2:繁体中文', '', '2009-03-12 06:04:33', '2009-03-12 06:04:33'),
(282, 'eng', 389, '邮件地址', '', '', '', '2009-03-12 06:06:38', '2009-03-12 06:06:38'),
(283, 'eng', 392, '是否添加水印', '1', '0:否\r\n1:是', '', '2009-03-19 05:40:01', '2009-03-19 05:40:01'),
(284, 'eng', 393, '快速搜索图片宽度', '60', '', '', '2009-03-23 05:15:27', '2009-04-02 10:36:38'),
(285, 'eng', 394, '快速搜索图片高度', '40', '', '', '2009-03-23 05:16:07', '2009-03-23 05:16:07'),
(286, 'eng', 396, '会员注册赠送积分数', '10', '', '会员注册赠送积分数', '2009-03-30 17:10:18', '2009-03-30 17:31:00'),
(287, 'eng', 397, '下单是否送积分', '1', '0:否\r\n1:是', '下单是否送积分', '2009-03-30 17:32:49', '2009-03-30 17:32:49'),
(288, 'eng', 398, '下单增送积分数', '20', '', '下单增送积分数', '2009-03-30 17:33:39', '2009-03-30 17:33:39'),
(289, 'eng', 399, '超过订单金额是否送积分', '1', '0:否\r\n1:是', '超过订单金额是否送积分', '2009-03-30 17:35:35', '2009-03-30 17:37:37'),
(290, 'eng', 400, '超过订单金额增送积分数', '30', '', '超过订单金额增送积分数', '2009-03-30 17:36:28', '2009-03-30 17:36:28'),
(291, 'eng', 401, '推荐好友是否送积分', '1', '0:否\r\n1:是', '推荐好友是否送积分', '2009-03-30 17:49:15', '2009-03-30 17:49:15'),
(292, 'eng', 402, '推荐好友赠送送积分数', '5', '', '推荐好友赠送送积分数', '2009-03-30 17:58:42', '2009-03-30 17:58:42'),
(293, 'eng', 403, '推荐好友购物是否送积分', '1', '0:否\r\n1:是', '推荐好友购物是否送积分', '2009-03-30 18:07:38', '2009-03-30 18:07:38'),
(294, 'eng', 404, '推荐好友购物赠送积分数', '50', '', '推荐好友购物赠送积分数', '2009-03-30 18:08:30', '2009-03-30 18:08:30'),
(295, 'eng', 405, '7天内无退货是否送积分', '1', '0:否\r\n1:是', '7天内无退货是否送积分', '2009-03-30 18:12:04', '2009-03-31 15:53:33'),
(296, 'eng', 406, '7天内无退货赠送积分数', '30', '', '7天内无退货赠送积分数', '2009-03-30 18:13:02', '2009-03-31 15:51:01'),
(297, 'eng', 407, '促销页列表的数量', '10', '', '促销页列表的数量', '2009-03-31 14:59:25', '2009-03-31 14:59:25'),
(298, 'eng', 408, '积分支付比例', '10', '', '每100元商品最多可以使用多少元积分', '2009-03-31 17:37:20', '2009-03-31 17:40:05'),
(299, 'eng', 409, '积分换算比例', '100', '', '每100积分可抵多少元现金', '2009-03-31 17:39:37', '2009-03-31 17:39:37'),
(300, 'eng', 410, '积分赠送最小订单金额', '200', '', '积分赠送最小订单金额', '2009-04-01 14:32:28', '2009-04-01 14:32:28'),
(301, 'eng', 411, '是否弹出向导', '1', '1:是\r\n0:否', '是否弹出向导', '2009-04-02 05:24:23', '2009-04-02 05:25:44'),
(302, 'eng', 412, '订阅邮件通知', '1', '0:不发送邮件\r\n1:发送邮件', '订阅邮件通知', '2009-04-02 13:54:48', '2009-04-02 13:54:48'),
(303, 'eng', 419, '货币格式', '￥%s元', '', '显示商品价格的格式，%s将被替换为相应的价格数字。', '2009-04-25 12:07:00', '2009-04-25 12:07:00'),
(304, 'eng', 420, '注册是否送红包', '1', '0:否\r\n1:是', '', '2009-04-30 09:49:47', '2009-05-04 11:39:45'),
(305, 'eng', 421, '是否可用红包', '1', '0:否\r\n1:是', '', '2009-05-04 03:34:11', '2009-05-04 03:34:11'),
(306, 'eng', 422, '是否送红包', '1', '0:否\r\n1:是', '', '2009-05-04 03:35:45', '2009-05-04 03:35:45'),
(307, 'eng', 427, 'version', 'v1.0.2', '', '版本号', '2009-05-19 06:23:46', '2009-05-19 06:23:46'),
(308, 'eng', 424, 'Mail servers require encrypted connections (SSL)', '1', '0:no\r\n1:yes', 'Mail server host address. If the machine can send e-mail is set to localhost', '2009-05-14 15:53:50', '2009-05-14 15:54:31');

--
-- 导出表中的数据 'svcart_coupons'
--


--
-- 导出表中的数据 'svcart_coupon_types'
--


--
-- 导出表中的数据 'svcart_coupon_type_i18ns'
--


--
-- 导出表中的数据 'svcart_departments'
--


--
-- 导出表中的数据 'svcart_department_i18ns'
--


--
-- 导出表中的数据 'svcart_flashes'
--

INSERT INTO svcart_flashes (id, type, type_id, roundcorner, autoplaytime, isheightquality, blendmode, transduration, windowopen, btnsetmargin, btndistance, titlebgcolor, titletextcolor, titlebgalpha, titlemoveduration, btnalpha, btntextcolor, btndefaultcolor, btnhovercolor, btnfocuscolor, changimagemode, isshowbtn, isshowtitle, scalemode, transform, isshowabout, titlefont, height, width, created, modified) VALUES
(1, 'H', 0, '9', '8', 'false', 'normal', '1', '_self', 'auto 5 5 auto', '20', '0xff6600', '0xffffff', '.75', '1', '.7', '0xffffff', '0x1B3433', '#41b73d', '#41b73d', 'click', 'true', 'true', 'noBorder', 'blur', 'true', '微软雅黑', 314, 741, '2008-01-01 00:00:00', '2009-03-27 07:52:40');

--
-- 导出表中的数据 'svcart_flash_images'
--

INSERT INTO svcart_flash_images (id, locale, flash_id, orderby, image, title, description, url, status, created, modified) VALUES
(1, 'chi', 1, 0, '/img/home/49b7fa67.jpg', '', '', 'http://www.seevia.cn', '1', '2009-04-09 05:07:38', '2009-04-09 05:07:38'),
(2, 'eng', 1, 0, '/img/home/49b7fa67.jpg', '', '', 'http://www.seevia.cn', '1', '2009-04-09 05:07:38', '2009-04-09 05:07:38');

--
-- 导出表中的数据 'svcart_languages'
--

INSERT INTO svcart_languages (id, locale, name, charset, map, img01, img02, front, backend, is_default, google_translate_code, created, modified) VALUES
(1, 'chi', '中文', 'utf-8', 'zh', 'languages/zh_cn.gif', '', '1', '1', '1', 'zh-cn', '2008-01-01 00:00:00', '2009-04-03 07:03:49'),
(2, 'eng', 'English', 'utf-8', 'en-us', 'languages/en_us.gif', '', '1', '0', '0', 'en', '2008-01-01 00:00:00', '2009-04-02 10:29:58');

--
-- 导出表中的数据 'svcart_language_dictionaries'
--

INSERT INTO svcart_language_dictionaries (id, locale, location, name, type, description, value, created, modified) VALUES
(1, 'chi', 'front', 'successfully', 'notice', '成功', '成功', '2008-01-01 00:00:00', '2008-01-01 00:00:00'),
(2, 'chi', 'front', 'failed', 'notice', '失败', '失败', '2008-01-01 00:00:00', '2008-01-01 00:00:00'),
(3, 'chi', 'front', 'not_exist', 'notice', '不存在', '不存在', '2008-01-01 00:00:00', '2009-05-12 16:01:28'),
(4, 'chi', 'front', 'can_not_empty', 'notice', '不能为空', '不能为空', '2008-01-01 00:00:00', '2008-01-01 00:00:00'),
(5, 'chi', 'front', 'not_correct', 'notice', '不正确', '不正确', '2008-01-01 00:00:00', '2009-05-05 11:08:11'),
(6, 'chi', 'front', 'has_been_forbidden', 'notice', '已禁用', '已禁用', '2008-01-01 00:00:00', '2008-01-01 00:00:00'),
(7, 'chi', 'front', 'add_to_favorite', 'notice', '加入收藏夹了！', '加入收藏夹了！', '2008-01-01 00:00:00', '2008-01-01 00:00:00'),
(8, 'chi', 'front', 'if_cancel_order', 'notice', '确定取消该订单吗', '确定取消该订单吗', '2008-01-01 00:00:00', '2008-01-01 00:00:00'),
(9, 'chi', 'front', 'not_find_product', 'notice', '没有搜索到您所要搜索的商品！', '没有搜索到您所要搜索的商品！', '2008-01-01 00:00:00', '2008-01-01 00:00:00'),
(10, 'chi', 'front', 'format', 'notice', '格式', '格式', '2008-01-01 00:00:00', '2008-01-01 00:00:00'),
(11, 'chi', 'front', 'error', 'notice', '出错了', '出错了', '2008-01-01 00:00:00', '2008-01-01 00:00:00'),
(12, 'chi', 'front', 'Already_favorite', 'notice', '已收藏过了', '已收藏过了', '2008-01-01 00:00:00', '2008-01-01 00:00:00'),
(13, 'chi', 'front', 'has_been_verified', 'notice', '已经认证', '已经认证', '2008-01-01 00:00:00', '2008-01-01 00:00:00'),
(14, 'chi', 'front', 'buy_nothing', 'notice', '没有购买任何商品', '没有购买任何商品', '2008-01-01 00:00:00', '2008-01-01 00:00:00'),
(15, 'chi', 'front', 'invalid_id', 'notice', 'id不合法', 'id不合法', '2008-01-01 00:00:00', '2008-01-01 00:00:00'),
(16, 'chi', 'front', 'invalid_operation', 'notice', '非法操作', '非法操作', '2008-01-01 00:00:00', '2008-01-01 00:00:00'),
(17, 'chi', 'front', 'parameter_error', 'notice', '参数不合法', '参数不合法', '2008-01-01 00:00:00', '2008-01-01 00:00:00'),
(18, 'chi', 'front', 'time_out_relogin', 'notice', '登陆超时，请重新登陆！', '登陆超时，请重新登陆！', '2008-01-01 00:00:00', '2008-01-01 00:00:00'),
(19, 'chi', 'front', 'no_view_record', 'notice', '没有浏览记录', '没有浏览记录', '2008-01-01 00:00:00', '2008-01-01 00:00:00'),
(20, 'chi', 'front', 'no_comments', 'notice', '暂无评论！', '暂无评论！', '2008-01-01 00:00:00', '2008-01-01 00:00:00'),
(21, 'chi', 'front', 'no_paying_method', 'notice', '无可用支付方式', '无可用支付方式', '2008-01-01 00:00:00', '2008-01-01 00:00:00'),
(22, 'chi', 'front', 'no_shipping_method', 'notice', '您当前所在的区域无法配送', '您当前所在的区域无法配送', '2008-01-01 00:00:00', '2008-01-01 00:00:00'),
(23, 'chi', 'front', 'only_member_keep', 'notice', '只有登陆用户才能收藏;', '只有登陆用户才能收藏;', '2008-01-01 00:00:00', '2008-01-01 00:00:00'),
(24, 'chi', 'front', 'package_add_cart_failed', 'notice', '包装无法添加到购物车', '包装无法添加到购物车', '2008-01-01 00:00:00', '2008-01-01 00:00:00'),
(25, 'chi', 'front', 'password_length_short', 'notice', '密码长度太短;', '密码长度太短;', '2008-01-01 00:00:00', '2008-01-01 00:00:00'),
(26, 'chi', 'front', 'Passwords_are_not_consistent', 'notice', '两次密码不一致', '两次密码不一致', '2008-01-01 00:00:00', '2008-01-01 00:00:00'),
(27, 'chi', 'front', 'one_product', 'notice', '一件商品', '一件商品', '2008-01-01 00:00:00', '2008-01-01 00:00:00'),
(28, 'chi', 'front', 'hint_question_to_password', 'notice', '密码提示问题', '密码提示问题', '2008-01-01 00:00:00', '2008-01-01 00:00:00'),
(29, 'chi', 'front', 'if_purchase_now', 'notice', '是否现在采购', '是否现在采购', '2008-01-01 00:00:00', '2008-01-01 00:00:00'),
(30, 'chi', 'front', 'positive_integer', 'notice', '正整数', '正整数', '2008-01-01 00:00:00', '2008-01-01 00:00:00'),
(31, 'chi', 'front', 'enter_hint_answer', 'notice', '所选择的问题的答案', '所选择的问题的答案', '2008-01-01 00:00:00', '2008-01-01 00:00:00'),
(32, 'chi', 'front', 'and', 'notice', '和', '和', '2008-01-01 00:00:00', '2008-01-01 00:00:00'),
(33, 'chi', 'front', 'or', 'notice', '或', '或', '2008-01-01 00:00:00', '2008-01-01 00:00:00'),
(34, 'chi', 'front', 'contact_information', 'notice', '联系方式', '联系方式', '2008-01-01 00:00:00', '2008-01-01 00:00:00'),
(35, 'chi', 'front', 'email_receive_message', 'notice', '您的电子邮箱地址，以便收发我们发给您的信息。', '您的电子邮箱地址，以便收发我们发给您的信息。', '2008-01-01 00:00:00', '2008-01-01 00:00:00'),
(36, 'chi', 'front', 'please_leave', 'notice', '请留下', '请留下', '2008-01-01 00:00:00', '2008-01-01 00:00:00'),
(37, 'chi', 'front', 'resend_Email_for_approval', 'notice', '请重新发送认证邮件', '请重新发送认证邮件', '2008-01-01 00:00:00', '2008-01-01 00:00:00'),
(38, 'chi', 'front', 'type_again_password', 'notice', '再一遍您上面输入的密码。', '再一遍您上面输入的密码。', '2008-01-01 00:00:00', '2008-01-01 00:00:00'),
(39, 'chi', 'front', 'products_add_cart_failed', 'notice', '商品无法添加到购物车', '商品无法添加到购物车', '2008-01-01 00:00:00', '2008-01-01 00:00:00'),
(40, 'chi', 'front', 'register_success_activate_account_by_link', 'notice', '注册成功,请单击连接确认认证;', '注册成功,请单击连接确认认证;', '2008-01-01 00:00:00', '2008-01-01 00:00:00'),
(41, 'chi', 'front', 'stock_is_not_enough', 'notice', '商品库存不够', '商品库存不够', '2008-01-01 00:00:00', '2008-01-01 00:00:00'),
(42, 'chi', 'front', 'page_number', 'notice', '此页数', '此页数', '2008-01-01 00:00:00', '2008-01-01 00:00:00'),
(43, 'chi', 'front', 'password_consist_of', 'notice', '密码只能由字母、数字、下划线组成;', '密码只能由字母、数字、下划线组成;', '2008-01-01 00:00:00', '2008-01-01 00:00:00'),
(44, 'chi', 'front', 'expand_max_number', 'notice', '购买商品数超过最大额度', '购买商品数超过最大额度', '2008-01-01 00:00:00', '2008-01-01 00:00:00'),
(45, 'chi', 'front', 'least_number', 'notice', '购买商品数不得低于', '购买商品数不得低于', '2008-01-01 00:00:00', '2008-01-01 00:00:00'),
(46, 'chi', 'front', 'username_consist_of', 'notice', '用户名只能由字母、数字、下划线组成;', '用户名只能由字母、数字、下划线组成;', '2008-01-01 00:00:00', '2008-01-01 00:00:00'),
(47, 'chi', 'front', 'username_length_short', 'notice', '用户名长度太短;', '用户名长度太短;', '2008-01-01 00:00:00', '2008-01-01 00:00:00'),
(48, 'chi', 'front', 'no_products_in_cart', 'notice', '购物车里没有商品', '购物车里没有商品', '2008-01-01 00:00:00', '2008-01-01 00:00:00'),
(49, 'chi', 'front', 'friends_in_group_not_cancelled', 'notice', '此分组里面还有好友，不能删除!', '此分组里面还有好友，不能删除!', '2008-01-01 00:00:00', '2008-01-01 00:00:00'),
(50, 'chi', 'front', 'freeze', 'notice', '冻结', '冻结', '2008-01-01 00:00:00', '2008-01-01 00:00:00'),
(51, 'chi', 'front', 'account_status', 'notice', '该账号状态处于', '该账号状态处于', '2008-01-01 00:00:00', '2008-01-01 00:00:00'),
(52, 'chi', 'front', 'logout', 'notice', '注销', '注销', '2008-01-01 00:00:00', '2008-01-01 00:00:00'),
(53, 'chi', 'front', 'not_your_order', 'notice', '此订单不是您的订单;', '此订单不是您的订单;', '2008-01-01 00:00:00', '2008-01-01 00:00:00'),
(54, 'chi', 'front', 'order_delivered_not_cancel', 'notice', '该订单已经发货不能取消!', '该订单已经发货不能取消!', '2008-01-01 00:00:00', '2008-01-01 00:00:00'),
(55, 'chi', 'front', 'order_paid_not_cancel', 'notice', '该订单已经付款不能取消!', '该订单已经付款不能取消!', '2008-01-01 00:00:00', '2008-01-01 00:00:00'),
(56, 'chi', 'front', 'product_out_of_sale', 'notice', '此商品停止销售!', '此商品停止销售!', '2008-01-01 00:00:00', '2008-01-01 00:00:00'),
(57, 'chi', 'front', 'username_exist', 'notice', '用户名已存在;', '用户名已存在;', '2008-01-01 00:00:00', '2008-01-01 00:00:00'),
(58, 'chi', 'front', 'incorrect_username_or_password', 'notice', '用户名或者密码错误;', '用户名或者密码错误;', '2008-01-01 00:00:00', '2008-01-01 00:00:00'),
(59, 'chi', 'front', 'not_passed_email_approval', 'notice', '您还没有通过邮件认证', '您还没有通过邮件认证', '2008-01-01 00:00:00', '2008-01-01 00:00:00'),
(60, 'chi', 'front', 'email_verified_login', 'notice', '您的邮件已经验证,请直接登录;', '您的邮件已经验证,请直接登录;', '2008-01-01 00:00:00', '2008-01-01 00:00:00'),
(61, 'chi', 'front', 'exceed_upper_limit_products', 'notice', '超出选中商品的上限', '超出选中商品的上限', '2008-01-01 00:00:00', '2008-01-01 00:00:00'),
(62, 'chi', 'front', 'order_amount_under_min', 'notice', '订单金额低于最小购物金额！', '订单金额低于最小购物金额！', '2008-01-01 00:00:00', '2008-01-01 00:00:00'),
(63, 'chi', 'front', 'notice', 'notice', '提示', '提示', '2008-01-01 00:00:00', '2008-01-01 00:00:00'),
(64, 'chi', 'front', 'larger_zero', 'notice', '必须大于零', '必须大于零', '2008-01-01 00:00:00', '2008-01-01 00:00:00'),
(65, 'chi', 'front', 'be_integer', 'notice', '必须为整数', '必须为整数', '2008-01-01 00:00:00', '2008-01-01 00:00:00'),
(66, 'chi', 'front', 'lack_balance_supply_first', 'notice', '余额不足，请先充值！', '余额不足，请先充值！', '2008-01-01 00:00:00', '2008-01-01 00:00:00'),
(67, 'chi', 'front', 'offset_point', 'notice', '积分抵扣', '积分抵扣', '2008-01-01 00:00:00', '2008-01-01 00:00:00'),
(68, 'chi', 'front', 'order_not_paid', 'notice', '此订单无法付费', '此订单无法付费', '2008-01-01 00:00:00', '2008-01-01 00:00:00'),
(69, 'chi', 'front', 'payment_no_support', 'notice', '此支付方式 不支持货到付款', '此支付方式 不支持货到付款', '2008-01-01 00:00:00', '2008-01-01 00:00:00'),
(70, 'chi', 'front', 'please_login', 'notice', '请先登录', '请先登录', '2008-01-01 00:00:00', '2008-01-01 00:00:00'),
(71, 'chi', 'front', 'no_article', 'notice', '无文章', '无文章', '2008-01-01 00:00:00', '2008-01-01 00:00:00'),
(72, 'chi', 'front', 'out_stock_book_successful', 'notice', '你的缺货登记已经成功，我们会在到货的时候和您联系~谢谢', '你的缺货登记已经成功，我们会在到货的时候和您联系~谢谢', '2008-01-01 00:00:00', '2008-01-01 00:00:00'),
(73, 'chi', 'front', 'preset_delivery_address', 'notice', '您可以预设您的购物收货地址', '您可以预设您的购物收货地址', '2008-01-01 00:00:00', '2008-01-01 00:00:00'),
(74, 'chi', 'front', 'ifpay_through_online_or_what', 'notice', '如果您通过网上支付带或者什么的', '如果您通过网上支付带或者什么的', '2008-01-01 00:00:00', '2008-01-01 00:00:00'),
(75, 'chi', 'front', 'rename_consumptive_point', 'notice', '您可以将消费积分重新命名。例如：烧币', '您可以将消费积分重新命名。例如：烧币', '2008-01-01 00:00:00', '2008-01-01 00:00:00'),
(76, 'chi', 'front', 'welcome_back', 'description', '用户 %s，欢迎您回来！', '用户 %s，欢迎您回来！', '2008-01-01 00:00:00', '2008-01-01 00:00:00'),
(77, 'chi', 'front', 'how_much_cash_exchanged_100points', 'notice', '每100积分可抵多少元现金', '每100积分可抵多少元现金', '2008-01-01 00:00:00', '2008-01-01 00:00:00'),
(78, 'chi', 'front', 'max_points_used_100yuan_product', 'notice', '每100元商品最多可以使用多少元积分', '每100元商品最多可以使用多少元积分', '2008-01-01 00:00:00', '2008-01-01 00:00:00'),
(79, 'chi', 'front', 'need_not_shipping_method', 'notice', '无需配送', '无需配送', '2008-01-01 00:00:00', '2008-01-01 00:00:00'),
(80, 'chi', 'front', 'more_choices_quicker_service', 'notice', '有更多的选择提供带来更快捷的服务', '有更多的选择提供带来更快捷的服务', '2008-01-01 00:00:00', '2008-01-01 00:00:00'),
(81, 'chi', 'front', 'make_you_enjoy_internet_shopping', 'notice', '让你体会网上购物带来的乐趣', '让你体会网上购物带来的乐趣', '2008-01-01 00:00:00', '2008-01-01 00:00:00'),
(82, 'chi', 'front', 'duplicate_fill_province_city_district', 'notice', '不需要重复填写省/市/区', '不需要重复填写省/市/区', '2008-01-01 00:00:00', '2008-01-01 00:00:00'),
(83, 'chi', 'front', 'password_is_consist', 'notice', '密码由6-16个字符组成。', '密码由6-16个字符组成。', '2008-01-01 00:00:00', '2008-01-01 00:00:00'),
(84, 'chi', 'front', '3_20_characters', 'notice', '3-20个字符(包括字母、数字、下划线)', '3-20个字符(包括字母、数字、下划线)', '2008-01-01 00:00:00', '2008-01-01 00:00:00'),
(85, 'chi', 'front', 'edit_region_or_contact_cs', 'notice', '请修改您的收货区域或联系客服', '请修改您的收货区域或联系客服', '2008-01-01 00:00:00', '2008-01-01 00:00:00'),
(86, 'chi', 'front', 'point', 'labels', '积分', '积分', '2008-01-01 00:00:00', '2008-01-01 00:00:00'),
(87, 'chi', 'front', 'search', 'labels', '查询', '查询', '2008-01-01 00:00:00', '2008-01-01 00:00:00'),
(88, 'chi', 'front', 'add', 'labels', '新增', '新增', '2008-01-01 00:00:00', '2008-01-01 00:00:00'),
(89, 'chi', 'front', 'comments', 'labels', '评论', '评论', '2008-01-01 00:00:00', '2008-01-01 00:00:00'),
(90, 'chi', 'front', 'consignee', 'labels', '收货人', '收货人', '2008-01-01 00:00:00', '2008-01-01 00:00:00'),
(91, 'chi', 'front', 'information', 'labels', '信息', '信息', '2008-01-01 00:00:00', '2008-01-01 00:00:00'),
(92, 'chi', 'front', 'address', 'labels', '地址', '地址', '2008-01-01 00:00:00', '2008-01-01 00:00:00'),
(93, 'chi', 'front', 'label', 'labels', '标签', '标签', '2008-01-01 00:00:00', '2008-01-01 00:00:00'),
(94, 'chi', 'front', 'after_sale', 'labels', '售后', '售后', '2008-01-01 00:00:00', '2008-01-01 00:00:00'),
(95, 'chi', 'front', 'all', 'labels', '所有', '所有', '2008-01-01 00:00:00', '2008-01-01 00:00:00'),
(96, 'chi', 'front', 'products', 'labels', '商品', '商品', '2008-01-01 00:00:00', '2008-01-01 00:00:00'),
(97, 'chi', 'front', 'anonymous', 'labels', '匿名', '匿名', '2008-01-01 00:00:00', '2008-01-01 00:00:00'),
(98, 'chi', 'front', 'purchase', 'labels', '购买', '购买', '2008-01-01 00:00:00', '2008-01-01 00:00:00'),
(99, 'chi', 'front', 'region', 'labels', '区域', '区域', '2008-01-01 00:00:00', '2008-01-01 00:00:00'),
(100, 'chi', 'front', 'area', 'labels', '地区', '地区', '2008-01-01 00:00:00', '2008-01-01 00:00:00'),
(101, 'chi', 'front', 'article', 'labels', '文章', '文章', '2008-01-01 00:00:00', '2008-01-01 00:00:00'),
(102, 'chi', 'front', 'home', 'labels', '首页', '首页', '2008-01-01 00:00:00', '2008-01-01 00:00:00'),
(103, 'chi', 'front', 'list', 'labels', '列表', '列表', '2008-01-01 00:00:00', '2008-01-01 00:00:00'),
(104, 'chi', 'front', 'title', 'labels', '标题', '标题', '2008-01-01 00:00:00', '2008-01-01 00:00:00'),
(105, 'chi', 'front', 'attachment_size', 'labels', '附件上传大小', '附件上传大小', '2008-01-01 00:00:00', '2008-01-01 00:00:00'),
(106, 'chi', 'front', 'author', 'labels', '作者', '作者', '2008-01-01 00:00:00', '2008-01-01 00:00:00'),
(107, 'chi', 'front', 'backup_email', 'labels', '备用邮箱', '备用邮箱', '2008-01-01 00:00:00', '2008-01-01 00:00:00'),
(108, 'chi', 'front', 'balance', 'labels', '余额', '余额', '2008-01-01 00:00:00', '2008-01-01 00:00:00'),
(109, 'chi', 'front', 'supply', 'labels', '充值', '充值', '2008-01-01 00:00:00', '2008-01-01 00:00:00'),
(110, 'chi', 'front', 'optional_information', 'labels', '可选信息', '可选信息', '2008-01-01 00:00:00', '2008-01-01 00:00:00'),
(111, 'chi', 'front', 'best_shipping_time', 'labels', '最佳送货时间', '最佳送货时间', '2008-01-01 00:00:00', '2008-01-01 00:00:00'),
(112, 'chi', 'front', 'birthday', 'labels', '生日', '生日', '2008-01-01 00:00:00', '2008-01-01 00:00:00'),
(113, 'chi', 'front', 'brand', 'labels', '品牌', '品牌', '2008-01-01 00:00:00', '2008-01-01 00:00:00'),
(114, 'chi', 'front', 'apellation', 'labels', '名称', '名称', '2008-01-01 00:00:00', '2008-01-01 00:00:00'),
(115, 'chi', 'front', 'view_history', 'labels', '浏览历史', '浏览历史', '2008-01-01 00:00:00', '2008-01-01 00:00:00'),
(116, 'chi', 'front', 'view_number', 'labels', '浏览次数', '浏览次数', '2008-01-01 00:00:00', '2008-01-01 00:00:00'),
(117, 'chi', 'front', 'purchase_again', 'labels', '再次购买', '再次购买', '2008-01-01 00:00:00', '2008-01-01 00:00:00'),
(118, 'chi', 'front', 'quantity', 'labels', '数量', '数量', '2008-01-01 00:00:00', '2008-01-01 00:00:00'),
(119, 'chi', 'front', 'calender', 'labels', '日历', '日历', '2008-01-01 00:00:00', '2008-01-01 00:00:00'),
(120, 'chi', 'front', 'cancel', 'labels', '取消', '取消', '2008-01-01 00:00:00', '2008-01-01 00:00:00'),
(121, 'chi', 'front', 'order', 'labels', '订单', '订单', '2008-01-01 00:00:00', '2008-01-01 00:00:00'),
(122, 'chi', 'front', 'cart', 'labels', '购物车', '购物车', '2008-01-01 00:00:00', '2008-01-01 00:00:00'),
(123, 'chi', 'front', 'classificatory', 'labels', '分类', '分类', '2008-01-01 00:00:00', '2008-01-01 00:00:00'),
(124, 'chi', 'front', 'category', 'labels', '类别', '类别', '2008-01-01 00:00:00', '2008-01-01 00:00:00'),
(125, 'chi', 'front', 'group', 'labels', '分组', '分组', '2008-01-01 00:00:00', '2008-01-01 00:00:00'),
(126, 'chi', 'front', 'payment', 'labels', '支付方式', '支付方式', '2008-01-01 00:00:00', '2008-01-01 00:00:00'),
(127, 'chi', 'front', 'user', 'labels', '用户', '用户', '2008-01-01 00:00:00', '2008-01-01 00:00:00'),
(128, 'chi', 'front', 'detail', 'labels', '详细', '详细', '2008-01-01 00:00:00', '2008-01-01 00:00:00'),
(129, 'chi', 'front', 'suppliers_message', 'labels', '商家留言', '商家留言', '2008-01-01 00:00:00', '2008-01-01 00:00:00'),
(130, 'chi', 'front', 'exist_group', 'labels', '已有分组', '已有分组', '2008-01-01 00:00:00', '2008-01-01 00:00:00'),
(131, 'chi', 'front', 'clear_view_history', 'labels', '清除', '清除', '2008-01-01 00:00:00', '2008-01-01 00:00:00'),
(132, 'chi', 'front', 'close', 'labels', '关闭', '关闭', '2008-01-01 00:00:00', '2008-01-01 00:00:00'),
(133, 'chi', 'front', 'company', 'labels', '单位', '单位', '2008-01-01 00:00:00', '2008-01-01 00:00:00'),
(134, 'chi', 'front', 'telephone', 'labels', '电话', '电话', '2008-01-01 00:00:00', '2008-01-01 00:00:00'),
(135, 'chi', 'front', 'save_to_market_price', 'labels', '省', '省', '2008-01-01 00:00:00', '2009-05-20 10:10:23'),
(136, 'chi', 'front', 'complaint', 'labels', '投诉', '投诉', '2008-01-01 00:00:00', '2008-01-01 00:00:00'),
(137, 'chi', 'front', 'confidence', 'labels', '保密', '保密', '2008-01-01 00:00:00', '2008-01-01 00:00:00'),
(138, 'chi', 'front', 'confirm', 'labels', '确定', '确定', '2008-01-01 00:00:00', '2008-01-01 00:00:00'),
(139, 'chi', 'front', 'affirm', 'labels', '确认', '确认', '2008-01-01 00:00:00', '2008-01-01 00:00:00'),
(140, 'chi', 'front', 'connect_person', 'labels', '联系人', '联系人', '2008-01-01 00:00:00', '2008-01-01 00:00:00'),
(141, 'chi', 'front', 'consume', 'labels', '消费', '消费', '2008-01-01 00:00:00', '2008-01-01 00:00:00'),
(142, 'chi', 'front', 'content', 'labels', '内容', '内容', '2008-01-01 00:00:00', '2008-01-01 00:00:00'),
(143, 'chi', 'front', 'continue', 'labels', '继续', '继续', '2008-01-01 00:00:00', '2008-01-01 00:00:00'),
(144, 'chi', 'front', 'friend', 'labels', '好友', '好友', '2008-01-01 00:00:00', '2008-01-01 00:00:00'),
(145, 'chi', 'front', 'create', 'labels', '创建', '创建', '2008-01-01 00:00:00', '2008-01-01 00:00:00'),
(146, 'chi', 'front', 'current', 'labels', '当前', '当前', '2008-01-01 00:00:00', '2008-01-01 00:00:00'),
(147, 'chi', 'front', 'location', 'labels', '位置', '位置', '2008-01-01 00:00:00', '2008-01-01 00:00:00'),
(148, 'chi', 'front', 'default_time_zone', 'labels', '默认时区', '默认时区', '2008-01-01 00:00:00', '2008-01-01 00:00:00'),
(149, 'chi', 'front', 'delete', 'labels', '删除', '删除', '2008-01-01 00:00:00', '2008-01-01 00:00:00'),
(150, 'chi', 'front', 'delivered', 'labels', '已发货', '已发货', '2008-01-01 00:00:00', '2008-01-01 00:00:00'),
(151, 'chi', 'front', 'delivery_status', 'labels', '配送状态', '配送状态', '2008-01-01 00:00:00', '2008-01-01 00:00:00'),
(152, 'chi', 'front', 'description', 'labels', '描述', '描述', '2008-01-01 00:00:00', '2008-01-01 00:00:00'),
(153, 'chi', 'front', 'discount', 'labels', '折扣', '折扣', '2008-01-01 00:00:00', '2008-01-01 00:00:00'),
(154, 'chi', 'front', 'display_mode', 'labels', '显示方式', '显示方式', '2008-01-01 00:00:00', '2008-01-01 00:00:00'),
(155, 'chi', 'front', 'do_not_send_email', 'labels', '不发送邮件', '不发送邮件', '2008-01-01 00:00:00', '2008-01-01 00:00:00'),
(156, 'chi', 'front', 'edit', 'labels', '编辑', '编辑', '2008-01-01 00:00:00', '2008-01-01 00:00:00'),
(157, 'chi', 'front', 'email', 'labels', 'Email', 'Email', '2008-01-01 00:00:00', '2008-01-01 00:00:00'),
(158, 'chi', 'front', 'end', 'labels', '结束', '结束', '2008-01-01 00:00:00', '2008-01-01 00:00:00'),
(159, 'chi', 'front', 'exchange', 'labels', '兑换', '兑换', '2008-01-01 00:00:00', '2008-01-01 00:00:00'),
(160, 'chi', 'front', 'time', 'labels', '时间', '时间', '2008-01-01 00:00:00', '2008-01-01 00:00:00'),
(161, 'chi', 'front', 'fee', 'labels', '费', '费', '2008-01-01 00:00:00', '2008-01-01 00:00:00'),
(162, 'chi', 'front', 'total', 'labels', '合计', '合计', '2008-01-01 00:00:00', '2008-01-01 00:00:00'),
(163, 'chi', 'front', 'fast', 'labels', '快速', '快速', '2008-01-01 00:00:00', '2008-01-01 00:00:00'),
(164, 'chi', 'front', 'register', 'labels', '注册', '注册', '2008-01-01 00:00:00', '2008-01-01 00:00:00'),
(165, 'chi', 'front', 'favorable_content', 'labels', '优惠内容', '优惠内容', '2008-01-01 00:00:00', '2008-01-01 00:00:00'),
(166, 'chi', 'front', 'favorable_products', 'labels', '特惠品', '特惠品', '2008-01-01 00:00:00', '2008-01-01 00:00:00'),
(167, 'chi', 'front', 'favorite', 'labels', '收藏', '收藏', '2008-01-01 00:00:00', '2008-01-01 00:00:00'),
(168, 'chi', 'front', 'female', 'labels', '女', '女', '2008-01-01 00:00:00', '2008-01-01 00:00:00'),
(169, 'chi', 'front', 'please_enter', 'labels', '请填写', '请填写', '2008-01-01 00:00:00', '2008-01-01 00:00:00'),
(170, 'chi', 'front', 'answer', 'labels', '问题答案', '问题答案', '2008-01-01 00:00:00', '2008-01-01 00:00:00'),
(171, 'chi', 'front', 'security_question', 'labels', '密码保护问题', '密码保护问题', '2008-01-01 00:00:00', '2008-01-01 00:00:00'),
(172, 'chi', 'front', 'forget_password', 'labels', '忘记密码', '忘记密码', '2008-01-01 00:00:00', '2008-01-01 00:00:00'),
(173, 'chi', 'front', 'free', 'labels', '免费', '免费', '2008-01-01 00:00:00', '2008-01-01 00:00:00'),
(174, 'chi', 'front', 'limit', 'labels', '额度', '额度', '2008-01-01 00:00:00', '2008-01-01 00:00:00'),
(175, 'chi', 'front', 'gender', 'labels', '性别', '性别', '2008-01-01 00:00:00', '2008-01-01 00:00:00'),
(176, 'chi', 'front', 'help_center', 'labels', '帮助中心', '帮助中心', '2008-01-01 00:00:00', '2008-01-01 00:00:00'),
(177, 'chi', 'front', 'history_details', 'labels', '历史明细', '历史明细', '2008-01-01 00:00:00', '2008-01-01 00:00:00'),
(178, 'chi', 'front', 'hot', 'labels', '热门', '热门', '2008-01-01 00:00:00', '2008-01-01 00:00:00'),
(179, 'chi', 'front', 'verify_code', 'labels', '验证码', '验证码', '2008-01-01 00:00:00', '2008-01-01 00:00:00'),
(180, 'chi', 'front', 'inquiry', 'labels', '询问', '询问', '2008-01-01 00:00:00', '2008-01-01 00:00:00'),
(181, 'chi', 'front', 'issue_comments', 'labels', '我要评论', '我要评论', '2008-01-01 00:00:00', '2008-01-01 00:00:00'),
(182, 'chi', 'front', 'issue_time', 'labels', '发布时间', '发布时间', '2008-01-01 00:00:00', '2008-01-01 00:00:00'),
(183, 'chi', 'front', 'js_part', 'labels', 'JS部份', 'JS部份', '2008-01-01 00:00:00', '2008-01-01 00:00:00'),
(184, 'chi', 'front', 'keywords', 'labels', '关键字', '关键字', '2008-01-01 00:00:00', '2008-01-01 00:00:00'),
(185, 'chi', 'front', 'latest', 'labels', '最新', '最新', '2008-01-01 00:00:00', '2008-01-01 00:00:00'),
(186, 'chi', 'front', 'news', 'labels', '资讯', '资讯', '2008-01-01 00:00:00', '2008-01-01 00:00:00'),
(187, 'chi', 'front', 'characters', 'labels', '文字', '文字', '2008-01-01 00:00:00', '2008-01-01 00:00:00'),
(188, 'chi', 'front', 'graph', 'labels', '图片', '图片', '2008-01-01 00:00:00', '2008-01-01 00:00:00'),
(189, 'chi', 'front', 'sort', 'labels', '排序', '排序', '2008-01-01 00:00:00', '2008-01-01 00:00:00'),
(190, 'chi', 'front', 'login', 'labels', '登录', '登录', '2008-01-01 00:00:00', '2008-01-01 00:00:00'),
(191, 'chi', 'front', 'log_out', 'labels', '退出', '退出', '2008-01-01 00:00:00', '2008-01-01 00:00:00'),
(192, 'chi', 'front', 'male', 'labels', '男', '男', '2008-01-01 00:00:00', '2008-01-01 00:00:00'),
(193, 'chi', 'front', 'marked_building', 'labels', '标志建筑', '标志建筑', '2008-01-01 00:00:00', '2008-01-01 00:00:00'),
(194, 'chi', 'front', 'market_price', 'labels', '市场价', '市场价', '2008-01-01 00:00:00', '2008-01-01 00:00:00'),
(195, 'chi', 'front', 'agreement', 'labels', '协议', '协议', '2008-01-01 00:00:00', '2008-01-01 00:00:00'),
(196, 'chi', 'front', 'membership_price', 'labels', '会员价', '会员价', '2008-01-01 00:00:00', '2008-01-01 00:00:00'),
(197, 'chi', 'front', 'message', 'labels', '留言', '留言', '2008-01-01 00:00:00', '2008-01-01 00:00:00'),
(198, 'chi', 'front', 'mobile', 'labels', '手机', '手机', '2008-01-01 00:00:00', '2008-01-01 00:00:00'),
(199, 'chi', 'front', 'more', 'labels', '更多', '更多', '2008-01-01 00:00:00', '2008-01-01 00:00:00'),
(200, 'chi', 'front', 'address_book', 'labels', '我的地址簿', '我的地址簿', '2008-01-01 00:00:00', '2008-01-01 00:00:00'),
(201, 'chi', 'front', 'my_balance', 'labels', '我的资金', '我的资金', '2008-01-01 00:00:00', '2008-01-01 00:00:00'),
(202, 'chi', 'front', 'my_cart', 'labels', '我的购物车', '我的购物车', '2008-01-01 00:00:00', '2008-01-01 00:00:00'),
(203, 'chi', 'front', 'my_comments', 'labels', '我的评论', '我的评论', '2008-01-01 00:00:00', '2008-01-01 00:00:00'),
(204, 'chi', 'front', 'my_favorite', 'labels', '我的收藏', '我的收藏', '2008-01-01 00:00:00', '2008-01-01 00:00:00'),
(205, 'chi', 'front', 'my_friends', 'labels', '我的好友', '我的好友', '2008-01-01 00:00:00', '2008-01-01 00:00:00'),
(206, 'chi', 'front', 'my_information', 'labels', '我的信息', '我的信息', '2008-01-01 00:00:00', '2008-01-01 00:00:00'),
(207, 'chi', 'front', 'my_message', 'labels', '我的留言', '我的留言', '2008-01-01 00:00:00', '2008-01-01 00:00:00'),
(208, 'chi', 'front', 'my_order', 'labels', '我的订单', '我的订单', '2008-01-01 00:00:00', '2008-01-01 00:00:00'),
(209, 'chi', 'front', 'order_list', 'labels', '我的订单列表', '我的订单列表', '2008-01-01 00:00:00', '2008-01-01 00:00:00'),
(210, 'chi', 'front', 'points', 'labels', '我的积分', '我的积分', '2008-01-01 00:00:00', '2008-01-01 00:00:00'),
(211, 'chi', 'front', 'set', 'labels', '我的设置', '我的设置', '2008-01-01 00:00:00', '2008-01-01 00:00:00'),
(212, 'chi', 'front', 'name', 'labels', '姓名', '姓名', '2008-01-01 00:00:00', '2008-01-01 00:00:00'),
(213, 'chi', 'front', 'new_arrival', 'labels', '新品', '新品', '2008-01-01 00:00:00', '2008-01-01 00:00:00'),
(214, 'chi', 'front', 'no', 'labels', '否', '否', '2008-01-01 00:00:00', '2008-01-01 00:00:00'),
(215, 'chi', 'front', 'no_comments_necessary', 'labels', '无需填写备注', '无需填写备注', '2008-01-01 00:00:00', '2008-01-01 00:00:00'),
(216, 'chi', 'front', 'no_comments_now', 'labels', '暂无评论', '暂无评论', '2008-01-01 00:00:00', '2008-01-01 00:00:00'),
(217, 'chi', 'front', 'no_promote_activity', 'labels', '无促消活动', '无促消活动', '2008-01-01 00:00:00', '2008-01-01 00:00:00'),
(218, 'chi', 'front', 'no_promote_products', 'labels', '暂无促销商品', '暂无促销商品', '2008-01-01 00:00:00', '2008-01-01 00:00:00'),
(219, 'chi', 'front', 'normal', 'labels', '普通', '普通', '2008-01-01 00:00:00', '2008-01-01 00:00:00'),
(220, 'chi', 'front', 'unconfirmed', 'labels', '未确认', '未确认', '2008-01-01 00:00:00', '2008-01-01 00:00:00'),
(221, 'chi', 'front', 'undelivered', 'labels', '未发货', '未发货', '2008-01-01 00:00:00', '2008-01-01 00:00:00'),
(222, 'chi', 'front', 'onsale', 'labels', '上架', '上架', '2008-01-01 00:00:00', '2008-01-01 00:00:00'),
(223, 'chi', 'front', 'operation', 'labels', '操作', '操作', '2008-01-01 00:00:00', '2008-01-01 00:00:00'),
(224, 'chi', 'front', 'sales', 'labels', '销量', '销量', '2008-01-01 00:00:00', '2008-01-01 00:00:00'),
(225, 'chi', 'front', 'order_code', 'labels', '订单号', '订单号', '2008-01-01 00:00:00', '2008-01-01 00:00:00'),
(226, 'chi', 'front', 'status', 'labels', '状态', '状态', '2008-01-01 00:00:00', '2008-01-01 00:00:00'),
(227, 'chi', 'front', 'order_time', 'labels', '下单时间', '下单时间', '2008-01-01 00:00:00', '2008-01-01 00:00:00'),
(228, 'chi', 'front', 'original_price', 'labels', '原价', '原价', '2008-01-01 00:00:00', '2008-01-01 00:00:00'),
(229, 'chi', 'front', 'others', 'labels', '其他信息', '其他信息', '2008-01-01 00:00:00', '2008-01-01 00:00:00'),
(230, 'chi', 'front', 'our_price', 'labels', '本店售价', '本店售价', '2008-01-01 00:00:00', '2008-01-01 00:00:00'),
(231, 'chi', 'front', 'sold_out', 'labels', '缺货', '缺货', '2008-01-01 00:00:00', '2008-01-01 00:00:00'),
(232, 'chi', 'front', 'booking', 'labels', '缺货登记', '缺货登记', '2008-01-01 00:00:00', '2008-01-01 00:00:00'),
(233, 'chi', 'front', 'card_fee', 'labels', '贺卡费', '贺卡费', '2008-01-01 00:00:00', '2008-01-01 00:00:00'),
(234, 'chi', 'front', 'package_fee', 'labels', '包装费', '包装费', '2008-01-01 00:00:00', '2008-01-01 00:00:00'),
(235, 'chi', 'front', 'password', 'labels', '密码', '密码', '2008-01-01 00:00:00', '2008-01-01 00:00:00'),
(236, 'chi', 'front', 'payable_amount', 'labels', '应付金额', '应付金额', '2008-01-01 00:00:00', '2008-01-01 00:00:00'),
(237, 'chi', 'front', 'please_choose', 'labels', '请选择', '请选择', '2008-01-01 00:00:00', '2008-01-01 00:00:00'),
(238, 'chi', 'front', 'exchange_ratio', 'labels', '换算比例', '换算比例', '2008-01-01 00:00:00', '2008-01-01 00:00:00'),
(239, 'chi', 'front', 'payment_ratio', 'labels', '支付比例', '支付比例', '2008-01-01 00:00:00', '2008-01-01 00:00:00'),
(240, 'chi', 'front', 'price', 'labels', '价格', '价格', '2008-01-01 00:00:00', '2008-01-01 00:00:00'),
(241, 'chi', 'front', 'code', 'labels', '号', '号', '2008-01-01 00:00:00', '2008-01-01 00:00:00'),
(242, 'chi', 'front', 'sku', 'labels', '货号', '货号', '2008-01-01 00:00:00', '2008-01-01 00:00:00'),
(243, 'chi', 'front', 'weight', 'labels', '重量', '重量', '2008-01-01 00:00:00', '2008-01-01 00:00:00'),
(244, 'chi', 'front', 'purchased_products', 'labels', '您购买的商品', '您购买的商品', '2008-01-01 00:00:00', '2008-01-01 00:00:00'),
(245, 'chi', 'front', 'promotion', 'labels', '促销', '促销', '2008-01-01 00:00:00', '2008-01-01 00:00:00'),
(246, 'chi', 'front', 'purchase_requirement', 'labels', '采购需求', '采购需求', '2008-01-01 00:00:00', '2008-01-01 00:00:00'),
(247, 'chi', 'front', 'purchased', 'labels', '已购买', '已购买', '2008-01-01 00:00:00', '2008-01-01 00:00:00'),
(248, 'chi', 'front', 'put_into_cart', 'labels', '加入购物车', '加入购物车', '2008-01-01 00:00:00', '2008-01-01 00:00:00'),
(249, 'chi', 'front', 'comment_rank', 'labels', '评价等级', '评价等级', '2008-01-01 00:00:00', '2008-01-01 00:00:00'),
(250, 'chi', 'front', 'sort_by', 'labels', '排序方式', '排序方式', '2008-01-01 00:00:00', '2008-01-01 00:00:00'),
(251, 'chi', 'front', 'rechoose', 'labels', '重新选择', '重新选择', '2008-01-01 00:00:00', '2008-01-01 00:00:00'),
(252, 'chi', 'front', 'recommend', 'labels', '推荐', '推荐', '2008-01-01 00:00:00', '2008-01-01 00:00:00'),
(253, 'chi', 'front', 'related_article', 'labels', '相关文章', '相关文章', '2008-01-01 00:00:00', '2008-01-01 00:00:00'),
(254, 'chi', 'front', 'related_products', 'labels', '关联商品', '关联商品', '2008-01-01 00:00:00', '2008-01-01 00:00:00'),
(255, 'chi', 'front', 'remark', 'labels', '备注', '备注', '2008-01-01 00:00:00', '2008-01-01 00:00:00'),
(256, 'chi', 'front', 'remark_is_necessary', 'labels', '必需填写备注', '必需填写备注', '2008-01-01 00:00:00', '2008-01-01 00:00:00'),
(257, 'chi', 'front', 'repeat_password', 'labels', '重复密码', '重复密码', '2008-01-01 00:00:00', '2008-01-01 00:00:00'),
(258, 'chi', 'front', 'reply', 'labels', '回复', '回复', '2008-01-01 00:00:00', '2008-01-01 00:00:00'),
(259, 'chi', 'front', 'return', 'labels', '返回', '返回', '2008-01-01 00:00:00', '2008-01-01 00:00:00'),
(260, 'chi', 'front', 'sales_this_term', 'labels', '本期售出', '本期售出', '2008-01-01 00:00:00', '2008-01-01 00:00:00'),
(261, 'chi', 'front', 'saved', 'labels', '节省了', '节省了', '2008-01-01 00:00:00', '2008-01-01 00:00:00'),
(262, 'chi', 'front', 'search_result', 'labels', '搜索结果', '搜索结果', '2008-01-01 00:00:00', '2008-01-01 00:00:00'),
(263, 'chi', 'front', 'security_answer', 'labels', '密码保护答案', '密码保护答案', '2008-01-01 00:00:00', '2008-01-01 00:00:00'),
(264, 'chi', 'front', 'send', 'labels', '发送', '发送', '2008-01-01 00:00:00', '2008-01-01 00:00:00'),
(265, 'chi', 'front', 'send_confirm_mail', 'labels', '认证邮件', '认证邮件', '2008-01-01 00:00:00', '2008-01-01 00:00:00'),
(266, 'chi', 'front', 'send_mail', 'labels', '发送邮件', '发送邮件', '2008-01-01 00:00:00', '2008-01-01 00:00:00'),
(267, 'chi', 'front', 'paid', 'labels', '已付款', '已付款', '2008-01-01 00:00:00', '2008-01-01 00:00:00'),
(268, 'chi', 'front', 'checkout', 'labels', '结算', '结算', '2008-01-01 00:00:00', '2008-01-01 00:00:00'),
(269, 'chi', 'front', 'checkout_center', 'labels', '结算中心', '结算中心', '2008-01-01 00:00:00', '2008-01-01 00:00:00'),
(270, 'chi', 'front', 'shipping_fee', 'labels', '配送费', '配送费', '2008-01-01 00:00:00', '2008-01-01 00:00:00'),
(271, 'chi', 'front', 'payment_fee', 'labels', '支付费', '支付费', '2008-01-01 00:00:00', '2008-01-01 00:00:00'),
(272, 'chi', 'front', 'shipping_method', 'labels', '配送方式', '配送方式', '2008-01-01 00:00:00', '2008-01-01 00:00:00'),
(273, 'chi', 'front', 'subtotal', 'labels', '小计', '小计', '2008-01-01 00:00:00', '2008-01-01 00:00:00'),
(274, 'chi', 'front', 'out_of_stock_process', 'labels', '缺货处理', '缺货处理', '2008-01-01 00:00:00', '2008-01-01 00:00:00'),
(275, 'chi', 'front', 'start', 'labels', '开始', '开始', '2008-01-01 00:00:00', '2008-01-01 00:00:00'),
(276, 'chi', 'front', 'subject', 'labels', '主题', '主题', '2008-01-01 00:00:00', '2008-01-01 00:00:00'),
(277, 'chi', 'front', 'zone_telephone_extension', 'labels', '（区号-电话号码-分机）', '（区号-电话号码-分机）', '2008-01-01 00:00:00', '2008-01-01 00:00:00'),
(278, 'chi', 'front', 'total_order_value', 'labels', '订单总金额', '订单总金额', '2008-01-01 00:00:00', '2008-01-01 00:00:00'),
(279, 'chi', 'front', 'type', 'labels', '类型', '类型', '2008-01-01 00:00:00', '2008-01-01 00:00:00'),
(280, 'chi', 'front', 'undefined', 'labels', '未定义', '未定义', '2008-01-01 00:00:00', '2008-01-01 00:00:00'),
(281, 'chi', 'front', 'unpaid', 'labels', '未付款', '未付款', '2008-01-01 00:00:00', '2008-01-01 00:00:00'),
(282, 'chi', 'front', 'user_center', 'labels', '用户中心', '用户中心', '2008-01-01 00:00:00', '2008-01-01 00:00:00'),
(283, 'chi', 'front', 'notices', 'labels', '公告', '公告', '2008-01-01 00:00:00', '2008-01-01 00:00:00'),
(284, 'chi', 'front', 'user_remind', 'labels', '用户提醒', '用户提醒', '2008-01-01 00:00:00', '2008-01-01 00:00:00'),
(285, 'chi', 'front', 'username', 'labels', '用户名', '用户名', '2008-01-01 00:00:00', '2008-01-01 00:00:00'),
(286, 'chi', 'front', 'waitting_for_check', 'labels', '[等待审核]', '[等待审核]', '2008-01-01 00:00:00', '2008-01-01 00:00:00'),
(287, 'chi', 'front', 'waitting_for_confirm', 'labels', '待确认', '待确认', '2008-01-01 00:00:00', '2008-01-01 00:00:00'),
(288, 'chi', 'front', 'website_information', 'labels', '站内信息', '站内信息', '2008-01-01 00:00:00', '2008-01-01 00:00:00'),
(289, 'chi', 'front', 'sitemap', 'labels', '网站导航', '网站导航', '2008-01-01 00:00:00', '2008-01-01 00:00:00'),
(290, 'chi', 'front', 'welcome', 'labels', '欢迎光临', '欢迎光临', '2008-01-01 00:00:00', '2008-01-01 00:00:00'),
(291, 'chi', 'front', 'yes', 'labels', '是', '是', '2008-01-01 00:00:00', '2008-01-01 00:00:00'),
(292, 'chi', 'front', 'your_account', 'labels', '您的帐户', '您的帐户', '2008-01-01 00:00:00', '2008-01-01 00:00:00'),
(293, 'chi', 'front', 'current_points', 'labels', '剩余积分为', '剩余积分为', '2008-01-01 00:00:00', '2008-01-01 00:00:00'),
(294, 'chi', 'front', 'last_login_time', 'labels', '您的上一次登录时间', '您的上一次登录时间', '2008-01-01 00:00:00', '2008-01-01 00:00:00'),
(295, 'chi', 'front', 'level_is', 'labels', '您的等级是', '您的等级是', '2008-01-01 00:00:00', '2008-01-01 00:00:00'),
(296, 'chi', 'front', 'yuan', 'labels', '元', '元', '2008-01-01 00:00:00', '2008-01-01 00:00:00'),
(297, 'chi', 'front', 'post_code', 'labels', '邮政编码', '邮政编码', '2008-01-01 00:00:00', '2008-01-01 00:00:00'),
(298, 'chi', 'front', 'correlative_products', 'labels', '相关商品', '相关商品', '2008-01-01 00:00:00', '2008-01-01 00:00:00'),
(299, 'chi', 'front', 'activity', 'labels', '活动', '活动', '2008-01-01 00:00:00', '2008-01-01 00:00:00'),
(300, 'chi', 'front', 'attribute', 'labels', '属性', '属性', '2008-01-01 00:00:00', '2008-01-01 00:00:00'),
(301, 'chi', 'front', 'current_price', 'labels', '现价', '现价', '2008-01-01 00:00:00', '2008-01-01 00:00:00'),
(302, 'chi', 'front', 'advanced_search', 'labels', '高级搜索', '高级搜索', '2008-01-01 00:00:00', '2008-01-01 00:00:00'),
(303, 'chi', 'front', 'gram', 'labels', '克', '克', '2008-01-01 00:00:00', '2008-01-01 00:00:00'),
(304, 'chi', 'front', 'stock', 'labels', '库存', '库存', '2008-01-01 00:00:00', '2008-01-01 00:00:00'),
(305, 'chi', 'front', 'shop', 'labels', '商店', '商店', '2008-01-01 00:00:00', '2008-01-01 00:00:00'),
(306, 'chi', 'front', 'setting', 'labels', '设置', '设置', '2008-01-01 00:00:00', '2008-01-01 00:00:00'),
(307, 'chi', 'front', 'basic', 'labels', '基本', '基本', '2008-01-01 00:00:00', '2008-01-01 00:00:00'),
(308, 'chi', 'front', 'show', 'labels', '显示', '显示', '2008-01-01 00:00:00', '2008-01-01 00:00:00'),
(309, 'chi', 'front', 'shop_flow', 'labels', '购物流程', '购物流程', '2008-01-01 00:00:00', '2008-01-01 00:00:00'),
(310, 'chi', 'front', 'member', 'labels', '会员', '会员', '2008-01-01 00:00:00', '2008-01-01 00:00:00'),
(311, 'chi', 'front', 'email_letter', 'labels', '邮件', '邮件', '2008-01-01 00:00:00', '2008-01-01 00:00:00'),
(312, 'chi', 'front', 'template', 'labels', '模板', '模板', '2008-01-01 00:00:00', '2008-01-01 00:00:00'),
(313, 'chi', 'front', 'reset', 'labels', '重置', '重置', '2008-01-01 00:00:00', '2008-01-01 00:00:00'),
(314, 'chi', 'front', 'submit', 'labels', '提交', '提交', '2008-01-01 00:00:00', '2008-01-01 00:00:00'),
(315, 'chi', 'front', 'street', 'labels', '街道', '街道', '2008-01-01 00:00:00', '2008-01-01 00:00:00'),
(316, 'chi', 'front', 'amount', 'labels', '金额', '金额', '2008-01-01 00:00:00', '2008-01-01 00:00:00'),
(317, 'chi', 'front', 'one_contact', 'labels', '一个联系方式', '一个联系方式', '2008-01-01 00:00:00', '2008-01-01 00:00:00'),
(318, 'chi', 'front', 'recharge_amount', 'labels', '充值的金额', '充值的金额', '2008-01-01 00:00:00', '2008-01-01 00:00:00'),
(319, 'chi', 'front', 'account', 'labels', '账户', '账户', '2008-01-01 00:00:00', '2008-01-01 00:00:00'),
(320, 'chi', 'front', 'notes', 'labels', '注意事项', '注意事项', '2008-01-01 00:00:00', '2008-01-01 00:00:00'),
(321, 'chi', 'front', 'ifpay_through_counter', 'labels', '如果您通过柜面付款', '如果您通过柜面付款', '2008-01-01 00:00:00', '2008-01-01 00:00:00'),
(322, 'chi', 'front', 'mmodify', 'labels', '修改', '修改', '2008-01-01 00:00:00', '2008-01-01 00:00:00'),
(323, 'chi', 'front', 'view', 'labels', '查看', '查看', '2008-01-01 00:00:00', '2008-01-01 00:00:00'),
(324, 'chi', 'front', 'pay', 'labels', '付款', '付款', '2008-01-01 00:00:00', '2008-01-01 00:00:00'),
(325, 'chi', 'front', 'has_confirmed', 'labels', '已确认', '已确认', '2008-01-01 00:00:00', '2008-01-01 00:00:00'),
(326, 'chi', 'front', 'retrieve_password', 'labels', '找回密码', '找回密码', '2008-01-01 00:00:00', '2008-01-01 00:00:00'),
(327, 'chi', 'front', 'register_functions_closed', 'labels', '注册功能已经关闭', '注册功能已经关闭', '2008-01-01 00:00:00', '2008-01-01 00:00:00'),
(328, 'chi', 'front', 'order_generated', 'labels', '订单产生', '订单产生', '2008-01-01 00:00:00', '2008-01-01 00:00:00'),
(329, 'chi', 'front', 'new_password', 'labels', '新密码', '新密码', '2008-01-01 00:00:00', '2008-01-01 00:00:00'),
(330, 'chi', 'front', 'reenter_new_password', 'labels', '再输入一次新密码', '再输入一次新密码', '2008-01-01 00:00:00', '2008-01-01 00:00:00'),
(331, 'chi', 'front', 'alipay', 'labels', '支付宝', '支付宝', '2008-01-01 00:00:00', '2008-01-01 00:00:00'),
(332, 'chi', 'front', 'switch_languages', 'labels', '切换语言', '切换语言', '2008-01-01 00:00:00', '2008-01-01 00:00:00'),
(333, 'chi', 'front', 'goods_have_received', 'labels', '已收货', '已收货', '2008-01-01 00:00:00', '2008-01-01 00:00:00'),
(334, 'chi', 'front', 'has_been_canceled', 'labels', '已取消', '已取消', '2008-01-01 00:00:00', '2008-01-01 00:00:00'),
(335, 'chi', 'front', 'invalid', 'labels', '无效', '无效', '2008-01-01 00:00:00', '2008-01-01 00:00:00'),
(336, 'chi', 'front', 'return_products', 'labels', '退货', '退货', '2008-01-01 00:00:00', '2008-01-01 00:00:00'),
(337, 'chi', 'front', 'stocking', 'labels', '备货中 ', '备货中 ', '2008-01-01 00:00:00', '2008-01-01 00:00:00'),
(338, 'chi', 'front', 'paying', 'labels', '付款中', '付款中', '2008-01-01 00:00:00', '2008-01-01 00:00:00'),
(339, 'chi', 'front', 'no_friends', 'labels', '暂无好友', '暂无好友', '2008-01-01 00:00:00', '2008-01-01 00:00:00'),
(340, 'chi', 'front', 'email_notification', 'labels', '订阅邮件通知', '订阅邮件通知', '2008-01-01 00:00:00', '2008-01-01 00:00:00'),
(341, 'chi', 'front', 'auto_send_mail', 'labels', '自动发送邮件', '自动发送邮件', '2008-01-01 00:00:00', '2008-01-01 00:00:00'),
(342, 'chi', 'front', 'use', 'labels', '使用', '使用', '2008-01-01 00:00:00', '2008-01-01 00:00:00'),
(343, 'chi', 'front', 'card', 'labels', '贺卡', '贺卡', '2008-01-01 00:00:00', '2008-01-01 00:00:00'),
(344, 'chi', 'front', 'packaging', 'labels', '包装', '包装', '2008-01-01 00:00:00', '2008-01-01 00:00:00'),
(345, 'chi', 'front', 'agree', 'labels', '同意', '同意', '2008-01-01 00:00:00', '2008-01-01 00:00:00'),
(346, 'chi', 'front', 'fill_out_information', 'labels', '填写信息', '填写信息', '2008-01-01 00:00:00', '2008-01-01 00:00:00'),
(347, 'chi', 'front', 'received_mail', 'labels', '收电子邮件', '收电子邮件', '2008-01-01 00:00:00', '2008-01-01 00:00:00'),
(348, 'chi', 'front', 'tell_a_friend', 'labels', '推荐给好友', '推荐给好友', '2008-01-01 00:00:00', '2008-01-01 00:00:00'),
(349, 'chi', 'front', 'register_presented', 'labels', '注册赠送', '注册赠送', '2008-01-01 00:00:00', '2008-01-01 00:00:00'),
(350, 'chi', 'front', 'registration_steps', 'labels', '注册步骤', '注册步骤', '2008-01-01 00:00:00', '2008-01-01 00:00:00'),
(351, 'chi', 'front', 'products_details', 'labels', '商品详细', '商品详细', '2008-01-01 00:00:00', '2008-01-01 00:00:00'),
(352, 'chi', 'front', 'basic_setting', 'labels', '基本设定', '基本设定', '2008-01-01 00:00:00', '2008-01-01 00:00:00'),
(353, 'chi', 'front', 'shop_setting', 'labels', '商店信息', '商店信息', '2008-01-01 00:00:00', '2008-01-01 00:00:00'),
(354, 'chi', 'front', 'show_setting', 'labels', '显示设置', '显示设置', '2008-01-01 00:00:00', '2008-01-01 00:00:00'),
(355, 'chi', 'front', 'products_show_setting', 'labels', '商品显示信息', '商品显示信息', '2008-01-01 00:00:00', '2008-01-01 00:00:00'),
(356, 'chi', 'front', 'point_setting', 'labels', '积分设置', '积分设置', '2008-01-01 00:00:00', '2008-01-01 00:00:00'),
(357, 'chi', 'front', 'user_setting', 'labels', '会员设置', '会员设置', '2008-01-01 00:00:00', '2008-01-01 00:00:00'),
(358, 'chi', 'front', 'pages', 'labels', '页', '页', '2008-01-01 00:00:00', '2008-01-01 00:00:00'),
(359, 'chi', 'front', 'topage', 'labels', '到第', '到第', '2008-01-01 00:00:00', '2008-01-01 00:00:00'),
(360, 'chi', 'front', 'piece', 'labels', '篇', '篇', '2008-01-01 00:00:00', '2008-01-01 00:00:00'),
(361, 'chi', 'front', 'next', 'labels', '下一', '下一', '2008-01-01 00:00:00', '2008-01-01 00:00:00'),
(362, 'chi', 'front', 'previous', 'labels', '上一', '上一', '2008-01-01 00:00:00', '2008-01-01 00:00:00'),
(363, 'chi', 'front', 'colon', 'labels', '：', '：', '2008-01-01 00:00:00', '2008-01-01 00:00:00'),
(364, 'chi', 'front', 'page', 'labels', '页', '页', '2008-01-01 00:00:00', '2008-01-01 00:00:00'),
(365, 'chi', 'front', 'current_location_system_remind', 'labels', '当前位置：系统提示', '当前位置：系统提示', '2008-01-01 00:00:00', '2009-05-19 06:14:38'),
(366, 'chi', 'front', 'products_list_setting', 'labels', '商品列表设置', '商品列表设置', '2008-01-01 00:00:00', '2008-01-01 00:00:00'),
(367, 'chi', 'front', 'page_show_number', 'description', '每页显示%d条商品', '每页显示%d条商品', '2008-01-01 00:00:00', '2008-01-01 00:00:00'),
(368, 'chi', 'front', 'add_yuan_get', 'description', '加%d元:获得', '加%d元:获得', '2008-01-01 00:00:00', '2008-01-01 00:00:00'),
(369, 'chi', 'front', 'copyright', 'description', '%s 版权所有', '%s 版权所有', '2008-01-01 00:00:00', '2009-04-28 15:13:28'),
(370, 'chi', 'front', 'alipay_pay_immedia', 'labels', '立即支付宝付款', '立即支付宝付款', '2008-01-01 00:00:00', '2008-01-01 00:00:00'),
(371, 'chi', 'front', 'to_page', 'description', '到第%d页', '到第%d页', '2008-01-01 00:00:00', '2008-01-01 00:00:00'),
(372, 'chi', 'front', 'totally_buy_records', 'description', '总共%d个购买记录', '总共%d个购买记录', '2008-01-01 00:00:00', '2008-01-01 00:00:00'),
(373, 'chi', 'front', 'have_friends_now_continue_adding', 'description', '您现在有%d个好友，您可以继续添加好友', '您现在有%d个好友，您可以继续添加好友', '2008-01-01 00:00:00', '2008-01-01 00:00:00'),
(374, 'chi', 'front', 'submit_in_latest_30days', 'description', '您最近30天内提交了%d个订单', '您最近30天内提交了%d个订单', '2008-01-01 00:00:00', '2008-01-01 00:00:00'),
(375, 'chi', 'front', 'chosen_products', 'description', '从下面的赠品（特惠品）中选择 %d 个', '从下面的赠品（特惠品）中选择 %d 个', '2008-01-01 00:00:00', '2008-01-01 00:00:00'),
(376, 'chi', 'front', 'several_issues', 'description', '今天发布%d个记录', '今天发布%d个记录', '2008-01-01 00:00:00', '2008-01-01 00:00:00'),
(377, 'chi', 'front', 'continue_adding_friends', 'description', '您可以继续添加好友', '您可以继续添加好友', '2008-01-01 00:00:00', '2008-01-01 00:00:00'),
(378, 'chi', 'front', 'no_limit', 'description', '0表示不限制数量', '0表示不限制数量', '2008-01-01 00:00:00', '2008-01-01 00:00:00'),
(379, 'chi', 'front', 'records_statistics', 'description', '总共%d个记录，今天发布%d个记录', '总共%d个记录，今天发布%d个记录', '2008-01-01 00:00:00', '2008-01-01 00:00:00'),
(380, 'chi', 'front', 'totally_records_unpaid', 'description', '总共%d个记录', '总共%d个记录', '2008-01-01 00:00:00', '2008-01-01 00:00:00'),
(381, 'chi', 'front', 'can_offset_fee', 'description', '可以抵消%s元', '可以抵消%s元', '2008-01-01 00:00:00', '2009-05-10 10:47:55'),
(382, 'chi', 'front', 'can_use_point', 'description', '可用积分为%d积分', '您的积分为%d点', '2008-01-01 00:00:00', '2009-05-11 11:12:11'),
(383, 'chi', 'front', 'avliable_point', 'description', '使用了%d积分', '使用了积分%d点', '2008-01-01 00:00:00', '2009-05-10 10:48:41'),
(384, 'chi', 'front', 'hundred_point', 'description', '每100积分可抵%d元现金', '积分100点可抵%d元现金', '2008-01-01 00:00:00', '2009-05-10 10:51:44'),
(385, 'chi', 'front', 'order_max_point', 'description', '本订单最多可以使用%d积分', '本订单最多可以使用积分%d点', '2008-01-01 00:00:00', '2009-05-10 10:51:19'),
(386, 'chi', 'front', 'today_consumer', 'description', '今天的消费金额为%s 元', '今天的消费金额为%s 元', '2008-01-01 00:00:00', '2008-01-01 00:00:00'),
(387, 'chi', 'front', 'shipping_in', 'description', '发货于%s', '发货于%s', '2008-01-01 00:00:00', '2008-01-01 00:00:00'),
(388, 'chi', 'front', 'pay_in', 'description', '付款于%s', '付款于%s', '2008-01-01 00:00:00', '2008-01-01 00:00:00'),
(389, 'chi', 'front', 'pay_by', 'description', '使用%d支付', '使用%d支付', '2008-01-01 00:00:00', '2008-01-01 00:00:00');
INSERT INTO svcart_language_dictionaries (id, locale, location, name, type, description, value, created, modified) VALUES
(390, 'chi', 'front', 'set_order_as_unpaid', 'description', '设置订单为“%d”时', '设置订单为“%d”时', '2008-01-01 00:00:00', '2008-01-01 00:00:00'),
(391, 'chi', 'front', 'order_by', 'description', '按%s排序', '按%s排序', '2008-01-01 00:00:00', '2008-01-01 00:00:00'),
(392, 'chi', 'front', 'this_week', 'description', '本周%s', '本周%s', '2008-01-01 00:00:00', '2008-01-01 00:00:00'),
(393, 'chi', 'front', 'remaining_balance', 'description', '资金为%s元', '资金为%s元', '2008-01-01 00:00:00', '2008-01-01 00:00:00'),
(394, 'chi', 'front', 'contact', 'description', '联系方式', '联系方式', '2008-01-01 00:00:00', '2008-01-01 00:00:00'),
(395, 'chi', 'front', 'valid', 'description', '有效', '有效', '2008-01-01 00:00:00', '2008-01-01 00:00:00'),
(396, 'chi', 'front', 'no_coupon', 'notice', '没有任何优惠券', '没有任何优惠券', '2008-01-01 00:00:00', '2008-01-01 00:00:00'),
(397, 'chi', 'front', 'more_than_order_total', 'labels', '超过订单金额 ', '超过订单金额', '2008-01-01 00:00:00', '2008-01-01 00:00:00'),
(398, 'chi', 'front', 'balances', 'labels', '资金', '资金', '2008-01-01 00:00:00', '2008-01-01 00:00:00'),
(399, 'chi', 'front', 'links', 'labels', '友情链接', '友情链接', '2008-01-01 00:00:00', '2008-01-01 00:00:00'),
(400, 'chi', 'front', 'payment_result', 'labels', '支付结果', '支付结果', '2008-01-01 00:00:00', '2008-01-01 00:00:00'),
(401, 'chi', 'front', 'cost', 'labels', '费用', '费用', '2008-01-01 00:00:00', '2008-01-01 00:00:00'),
(402, 'chi', 'front', 'shop_closed', 'notice', '网店关闭', '网店关闭', '2008-01-01 00:00:00', '2008-01-01 00:00:00'),
(403, 'chi', 'front', 'reset_password_sent_please_view', 'notice', '重置密码邮件已发送请登录邮箱查看', '重置密码邮件已发送请登录邮箱查看', '2008-01-01 00:00:00', '2008-01-01 00:00:00'),
(404, 'chi', 'front', 'invalid_url', 'notice', '无效的路径', '无效的路径', '2008-01-01 00:00:00', '2008-01-01 00:00:00'),
(405, 'chi', 'front', 'buy', 'labels', '购买', '购买', '2008-01-01 00:00:00', '2008-01-01 00:00:00'),
(406, 'chi', 'front', 'value_of', 'labels', '价值', '价值', '2008-01-01 00:00:00', '2008-01-01 00:00:00'),
(407, 'chi', 'front', 'not_clear', 'labels', '看不清楚', '看不清楚', '2008-01-01 00:00:00', '2008-01-01 00:00:00'),
(408, 'chi', 'front', 'topic', 'labels', '专题', '专题', '2008-01-01 00:00:00', '2008-01-01 00:00:00'),
(409, 'chi', 'front', 'coupon', 'labels', '优惠券', '优惠券', '2008-01-01 00:00:00', '2008-01-01 00:00:00'),
(410, 'chi', 'front', 'coupon_setting', 'labels', '优惠券设置', '优惠券设置', '2008-01-01 00:00:00', '2008-01-01 00:00:00'),
(411, 'chi', 'front', 'shop_settings', 'labels', '商店设置', '商店设置', '2008-01-01 00:00:00', '2008-01-01 00:00:00'),
(412, 'chi', 'labels', 'not_less_eight_characters', 'notice', '不能少于8个字符', '不能少于8个字符', '2009-04-30 11:16:05', '2009-04-30 11:16:05'),
(413, 'chi', 'front', 'telephone_or_mobile', 'labels', '电话或手机必填一个', '电话或手机必填一个', '2009-04-30 11:21:57', '2009-04-30 11:21:57'),
(414, 'chi', 'front', 'welcome_to', 'description', '欢迎进入%s', '欢迎进入%s', '2008-01-01 00:00:00', '2008-01-01 00:00:00'),
(415, 'chi', 'front', 'point_unit', 'labels', '点', '点', '2008-01-01 00:00:00', '2008-01-01 00:00:00'),
(416, 'chi', 'front', 'no_stock', 'notice', '尚无库存', '尚无库存', '2008-01-01 00:00:00', '2008-01-01 00:00:00'),
(417, 'chi', 'front', 'send_after_products_arrived', 'notice', '等到货后发送', '等到货后发送', '2008-01-01 00:00:00', '2008-01-01 00:00:00'),
(418, 'chi', 'front', 'total_record', 'description', '共计 %d 个', '共计 %d 个', '2008-01-01 00:00:00', '2008-01-01 00:00:00'),
(419, 'chi', 'front', 'my_coupon', 'labels', '我的优惠券', '我的优惠券', '2008-01-01 00:00:00', '2008-01-01 00:00:00'),
(420, 'chi', 'front', 'choose_exist_coupon', 'labels', '选择已有优惠券', '选择已有优惠券', '2008-01-01 00:00:00', '2008-01-01 00:00:00'),
(421, 'chi', 'front', 'or_enter_coupon_serial', 'labels', '请直接输入优惠券序列号', '请直接输入优惠券序列号', '2008-01-01 00:00:00', '2008-01-01 00:00:00'),
(422, 'chi', 'front', 'exceed_max_value_can_use', 'notice', '超出了可使用的最大数值', '超出了可使用的最大数值', '2008-01-01 00:00:00', '2008-01-01 00:00:00'),
(423, 'chi', 'front', 'goods_amount_less_coupon_min', 'notice', '订单商品金额没有达到使用该优惠券的最低金额', '订单商品金额没有达到使用该优惠券的最低金额', '2008-01-01 00:00:00', '2009-05-05 11:35:26'),
(424, 'chi', 'front', 'min_orders_amount', 'labels', '最小订单金额', '最小订单金额', '2008-01-01 00:00:00', '2008-01-01 00:00:00'),
(425, 'chi', 'front', 'deadline', 'labels', '截至使用日期', '截至使用日期', '2008-01-01 00:00:00', '2008-01-01 00:00:00'),
(426, 'chi', 'front', 'unused', 'labels', '未使用', '未使用', '2008-01-01 00:00:00', '2008-01-01 00:00:00'),
(427, 'chi', 'front', 'has_been_used', 'labels', '已使用', '已使用', '2008-01-01 00:00:00', '2008-01-01 00:00:00'),
(428, 'chi', 'front', 'coming_please_note', 'notice', '即将推出,敬请关注！', '即将推出,敬请关注！', '2008-01-01 00:00:00', '2008-01-01 00:00:00'),
(429, 'chi', 'front', 'shipping_no_support', 'notice', '此配送方式 不支持货到付款', '此配送方式 不支持货到付款', '2008-01-01 00:00:00', '2008-01-01 00:00:00'),
(430, 'chi', 'front', 'if_requirements_in_orders', 'labels', '如果您对订单有什么其他要求', '如果您对订单有什么其他要求', '2008-01-01 00:00:00', '2008-01-01 00:00:00'),
(431, 'chi', 'front', 'remark_here', 'labels', '可以在这增加备注', '可以在这增加备注', '2008-01-01 00:00:00', '2008-01-01 00:00:00'),
(432, 'chi', 'front', 'this_order_receives', 'labels', '此订单可获得', '此订单可获得', '2008-01-01 00:00:00', '2008-01-01 00:00:00'),
(433, 'chi', 'front', 'receives', 'labels', '可获得', '可获得', '2008-01-01 00:00:00', '2008-01-01 00:00:00'),
(434, 'chi', 'front', 'users', 'labels', '可使用', '可使用', '2008-01-01 00:00:00', '2008-01-01 00:00:00'),
(435, 'chi', 'front', 'supply_method_is', 'labels', '你选择的充值方式为', '你选择的充值方式为', '2008-01-01 00:00:00', '2008-01-01 00:00:00'),
(436, 'chi', 'front', 'send_email_setting', 'notice', '邮件发送设置', '邮件发送设置', '2008-01-01 00:00:00', '2008-01-01 00:00:00'),
(437, 'chi', 'front', 'administrator_operation', 'labels', '管理员操作', '管理员操作', '2008-01-01 00:00:00', '2008-01-01 00:00:00'),
(438, 'chi', 'front', 'no_balance_log', 'notice', '没有资金日志', '没有资金日志', '2008-01-01 00:00:00', '2008-01-01 00:00:00'),
(439, 'chi', 'front', 'supply_records', 'labels', '充值记录', '充值记录', '2008-01-01 00:00:00', '2008-01-01 00:00:00'),
(440, 'chi', 'front', 'not_favorite_goods', 'notice', '没有收藏任何商品', '没有收藏任何商品', '2008-01-01 00:00:00', '2008-01-01 00:00:00'),
(441, 'chi', 'front', 'not_buy_goods', 'notice', '没有购买任何商品', '没有购买任何商品', '2008-01-01 00:00:00', '2008-01-01 00:00:00'),
(442, 'chi', 'front', 'no_order', 'notice', '没有任何订单', '没有任何订单', '2008-01-01 00:00:00', '2008-01-01 00:00:00'),
(443, 'chi', 'front', 'place_order', 'labels', '下单', '下单', '2008-01-01 00:00:00', '2008-01-01 00:00:00'),
(444, 'chi', 'front', 'present_coupons', 'labels', '送优惠券', '送优惠券', '2008-01-01 00:00:00', '2008-01-01 00:00:00'),
(445, 'chi', 'front', 'present_points', 'labels', '送积分', '送积分', '2008-01-01 00:00:00', '2008-01-01 00:00:00'),
(446, 'chi', 'front', 'names', 'labels', '名', '名', '2008-01-01 00:00:00', '2008-01-01 00:00:00'),
(447, 'chi', 'front', 'can_be_registered', 'labels', '可以注册', '可以注册', '2008-01-01 00:00:00', '2008-01-01 00:00:00'),
(448, 'chi', 'front', 'have_been_logout', 'notice', '您已经安全退出', '您已经安全退出', '2008-01-01 00:00:00', '2008-01-01 00:00:00'),
(449, 'chi', 'front', 'expiration_date', 'labels', '有效期限', '有效期限', '2008-01-01 00:00:00', '2008-01-01 00:00:00'),
(450, 'chi', 'front', 'card_number', 'labels', '卡号', '卡号', '2008-01-01 00:00:00', '2008-01-01 00:00:00'),
(451, 'chi', 'front', 'clear_out', 'labels', '清空', '清空', '2008-01-01 00:00:00', '2009-05-22 10:38:24'),
(452, 'eng', 'front', 'successfully', 'notice', 'successfully', 'successfully', '2008-01-01 00:00:00', '2008-01-01 00:00:00'),
(453, 'eng', 'front', 'failed', 'notice', 'failed', 'failed', '2008-01-01 00:00:00', '2008-01-01 00:00:00'),
(454, 'eng', 'front', 'not_exist', 'notice', 'is not exist', 'is not exist', '2008-01-01 00:00:00', '2008-01-01 00:00:00'),
(455, 'eng', 'front', 'can_not_empty', 'notice', 'can''t be empty', 'can''t be empty', '2008-01-01 00:00:00', '2008-01-01 00:00:00'),
(456, 'eng', 'front', 'not_correct', 'notice', 'is incorrect', 'is incorrect', '2008-01-01 00:00:00', '2008-01-01 00:00:00'),
(457, 'eng', 'front', 'has_been_forbidden', 'notice', 'has been forbidden', 'has been forbidden', '2008-01-01 00:00:00', '2008-01-01 00:00:00'),
(458, 'eng', 'front', 'add_to_favorite', 'notice', 'add to favorite', 'add to favorite success', '2008-01-01 00:00:00', '2009-05-19 05:02:14'),
(459, 'eng', 'front', 'if_cancel_order', 'notice', 'Confirm to cancel the order?', 'Confirm to cancel the order?', '2008-01-01 00:00:00', '2008-01-01 00:00:00'),
(460, 'eng', 'front', 'not_find_product', 'notice', 'havn''t found the product', 'havn''t found the product', '2008-01-01 00:00:00', '2008-01-01 00:00:00'),
(461, 'eng', 'front', 'format', 'notice', 'format ', 'format ', '2008-01-01 00:00:00', '2008-01-01 00:00:00'),
(462, 'eng', 'front', 'error', 'notice', 'error ', 'error ', '2008-01-01 00:00:00', '2008-01-01 00:00:00'),
(463, 'eng', 'front', 'Already_favorite', 'notice', 'Already favorite', 'Already favorite', '2008-01-01 00:00:00', '2008-01-01 00:00:00'),
(464, 'eng', 'front', 'has_been_verified', 'notice', 'has been verified', 'has been verified', '2008-01-01 00:00:00', '2008-01-01 00:00:00'),
(465, 'eng', 'front', 'buy_nothing', 'notice', 'nothing has been bought', 'nothing has been bought', '2008-01-01 00:00:00', '2008-01-01 00:00:00'),
(466, 'eng', 'front', 'invalid_id', 'notice', 'invalid id', 'invalid id', '2008-01-01 00:00:00', '2008-01-01 00:00:00'),
(467, 'eng', 'front', 'invalid_operation', 'notice', 'invalid operation', 'invalid operation', '2008-01-01 00:00:00', '2008-01-01 00:00:00'),
(468, 'eng', 'front', 'parameter_error', 'notice', 'invalid parameter', 'invalid parameter', '2008-01-01 00:00:00', '2008-01-01 00:00:00'),
(469, 'eng', 'front', 'time_out_relogin', 'notice', 'time out, please login again', 'time out, please login again', '2008-01-01 00:00:00', '2008-01-01 00:00:00'),
(470, 'eng', 'front', 'no_view_record', 'notice', 'no view record', 'no view record', '2008-01-01 00:00:00', '2008-01-01 00:00:00'),
(471, 'eng', 'front', 'no_comments', 'notice', 'no comments', 'no comments', '2008-01-01 00:00:00', '2008-01-01 00:00:00'),
(472, 'eng', 'front', 'no_paying_method', 'notice', 'havn''t payment method', 'havn''t payment method', '2008-01-01 00:00:00', '2008-01-01 00:00:00'),
(473, 'eng', 'front', 'no_shipping_method', 'notice', 'can''t shipping in your location', 'can''t shipping in your location', '2008-01-01 00:00:00', '2008-01-01 00:00:00'),
(474, 'eng', 'front', 'only_member_keep', 'notice', 'login users can favorite it only', 'login users can favorite it only', '2008-01-01 00:00:00', '2008-01-01 00:00:00'),
(475, 'eng', 'front', 'package_add_cart_failed', 'notice', 'failed to package add cart ', 'failed to package add cart ', '2008-01-01 00:00:00', '2008-01-01 00:00:00'),
(476, 'eng', 'front', 'password_length_short', 'notice', 'the length of password is too short', 'the length of password is too short', '2008-01-01 00:00:00', '2008-01-01 00:00:00'),
(477, 'eng', 'front', 'Passwords_are_not_consistent', 'notice', 'Passwords are not consistent', 'Passwords are not consistent', '2008-01-01 00:00:00', '2008-01-01 00:00:00'),
(478, 'eng', 'front', 'one_product', 'notice', 'a  product', 'a  product', '2008-01-01 00:00:00', '2008-01-01 00:00:00'),
(479, 'eng', 'front', 'hint_question_to_password', 'notice', 'the question to hint password', 'the question to hint password', '2008-01-01 00:00:00', '2008-01-01 00:00:00'),
(480, 'eng', 'front', 'if_purchase_now', 'notice', 'if purchase now', 'if purchase now', '2008-01-01 00:00:00', '2008-01-01 00:00:00'),
(481, 'eng', 'front', 'positive_integer', 'notice', 'positive integer', 'positive integer', '2008-01-01 00:00:00', '2008-01-01 00:00:00'),
(482, 'eng', 'front', 'enter_hint_answer', 'notice', 'the answer to the questions you chosen', 'the answer to the questions you chosen', '2008-01-01 00:00:00', '2008-01-01 00:00:00'),
(483, 'eng', 'front', 'and', 'notice', 'and ', 'and ', '2008-01-01 00:00:00', '2008-01-01 00:00:00'),
(484, 'eng', 'front', 'or', 'notice', 'or ', 'or ', '2008-01-01 00:00:00', '2008-01-01 00:00:00'),
(485, 'eng', 'front', 'contact_information', 'notice', 'contact information', 'contact information', '2008-01-01 00:00:00', '2008-01-01 00:00:00'),
(486, 'eng', 'front', 'email_receive_message', 'notice', 'email to receive message', 'email to receive message', '2008-01-01 00:00:00', '2008-01-01 00:00:00'),
(487, 'eng', 'front', 'please_leave', 'notice', 'please leave ', 'please leave ', '2008-01-01 00:00:00', '2008-01-01 00:00:00'),
(488, 'eng', 'front', 'resend_Email_for_approval', 'notice', 'please send Email for approval again', 'please send Email for approval again', '2008-01-01 00:00:00', '2008-01-01 00:00:00'),
(489, 'eng', 'front', 'type_again_password', 'notice', 'enter the same password above', 'enter the same password above', '2008-01-01 00:00:00', '2008-01-01 00:00:00'),
(490, 'eng', 'front', 'products_add_cart_failed', 'notice', 'failed to products add cart ', 'failed to products add cart ', '2008-01-01 00:00:00', '2008-01-01 00:00:00'),
(491, 'eng', 'front', 'register_success_activate_account_by_link', 'notice', 'register succeeded, please activate your account follow this link', 'register succeeded, please activate your account follow this link', '2008-01-01 00:00:00', '2008-01-01 00:00:00'),
(492, 'eng', 'front', 'stock_is_not_enough', 'notice', 'stock is not enough', 'stock is not enough', '2008-01-01 00:00:00', '2008-01-01 00:00:00'),
(493, 'eng', 'front', 'page_number', 'notice', 'the page number ', 'the page number ', '2008-01-01 00:00:00', '2008-01-01 00:00:00'),
(494, 'eng', 'front', 'password_consist_of', 'notice', 'password can only be made up by numbers, letters and "_"', 'password can only be made up by numbers, letters and "_"', '2008-01-01 00:00:00', '2008-01-01 00:00:00'),
(495, 'eng', 'front', 'expand_max_number', 'notice', 'the purchase number expand max limit', 'the purchase number expand max limit', '2008-01-01 00:00:00', '2008-01-01 00:00:00'),
(496, 'eng', 'front', 'least_number', 'notice', 'the purchase number no less than ', 'the purchase number no less than ', '2008-01-01 00:00:00', '2008-01-01 00:00:00'),
(497, 'eng', 'front', 'username_consist_of', 'notice', 'user name can only be made up by numbers, letters and "_"', 'user name can only be made up by numbers, letters and "_"', '2008-01-01 00:00:00', '2008-01-01 00:00:00'),
(498, 'eng', 'front', 'username_length_short', 'notice', 'the length of user name is too short', 'the length of user name is too short', '2008-01-01 00:00:00', '2008-01-01 00:00:00'),
(499, 'eng', 'front', 'no_products_in_cart', 'notice', 'there are no products in cart', 'there are no products in cart', '2008-01-01 00:00:00', '2008-01-01 00:00:00'),
(500, 'eng', 'front', 'friends_in_group_not_cancelled', 'notice', 'there''s friends in this group, can''t be cancelled', 'there''s friends in this group, can''t be cancelled', '2008-01-01 00:00:00', '2008-01-01 00:00:00'),
(501, 'eng', 'front', 'freeze', 'notice', 'freeze', 'freeze', '2008-01-01 00:00:00', '2008-01-01 00:00:00'),
(502, 'eng', 'front', 'account_status', 'notice', 'account status', 'account status', '2008-01-01 00:00:00', '2008-01-01 00:00:00'),
(503, 'eng', 'front', 'logout', 'notice', 'logout ', 'logout ', '2008-01-01 00:00:00', '2008-01-01 00:00:00'),
(504, 'eng', 'front', 'not_your_order', 'notice', 'This order does not owner by you', 'This order does not owner by you', '2008-01-01 00:00:00', '2008-01-01 00:00:00'),
(505, 'eng', 'front', 'order_delivered_not_cancel', 'notice', 'this order has been delivered, can not cancel', 'this order has been delivered, can not cancel', '2008-01-01 00:00:00', '2008-01-01 00:00:00'),
(506, 'eng', 'front', 'order_paid_not_cancel', 'notice', 'this order has been paid, can not cancel', 'this order has been paid, can not cancel', '2008-01-01 00:00:00', '2008-01-01 00:00:00'),
(507, 'eng', 'front', 'product_out_of_sale', 'notice', 'product is out of sale', 'product is out of sale', '2008-01-01 00:00:00', '2008-01-01 00:00:00'),
(508, 'eng', 'front', 'username_exist', 'notice', 'username is exist', 'username is exist', '2008-01-01 00:00:00', '2008-01-01 00:00:00'),
(509, 'eng', 'front', 'incorrect_username_or_password', 'notice', 'incorrect username or password', 'incorrect username or password', '2008-01-01 00:00:00', '2008-01-01 00:00:00'),
(510, 'eng', 'front', 'not_passed_email_approval', 'notice', 'didn''t passed email approval', 'didn''t passed email approval', '2008-01-01 00:00:00', '2008-01-01 00:00:00'),
(511, 'eng', 'front', 'email_verified_login', 'notice', 'email verified,please login', 'email verified,please login', '2008-01-01 00:00:00', '2008-01-01 00:00:00'),
(512, 'eng', 'front', 'exceed_upper_limit_products', 'notice', 'exceeded the upper limit products', 'exceeded the upper limit products', '2008-01-01 00:00:00', '2008-01-01 00:00:00'),
(513, 'eng', 'front', 'order_amount_under_min', 'notice', 'Order amounts  less than the minimum amount!', 'Order amounts  less than the minimum amount!', '2008-01-01 00:00:00', '2008-01-01 00:00:00'),
(514, 'eng', 'front', 'notice', 'notice', 'notice', 'notice', '2008-01-01 00:00:00', '2008-01-01 00:00:00'),
(515, 'eng', 'front', 'larger_zero', 'notice', 'should  larger than zero', 'should  larger than zero', '2008-01-01 00:00:00', '2008-01-01 00:00:00'),
(516, 'eng', 'front', 'be_integer', 'notice', 'must be an integer', 'must be an integer', '2008-01-01 00:00:00', '2008-01-01 00:00:00'),
(517, 'eng', 'front', 'lack_balance_supply_first', 'notice', 'Balance is not enough, please supply!', 'Balance is not enough, please supply!', '2008-01-01 00:00:00', '2008-01-01 00:00:00'),
(518, 'eng', 'front', 'offset_point', 'notice', 'Offset points', 'Offset points', '2008-01-01 00:00:00', '2008-01-01 00:00:00'),
(519, 'eng', 'front', 'order_not_paid', 'notice', 'This order can not be paid', 'This order can not be paid', '2008-01-01 00:00:00', '2008-01-01 00:00:00'),
(520, 'eng', 'front', 'payment_no_support', 'notice', 'No support for this payment method cash on delivery', 'No support for this payment method cash on delivery', '2008-01-01 00:00:00', '2008-01-01 00:00:00'),
(521, 'eng', 'front', 'please_login', 'notice', 'Please login', 'Please login', '2008-01-01 00:00:00', '2008-01-01 00:00:00'),
(522, 'eng', 'front', 'no_article', 'notice', 'no article', 'no article', '2008-01-01 00:00:00', '2008-01-01 00:00:00'),
(523, 'eng', 'front', 'out_stock_book_successful', 'notice', 'We will contact you as soon as the products arrive ~ thank you', 'We will contact you as soon as the products arrive ~ thank you', '2008-01-01 00:00:00', '2008-01-01 00:00:00'),
(524, 'eng', 'front', 'preset_delivery_address', 'notice', 'You can preset your delivery address', 'You can preset your delivery address', '2008-01-01 00:00:00', '2008-01-01 00:00:00'),
(525, 'eng', 'front', 'ifpay_through_online_or_what', 'notice', 'If you paid through online or with what', 'If you paid through online or with what', '2008-01-01 00:00:00', '2008-01-01 00:00:00'),
(526, 'eng', 'front', 'rename_consumptive_point', 'notice', 'You can rename the consumptive point. E.g.gold', 'You can rename the consumptive point. E.g.gold', '2008-01-01 00:00:00', '2008-01-01 00:00:00'),
(527, 'eng', 'front', 'welcome_back', 'description', 'Dear %s, welcome back', 'Dear %s, welcome back', '2008-01-01 00:00:00', '2008-01-01 00:00:00'),
(528, 'eng', 'front', 'how_much_cash_exchanged_100points', 'notice', 'how much cash can be exchanged  per 100 points', 'how much cash can be exchanged  per 100 points', '2008-01-01 00:00:00', '2008-01-01 00:00:00'),
(529, 'eng', 'front', 'max_points_used_100yuan_product', 'notice', 'how much max points can be used for every 100 yuan product', 'how much max points can be used for every 100 yuan product', '2008-01-01 00:00:00', '2008-01-01 00:00:00'),
(530, 'eng', 'front', 'need_not_shipping_method', 'notice', 'needn''t shipping method', 'needn''t shipping method', '2008-01-01 00:00:00', '2008-01-01 00:00:00'),
(531, 'eng', 'front', 'more_choices_quicker_service', 'notice', 'More choices, quicker service', 'More choices, quicker service', '2008-01-01 00:00:00', '2008-01-01 00:00:00'),
(532, 'eng', 'front', 'make_you_enjoy_internet_shopping', 'notice', 'Let''s enjoy Internet shopping', 'Let''s enjoy Internet shopping', '2008-01-01 00:00:00', '2008-01-01 00:00:00'),
(533, 'eng', 'front', 'duplicate_fill_province_city_district', 'notice', 'do not need to fill duplicate province / city / district', 'do not need to fill duplicate province / city / district', '2008-01-01 00:00:00', '2008-01-01 00:00:00'),
(534, 'eng', 'front', 'password_is_consist', 'notice', 'password is consist of 6-16 characters', 'password is consist of 6-16 characters', '2008-01-01 00:00:00', '2008-01-01 00:00:00'),
(535, 'eng', 'front', '3_20_characters', 'notice', '3-20 characters（including letters, numbers, underscores）', '3-20 characters（including letters, numbers, underscores）', '2008-01-01 00:00:00', '2008-01-01 00:00:00'),
(536, 'eng', 'front', 'edit_region_or_contact_cs', 'notice', 'Please edit region or contact customer service', 'Please edit region or contact customer service', '2008-01-01 00:00:00', '2008-01-01 00:00:00'),
(537, 'eng', 'front', 'point', 'labels', 'points ', 'Points ', '2008-01-01 00:00:00', '2008-01-01 00:00:00'),
(538, 'eng', 'front', 'search', 'labels', 'search ', 'Search ', '2008-01-01 00:00:00', '2008-01-01 00:00:00'),
(539, 'eng', 'front', 'add', 'labels', 'add ', 'Add ', '2008-01-01 00:00:00', '2008-01-01 00:00:00'),
(540, 'eng', 'front', 'comments', 'labels', 'comments ', 'Comments ', '2008-01-01 00:00:00', '2008-01-01 00:00:00'),
(541, 'eng', 'front', 'consignee', 'labels', 'consignee ', 'Consignee ', '2008-01-01 00:00:00', '2008-01-01 00:00:00'),
(542, 'eng', 'front', 'information', 'labels', 'information ', 'Information ', '2008-01-01 00:00:00', '2008-01-01 00:00:00'),
(543, 'eng', 'front', 'address', 'labels', 'address ', 'Address ', '2008-01-01 00:00:00', '2008-01-01 00:00:00'),
(544, 'eng', 'front', 'label', 'labels', 'label ', 'Label ', '2008-01-01 00:00:00', '2008-01-01 00:00:00'),
(545, 'eng', 'front', 'after_sale', 'labels', 'after sale ', 'After sale ', '2008-01-01 00:00:00', '2008-01-01 00:00:00'),
(546, 'eng', 'front', 'all', 'labels', 'all ', 'All ', '2008-01-01 00:00:00', '2008-01-01 00:00:00'),
(547, 'eng', 'front', 'products', 'labels', 'products ', 'Products ', '2008-01-01 00:00:00', '2008-01-01 00:00:00'),
(548, 'eng', 'front', 'anonymous', 'labels', 'anonymous', 'Anonymous', '2008-01-01 00:00:00', '2008-01-01 00:00:00'),
(549, 'eng', 'front', 'purchase', 'labels', 'purchase ', 'Purchase ', '2008-01-01 00:00:00', '2008-01-01 00:00:00'),
(550, 'eng', 'front', 'region', 'labels', 'region ', 'Region ', '2008-01-01 00:00:00', '2008-01-01 00:00:00'),
(551, 'eng', 'front', 'area', 'labels', 'area ', 'Area ', '2008-01-01 00:00:00', '2008-01-01 00:00:00'),
(552, 'eng', 'front', 'article', 'labels', 'article ', 'Article ', '2008-01-01 00:00:00', '2008-01-01 00:00:00'),
(553, 'eng', 'front', 'home', 'labels', 'home ', 'Home ', '2008-01-01 00:00:00', '2008-01-01 00:00:00'),
(554, 'eng', 'front', 'list', 'labels', 'list ', 'List ', '2008-01-01 00:00:00', '2008-01-01 00:00:00'),
(555, 'eng', 'front', 'title', 'labels', 'title', 'Title', '2008-01-01 00:00:00', '2008-01-01 00:00:00'),
(556, 'eng', 'front', 'attachment_size', 'labels', 'attachment size', 'Attachment size', '2008-01-01 00:00:00', '2008-01-01 00:00:00'),
(557, 'eng', 'front', 'author', 'labels', 'author', 'Author', '2008-01-01 00:00:00', '2008-01-01 00:00:00'),
(558, 'eng', 'front', 'backup_email', 'labels', 'backup email', 'Backup email', '2008-01-01 00:00:00', '2008-01-01 00:00:00'),
(559, 'eng', 'front', 'balance', 'labels', 'balance ', 'Balance ', '2008-01-01 00:00:00', '2008-01-01 00:00:00'),
(560, 'eng', 'front', 'supply', 'labels', 'supply ', 'Supply ', '2008-01-01 00:00:00', '2008-01-01 00:00:00'),
(561, 'eng', 'front', 'optional_information', 'labels', 'optional information ', 'Optional information ', '2008-01-01 00:00:00', '2008-01-01 00:00:00'),
(562, 'eng', 'front', 'best_shipping_time', 'labels', 'best shipping time', 'Best shipping time', '2008-01-01 00:00:00', '2008-01-01 00:00:00'),
(563, 'eng', 'front', 'birthday', 'labels', 'birthday', 'Birthday', '2008-01-01 00:00:00', '2008-01-01 00:00:00'),
(564, 'eng', 'front', 'brand', 'labels', 'brand ', 'Brand ', '2008-01-01 00:00:00', '2008-01-01 00:00:00'),
(565, 'eng', 'front', 'apellation', 'labels', 'apellation', 'Apellation', '2008-01-01 00:00:00', '2008-01-01 00:00:00'),
(566, 'eng', 'front', 'view_history', 'labels', 'History', 'History', '2008-01-01 00:00:00', '2008-01-01 00:00:00'),
(567, 'eng', 'front', 'view_number', 'labels', 'viewed', 'Viewed', '2008-01-01 00:00:00', '2008-01-01 00:00:00'),
(568, 'eng', 'front', 'purchase_again', 'labels', 'purchase again', 'Purchase again', '2008-01-01 00:00:00', '2008-01-01 00:00:00'),
(569, 'eng', 'front', 'quantity', 'labels', 'Quantity', 'Quantity', '2008-01-01 00:00:00', '2008-01-01 00:00:00'),
(570, 'eng', 'front', 'calender', 'labels', 'calender', 'Calender', '2008-01-01 00:00:00', '2008-01-01 00:00:00'),
(571, 'eng', 'front', 'cancel', 'labels', 'cancel', 'Cancel', '2008-01-01 00:00:00', '2008-01-01 00:00:00'),
(572, 'eng', 'front', 'order', 'labels', 'order ', 'Order ', '2008-01-01 00:00:00', '2008-01-01 00:00:00'),
(573, 'eng', 'front', 'cart', 'labels', 'cart', 'Cart', '2008-01-01 00:00:00', '2008-01-01 00:00:00'),
(574, 'eng', 'front', 'classificatory', 'labels', 'category', 'Category', '2008-01-01 00:00:00', '2008-01-01 00:00:00'),
(575, 'eng', 'front', 'category', 'labels', 'category', 'Category', '2008-01-01 00:00:00', '2008-01-01 00:00:00'),
(576, 'eng', 'front', 'group', 'labels', 'group', 'Group', '2008-01-01 00:00:00', '2008-01-01 00:00:00'),
(577, 'eng', 'front', 'payment', 'labels', 'payment', 'Payment', '2008-01-01 00:00:00', '2008-01-01 00:00:00'),
(578, 'eng', 'front', 'user', 'labels', 'user ', 'User ', '2008-01-01 00:00:00', '2008-01-01 00:00:00'),
(579, 'eng', 'front', 'detail', 'labels', 'detail', 'Detail', '2008-01-01 00:00:00', '2008-01-01 00:00:00'),
(580, 'eng', 'front', 'suppliers_message', 'labels', 'message', 'Message', '2008-01-01 00:00:00', '2008-01-01 00:00:00'),
(581, 'eng', 'front', 'exist_group', 'labels', 'existing group', 'Existing group', '2008-01-01 00:00:00', '2008-01-01 00:00:00'),
(582, 'eng', 'front', 'clear_view_history', 'labels', 'Clear', 'Clear', '2008-01-01 00:00:00', '2008-01-01 00:00:00'),
(583, 'eng', 'front', 'close', 'labels', 'close', 'Close', '2008-01-01 00:00:00', '2008-01-01 00:00:00'),
(584, 'eng', 'front', 'company', 'labels', 'company', 'Company', '2008-01-01 00:00:00', '2008-01-01 00:00:00'),
(585, 'eng', 'front', 'telephone', 'labels', 'telephone', 'Telephone', '2008-01-01 00:00:00', '2008-01-01 00:00:00'),
(586, 'eng', 'front', 'save_to_market_price', 'labels', 'save ', 'Save ', '2008-01-01 00:00:00', '2008-01-01 00:00:00'),
(587, 'eng', 'front', 'complaint', 'labels', 'complaint', 'Complaint', '2008-01-01 00:00:00', '2008-01-01 00:00:00'),
(588, 'eng', 'front', 'confidence', 'labels', 'secrecy ', 'Secrecy ', '2008-01-01 00:00:00', '2008-01-01 00:00:00'),
(589, 'eng', 'front', 'confirm', 'labels', 'confirm ', 'Confirm ', '2008-01-01 00:00:00', '2008-01-01 00:00:00'),
(590, 'eng', 'front', 'affirm', 'labels', 'confirm ', 'Confirm ', '2008-01-01 00:00:00', '2008-01-01 00:00:00'),
(591, 'eng', 'front', 'connect_person', 'labels', 'connect person ', 'Connect person ', '2008-01-01 00:00:00', '2008-01-01 00:00:00'),
(592, 'eng', 'front', 'consume', 'labels', 'consume ', 'Consume ', '2008-01-01 00:00:00', '2008-01-01 00:00:00'),
(593, 'eng', 'front', 'content', 'labels', 'content ', 'Content ', '2008-01-01 00:00:00', '2008-01-01 00:00:00'),
(594, 'eng', 'front', 'continue', 'labels', 'continue ', 'Continue ', '2008-01-01 00:00:00', '2008-01-01 00:00:00'),
(595, 'eng', 'front', 'friend', 'labels', 'friend', 'Friend', '2008-01-01 00:00:00', '2008-01-01 00:00:00'),
(596, 'eng', 'front', 'create', 'labels', 'create ', 'Create ', '2008-01-01 00:00:00', '2008-01-01 00:00:00'),
(597, 'eng', 'front', 'current', 'labels', 'current ', 'Current ', '2008-01-01 00:00:00', '2008-01-01 00:00:00'),
(598, 'eng', 'front', 'location', 'labels', 'location', 'Location', '2008-01-01 00:00:00', '2008-01-01 00:00:00'),
(599, 'eng', 'front', 'default_time_zone', 'labels', 'default time zone', 'Default time zone', '2008-01-01 00:00:00', '2008-01-01 00:00:00'),
(600, 'eng', 'front', 'delete', 'labels', 'delete ', 'Delete ', '2008-01-01 00:00:00', '2008-01-01 00:00:00'),
(601, 'eng', 'front', 'delivered', 'labels', 'delivered', 'Delivered', '2008-01-01 00:00:00', '2008-01-01 00:00:00'),
(602, 'eng', 'front', 'delivery_status', 'labels', 'delivery status', 'Delivery status', '2008-01-01 00:00:00', '2008-01-01 00:00:00'),
(603, 'eng', 'front', 'description', 'labels', 'description', 'Description', '2008-01-01 00:00:00', '2008-01-01 00:00:00'),
(604, 'eng', 'front', 'discount', 'labels', 'discount', 'Discount', '2008-01-01 00:00:00', '2008-01-01 00:00:00'),
(605, 'eng', 'front', 'display_mode', 'labels', 'display Mode', 'Display Mode', '2008-01-01 00:00:00', '2008-01-01 00:00:00'),
(606, 'eng', 'front', 'do_not_send_email', 'labels', 'do not send email', 'Do not send email', '2008-01-01 00:00:00', '2008-01-01 00:00:00'),
(607, 'eng', 'front', 'edit', 'labels', 'edit ', 'Edit ', '2008-01-01 00:00:00', '2008-01-01 00:00:00'),
(608, 'eng', 'front', 'email', 'labels', 'email ', 'Email ', '2008-01-01 00:00:00', '2008-01-01 00:00:00'),
(609, 'eng', 'front', 'end', 'labels', 'end ', 'End ', '2008-01-01 00:00:00', '2008-01-01 00:00:00'),
(610, 'eng', 'front', 'exchange', 'labels', 'exchange ', 'Exchange ', '2008-01-01 00:00:00', '2008-01-01 00:00:00'),
(611, 'eng', 'front', 'time', 'labels', 'time', 'Time', '2008-01-01 00:00:00', '2008-01-01 00:00:00'),
(612, 'eng', 'front', 'fee', 'labels', 'fee', 'Fee', '2008-01-01 00:00:00', '2008-01-01 00:00:00'),
(613, 'eng', 'front', 'total', 'labels', 'total ', 'Total ', '2008-01-01 00:00:00', '2008-01-01 00:00:00'),
(614, 'eng', 'front', 'fast', 'labels', 'fast ', 'Fast ', '2008-01-01 00:00:00', '2008-01-01 00:00:00'),
(615, 'eng', 'front', 'register', 'labels', 'register ', 'Register ', '2008-01-01 00:00:00', '2008-01-01 00:00:00'),
(616, 'eng', 'front', 'favorable_content', 'labels', 'favorable content', 'Favorable content', '2008-01-01 00:00:00', '2008-01-01 00:00:00'),
(617, 'eng', 'front', 'favorable_products', 'labels', 'favorable products', 'Favorable products', '2008-01-01 00:00:00', '2008-01-01 00:00:00'),
(618, 'eng', 'front', 'favorite', 'labels', 'favorite ', 'Favorite ', '2008-01-01 00:00:00', '2008-01-01 00:00:00'),
(619, 'eng', 'front', 'female', 'labels', 'Female', 'Female', '2008-01-01 00:00:00', '2008-01-01 00:00:00'),
(620, 'eng', 'front', 'please_enter', 'labels', 'please enter ', 'Please enter ', '2008-01-01 00:00:00', '2008-01-01 00:00:00'),
(621, 'eng', 'front', 'answer', 'labels', 'answer', 'Answer', '2008-01-01 00:00:00', '2008-01-01 00:00:00'),
(622, 'eng', 'front', 'security_question', 'labels', 'security question', 'Security question', '2008-01-01 00:00:00', '2008-01-01 00:00:00'),
(623, 'eng', 'front', 'forget_password', 'labels', 'forgot password', 'Forgot password', '2008-01-01 00:00:00', '2008-01-01 00:00:00'),
(624, 'eng', 'front', 'free', 'labels', 'free ', 'Free ', '2008-01-01 00:00:00', '2008-01-01 00:00:00'),
(625, 'eng', 'front', 'limit', 'labels', 'limit', 'Limit', '2008-01-01 00:00:00', '2008-01-01 00:00:00'),
(626, 'eng', 'front', 'gender', 'labels', 'gender', 'Gender', '2008-01-01 00:00:00', '2008-01-01 00:00:00'),
(627, 'eng', 'front', 'help_center', 'labels', 'Help Center', 'Help Center', '2008-01-01 00:00:00', '2008-01-01 00:00:00'),
(628, 'eng', 'front', 'history_details', 'labels', 'history', 'History', '2008-01-01 00:00:00', '2008-01-01 00:00:00'),
(629, 'eng', 'front', 'hot', 'labels', 'hot ', 'Hot ', '2008-01-01 00:00:00', '2008-01-01 00:00:00'),
(630, 'eng', 'front', 'verify_code', 'labels', 'verify code ', 'Verify code ', '2008-01-01 00:00:00', '2008-01-01 00:00:00'),
(631, 'eng', 'front', 'inquiry', 'labels', 'inquiry', 'Inquiry', '2008-01-01 00:00:00', '2008-01-01 00:00:00'),
(632, 'eng', 'front', 'issue_comments', 'labels', 'comment', 'Comment', '2008-01-01 00:00:00', '2008-01-01 00:00:00'),
(633, 'eng', 'front', 'issue_time', 'labels', 'issue time', 'Issue time', '2008-01-01 00:00:00', '2008-01-01 00:00:00'),
(634, 'eng', 'front', 'js_part', 'labels', 'JS part', 'JS part', '2008-01-01 00:00:00', '2008-01-01 00:00:00'),
(635, 'eng', 'front', 'keywords', 'labels', 'keywords', 'Keywords', '2008-01-01 00:00:00', '2008-01-01 00:00:00'),
(636, 'eng', 'front', 'latest', 'labels', 'latest ', 'Latest ', '2008-01-01 00:00:00', '2008-01-01 00:00:00'),
(637, 'eng', 'front', 'news', 'labels', 'news', 'News', '2008-01-01 00:00:00', '2008-01-01 00:00:00'),
(638, 'eng', 'front', 'characters', 'labels', 'characters', 'Characters', '2008-01-01 00:00:00', '2008-01-01 00:00:00'),
(639, 'eng', 'front', 'graph', 'labels', 'graph', 'Graph', '2008-01-01 00:00:00', '2008-01-01 00:00:00'),
(640, 'eng', 'front', 'sort', 'labels', 'sort ', 'Sort ', '2008-01-01 00:00:00', '2008-01-01 00:00:00'),
(641, 'eng', 'front', 'login', 'labels', 'login', 'Login', '2008-01-01 00:00:00', '2008-01-01 00:00:00'),
(642, 'eng', 'front', 'log_out', 'labels', 'logout ', 'Logout ', '2008-01-01 00:00:00', '2008-01-01 00:00:00'),
(643, 'eng', 'front', 'male', 'labels', 'male', 'Male', '2008-01-01 00:00:00', '2008-01-01 00:00:00'),
(644, 'eng', 'front', 'marked_building', 'labels', 'marked building', 'Marked building', '2008-01-01 00:00:00', '2008-01-01 00:00:00'),
(645, 'eng', 'front', 'market_price', 'labels', 'market price', 'Market price', '2008-01-01 00:00:00', '2008-01-01 00:00:00'),
(646, 'eng', 'front', 'agreement', 'labels', 'agreement', 'Agreement', '2008-01-01 00:00:00', '2008-01-01 00:00:00'),
(647, 'eng', 'front', 'membership_price', 'labels', 'membership price', 'Membership price', '2008-01-01 00:00:00', '2008-01-01 00:00:00'),
(648, 'eng', 'front', 'message', 'labels', 'message', 'Message', '2008-01-01 00:00:00', '2008-01-01 00:00:00'),
(649, 'eng', 'front', 'mobile', 'labels', 'mobile', 'Mobile', '2008-01-01 00:00:00', '2008-01-01 00:00:00'),
(650, 'eng', 'front', 'more', 'labels', 'more', 'More', '2008-01-01 00:00:00', '2008-01-01 00:00:00'),
(651, 'eng', 'front', 'address_book', 'labels', 'Addressbook', 'Addressbook', '2008-01-01 00:00:00', '2008-01-01 00:00:00'),
(652, 'eng', 'front', 'my_balance', 'labels', 'Balances', 'Balances', '2008-01-01 00:00:00', '2008-01-01 00:00:00'),
(653, 'eng', 'front', 'my_cart', 'labels', 'my cart', 'My cart', '2008-01-01 00:00:00', '2008-01-01 00:00:00'),
(654, 'eng', 'front', 'my_comments', 'labels', 'Comments', 'Comments', '2008-01-01 00:00:00', '2008-01-01 00:00:00'),
(655, 'eng', 'front', 'my_favorite', 'labels', 'Favorites', 'Favorites', '2008-01-01 00:00:00', '2008-01-01 00:00:00'),
(656, 'eng', 'front', 'my_friends', 'labels', 'Friends', 'Friends', '2008-01-01 00:00:00', '2008-01-01 00:00:00'),
(657, 'eng', 'front', 'my_information', 'labels', 'Informations', 'Informations', '2008-01-01 00:00:00', '2008-01-01 00:00:00'),
(658, 'eng', 'front', 'my_message', 'labels', 'Messages', 'Messages', '2008-01-01 00:00:00', '2008-01-01 00:00:00'),
(659, 'eng', 'front', 'my_order', 'labels', 'Orders', 'Orders', '2008-01-01 00:00:00', '2008-01-01 00:00:00'),
(660, 'eng', 'front', 'order_list', 'labels', 'Orders', 'Orders', '2008-01-01 00:00:00', '2008-01-01 00:00:00'),
(661, 'eng', 'front', 'points', 'labels', 'Points', 'Points', '2008-01-01 00:00:00', '2008-01-01 00:00:00'),
(662, 'eng', 'front', 'set', 'labels', 'Settings', 'Settings', '2008-01-01 00:00:00', '2008-01-01 00:00:00'),
(663, 'eng', 'front', 'name', 'labels', 'name ', 'Name ', '2008-01-01 00:00:00', '2008-01-01 00:00:00'),
(664, 'eng', 'front', 'new_arrival', 'labels', 'new arrival', 'New arrival', '2008-01-01 00:00:00', '2008-01-01 00:00:00'),
(665, 'eng', 'front', 'no', 'labels', 'no', 'No', '2008-01-01 00:00:00', '2008-01-01 00:00:00'),
(666, 'eng', 'front', 'no_comments_necessary', 'labels', 'remark unnecessary', 'Remark unnecessary', '2008-01-01 00:00:00', '2008-01-01 00:00:00'),
(667, 'eng', 'front', 'no_comments_now', 'labels', 'no comments now', 'No comments now', '2008-01-01 00:00:00', '2008-01-01 00:00:00'),
(668, 'eng', 'front', 'no_promote_activity', 'labels', 'no promotion', 'No promotion', '2008-01-01 00:00:00', '2008-01-01 00:00:00'),
(669, 'eng', 'front', 'no_promote_products', 'labels', 'no promotional products', 'No promotional products', '2008-01-01 00:00:00', '2008-01-01 00:00:00'),
(670, 'eng', 'front', 'normal', 'labels', 'normal ', 'Normal ', '2008-01-01 00:00:00', '2008-01-01 00:00:00'),
(671, 'eng', 'front', 'unconfirmed', 'labels', 'unconfirmed', 'Unconfirmed', '2008-01-01 00:00:00', '2008-01-01 00:00:00'),
(672, 'eng', 'front', 'undelivered', 'labels', 'undelivered', 'Undelivered', '2008-01-01 00:00:00', '2009-05-20 11:45:32'),
(673, 'eng', 'front', 'onsale', 'labels', 'Onsale', 'Onsale', '2008-01-01 00:00:00', '2008-01-01 00:00:00'),
(674, 'eng', 'front', 'operation', 'labels', 'operation', 'Operation', '2008-01-01 00:00:00', '2008-01-01 00:00:00'),
(675, 'eng', 'front', 'sales', 'labels', 'sales', 'Sales', '2008-01-01 00:00:00', '2008-01-01 00:00:00'),
(676, 'eng', 'front', 'order_code', 'labels', 'order code', 'Order Code', '2008-01-01 00:00:00', '2008-01-01 00:00:00'),
(677, 'eng', 'front', 'status', 'labels', 'status', 'Status', '2008-01-01 00:00:00', '2008-01-01 00:00:00'),
(678, 'eng', 'front', 'order_time', 'labels', 'order time', 'Order Time', '2008-01-01 00:00:00', '2008-01-01 00:00:00'),
(679, 'eng', 'front', 'original_price', 'labels', 'original price', 'Original price', '2008-01-01 00:00:00', '2008-01-01 00:00:00'),
(680, 'eng', 'front', 'others', 'labels', 'others', 'Others', '2008-01-01 00:00:00', '2008-01-01 00:00:00'),
(681, 'eng', 'front', 'our_price', 'labels', 'our price', 'Our price', '2008-01-01 00:00:00', '2008-01-01 00:00:00'),
(682, 'eng', 'front', 'sold_out', 'labels', 'sold out', 'Sold out', '2008-01-01 00:00:00', '2008-01-01 00:00:00'),
(683, 'eng', 'front', 'booking', 'labels', 'booking', 'Booking', '2008-01-01 00:00:00', '2008-01-01 00:00:00'),
(684, 'eng', 'front', 'card_fee', 'labels', 'card fee', 'Card fee', '2008-01-01 00:00:00', '2008-01-01 00:00:00'),
(685, 'eng', 'front', 'package_fee', 'labels', 'package fee', 'Package fee', '2008-01-01 00:00:00', '2008-01-01 00:00:00'),
(686, 'eng', 'front', 'password', 'labels', 'password', 'Password', '2008-01-01 00:00:00', '2008-01-01 00:00:00'),
(687, 'eng', 'front', 'payable_amount', 'labels', 'payable amount', 'Payable amount', '2008-01-01 00:00:00', '2008-01-01 00:00:00'),
(688, 'eng', 'front', 'please_choose', 'labels', 'please choose ', 'Please choose ', '2008-01-01 00:00:00', '2008-01-01 00:00:00'),
(689, 'eng', 'front', 'exchange_ratio', 'labels', 'conversion ratio', 'Conversion ratio', '2008-01-01 00:00:00', '2008-01-01 00:00:00'),
(690, 'eng', 'front', 'payment_ratio', 'labels', 'pay ratio', 'Pay ratio', '2008-01-01 00:00:00', '2008-01-01 00:00:00'),
(691, 'eng', 'front', 'price', 'labels', 'price', 'Price', '2008-01-01 00:00:00', '2008-01-01 00:00:00'),
(692, 'eng', 'front', 'code', 'labels', 'code', 'Code', '2008-01-01 00:00:00', '2008-01-01 00:00:00'),
(693, 'eng', 'front', 'sku', 'labels', 'SKU', 'SKU', '2008-01-01 00:00:00', '2008-01-01 00:00:00'),
(694, 'eng', 'front', 'weight', 'labels', 'Weight', 'Weight', '2008-01-01 00:00:00', '2008-01-01 00:00:00'),
(695, 'eng', 'front', 'purchased_products', 'labels', 'products', 'Products', '2008-01-01 00:00:00', '2008-01-01 00:00:00'),
(696, 'eng', 'front', 'promotion', 'labels', 'promotion ', 'Promotion ', '2008-01-01 00:00:00', '2008-01-01 00:00:00'),
(697, 'eng', 'front', 'purchase_requirement', 'labels', 'purchase requirement ', 'Purchase requirement ', '2008-01-01 00:00:00', '2008-01-01 00:00:00'),
(698, 'eng', 'front', 'purchased', 'labels', 'purchased ', 'Purchased ', '2008-01-01 00:00:00', '2008-01-01 00:00:00'),
(699, 'eng', 'front', 'put_into_cart', 'labels', 'add to cart ', 'Add to cart ', '2008-01-01 00:00:00', '2008-01-01 00:00:00'),
(700, 'eng', 'front', 'comment_rank', 'labels', 'comment?rank ', 'Comment?rank ', '2008-01-01 00:00:00', '2008-01-01 00:00:00'),
(701, 'eng', 'front', 'sort_by', 'labels', 'Sort by', 'Sort by', '2008-01-01 00:00:00', '2008-01-01 00:00:00'),
(702, 'eng', 'front', 'rechoose', 'labels', 'rechoose ', 'Rechoose ', '2008-01-01 00:00:00', '2008-01-01 00:00:00'),
(703, 'eng', 'front', 'recommend', 'labels', 'recommend ', 'Recommend ', '2008-01-01 00:00:00', '2008-01-01 00:00:00'),
(704, 'eng', 'front', 'related_article', 'labels', 'related article ', 'Related article ', '2008-01-01 00:00:00', '2008-01-01 00:00:00'),
(705, 'eng', 'front', 'related_products', 'labels', 'related products ', 'Related products ', '2008-01-01 00:00:00', '2008-01-01 00:00:00'),
(706, 'eng', 'front', 'remark', 'labels', 'remark ', 'Remark ', '2008-01-01 00:00:00', '2008-01-01 00:00:00'),
(707, 'eng', 'front', 'remark_is_necessary', 'labels', 'remark is necessary ', 'Remark is necessary ', '2008-01-01 00:00:00', '2008-01-01 00:00:00'),
(708, 'eng', 'front', 'repeat_password', 'labels', 'repeat password ', 'Repeat password ', '2008-01-01 00:00:00', '2008-01-01 00:00:00'),
(709, 'eng', 'front', 'reply', 'labels', 'reply ', 'Reply ', '2008-01-01 00:00:00', '2008-01-01 00:00:00'),
(710, 'eng', 'front', 'return', 'labels', 'return ', 'Return ', '2008-01-01 00:00:00', '2008-01-01 00:00:00'),
(711, 'eng', 'front', 'sales_this_term', 'labels', 'Sold', 'Sold', '2008-01-01 00:00:00', '2008-01-01 00:00:00'),
(712, 'eng', 'front', 'saved', 'labels', 'save ', 'Save ', '2008-01-01 00:00:00', '2008-01-01 00:00:00'),
(713, 'eng', 'front', 'search_result', 'labels', 'search result ', 'Search result ', '2008-01-01 00:00:00', '2008-01-01 00:00:00'),
(714, 'eng', 'front', 'security_answer', 'labels', 'security answer ', 'Security answer ', '2008-01-01 00:00:00', '2008-01-01 00:00:00'),
(715, 'eng', 'front', 'send', 'labels', 'send ', 'Send ', '2008-01-01 00:00:00', '2008-01-01 00:00:00'),
(716, 'eng', 'front', 'send_confirm_mail', 'labels', 'verified email ', 'Verified email ', '2008-01-01 00:00:00', '2008-01-01 00:00:00'),
(717, 'eng', 'front', 'send_mail', 'labels', 'send email ', 'Send email ', '2008-01-01 00:00:00', '2008-01-01 00:00:00'),
(718, 'eng', 'front', 'paid', 'labels', 'paid', 'Paid', '2008-01-01 00:00:00', '2008-01-01 00:00:00'),
(719, 'eng', 'front', 'checkout', 'labels', 'checkout', 'Checkout', '2008-01-01 00:00:00', '2008-01-01 00:00:00'),
(720, 'eng', 'front', 'checkout_center', 'labels', 'checkout center', 'Checkout Center', '2008-01-01 00:00:00', '2008-01-01 00:00:00'),
(721, 'eng', 'front', 'shipping_fee', 'labels', 'shipping fee', 'Shipping fee', '2008-01-01 00:00:00', '2008-01-01 00:00:00'),
(722, 'eng', 'front', 'payment_fee', 'labels', 'paymen fee', 'Paymen fee', '2008-01-01 00:00:00', '2008-01-01 00:00:00'),
(723, 'eng', 'front', 'shipping_method', 'labels', 'shipping method', 'Shipping method', '2008-01-01 00:00:00', '2008-01-01 00:00:00'),
(724, 'eng', 'front', 'subtotal', 'labels', 'subtotal', 'Subtotal', '2008-01-01 00:00:00', '2008-01-01 00:00:00'),
(725, 'eng', 'front', 'out_of_stock_process', 'labels', 'out of stock process', 'Out of stock process', '2008-01-01 00:00:00', '2008-01-01 00:00:00'),
(726, 'eng', 'front', 'start', 'labels', 'start ', 'Start ', '2008-01-01 00:00:00', '2008-01-01 00:00:00'),
(727, 'eng', 'front', 'subject', 'labels', 'subject', 'Subject', '2008-01-01 00:00:00', '2008-01-01 00:00:00'),
(728, 'eng', 'front', 'zone_telephone_extension', 'labels', '(area code-phone number-ext)', '(area code-phone number-ext)', '2008-01-01 00:00:00', '2008-01-01 00:00:00'),
(729, 'eng', 'front', 'total_order_value', 'labels', 'order amount', 'Order Amount', '2008-01-01 00:00:00', '2008-01-01 00:00:00'),
(730, 'eng', 'front', 'type', 'labels', 'type', 'Type', '2008-01-01 00:00:00', '2008-01-01 00:00:00'),
(731, 'eng', 'front', 'undefined', 'labels', 'undefined', 'Undefined', '2008-01-01 00:00:00', '2008-01-01 00:00:00'),
(732, 'eng', 'front', 'unpaid', 'labels', 'unpaid', 'Unpaid', '2008-01-01 00:00:00', '2008-01-01 00:00:00'),
(733, 'eng', 'front', 'user_center', 'labels', 'user center', 'User Center', '2008-01-01 00:00:00', '2008-01-01 00:00:00'),
(734, 'eng', 'front', 'notices', 'labels', 'notice', 'Notice', '2008-01-01 00:00:00', '2008-01-01 00:00:00'),
(735, 'eng', 'front', 'user_remind', 'labels', 'Reminds', 'Reminds', '2008-01-01 00:00:00', '2008-01-01 00:00:00'),
(736, 'eng', 'front', 'username', 'labels', 'username ', 'Username ', '2008-01-01 00:00:00', '2008-01-01 00:00:00'),
(737, 'eng', 'front', 'waitting_for_check', 'labels', 'waitting for check', 'Waitting for check', '2008-01-01 00:00:00', '2008-01-01 00:00:00'),
(738, 'eng', 'front', 'waitting_for_confirm', 'labels', 'waitting for confirm', 'Waitting for confirm', '2008-01-01 00:00:00', '2008-01-01 00:00:00'),
(739, 'eng', 'front', 'website_information', 'labels', 'website information', 'Website information', '2008-01-01 00:00:00', '2008-01-01 00:00:00'),
(740, 'eng', 'front', 'sitemap', 'labels', 'sitemap', 'Sitemap', '2008-01-01 00:00:00', '2008-01-01 00:00:00'),
(741, 'eng', 'front', 'welcome', 'labels', 'welcome', 'Welcome', '2008-01-01 00:00:00', '2008-01-01 00:00:00'),
(742, 'eng', 'front', 'yes', 'labels', 'yes', 'Yes', '2008-01-01 00:00:00', '2008-01-01 00:00:00'),
(743, 'eng', 'front', 'your_account', 'labels', 'your account', 'Your account', '2008-01-01 00:00:00', '2008-01-01 00:00:00'),
(744, 'eng', 'front', 'current_points', 'labels', 'current points are', 'Current points are', '2008-01-01 00:00:00', '2008-01-01 00:00:00'),
(745, 'eng', 'front', 'last_login_time', 'labels', 'last login time', 'Last login time', '2008-01-01 00:00:00', '2008-01-01 00:00:00'),
(746, 'eng', 'front', 'level_is', 'labels', 'level', 'Level', '2008-01-01 00:00:00', '2008-01-01 00:00:00'),
(747, 'eng', 'front', 'yuan', 'labels', 'yuan', 'Yuan', '2008-01-01 00:00:00', '2008-01-01 00:00:00'),
(748, 'eng', 'front', 'post_code', 'labels', 'post code', 'Post code', '2008-01-01 00:00:00', '2008-01-01 00:00:00'),
(749, 'eng', 'front', 'correlative_products', 'labels', 'relativity products', 'Relativity products', '2008-01-01 00:00:00', '2008-01-01 00:00:00'),
(750, 'eng', 'front', 'activity', 'labels', 'activity', 'Activity', '2008-01-01 00:00:00', '2008-01-01 00:00:00'),
(751, 'eng', 'front', 'attribute', 'labels', 'attribute', 'Attribute', '2008-01-01 00:00:00', '2008-01-01 00:00:00'),
(752, 'eng', 'front', 'current_price', 'labels', 'current price', 'Current price', '2008-01-01 00:00:00', '2008-01-01 00:00:00'),
(753, 'eng', 'front', 'advanced_search', 'labels', 'advanced search', 'Advanced search', '2008-01-01 00:00:00', '2008-01-01 00:00:00'),
(754, 'eng', 'front', 'gram', 'labels', 'Gram', 'Gram', '2008-01-01 00:00:00', '2008-01-01 00:00:00'),
(755, 'eng', 'front', 'stock', 'labels', 'Stock', 'Stock', '2008-01-01 00:00:00', '2008-01-01 00:00:00'),
(756, 'eng', 'front', 'shop', 'labels', 'shop ', 'Shop ', '2008-01-01 00:00:00', '2008-01-01 00:00:00'),
(757, 'eng', 'front', 'setting', 'labels', 'setting', 'Setting', '2008-01-01 00:00:00', '2008-01-01 00:00:00'),
(758, 'eng', 'front', 'basic', 'labels', 'basic ', 'Basic ', '2008-01-01 00:00:00', '2008-01-01 00:00:00'),
(759, 'eng', 'front', 'show', 'labels', 'show ', 'Show ', '2008-01-01 00:00:00', '2008-01-01 00:00:00'),
(760, 'eng', 'front', 'shop_flow', 'labels', 'shopping flow ', 'Shopping flow ', '2008-01-01 00:00:00', '2008-01-01 00:00:00'),
(761, 'eng', 'front', 'member', 'labels', 'user ', 'User ', '2008-01-01 00:00:00', '2008-01-01 00:00:00'),
(762, 'eng', 'front', 'email_letter', 'labels', 'email ', 'Email ', '2008-01-01 00:00:00', '2008-01-01 00:00:00'),
(763, 'eng', 'front', 'template', 'labels', 'template ', 'Template ', '2008-01-01 00:00:00', '2008-01-01 00:00:00'),
(764, 'eng', 'front', 'reset', 'labels', 'reset', 'Reset', '2008-01-01 00:00:00', '2008-01-01 00:00:00'),
(765, 'eng', 'front', 'submit', 'labels', 'submit', 'Submit', '2008-01-01 00:00:00', '2008-01-01 00:00:00'),
(766, 'eng', 'front', 'street', 'labels', 'street', 'Street', '2008-01-01 00:00:00', '2008-01-01 00:00:00'),
(767, 'eng', 'front', 'amount', 'labels', 'amount ', 'Amount ', '2008-01-01 00:00:00', '2008-01-01 00:00:00'),
(768, 'eng', 'front', 'one_contact', 'labels', 'one of contact', 'One of contact', '2008-01-01 00:00:00', '2008-01-01 00:00:00'),
(769, 'eng', 'front', 'recharge_amount', 'labels', 'the amount of recharge', 'The amount of recharge', '2008-01-01 00:00:00', '2008-01-01 00:00:00'),
(770, 'eng', 'front', 'notes', 'labels', 'notes', 'Notes', '2008-01-01 00:00:00', '2008-01-01 00:00:00'),
(771, 'eng', 'front', 'ifpay_through_counter', 'labels', 'If you pay through the counter', 'If you pay through the counter', '2008-01-01 00:00:00', '2008-01-01 00:00:00'),
(772, 'eng', 'front', 'mmodify', 'labels', 'edit ', 'Edit ', '2008-01-01 00:00:00', '2008-01-01 00:00:00'),
(773, 'eng', 'front', 'view', 'labels', 'view ', 'View ', '2008-01-01 00:00:00', '2008-01-01 00:00:00'),
(774, 'eng', 'front', 'pay', 'labels', 'pay ', 'Pay ', '2008-01-01 00:00:00', '2008-01-01 00:00:00');
INSERT INTO svcart_language_dictionaries (id, locale, location, name, type, description, value, created, modified) VALUES
(775, 'eng', 'front', 'has_confirmed', 'labels', 'confirmed', 'Confirmed', '2008-01-01 00:00:00', '2008-01-01 00:00:00'),
(776, 'eng', 'front', 'retrieve_password', 'labels', 'retrieve password ', 'Retrieve password ', '2008-01-01 00:00:00', '2008-01-01 00:00:00'),
(777, 'eng', 'front', 'register_functions_closed', 'labels', 'registration is closed ', 'Registration is closed ', '2008-01-01 00:00:00', '2008-01-01 00:00:00'),
(778, 'eng', 'front', 'order_generated', 'labels', 'order generated ', 'Order generated ', '2008-01-01 00:00:00', '2008-01-01 00:00:00'),
(779, 'eng', 'front', 'new_password', 'labels', 'new password ', 'New password ', '2008-01-01 00:00:00', '2008-01-01 00:00:00'),
(780, 'eng', 'front', 'reenter_new_password', 'labels', 're-enter the new password', 'Re-enter the new password', '2008-01-01 00:00:00', '2008-01-01 00:00:00'),
(781, 'eng', 'front', 'alipay', 'labels', 'Alipay', 'Alipay', '2008-01-01 00:00:00', '2008-01-01 00:00:00'),
(782, 'eng', 'front', 'switch_languages', 'labels', 'language', 'Language', '2008-01-01 00:00:00', '2008-01-01 00:00:00'),
(783, 'eng', 'front', 'goods_have_received', 'labels', 'received ', 'Received ', '2008-01-01 00:00:00', '2008-01-01 00:00:00'),
(784, 'eng', 'front', 'has_been_canceled', 'labels', 'canceled ', 'Canceled ', '2008-01-01 00:00:00', '2008-01-01 00:00:00'),
(785, 'eng', 'front', 'invalid', 'labels', 'invalid ', 'Invalid ', '2008-01-01 00:00:00', '2008-01-01 00:00:00'),
(786, 'eng', 'front', 'return_products', 'labels', 'Return', 'Return', '2008-01-01 00:00:00', '2008-01-01 00:00:00'),
(787, 'eng', 'front', 'stocking', 'labels', 'stocking', 'Stocking', '2008-01-01 00:00:00', '2008-01-01 00:00:00'),
(788, 'eng', 'front', 'paying', 'labels', 'paying', 'Paying', '2008-01-01 00:00:00', '2008-01-01 00:00:00'),
(789, 'eng', 'front', 'no_friends', 'labels', 'No Friends', 'No Friends', '2008-01-01 00:00:00', '2008-01-01 00:00:00'),
(790, 'eng', 'front', 'email_notification', 'labels', 'Subscribe to email notification', 'Subscribe to email notification', '2008-01-01 00:00:00', '2008-01-01 00:00:00'),
(791, 'eng', 'front', 'auto_send_mail', 'labels', 'auto send mail ', 'Auto send mail ', '2008-01-01 00:00:00', '2008-01-01 00:00:00'),
(792, 'eng', 'front', 'use', 'labels', 'use ', 'Use ', '2008-01-01 00:00:00', '2008-01-01 00:00:00'),
(793, 'eng', 'front', 'card', 'labels', 'card ', 'Card ', '2008-01-01 00:00:00', '2008-01-01 00:00:00'),
(794, 'eng', 'front', 'packaging', 'labels', 'Packaging ', 'Packaging ', '2008-01-01 00:00:00', '2008-01-01 00:00:00'),
(795, 'eng', 'front', 'agree', 'labels', 'Agree', 'Agree', '2008-01-01 00:00:00', '2008-01-01 00:00:00'),
(796, 'eng', 'front', 'fill_out_information', 'labels', 'Fill out ', 'Fill out ', '2008-01-01 00:00:00', '2008-01-01 00:00:00'),
(797, 'eng', 'front', 'received_mail', 'labels', 'Received email ', 'Received email ', '2008-01-01 00:00:00', '2008-01-01 00:00:00'),
(798, 'eng', 'front', 'tell_a_friend', 'labels', 'tell a friend ', 'Tell a friend ', '2008-01-01 00:00:00', '2008-01-01 00:00:00'),
(799, 'eng', 'front', 'register_presented', 'labels', 'Register presented ', 'Register presented ', '2008-01-01 00:00:00', '2008-01-01 00:00:00'),
(800, 'eng', 'front', 'registration_steps', 'labels', 'Steps ', 'Steps ', '2008-01-01 00:00:00', '2008-01-01 00:00:00'),
(801, 'eng', 'front', 'products_details', 'labels', 'products details', 'Products details', '2008-01-01 00:00:00', '2008-01-01 00:00:00'),
(802, 'eng', 'front', 'basic_setting', 'labels', 'basic setting', 'Basic setting', '2008-01-01 00:00:00', '2008-01-01 00:00:00'),
(803, 'eng', 'front', 'shop_setting', 'labels', 'shop information', 'Shop information', '2008-01-01 00:00:00', '2008-01-01 00:00:00'),
(804, 'eng', 'front', 'show_setting', 'labels', 'show setting', 'Show setting', '2008-01-01 00:00:00', '2008-01-01 00:00:00'),
(805, 'eng', 'front', 'products_show_setting', 'labels', 'products show setting', 'Products show setting', '2008-01-01 00:00:00', '2008-01-01 00:00:00'),
(806, 'eng', 'front', 'point_setting', 'labels', 'point setting', 'Point setting', '2008-01-01 00:00:00', '2008-01-01 00:00:00'),
(807, 'eng', 'front', 'user_setting', 'labels', 'user setting', 'User setting', '2008-01-01 00:00:00', '2008-01-01 00:00:00'),
(808, 'eng', 'front', 'pages', 'labels', '', '', '2008-01-01 00:00:00', '2008-01-01 00:00:00'),
(809, 'eng', 'front', 'topage', 'labels', 'to page', 'To page', '2008-01-01 00:00:00', '2008-01-01 00:00:00'),
(810, 'eng', 'front', 'piece', 'labels', 'piece', 'Piece', '2008-01-01 00:00:00', '2008-01-01 00:00:00'),
(811, 'eng', 'front', 'next', 'labels', 'next ', 'Next ', '2008-01-01 00:00:00', '2008-01-01 00:00:00'),
(812, 'eng', 'front', 'previous', 'labels', 'previous ', 'Previous ', '2008-01-01 00:00:00', '2008-01-01 00:00:00'),
(813, 'eng', 'front', 'colon', 'labels', ':', ':', '2008-01-01 00:00:00', '2008-01-01 00:00:00'),
(814, 'eng', 'front', 'page', 'labels', 'page', 'Page', '2008-01-01 00:00:00', '2008-01-01 00:00:00'),
(815, 'eng', 'front', 'current_location_system_remind', 'labels', 'current location: system remind', 'Current location: system remind', '2008-01-01 00:00:00', '2008-01-01 00:00:00'),
(816, 'eng', 'front', 'products_list_setting', 'description', 'products list setting', 'products list setting', '2008-01-01 00:00:00', '2008-01-01 00:00:00'),
(817, 'eng', 'front', 'page_show_number', 'description', '%d products shown in each page', '%d products shown in each page', '2008-01-01 00:00:00', '2008-01-01 00:00:00'),
(818, 'eng', 'front', 'add_yuan_get', 'description', 'add %d yuan, get ', 'add %d yuan, get ', '2008-01-01 00:00:00', '2008-01-01 00:00:00'),
(819, 'eng', 'front', 'copyright', 'description', 'Copyright %s Shanghai Seevia NT CO,LTD', 'Copyright %s Shanghai Seevia NT CO,LTD', '2008-01-01 00:00:00', '2008-01-01 00:00:00'),
(820, 'eng', 'front', 'to_page', 'description', 'to page %d', 'to page %d', '2008-01-01 00:00:00', '2008-01-01 00:00:00'),
(821, 'eng', 'front', 'totally_buy_records', 'description', 'totally %d buy records', 'totally %d buy records', '2008-01-01 00:00:00', '2008-01-01 00:00:00'),
(822, 'eng', 'front', 'have_friends_now_continue_adding', 'description', 'You have %d friends now，may continue adding friend', 'You have %d friends now，may continue adding friend', '2008-01-01 00:00:00', '2008-01-01 00:00:00'),
(823, 'eng', 'front', 'submit_in_latest_30days', 'description', 'You have %d orders in latest 30 days', 'You have %d orders in latest 30 days', '2008-01-01 00:00:00', '2008-01-01 00:00:00'),
(824, 'eng', 'front', 'chosen_products', 'description', 'choose %d gift(goods of special price) from the following', 'choose %d gift(goods of special price) from the following', '2008-01-01 00:00:00', '2008-01-01 00:00:00'),
(825, 'eng', 'front', 'several_issues', 'description', 'Today issue %d record ', 'Today issue %d record ', '2008-01-01 00:00:00', '2008-01-01 00:00:00'),
(826, 'eng', 'front', 'continue_adding_friends', 'description', 'Continue adding friends', 'Continue adding friends', '2008-01-01 00:00:00', '2008-01-01 00:00:00'),
(827, 'eng', 'front', 'no_limit', 'description', 'zero means no limit', 'zero means no limit', '2008-01-01 00:00:00', '2008-01-01 00:00:00'),
(828, 'eng', 'front', 'records_statistics', 'description', 'Total %d records, Today issue %d record', 'Total %d records, Today issue %d record', '2008-01-01 00:00:00', '2008-01-01 00:00:00'),
(829, 'eng', 'front', 'totally_records_unpaid', 'description', 'totally %d records', 'totally %d records', '2008-01-01 00:00:00', '2008-01-01 00:00:00'),
(830, 'eng', 'front', 'can_offset_fee', 'description', 'Can be offset by %d', 'Can be offset by %d', '2008-01-01 00:00:00', '2008-01-01 00:00:00'),
(831, 'eng', 'front', 'can_use_point', 'description', 'available points is %d', 'your points is %d', '2008-01-01 00:00:00', '2009-05-11 11:12:31'),
(832, 'eng', 'front', 'avliable_point', 'description', 'Use %d points', 'Use %d points', '2008-01-01 00:00:00', '2008-01-01 00:00:00'),
(833, 'eng', 'front', 'hundred_point', 'description', 'One hundred points for each can instead of  %d yuan in cash', 'One hundred points for each can instead of  %d yuan in cash', '2008-01-01 00:00:00', '2008-01-01 00:00:00'),
(834, 'eng', 'front', 'order_max_point', 'description', 'Max point can be used is %d in this order', 'Max point can be used is %d in this order', '2008-01-01 00:00:00', '2008-01-01 00:00:00'),
(835, 'eng', 'front', 'today_consumer', 'description', 'amount of today''s consumer is %s yuan', 'amount of today''s consumer is %s yuan', '2008-01-01 00:00:00', '2008-01-01 00:00:00'),
(836, 'eng', 'front', 'shipping_in', 'description', 'shipping in %s', 'shipping in %s', '2008-01-01 00:00:00', '2008-01-01 00:00:00'),
(837, 'eng', 'front', 'pay_in', 'description', 'pay in %s', 'pay in %s', '2008-01-01 00:00:00', '2008-01-01 00:00:00'),
(838, 'eng', 'front', 'pay_by', 'description', 'pay by %d ', 'pay by %d ', '2008-01-01 00:00:00', '2008-01-01 00:00:00'),
(839, 'eng', 'front', 'set_order_as_unpaid', 'description', 'Set order  status as %d', 'Set order  status as %d', '2008-01-01 00:00:00', '2008-01-01 00:00:00'),
(840, 'eng', 'front', 'order_by', 'description', 'order by %s ', 'order by %s ', '2008-01-01 00:00:00', '2008-01-01 00:00:00'),
(841, 'eng', 'front', 'this_week', 'description', '%s this week ', '%s this week ', '2008-01-01 00:00:00', '2008-01-01 00:00:00'),
(842, 'eng', 'front', 'remaining_balance', 'description', 'balance is %s yuan', 'balance is %s yuan', '2008-01-01 00:00:00', '2008-01-01 00:00:00'),
(843, 'eng', 'front', 'contact', 'description', 'contact', 'contact', '2008-01-01 00:00:00', '2008-01-01 00:00:00'),
(844, 'eng', 'front', 'valid', 'description', 'valid ', 'valid ', '2008-01-01 00:00:00', '2008-01-01 00:00:00'),
(845, 'eng', 'front', 'links', 'labels', 'links', 'Links', '2008-01-01 00:00:00', '2008-01-01 00:00:00'),
(846, 'eng', 'front', 'payment_result', 'labels', 'payment result', 'Payment result', '2008-01-01 00:00:00', '2008-01-01 00:00:00'),
(847, 'eng', 'front', 'balances', 'labels', 'balance', 'Balance', '2008-01-01 00:00:00', '2008-01-01 00:00:00'),
(848, 'eng', 'front', 'cost', 'labels', 'fee ', 'Fee ', '2008-01-01 00:00:00', '2008-01-01 00:00:00'),
(849, 'eng', 'front', 'shop_closed', 'notice', 'shop is closed', 'shop is closed', '2008-01-01 00:00:00', '2008-01-01 00:00:00'),
(850, 'eng', 'front', 'reset_password_sent_please_view', 'notice', 'An E-mail with the subject of reset password has been sent to you，please view', 'An E-mail with the subject of reset password has been sent to you，please view', '2008-01-01 00:00:00', '2008-01-01 00:00:00'),
(851, 'eng', 'front', 'invalid_url', 'notice', 'invalid url', 'invalid url', '2008-01-01 00:00:00', '2008-01-01 00:00:00'),
(852, 'eng', 'front', 'buy', 'labels', 'Buy', 'Buy', '2008-01-01 00:00:00', '2008-01-01 00:00:00'),
(853, 'eng', 'front', 'alipay_pay_immedia', 'labels', 'Pay by alipay immediately', 'Pay by alipay immediately', '2008-01-01 00:00:00', '2008-01-01 00:00:00'),
(854, 'eng', 'front', 'not_clear', 'labels', 'Not clear', 'Not clear', '2008-01-01 00:00:00', '2008-01-01 00:00:00'),
(855, 'eng', 'front', 'topic', 'labels', 'topic', 'Topic', '2008-01-01 00:00:00', '2008-01-01 00:00:00'),
(856, 'eng', 'front', 'coupon', 'labels', 'coupon', 'coupon', '2008-01-01 00:00:00', '2008-01-01 00:00:00'),
(857, 'eng', 'front', 'coupon_setting', 'labels', 'coupon setting', 'coupon setting', '2008-01-01 00:00:00', '2008-01-01 00:00:00'),
(858, 'eng', 'front', 'shop_settings', 'labels', 'shop setting', 'shop setting', '2008-01-01 00:00:00', '2008-01-01 00:00:00'),
(859, 'eng', 'labels', 'not_less_eight_characters', 'notice', '不能少于8个字符', 'Not less eight characters', '2009-04-30 11:16:05', '2009-04-30 11:16:05'),
(860, 'eng', 'front', 'telephone_or_mobile', 'labels', '电话或手机必填一个', 'A telephone or mobile required', '2009-04-30 11:21:57', '2009-04-30 11:21:57'),
(861, 'eng', 'front', 'value_of', 'labels', 'Cost', 'Cost', '2008-01-01 00:00:00', '2009-05-19 11:38:21'),
(862, 'eng', 'front', 'welcome_to', 'description', 'Welcome to %s', 'Welcome to %s', '2008-01-01 00:00:00', '2008-01-01 00:00:00'),
(863, 'eng', 'front', 'point_unit', 'labels', 'points', 'points', '2008-01-01 00:00:00', '2008-01-01 00:00:00'),
(864, 'eng', 'front', 'no_stock', 'notice', 'No stock', 'No stock', '2008-01-01 00:00:00', '2008-01-01 00:00:00'),
(865, 'eng', 'front', 'send_after_products_arrived', 'notice', 'Send after products arrived', 'Send after products arrived', '2008-01-01 00:00:00', '2008-01-01 00:00:00'),
(866, 'eng', 'front', 'total_record', 'description', 'totally %d', 'total %d', '2008-01-01 00:00:00', '2009-05-19 11:38:56'),
(867, 'eng', 'front', 'my_coupon', 'labels', 'Coupons', 'Coupons', '2008-01-01 00:00:00', '2008-01-01 00:00:00'),
(868, 'eng', 'front', 'choose_exist_coupon', 'labels', 'Choose the exist coupon', 'Choose the exist coupon', '2008-01-01 00:00:00', '2008-01-01 00:00:00'),
(869, 'eng', 'front', 'or_enter_coupon_serial', 'labels', 'Please enter a coupon serial number', 'Please enter a coupon serial number', '2008-01-01 00:00:00', '2008-01-01 00:00:00'),
(870, 'eng', 'front', 'exceed_max_value_can_use', 'notice', 'Exceeded the max value that can be used', 'Exceeded the max value that can be used', '2008-01-01 00:00:00', '2008-01-01 00:00:00'),
(871, 'eng', 'front', 'goods_amount_less_coupon_min', 'notice', 'The amount of goods in this order less than the minimum in the coupon', 'The amount of goods in this order less than the minimum in the coupon', '2008-01-01 00:00:00', '2008-01-01 00:00:00'),
(872, 'eng', 'front', 'min_orders_amount', 'labels', 'Minimum orders amount', 'Minimum orders amount', '2008-01-01 00:00:00', '2008-01-01 00:00:00'),
(873, 'eng', 'front', 'deadline', 'labels', 'Deadline', 'Deadline', '2008-01-01 00:00:00', '2008-01-01 00:00:00'),
(874, 'eng', 'front', 'unused', 'labels', 'Unused', 'Unused', '2008-01-01 00:00:00', '2008-01-01 00:00:00'),
(875, 'eng', 'front', 'has_been_used', 'labels', 'Has been used', 'Has been used', '2008-01-01 00:00:00', '2008-01-01 00:00:00'),
(876, 'eng', 'front', 'coming_please_note', 'notice', 'Coming soon, please take note!', 'Coming soon, please take note!', '2008-01-01 00:00:00', '2008-01-01 00:00:00'),
(877, 'eng', 'front', 'shipping_no_support', 'notice', 'No support for this shipping method cash on delivery', 'No support for this shipping method cash on delivery', '2008-01-01 00:00:00', '2008-01-01 00:00:00'),
(878, 'eng', 'front', 'if_requirements_in_orders', 'labels', 'If you have any other requirements of orders', 'If you have any other requirements of orders', '2008-01-01 00:00:00', '2008-01-01 00:00:00'),
(879, 'eng', 'front', 'remark_here', 'labels', 'Remark here', 'Remark here', '2008-01-01 00:00:00', '2008-01-01 00:00:00'),
(880, 'eng', 'front', 'this_order_receives', 'labels', 'This order receives', 'This order receives', '2008-01-01 00:00:00', '2008-01-01 00:00:00'),
(881, 'eng', 'front', 'receives', 'labels', 'Receives ', 'Receives ', '2008-01-01 00:00:00', '2008-01-01 00:00:00'),
(882, 'eng', 'front', 'users', 'labels', 'Users ', 'Users ', '2008-01-01 00:00:00', '2008-01-01 00:00:00'),
(883, 'eng', 'front', 'supply_method_is', 'labels', 'Supply method is', 'Supply method is', '2008-01-01 00:00:00', '2008-01-01 00:00:00'),
(884, 'eng', 'front', 'send_email_setting', 'labels', 'Send email setting', 'Send email setting', '2008-01-01 00:00:00', '2008-01-01 00:00:00'),
(885, 'eng', 'front', 'no_coupon', 'notice', 'No coupon', 'No coupon', '2008-01-01 00:00:00', '2008-01-01 00:00:00'),
(886, 'eng', 'front', 'administrator_operation', 'labels', 'Administrator operation', 'Administrator operation', '2008-01-01 00:00:00', '2008-01-01 00:00:00'),
(887, 'eng', 'front', 'no_balance_log', 'notice', 'No balance log', 'No balance log', '2008-01-01 00:00:00', '2008-01-01 00:00:00'),
(888, 'eng', 'front', 'supply_records', 'labels', 'Supply records', 'Supply records', '2008-01-01 00:00:00', '2008-01-01 00:00:00'),
(889, 'eng', 'front', 'not_favorite_goods', 'notice', 'You haven''t favorited product', 'You haven''t favorited product', '2008-01-01 00:00:00', '2008-01-01 00:00:00'),
(890, 'eng', 'front', 'not_buy_goods', 'notice', 'Didn''t buy any products', 'Didn''t buy any products', '2008-01-01 00:00:00', '2008-01-01 00:00:00'),
(891, 'eng', 'front', 'no_order', 'notice', 'No order', 'No order', '2008-01-01 00:00:00', '2008-01-01 00:00:00'),
(892, 'eng', 'front', 'more_than_order_total', 'labels', 'More than order''s total ', 'More than order''s total ', '2008-01-01 00:00:00', '2008-01-01 00:00:00'),
(893, 'eng', 'front', 'place_order', 'labels', 'Finish order ', 'Finish order ', '2008-01-01 00:00:00', '2008-01-01 00:00:00'),
(894, 'eng', 'front', 'present_coupons', 'labels', 'Present coupons', 'Present coupons', '2008-01-01 00:00:00', '2008-01-01 00:00:00'),
(895, 'eng', 'front', 'present_points', 'labels', 'give points', 'give points', '2008-01-01 00:00:00', '2008-01-01 00:00:00'),
(896, 'eng', 'front', 'names', 'labels', 'name', 'name', '2008-01-01 00:00:00', '2008-01-01 00:00:00'),
(897, 'eng', 'front', 'can_be_registered', 'labels', 'Can be registered', 'Can be registered', '2008-01-01 00:00:00', '2008-01-01 00:00:00'),
(898, 'eng', 'front', 'have_been_logout', 'notice', 'You have been logout', 'You have been logout', '2008-01-01 00:00:00', '2008-01-01 00:00:00'),
(899, 'eng', 'union', 'suppliers', 'labels', 'Suppliers', 'Suppliers', '2008-01-01 00:00:00', '2008-01-01 00:00:00'),
(900, 'eng', 'front', 'expiration_date', 'labels', 'Expiration date', 'Expiration date', '2008-01-01 00:00:00', '2008-01-01 00:00:00'),
(901, 'eng', 'front', 'card_number', 'labels', 'Card Number', 'Card Number', '2008-01-01 00:00:00', '2008-01-01 00:00:00'),
(902, 'eng', 'front', 'clear_out', 'labels', 'Clear', 'Clear', '2008-01-01 00:00:00', '2008-01-01 00:00:00');

--
-- 导出表中的数据 'svcart_links'
--

INSERT INTO svcart_links (id, contact_name, contact_email, contact_tele, orderby, status, created, modified) VALUES
(85, 'Seevia', 'info@seevia.cn', '1234567', 1, '1', '2009-04-23 01:57:33', '2009-04-23 02:09:52');

--
-- 导出表中的数据 'svcart_link_i18ns'
--

INSERT INTO svcart_link_i18ns (id, locale, link_id, name, description, url, click_stat, img01, img02, created, modified) VALUES
(1, 'eng', 85, 'Seevia', '', 'http://www.seevia.cn', 0, 'logo.gif', '', '2009-04-23 01:57:33', '2009-04-23 02:09:52'),
(2, 'chi', 85, 'Seevia', '', 'http://www.seevia.cn', 0, 'logo.gif', '', '2009-04-23 01:57:33', '2009-04-23 02:09:52');

--
-- 导出表中的数据 'svcart_mail_templates'
--

INSERT INTO svcart_mail_templates (id, code, status, created, modified) VALUES
(31, 'register_validate', '1', '2009-02-17 05:12:33', '2009-05-05 17:04:40'),
(36, 'order_invalid', '1', '2008-01-01 00:00:00', '2009-05-05 17:07:27'),
(35, 'order_cancel', '1', '2008-01-01 00:00:00', '2009-05-05 17:06:24'),
(34, 'deliver_notice', '1', '2008-01-01 00:00:00', '2009-04-30 15:02:15'),
(33, 'order_confirm', '1', '2008-01-01 00:00:00', '2009-05-05 17:05:31'),
(37, 'send_password', '1', '2009-03-16 10:23:42', '2009-05-05 17:08:20'),
(38, 'out_confirm', '1', '2009-03-30 16:53:43', '2009-05-05 17:09:39'),
(39, 'virtual_vard', '1', '2009-04-16 06:15:12', '2009-05-05 17:10:18'),
(41, 'message_revert', '1', '2009-04-29 18:54:48', '2009-05-05 19:10:58'),
(42, 'send_coupon', '1', '2009-05-06 13:08:46', '2009-05-06 13:16:32');

--
-- 导出表中的数据 'svcart_mail_template_i18ns'
--

INSERT INTO svcart_mail_template_i18ns (id, locale, mail_template_id, title, text_body, html_body, created, modified) VALUES
(1, 'chi', 37, '$shop_name - 密码找回', '$user_name 您好！\r\n您已经进行了密码重置的操作，请点击以下链接(或者复制到您的浏览器):\r\n $reset_email\r\n以确认您的新密码重置操作！\r\n$shop_name $shop_url\r\n$send_date ', '$user_name 您好！<br/>\r\n您已经进行了密码重置的操作，请点击以下链接(或者复制到您的浏览器):<br/>\r\n<a href=''$reset_email'' target=''_blank''> $reset_email </a><br/>\r\n以确认您的新密码重置操作！<br/>\r\n$shop_name <a href=''$shop_url''>$shop_url</a><br/>\r\n$send_date <br/>', '2009-03-16 10:23:42', '2009-05-05 17:08:20'),
(2, 'chi', 35, '$shop_name - 订单取消', '亲爱的 $consignee  ，你好！\r\n您的编号为：$order_code  的订单已取消。\r\n\r\n订单的商品信息:\r\n$products_info\r\n\r\n$shop_name $shop_url\r\n$sent_date', '亲爱的 $consignee  ，你好！<br />\r\n您的编号为：$order_code  的订单已取消。<br />\r\n\r\n订单的商品信息:<br/>\r\n$products_info\r\n\r\n$shop_name <a href=''$shop_url''>$shop_url</a><br/>\r\n$sent_date', '2008-01-01 00:00:00', '2009-05-05 17:06:24'),
(3, 'chi', 36, '$shop_name - 订单无效', '亲爱的 $consignee ，你好！\r\n您的编号为： $order_code 的订单无效。\r\n订单的商品信息:\r\n$products_info\r\n$shop_name $shop_url\r\n$send_date', '亲爱的 $consignee ，你好！<br/>\r\n您的编号为： $order_code 的订单无效。<br />\r\n订单的商品信息:<br/>\r\n$products_info\r\n$shop_name <a href=''$shop_url''>$shop_url</a><br />\r\n$send_date<br />', '2008-01-01 00:00:00', '2009-05-05 17:07:27'),
(4, 'chi', 31, '$shop_name - 邮件验证', '$user_name 您好!\r\n这封邮件是 $shop_name 发送的。\r\n你收到这封邮件是为了验证你注册邮件地址是否有效。\r\n如果您已经通过验证了，请忽略这封邮件。\r\n请点击以下链接(或者复制到您的浏览器)来验证你的邮件地址: \r\n$url\r\n $shop_name $shop_url\r\n$send_date', '$user_name 您好!<br />\r\n这封邮件是 $shop_name 发送的。<br />\r\n你收到这封邮件是为了验证你注册邮件地址是否有效。<br />\r\n如果您已经通过验证了，请忽略这封邮件。<br />\r\n请点击以下链接(或者复制到您的浏览器)来验证你的邮件地址: <br />\r\n<a href=''$url''> $url</a><br />\r\n $shop_name <a href=''$shop_url''>$shop_url</a><br />\r\n$send_date', '2009-02-17 05:12:33', '2009-05-05 17:04:40'),
(5, 'chi', 33, '$shop_name - 订单确认邮件', '亲爱的 $consignee  ，你好！\r\n我们已经收到您于  $formated_add_time  提交的订单。\r\n\r\n订单的商品信息: \r\n$products_info\r\n\r\n\r\n该订单编号为： $order_code  请记住这个编号以便日后的查询。\r\n$shop_name $shop_url\r\n$sent_date', '亲爱的 $consignee  ，你好！<br />\r\n我们已经收到您于  $formated_add_time  提交的订单。<br />\r\n\r\n订单的商品信息: <br />\r\n$products_info\r\n\r\n\r\n该订单编号为： $order_code  请记住这个编号以便日后的查询。 <br />\r\n$shop_name <a href=''$shop_url''>$shop_url</a><br />\r\n$sent_date', '2008-01-01 00:00:00', '2009-05-05 17:05:31'),
(6, 'chi', 38, '$shop_name - 发货通知', '亲爱的 $consignee ， 你好  \r\n我们已经收到您于 $formated_add_time  提交的订单 并且已经发货。\r\n您的配送单号:   $invoice_no\r\n\r\n订单的商品信息: \r\n$products_info\r\n\r\n\r\n该订单编号为： $order_code 请记住这个编号以便日后的查询。\r\n收货确认 $url\r\n$shop_name $shop_url\r\n$send_date ', '亲爱的 $consignee ， 你好  <br />\r\n我们已经收到您于 $formated_add_time  提交的订单 并且已经发货。 <br />\r\n您的配送单号:   $invoice_no <br />\r\n\r\n订单的商品信息: <br />\r\n$products_info\r\n\r\n\r\n该订单编号为： $order_code 请记住这个编号以便日后的查询。<br/>\r\n收货确认 <a href=''$url''>$url</a><br />\r\n$shop_name <a href=''$shop_url''>$shop_url</a><br />\r\n$send_date <br />', '2009-03-30 16:53:43', '2009-05-05 17:09:39'),
(7, 'chi', 39, '$shop_name - 虚拟卡片', '亲爱的$consignee       \r\n你好！您的订单 $order_sn 中$product_name 商品的详细信息如下: \r\n$virtualcards_info\r\n再次感谢您对我们的支持。欢迎您的再次光临。\r\n\r\n$shop_name $shop_url\r\n$send_date ', '亲爱的$consignee       <br />\r\n你好！您的订单 $order_sn 中$product_name 商品的详细信息如下: <br />\r\n$virtualcards_info\r\n再次感谢您对我们的支持。欢迎您的再次光临。 <br />\r\n\r\n$shop_name <a href=''$shop_url''>$shop_url</a><br />\r\n$send_date <br />', '2009-04-16 06:15:12', '2009-05-05 17:10:18'),
(8, 'chi', 34, '$shop_name - 通知', '', '', '2009-04-20 06:40:45', '2009-04-30 15:02:15'),
(9, 'chi', 41, '$shop_name - 留言回复', '亲爱的 $user_name ，你好！\r\n我们已经收到您于  $created  提交的留言。\r\n留言类型:$msg_type\r\n\r\n留言标题:$msg_title        \r\n\r\n留言内容:$msg_content\r\n\r\n管理员回复:$restore_content\r\n\r\n查看 $url\r\n$shop_name   $shop_url\r\n$sent_date\r\n', '亲爱的 $user_name ，你好！<br/>\r\n我们已经收到您于  $created  提交的留言。<br/>\r\n留言类型:$msg_type <br/>\r\n\r\n留言标题:$msg_title    <br/>   \r\n\r\n留言内容:$msg_content <br/>\r\n\r\n管理员回复:$restore_content <br/>\r\n查看<a href=''url''>$url<a> <br/>\r\n$shop_name   <a href=''$shop_url''>$shop_url<a> <br/>\r\n$sent_date', '2009-04-29 18:54:48', '2009-05-05 19:10:58'),
(10, 'chi', 42, '$shop_name - 优惠券邮件', '', '亲爱的 $user_name 您好！\r\n\r\n恭喜您获得了 1 个优惠券，金额为 $money\r\n\r\n$shop_name $shop_url\r\n$send_date', '2009-05-06 13:08:46', '2009-05-06 13:16:32'),
(11, 'eng', 37, '$shop_name - 密码找回', '$user_name 您好！\r\n您已经进行了密码重置的操作，请点击以下链接(或者复制到您的浏览器):\r\n $reset_email\r\n以确认您的新密码重置操作！\r\n$shop_name $shop_url\r\n$send_date ', '$user_name 您好！<br/>\r\n您已经进行了密码重置的操作，请点击以下链接(或者复制到您的浏览器):<br/>\r\n<a href=''$reset_email'' target=''_blank''> $reset_email </a><br/>\r\n以确认您的新密码重置操作！<br/>\r\n$shop_name <a href=''$shop_url''>$shop_url</a><br/>\r\n$send_date <br/>', '2009-03-16 10:23:42', '2009-05-05 17:08:20'),
(12, 'eng', 35, '$shop_name - 订单取消', '亲爱的 $consignee  ，你好！\r\n您的编号为：$order_code  的订单已取消。\r\n\r\n订单的商品信息:\r\n$products_info\r\n\r\n$shop_name $shop_url\r\n$sent_date', '亲爱的 $consignee  ，你好！<br />\r\n您的编号为：$order_code  的订单已取消。<br />\r\n\r\n订单的商品信息:<br/>\r\n$products_info\r\n\r\n$shop_name <a href=''$shop_url''>$shop_url</a><br/>\r\n$sent_date', '2008-01-01 00:00:00', '2009-05-05 17:06:24'),
(13, 'eng', 36, '$shop_name - 订单无效', '亲爱的 $consignee ，你好！\r\n您的编号为： $order_code 的订单无效。\r\n订单的商品信息:\r\n$products_info\r\n$shop_name $shop_url\r\n$send_date', '亲爱的 $consignee ，你好！<br/>\r\n您的编号为： $order_code 的订单无效。<br />\r\n订单的商品信息:<br/>\r\n$products_info\r\n$shop_name <a href=''$shop_url''>$shop_url</a><br />\r\n$send_date<br />', '2008-01-01 00:00:00', '2009-05-05 17:07:27'),
(14, 'eng', 31, '$shop_name - 邮件验证', '$user_name 您好!\r\n这封邮件是 $shop_name 发送的。\r\n你收到这封邮件是为了验证你注册邮件地址是否有效。\r\n如果您已经通过验证了，请忽略这封邮件。\r\n请点击以下链接(或者复制到您的浏览器)来验证你的邮件地址: \r\n$url\r\n $shop_name $shop_url\r\n$send_date', '$user_name 您好!<br />\r\n这封邮件是 $shop_name 发送的。<br />\r\n你收到这封邮件是为了验证你注册邮件地址是否有效。<br />\r\n如果您已经通过验证了，请忽略这封邮件。<br />\r\n请点击以下链接(或者复制到您的浏览器)来验证你的邮件地址: <br />\r\n<a href=''$url''> $url</a><br />\r\n $shop_name <a href=''$shop_url''>$shop_url</a><br />\r\n$send_date', '2009-02-17 05:12:33', '2009-05-05 17:04:40'),
(15, 'eng', 33, '$shop_name - 订单确认邮件', '亲爱的 $consignee  ，你好！\r\n我们已经收到您于  $formated_add_time  提交的订单。\r\n\r\n订单的商品信息: \r\n$products_info\r\n\r\n\r\n该订单编号为： $order_code  请记住这个编号以便日后的查询。\r\n$shop_name $shop_url\r\n$sent_date', '亲爱的 $consignee  ，你好！<br />\r\n我们已经收到您于  $formated_add_time  提交的订单。<br />\r\n\r\n订单的商品信息: <br />\r\n$products_info\r\n\r\n\r\n该订单编号为： $order_code  请记住这个编号以便日后的查询。 <br />\r\n$shop_name <a href=''$shop_url''>$shop_url</a><br />\r\n$sent_date', '2008-01-01 00:00:00', '2009-05-05 17:05:31'),
(16, 'eng', 38, '$shop_name - 发货通知', '亲爱的 $consignee ， 你好  \r\n我们已经收到您于 $formated_add_time  提交的订单 并且已经发货。\r\n您的配送单号:   $invoice_no\r\n\r\n订单的商品信息: \r\n$products_info\r\n\r\n\r\n该订单编号为： $order_code 请记住这个编号以便日后的查询。\r\n收货确认 $url\r\n$shop_name $shop_url\r\n$send_date ', '亲爱的 $consignee ， 你好  <br />\r\n我们已经收到您于 $formated_add_time  提交的订单 并且已经发货。 <br />\r\n您的配送单号:   $invoice_no <br />\r\n\r\n订单的商品信息: <br />\r\n$products_info\r\n\r\n\r\n该订单编号为： $order_code 请记住这个编号以便日后的查询。<br/>\r\n收货确认 <a href=''$url''>$url</a><br />\r\n$shop_name <a href=''$shop_url''>$shop_url</a><br />\r\n$send_date <br />', '2009-03-30 16:53:43', '2009-05-05 17:09:39'),
(17, 'eng', 39, '$shop_name - 虚拟卡片', '亲爱的$consignee       \r\n你好！您的订单 $order_sn 中$product_name 商品的详细信息如下: \r\n$virtualcards_info\r\n再次感谢您对我们的支持。欢迎您的再次光临。\r\n\r\n$shop_name $shop_url\r\n$send_date ', '亲爱的$consignee       <br />\r\n你好！您的订单 $order_sn 中$product_name 商品的详细信息如下: <br />\r\n$virtualcards_info\r\n再次感谢您对我们的支持。欢迎您的再次光临。 <br />\r\n\r\n$shop_name <a href=''$shop_url''>$shop_url</a><br />\r\n$send_date <br />', '2009-04-16 06:15:12', '2009-05-05 17:10:18'),
(18, 'eng', 34, '$shop_name - 通知', '', '', '2009-04-20 06:40:45', '2009-04-30 15:02:15'),
(19, 'eng', 41, '$shop_name - 留言回复', '亲爱的 $user_name ，你好！\r\n我们已经收到您于  $created  提交的留言。\r\n留言类型:$msg_type\r\n\r\n留言标题:$msg_title        \r\n\r\n留言内容:$msg_content\r\n\r\n管理员回复:$restore_content\r\n\r\n查看 $url\r\n$shop_name   $shop_url\r\n$sent_date\r\n', '亲爱的 $user_name ，你好！<br/>\r\n我们已经收到您于  $created  提交的留言。<br/>\r\n留言类型:$msg_type <br/>\r\n\r\n留言标题:$msg_title    <br/>   \r\n\r\n留言内容:$msg_content <br/>\r\n\r\n管理员回复:$restore_content <br/>\r\n查看<a href=''url''>$url<a> <br/>\r\n$shop_name   <a href=''$shop_url''>$shop_url<a> <br/>\r\n$sent_date', '2009-04-29 18:54:48', '2009-05-05 19:10:58'),
(20, 'eng', 42, '$shop_name - 优惠券邮件', '', '亲爱的 $user_name 您好！\r\n\r\n恭喜您获得了 1 个优惠券，金额为 $money\r\n\r\n$shop_name $shop_url\r\n$send_date', '2009-05-06 13:08:46', '2009-05-06 13:16:32');

--
-- 导出表中的数据 'svcart_navigations'
--

INSERT INTO svcart_navigations (id, type, orderby, status, icon, target, controller, created, modified) VALUES
(1, 'T', 5, '1', '', '_self', 'pages', '2008-01-01 00:00:00', '2009-03-26 02:02:14'),
(2, 'T', 10, '1', '', '_blank', 'pages', '2008-01-01 00:00:00', '2009-04-08 06:01:43'),
(3, 'H', 20, '1', '', '_self', 'pages', '2009-01-06 03:45:48', '2009-04-16 09:09:13'),
(5, 'T', 20, '1', '', '_self', 'pages', '2008-01-01 00:00:00', '2009-04-08 06:05:14'),
(6, 'T', 30, '1', '', '_self', 'pages', '2008-01-01 00:00:00', '2009-04-16 09:42:10'),
(8, 'H', 30, '1', '', '_self', 'pages', '2009-01-06 03:49:32', '2009-03-27 01:42:25');

--
-- 导出表中的数据 'svcart_navigation_i18ns'
--

INSERT INTO svcart_navigation_i18ns (id, locale, navigation_id, name, url, description, created, modified) VALUES
(1, 'eng', 2, 'All Products', '/products/advancedsearch/SAD/all/', '', '2009-01-10 02:56:35', '2009-04-08 06:01:43'),
(2, 'chi', 2, '所有商品', '/products/advancedsearch/SAD/all/', '', '2009-01-10 02:56:35', '2009-04-08 06:01:43'),
(3, 'eng', 5, 'Promotion', '/promotions/', '', '2009-01-10 02:59:19', '2009-04-08 06:05:14'),
(4, 'chi', 5, '促销活动', '/promotions/', '', '2009-01-10 02:59:19', '2009-04-08 06:05:14'),
(5, 'eng', 6, 'Sitemap', '/sitemaps/', '', '2009-01-10 03:00:35', '2009-04-16 09:42:10'),
(6, 'chi', 6, '网站导航', '/sitemaps/', '', '2009-01-10 03:00:35', '2009-04-16 09:42:10'),
(7, 'eng', 8, 'Payment', '/articles/1', '', '2009-01-10 03:08:30', '2009-03-27 01:42:25'),
(8, 'chi', 8, '付款说明', '/articles/1', '', '2009-01-10 03:08:30', '2009-03-27 01:42:25'),
(9, 'chi', 3, '配送须知', '/articles/2', '', '2009-01-10 03:07:23', '2009-04-16 09:09:13'),
(10, 'eng', 3, 'Shippingment', '/articles/2', '', '2009-01-10 03:07:23', '2009-04-16 09:09:13'),
(11, 'chi', 1, '首页', '/', '', '2009-02-17 06:19:29', '2009-03-26 02:02:14'),
(12, 'eng', 1, 'HOME', '/', '', '2009-03-17 07:16:50', '2009-03-26 02:02:14');

--
-- 导出表中的数据 'svcart_newsletter_lists'
--


--
-- 导出表中的数据 'svcart_operators'
--


--
-- 导出表中的数据 'svcart_operator_actions'
--

INSERT INTO svcart_operator_actions (id, level, parent_id, code, status, orderby, created, modified) VALUES
(1, 0, 0, 'role_mgt', '1', 1, '2009-02-18 05:35:17', '2009-02-20 11:35:52'),
(2, 0, 1, 'role_add', '1', 0, '2009-02-18 08:25:26', '2009-02-20 11:28:53'),
(3, 0, 0, 'department_mgt', '1', 0, '2009-02-20 07:23:39', '2009-02-20 11:36:22'),
(4, 0, 0, 'operator_mgt', '1', 2, '2009-02-20 07:34:41', '2009-02-20 11:36:59'),
(5, 0, 3, 'department_add', '1', 0, '2009-02-20 07:40:02', '2009-02-20 11:27:14'),
(7, 0, 3, 'department_operation', '1', 2, '2009-02-20 07:46:13', '2009-03-02 09:26:44'),
(34, 0, 0, 'shop_set', '1', 0, '2009-03-03 03:50:07', '2009-03-03 03:50:07'),
(9, 0, 1, 'role_edit', '1', 1, '2009-02-20 07:51:54', '2009-03-02 09:23:37'),
(36, 0, 0, 'pay_way', '1', 0, '2009-03-03 03:52:27', '2009-03-03 03:52:27'),
(35, 0, 0, 'ship_way', '1', 0, '2009-03-03 03:51:46', '2009-03-03 03:51:46'),
(12, 0, 4, 'operator_add', '1', 1, '2009-02-20 11:09:17', '2009-03-26 03:15:04'),
(38, 0, 0, 'langauage_management', '1', 0, '2009-03-03 03:53:59', '2009-03-03 03:53:59'),
(14, 0, 4, 'Operator_edit', '1', 2, '2009-02-20 11:12:24', '2009-03-02 09:22:18'),
(37, 0, 0, 'zone_set', '1', 0, '2009-03-03 03:53:05', '2009-03-03 03:53:05'),
(16, 0, 0, 'supplier_mgt', '1', 0, '2009-02-23 08:37:26', '2009-02-23 08:37:26'),
(17, 0, 16, 'supplier_add', '1', 2, '2009-02-23 08:40:19', '2009-03-26 03:13:56'),
(18, 0, 16, 'supplier_operation', '1', 1, '2009-02-23 08:42:07', '2009-03-02 09:30:47'),
(19, 0, 0, 'entity_shop_mgt', '1', 0, '2009-02-23 08:44:35', '2009-02-23 08:44:35'),
(20, 0, 19, 'entity_shop_add', '1', 0, '2009-02-23 08:45:52', '2009-02-23 08:45:52'),
(21, 0, 19, 'entity_shop_operation', '1', 1, '2009-02-23 08:49:26', '2009-02-23 08:49:26'),
(22, 0, 0, 'friendly_link_mgt', '1', 0, '2009-02-23 08:53:47', '2009-02-23 08:53:47'),
(23, 0, 22, 'friendly_link_add', '1', 0, '2009-02-23 08:55:52', '2009-02-23 08:56:33'),
(24, 0, 22, 'friendly_link_operation', '1', 1, '2009-02-23 08:58:21', '2009-02-23 08:58:21'),
(25, 0, 0, 'advertisment_management', '1', 0, '2009-02-23 09:01:49', '2009-03-02 09:14:56'),
(27, 0, 0, 'flash_play_management', '1', 0, '2009-02-23 09:06:57', '2009-03-02 09:14:36'),
(29, 0, 0, 'template_management', '1', 0, '2009-02-23 09:10:19', '2009-03-02 09:16:14'),
(33, 0, 31, 'navigation_edit', '1', 0, '2009-03-02 09:19:32', '2009-03-02 09:19:59'),
(31, 0, 0, 'navigation_mgt', '1', 0, '2009-02-23 09:32:56', '2009-02-23 09:32:56'),
(32, 0, 31, 'navigation_add', '1', 0, '2009-02-23 09:34:06', '2009-02-23 09:34:06'),
(39, 0, 0, 'menu_mgt', '1', 0, '2009-03-03 05:28:43', '2009-03-03 05:28:43'),
(40, 0, 39, 'menu_add', '1', 0, '2009-03-03 05:29:30', '2009-03-03 05:30:11'),
(41, 0, 39, 'menu_operation', '1', 0, '2009-03-03 05:31:23', '2009-03-03 05:31:23'),
(42, 0, 0, 'access_right_mgt', '1', 0, '2009-03-03 05:33:16', '2009-03-03 05:33:16'),
(43, 0, 42, 'access_right_add', '1', 0, '2009-03-03 05:34:06', '2009-03-03 05:34:06'),
(44, 0, 42, 'access_right_operation', '1', 0, '2009-03-03 05:34:47', '2009-03-03 05:34:47'),
(45, 0, 0, 'mail_template_mgt', '1', 0, '2009-03-03 05:36:11', '2009-03-03 05:36:11'),
(46, 0, 45, 'mail_template_add', '1', 0, '2009-03-03 05:37:02', '2009-03-03 05:37:02'),
(47, 0, 45, 'mail_template_operation', '1', 0, '2009-03-03 05:37:37', '2009-03-03 05:37:37'),
(48, 0, 0, 'shop_set_mgt', '1', 0, '2009-03-03 05:38:25', '2009-03-03 05:38:25'),
(49, 0, 48, 'shop_set_add', '1', 0, '2009-03-03 05:39:11', '2009-03-03 05:39:11'),
(50, 0, 48, 'shop_set_operation', '1', 0, '2009-03-03 05:39:47', '2009-03-03 05:39:47'),
(51, 0, 0, 'user_set_mgt', '1', 0, '2009-03-03 05:40:48', '2009-03-03 05:40:48'),
(52, 0, 51, 'newuser_set', '1', 0, '2009-03-03 05:41:24', '2009-03-03 05:41:24'),
(53, 0, 51, 'user_set_operation', '1', 0, '2009-03-03 05:41:57', '2009-03-03 05:41:57'),
(54, 0, 0, 'order_undeal', '1', 0, '2009-03-03 05:43:15', '2009-03-03 05:43:15'),
(55, 0, 0, 'comment_undeal', '1', 0, '2009-03-03 05:43:51', '2009-03-03 05:43:51'),
(56, 0, 0, 'message_undeal', '1', 0, '2009-03-03 05:44:25', '2009-03-03 05:44:25'),
(57, 0, 0, 'shortage_undeal_mgt', '1', 0, '2009-03-03 05:45:52', '2009-03-03 05:45:52'),
(58, 0, 57, 'shortage_undeal_view', '1', 0, '2009-03-03 05:46:55', '2009-03-03 05:46:55'),
(59, 0, 57, 'shortage_undeal_edit', '1', 0, '2009-03-03 05:47:39', '2009-03-03 05:47:39'),
(60, 0, 57, 'shortage_undeal_cancle', '1', 0, '2009-03-03 05:48:12', '2009-03-03 05:48:12'),
(61, 0, 0, 'member_undeal', '1', 0, '2009-03-03 05:49:11', '2009-03-03 05:49:11'),
(62, 0, 0, 'voucher_undeal', '1', 0, '2009-03-03 05:50:01', '2009-03-03 05:50:01'),
(63, 0, 0, 'purchase_order_mgt', '1', 0, '2009-03-03 05:51:00', '2009-03-03 05:51:00'),
(64, 0, 63, 'purchase_order_view', '1', 0, '2009-03-03 05:51:49', '2009-03-03 05:51:49'),
(65, 0, 63, 'print_purchase_order', '1', 0, '2009-03-03 05:52:31', '2009-03-03 05:52:31'),
(66, 0, 0, 'shipping_order_mgt', '1', 0, '2009-03-03 05:54:11', '2009-03-03 05:54:11'),
(67, 0, 66, 'shipping_order_view', '1', 0, '2009-03-03 05:54:48', '2009-03-03 05:54:48'),
(68, 0, 66, 'print_shipping_order', '1', 0, '2009-03-03 05:55:45', '2009-03-03 05:55:45'),
(69, 0, 0, 'user_funds_statement_mgt', '1', 0, '2009-03-03 05:56:40', '2009-03-03 05:56:40'),
(70, 0, 69, 'user_funds_statement_view', '1', 0, '2009-03-03 05:57:34', '2009-03-03 05:57:34'),
(71, 0, 69, 'print_user_funds_statement', '1', 0, '2009-03-03 05:58:25', '2009-03-03 05:58:25'),
(72, 0, 0, 'accumulate_point_mgt', '1', 0, '2009-03-03 05:59:19', '2009-03-03 05:59:19'),
(73, 0, 72, 'accumulate_point_view', '1', 0, '2009-03-03 05:59:57', '2009-03-03 05:59:57'),
(74, 0, 72, 'print_accumulate_point', '1', 0, '2009-03-03 06:00:32', '2009-03-03 06:00:32'),
(75, 0, 0, 'member_consume_statement_mgt', '1', 0, '2009-03-03 06:01:48', '2009-03-03 06:01:48'),
(76, 0, 75, 'member_consume_statement_view', '1', 0, '2009-03-03 06:02:51', '2009-03-03 06:02:51'),
(77, 0, 75, 'print_member_consume_statement', '1', 0, '2009-03-03 06:03:33', '2009-03-03 06:03:33'),
(78, 0, 0, 'goods_sale_statement_mgt', '1', 0, '2009-03-03 06:04:27', '2009-03-03 06:04:27'),
(79, 0, 78, 'goods_sale_statement_view', '1', 0, '2009-03-03 06:05:11', '2009-03-03 06:05:11'),
(80, 0, 78, 'print_goods_sale_statement', '1', 0, '2009-03-03 06:05:54', '2009-03-03 06:05:54'),
(81, 0, 0, 'order_status_statement_mgt', '1', 0, '2009-03-03 06:06:42', '2009-03-03 06:06:42'),
(82, 0, 81, 'order_status_statement_view', '1', 0, '2009-03-03 06:07:31', '2009-03-03 06:07:31'),
(83, 0, 81, 'print_order_status_statement', '1', 0, '2009-03-03 06:08:18', '2009-03-03 06:08:18'),
(84, 0, 0, 'order_perform_statement_mgt', '1', 0, '2009-03-03 06:09:16', '2009-03-03 06:09:16'),
(85, 0, 84, 'order_perform_statement_view', '1', 0, '2009-03-03 06:10:18', '2009-03-03 06:10:18'),
(86, 0, 84, 'print_order_perform_statement', '1', 0, '2009-03-03 06:10:59', '2009-03-03 06:10:59'),
(87, 0, 0, 'promotion_mgt', '1', 0, '2009-03-03 06:11:59', '2009-03-03 06:11:59'),
(88, 0, 87, 'promotion_view', '1', 0, '2009-03-03 06:12:32', '2009-03-03 06:12:32'),
(89, 0, 87, 'promotion_operation', '1', 0, '2009-03-03 06:13:03', '2009-03-03 06:13:03'),
(90, 0, 0, 'card_mgt', '1', 0, '2009-03-03 06:13:44', '2009-03-03 06:13:44'),
(91, 0, 90, 'card_view', '1', 0, '2009-03-03 06:14:28', '2009-03-03 06:14:28'),
(92, 0, 90, 'card_operation', '1', 0, '2009-03-03 06:14:56', '2009-03-03 06:14:56'),
(93, 0, 0, 'coupon_mgt', '1', 0, '2009-03-03 06:15:44', '2009-03-03 06:15:44'),
(94, 0, 93, 'coupon_view', '1', 0, '2009-03-03 06:16:17', '2009-03-03 06:16:17'),
(95, 0, 93, 'coupon_operation', '1', 0, '2009-03-03 06:16:43', '2009-03-03 06:16:43'),
(96, 0, 0, 'package_mgt', '1', 0, '2009-03-03 06:17:28', '2009-03-03 06:17:28'),
(97, 0, 96, 'package_view', '1', 0, '2009-03-03 06:18:00', '2009-03-03 06:18:00'),
(98, 0, 96, 'package_operation', '1', 0, '2009-03-03 06:18:28', '2009-03-03 06:18:28'),
(99, 0, 0, 'special_topic_mgt', '1', 0, '2009-03-03 06:19:20', '2009-03-03 06:19:20'),
(100, 0, 99, 'special_topic_view', '1', 0, '2009-03-03 06:20:03', '2009-03-03 06:20:03'),
(101, 0, 99, 'special_topic_operation', '1', 0, '2009-03-03 06:21:09', '2009-03-03 06:21:09'),
(102, 0, 0, 'member_mgt', '1', 0, '2009-03-03 06:22:41', '2009-03-03 06:22:41'),
(103, 0, 102, 'member_view', '1', 0, '2009-03-03 06:23:15', '2009-03-03 06:23:15'),
(104, 0, 102, 'member_operation', '1', 0, '2009-03-03 06:23:57', '2009-03-03 06:23:57'),
(105, 0, 0, 'order_mgt', '1', 0, '2009-03-03 06:24:54', '2009-03-03 06:24:54'),
(106, 0, 105, 'order_view', '1', 0, '2009-03-03 06:25:26', '2009-03-03 06:25:26'),
(107, 0, 105, 'order_edit', '1', 0, '2009-03-03 06:25:52', '2009-03-03 06:25:52'),
(108, 0, 105, 'order_add', '1', 0, '2009-03-03 06:26:25', '2009-03-03 06:26:25'),
(111, 0, 105, 'order_unfinished', '1', 0, '2009-03-03 06:57:38', '2009-03-03 06:57:38'),
(112, 0, 105, 'order_finished', '1', 0, '2009-03-03 06:58:15', '2009-03-03 06:58:15'),
(113, 0, 105, 'pay_status_edit', '1', 0, '2009-03-03 06:59:06', '2009-03-03 06:59:06'),
(114, 0, 105, 'ship_status_edit', '1', 0, '2009-03-03 06:59:44', '2009-03-03 06:59:44'),
(115, 0, 0, 'goods_mgt', '1', 0, '2009-03-03 07:00:47', '2009-03-03 07:00:47'),
(116, 0, 115, 'goods_add_edit', '1', 0, '2009-03-03 07:01:26', '2009-03-03 07:01:26'),
(117, 0, 115, 'goods_cancel_response', '1', 0, '2009-03-03 07:01:59', '2009-03-03 07:01:59'),
(118, 0, 115, 'auto_shelfing', '1', 0, '2009-03-03 07:02:40', '2009-03-03 07:02:40'),
(119, 0, 0, 'goods_type_mgt', '1', 0, '2009-03-03 07:03:32', '2009-03-03 07:03:32'),
(120, 0, 119, 'goods_type_add', '1', 0, '2009-03-03 07:04:11', '2009-03-03 07:04:11'),
(121, 0, 119, 'goods_type_edit', '1', 0, '2009-03-03 07:04:41', '2009-03-03 07:04:41'),
(122, 0, 0, 'goods_category_mgt', '1', 0, '2009-03-03 07:05:25', '2009-03-03 07:05:25'),
(123, 0, 122, 'goods_category_add', '1', 0, '2009-03-03 07:06:08', '2009-03-03 07:06:08'),
(124, 0, 122, 'goods_category_edit', '1', 0, '2009-03-03 07:06:42', '2009-03-03 07:06:42'),
(125, 0, 0, 'brand_mgt', '1', 0, '2009-03-03 07:07:16', '2009-03-27 02:08:18'),
(126, 0, 125, 'brand_add', '1', 0, '2009-03-03 07:07:48', '2009-04-02 10:32:59'),
(127, 0, 125, 'brand_edit', '1', 4, '2009-03-03 07:08:23', '2009-03-27 02:12:58'),
(128, 0, 0, 'article_category_mgt', '1', 44, '2009-03-03 07:09:10', '2009-03-26 03:15:41'),
(129, 0, 128, 'article_category_add', '1', 0, '2009-03-03 07:10:08', '2009-03-03 07:10:08'),
(130, 0, 128, 'article_category_edit', '1', 5, '2009-03-03 07:10:38', '2009-03-26 03:15:59'),
(131, 0, 0, 'article_mgt', '1', 0, '2009-03-03 07:11:30', '2009-03-03 07:11:30'),
(132, 0, 131, 'article_add', '1', 0, '2009-03-03 07:12:09', '2009-03-03 07:12:09'),
(133, 0, 131, 'article_edit', '1', 0, '2009-03-03 07:12:39', '2009-03-03 07:12:39'),
(134, 0, 0, 'image_mgt', '1', 0, '2009-03-03 07:14:03', '2009-03-03 07:14:03'),
(135, 0, 134, 'image_view', '1', 0, '2009-03-03 07:14:36', '2009-03-03 07:14:36'),
(136, 0, 0, 'comment_mgt', '1', 0, '2009-03-03 07:15:30', '2009-03-03 07:15:30'),
(137, 0, 136, 'comment_view_cancel', '1', 0, '2009-03-03 07:16:05', '2009-03-03 07:16:05'),
(138, 0, 0, 'message_mgt', '1', 0, '2009-03-03 07:16:41', '2009-03-03 07:16:41'),
(139, 0, 138, 'message_view_cancel', '1', 0, '2009-03-03 07:17:18', '2009-03-03 07:17:18'),
(140, 0, 0, 'member_rank_mgt', '1', 0, '2009-03-03 07:17:59', '2009-03-03 07:17:59'),
(141, 0, 140, 'member_rank_add', '1', 0, '2009-03-03 07:19:08', '2009-03-03 07:19:08'),
(142, 0, 140, 'member_rank_edit', '1', 0, '2009-03-03 07:19:43', '2009-03-03 07:19:43'),
(143, 0, 0, 'fund_log_mgt', '1', 0, '2009-03-03 07:20:46', '2009-03-03 07:20:46'),
(144, 0, 143, 'fund_log_view', '1', 0, '2009-03-03 07:21:21', '2009-03-03 07:21:21'),
(145, 0, 143, 'fund_log_confirm_cancel', '1', 0, '2009-03-03 07:21:55', '2009-03-03 07:21:55'),
(146, 0, 0, 'accumulate_point_log_mgt', '1', 0, '2009-03-03 07:22:40', '2009-03-03 07:22:40'),
(147, 0, 146, 'accumulate_point_log_view', '1', 0, '2009-03-03 07:23:17', '2009-03-03 07:23:17'),
(148, 0, 146, 'print_accumulate_point_log', '1', 0, '2009-03-03 07:23:56', '2009-03-03 07:23:56'),
(149, 0, 1, 'role_view', '1', 0, '2009-03-04 08:34:59', '2009-03-04 08:34:59'),
(150, 0, 3, 'department_view', '1', 0, '2009-03-04 08:39:08', '2009-03-04 08:39:08'),
(151, 0, 4, 'operator_view', '1', 0, '2009-03-04 08:42:22', '2009-03-04 08:42:22'),
(152, 0, 34, 'shop_view', '1', 0, '2009-03-04 08:54:32', '2009-03-04 08:54:32'),
(153, 0, 36, 'pay_view', '1', 0, '2009-03-04 08:56:34', '2009-03-04 08:56:34'),
(154, 0, 35, 'ship_view', '1', 0, '2009-03-04 08:58:25', '2009-03-04 08:58:25'),
(155, 0, 38, 'langauage_view', '1', 0, '2009-03-04 09:00:16', '2009-03-04 09:00:16'),
(156, 0, 37, 'zone_view', '1', 0, '2009-03-04 09:01:45', '2009-03-04 09:01:45'),
(157, 0, 16, 'supplier_view', '1', 0, '2009-03-04 09:03:59', '2009-03-04 09:03:59'),
(158, 0, 19, 'entity_shop_view', '1', 0, '2009-03-04 09:05:46', '2009-03-04 09:05:46'),
(159, 0, 22, 'friendly_link_view', '1', 0, '2009-03-04 09:07:38', '2009-03-04 09:07:38'),
(160, 0, 25, 'advertisment_view', '1', 0, '2009-03-04 09:10:34', '2009-03-04 09:10:34'),
(161, 0, 27, 'flash_play_view', '1', 0, '2009-03-04 09:12:24', '2009-03-04 09:12:24'),
(162, 0, 29, 'template_view', '1', 0, '2009-03-04 09:13:56', '2009-03-04 09:13:56'),
(163, 0, 31, 'navigation_view', '1', 0, '2009-03-04 09:15:12', '2009-03-04 09:15:12'),
(164, 0, 39, 'menu_view', '1', 0, '2009-03-04 09:16:58', '2009-03-04 09:16:58'),
(165, 0, 42, 'access_right_view', '1', 0, '2009-03-04 09:28:44', '2009-03-04 09:28:44'),
(166, 0, 45, 'mail_template_view', '1', 0, '2009-03-04 09:30:43', '2009-03-04 09:30:43'),
(167, 0, 48, 'shop_set_view', '1', 0, '2009-03-04 09:32:22', '2009-03-04 09:32:22'),
(168, 0, 51, 'user_set_view', '1', 0, '2009-03-04 09:35:12', '2009-03-04 09:35:12'),
(169, 0, 54, 'order_undeal_view', '1', 0, '2009-03-04 09:37:23', '2009-03-04 09:37:23'),
(170, 0, 55, 'comment_undea_view', '1', 0, '2009-03-04 09:39:17', '2009-03-04 09:39:17'),
(171, 0, 56, 'message_undeal_view', '1', 0, '2009-03-04 09:42:43', '2009-03-04 09:42:43'),
(172, 0, 61, 'member_undeal_view', '1', 0, '2009-03-04 09:45:44', '2009-03-04 09:45:44'),
(173, 0, 62, 'voucher_undeal_view', '1', 0, '2009-03-04 09:47:40', '2009-03-04 09:47:40'),
(174, 0, 115, 'goods_manage_view', '1', 0, '2009-03-04 10:00:57', '2009-03-04 10:00:57'),
(175, 0, 119, 'goods_type_view', '1', 0, '2009-03-04 10:03:14', '2009-03-04 10:03:14'),
(176, 0, 122, 'goods_category_view', '1', 0, '2009-03-04 10:04:56', '2009-03-04 10:04:56'),
(177, 0, 125, 'brand_view', '1', 0, '2009-03-04 10:06:39', '2009-03-04 10:06:39'),
(178, 0, 131, 'article_view', '1', 0, '2009-03-04 10:08:01', '2009-03-04 10:08:01'),
(179, 0, 128, 'article_category_view', '1', 6, '2009-03-04 10:09:35', '2009-03-26 03:16:18'),
(180, 0, 136, 'comment_view', '1', 0, '2009-03-04 10:12:35', '2009-03-04 10:12:35'),
(181, 0, 138, 'message_view', '1', 0, '2009-03-04 10:14:19', '2009-03-04 10:14:19'),
(182, 0, 140, 'member_rank_view', '1', 0, '2009-03-04 10:15:55', '2009-03-04 10:15:55'),
(184, 0, 0, 'dictionary_mgt', '1', 0, '2009-03-04 10:30:36', '2009-03-04 10:30:36'),
(185, 0, 184, 'dictionary_manage_view', '1', 0, '2009-03-04 10:31:52', '2009-03-04 10:31:52'),
(186, 0, 184, 'dictionary_manage_add', '1', 0, '2009-03-04 10:33:18', '2009-03-04 10:33:18'),
(187, 0, 0, 'userinformation', '1', 0, '2009-03-26 03:57:40', '2009-03-26 05:26:59'),
(188, 0, 187, 'userinformation_view', '1', 1, '2009-03-26 04:02:12', '2009-03-26 04:02:12'),
(189, 0, 119, 'batch_add_products_view', '1', 0, '2009-04-13 09:05:49', '2009-04-13 09:05:49'),
(190, 0, 0, 'virtual_card_mpt', '1', 2, '2009-04-13 12:41:41', '2009-04-13 12:43:03'),
(191, 0, 190, 'virtual_card_view', '1', 2, '2009-04-13 12:44:02', '2009-04-13 12:44:02'),
(192, 0, 0, 'mail_settings_mpt', '1', 2, '2009-04-17 08:12:30', '2009-04-17 08:12:30'),
(193, 0, 192, 'mail_settings_view', '1', 2, '2009-04-17 08:15:03', '2009-04-17 08:15:03');

--
-- 导出表中的数据 'svcart_operator_action_i18ns'
--

INSERT INTO svcart_operator_action_i18ns (id, locale, operator_action_id, name, values, description, created, modified) VALUES
(81, 'chi', 2, '角色添加', '', '         ', '2009-02-20 11:28:53', '2009-02-20 11:28:53'),
(99, 'chi', 1, '角色管理', '', '      ', '2009-02-20 11:35:52', '2009-02-20 11:35:52'),
(103, 'chi', 4, '操作员管理', '', '   ', '2009-02-20 11:36:59', '2009-02-20 11:36:59'),
(75, 'chi', 5, '部门添加', '', '      ', '2009-02-20 11:27:14', '2009-02-20 11:27:14'),
(943, 'eng', 169, '待处理订单查看', '', '', '2009-03-04 09:37:23', '2009-03-04 09:37:23'),
(942, 'eng', 168, '用户设置管理查看', '', '', '2009-03-04 09:35:12', '2009-03-04 09:35:12'),
(101, 'chi', 3, '部门管理', '', '                     ', '2009-02-20 11:36:22', '2009-02-20 11:36:22'),
(941, 'eng', 167, '商店设置管理查看', '', '', '2009-03-04 09:32:22', '2009-03-04 09:32:22'),
(157, 'chi', 7, '部门编辑/删除', '', '            ', '2009-03-02 09:26:44', '2009-03-02 09:26:44'),
(155, 'chi', 9, '角色编辑/删除', '', '      ', '2009-03-02 09:23:37', '2009-03-02 09:23:37'),
(153, 'chi', 14, '操作员编辑/删除', '', '      ', '2009-03-02 09:22:18', '2009-03-02 09:22:18'),
(105, 'chi', 16, '供应商管理', '', '', '2009-02-23 08:37:26', '2009-02-23 08:37:26'),
(469, 'chi', 17, '供应商新增', '', '', '2009-03-26 03:13:56', '2009-03-26 03:13:56'),
(159, 'chi', 18, '供应商编辑/删除', '', '   ', '2009-03-02 09:30:47', '2009-03-02 09:30:47'),
(111, 'chi', 19, '实体店管理', '', '', '2009-02-23 08:44:35', '2009-02-23 08:44:35'),
(113, 'chi', 20, '实体店增加', '', '', '2009-02-23 08:45:52', '2009-02-23 08:45:52'),
(115, 'chi', 21, '实体店删除', '', '', '2009-02-23 08:49:26', '2009-02-23 08:49:26'),
(117, 'chi', 22, '友情链接', '', '', '2009-02-23 08:53:47', '2009-02-23 08:53:47'),
(121, 'chi', 23, '友情链接添加', '', '   ', '2009-02-23 08:56:33', '2009-02-23 08:56:33'),
(123, 'chi', 24, '友情链接删除', '', '', '2009-02-23 08:58:21', '2009-02-23 08:58:21'),
(145, 'chi', 25, '广告管理', '', '      ', '2009-03-02 09:14:56', '2009-03-02 09:14:56'),
(940, 'eng', 166, '邮件模板管理查看', '', '', '2009-03-04 09:30:43', '2009-03-04 09:30:43'),
(143, 'chi', 27, 'Flash轮播管理', '', '   ', '2009-03-02 09:14:36', '2009-03-02 09:14:36'),
(147, 'chi', 29, '模板管理', '', '   ', '2009-03-02 09:16:14', '2009-03-02 09:16:14'),
(939, 'eng', 165, '访问权限管理查看', '', '', '2009-03-04 09:28:44', '2009-03-04 09:28:44'),
(137, 'chi', 31, '导航设置管理', '', '', '2009-02-23 09:32:56', '2009-02-23 09:32:56'),
(139, 'chi', 32, '导航添加', '', '', '2009-02-23 09:34:06', '2009-02-23 09:34:06'),
(151, 'chi', 33, '导航编辑/删除', '', '   ', '2009-03-02 09:19:59', '2009-03-02 09:19:59'),
(161, 'chi', 34, '商店设置', '', '', '2009-03-03 03:50:07', '2009-03-03 03:50:07'),
(163, 'chi', 35, '配送方式', '', '', '2009-03-03 03:51:46', '2009-03-03 03:51:46'),
(165, 'chi', 36, '支付方式', '', '', '2009-03-03 03:52:27', '2009-03-03 03:52:27'),
(167, 'chi', 37, '地区设置', '', '', '2009-03-03 03:53:05', '2009-03-03 03:53:05'),
(169, 'chi', 38, '语言管理', '', '', '2009-03-03 03:53:59', '2009-03-03 03:53:59'),
(171, 'chi', 39, '菜单管理', '', '', '2009-03-03 05:28:43', '2009-03-03 05:28:43'),
(175, 'chi', 40, '菜单添加', '', '   ', '2009-03-03 05:30:11', '2009-03-03 05:30:11'),
(177, 'chi', 41, '菜单编辑/删除', '', '', '2009-03-03 05:31:23', '2009-03-03 05:31:23'),
(179, 'chi', 42, '访问权限管理', '', '', '2009-03-03 05:33:16', '2009-03-03 05:33:16'),
(181, 'chi', 43, '访问权限添加', '', '', '2009-03-03 05:34:06', '2009-03-03 05:34:06'),
(183, 'chi', 44, '访问权限编辑/删除', '', '', '2009-03-03 05:34:47', '2009-03-03 05:34:47'),
(185, 'chi', 45, '邮件模板管理', '', '', '2009-03-03 05:36:11', '2009-03-03 05:36:11'),
(187, 'chi', 46, '邮件模板添加', '', '', '2009-03-03 05:37:02', '2009-03-03 05:37:02'),
(189, 'chi', 47, '邮件模板编辑/删除', '', '', '2009-03-03 05:37:37', '2009-03-03 05:37:37'),
(191, 'chi', 48, '商店设置管理', '', '', '2009-03-03 05:38:25', '2009-03-03 05:38:25'),
(193, 'chi', 49, '商店设置添加', '', '', '2009-03-03 05:39:11', '2009-03-03 05:39:11'),
(195, 'chi', 50, '商店设置编辑/删除', '', '', '2009-03-03 05:39:47', '2009-03-03 05:39:47'),
(197, 'chi', 51, '用户设置管理', '', '', '2009-03-03 05:40:48', '2009-03-03 05:40:48'),
(199, 'chi', 52, '新增用户设置', '', '', '2009-03-03 05:41:24', '2009-03-03 05:41:24'),
(201, 'chi', 53, '用户设置编辑/删除', '', '', '2009-03-03 05:41:57', '2009-03-03 05:41:57'),
(203, 'chi', 54, '待处理订单', '', '', '2009-03-03 05:43:15', '2009-03-03 05:43:15'),
(205, 'chi', 55, '待处理评论', '', '', '2009-03-03 05:43:51', '2009-03-03 05:43:51'),
(207, 'chi', 56, '待处理留言', '', '', '2009-03-03 05:44:25', '2009-03-03 05:44:25'),
(209, 'chi', 57, '待处理缺货', '', '', '2009-03-03 05:45:52', '2009-03-03 05:45:52'),
(211, 'chi', 58, '待处理缺货查看', '', '', '2009-03-03 05:46:55', '2009-03-03 05:46:55'),
(213, 'chi', 59, '编辑待处理缺货', '', '', '2009-03-03 05:47:39', '2009-03-03 05:47:39'),
(215, 'chi', 60, '删除待处理缺货', '', '', '2009-03-03 05:48:12', '2009-03-03 05:48:12'),
(217, 'chi', 61, '待处理会员', '', '', '2009-03-03 05:49:11', '2009-03-03 05:49:11'),
(219, 'chi', 62, '待处理充值', '', '', '2009-03-03 05:50:01', '2009-03-03 05:50:01'),
(221, 'chi', 63, '采购单', '', '', '2009-03-03 05:51:00', '2009-03-03 05:51:00'),
(223, 'chi', 64, '采购单查看', '', '', '2009-03-03 05:51:49', '2009-03-03 05:51:49'),
(225, 'chi', 65, '打印采购单', '', '', '2009-03-03 05:52:31', '2009-03-03 05:52:31'),
(227, 'chi', 66, '待发货单', '', '', '2009-03-03 05:54:11', '2009-03-03 05:54:11'),
(229, 'chi', 67, '待发货单查看', '', '', '2009-03-03 05:54:48', '2009-03-03 05:54:48'),
(231, 'chi', 68, '打印待发货单', '', '', '2009-03-03 05:55:45', '2009-03-03 05:55:45'),
(233, 'chi', 69, '用户资金报表', '', '', '2009-03-03 05:56:40', '2009-03-03 05:56:40'),
(235, 'chi', 70, '用户资金报表查看', '', '', '2009-03-03 05:57:34', '2009-03-03 05:57:34'),
(237, 'chi', 71, '打印用户资金报表', '', '', '2009-03-03 05:58:25', '2009-03-03 05:58:25'),
(239, 'chi', 72, '积分报表', '', '', '2009-03-03 05:59:19', '2009-03-03 05:59:19'),
(241, 'chi', 73, '积分报表查看', '', '', '2009-03-03 05:59:57', '2009-03-03 05:59:57'),
(243, 'chi', 74, '打印积分报表', '', '', '2009-03-03 06:00:32', '2009-03-03 06:00:32'),
(245, 'chi', 75, '会员消费报表', '', '', '2009-03-03 06:01:48', '2009-03-03 06:01:48'),
(247, 'chi', 76, '会员消费报表查看', '', '', '2009-03-03 06:02:51', '2009-03-03 06:02:51'),
(249, 'chi', 77, '打印会员消费报表', '', '', '2009-03-03 06:03:33', '2009-03-03 06:03:33'),
(251, 'chi', 78, '商品销售报表', '', '', '2009-03-03 06:04:27', '2009-03-03 06:04:27'),
(253, 'chi', 79, '商品销售报表查看', '', '', '2009-03-03 06:05:11', '2009-03-03 06:05:11'),
(255, 'chi', 80, '打印商品销售报表', '', '', '2009-03-03 06:05:54', '2009-03-03 06:05:54'),
(257, 'chi', 81, '订单状态报表', '', '', '2009-03-03 06:06:42', '2009-03-03 06:06:42'),
(259, 'chi', 82, '订单状态报表查看', '', '', '2009-03-03 06:07:31', '2009-03-03 06:07:31'),
(261, 'chi', 83, '打印订单状态报表', '', '', '2009-03-03 06:08:18', '2009-03-03 06:08:18'),
(263, 'chi', 84, '订单业绩报表', '', '', '2009-03-03 06:09:16', '2009-03-03 06:09:16'),
(265, 'chi', 85, '订单业绩报表查看', '', '', '2009-03-03 06:10:18', '2009-03-03 06:10:18'),
(267, 'chi', 86, '打印订单业绩报表', '', '', '2009-03-03 06:10:59', '2009-03-03 06:10:59'),
(269, 'chi', 87, '促销活动', '', '', '2009-03-03 06:11:59', '2009-03-03 06:11:59'),
(271, 'chi', 88, '促销活动查看', '', '', '2009-03-03 06:12:32', '2009-03-03 06:12:32'),
(273, 'chi', 89, '促销活动编辑/删除', '', '', '2009-03-03 06:13:03', '2009-03-03 06:13:03'),
(275, 'chi', 90, '贺卡', '', '', '2009-03-03 06:13:44', '2009-03-03 06:13:44'),
(277, 'chi', 91, '贺卡查看', '', '', '2009-03-03 06:14:28', '2009-03-03 06:14:28'),
(279, 'chi', 92, '贺卡编辑/删除', '', '', '2009-03-03 06:14:56', '2009-03-03 06:14:56'),
(281, 'chi', 93, '电子优惠券', '', '', '2009-03-03 06:15:44', '2009-03-03 06:15:44'),
(283, 'chi', 94, '电子优惠券查看', '', '', '2009-03-03 06:16:17', '2009-03-03 06:16:17'),
(285, 'chi', 95, '电子优惠券编辑/删除', '', '', '2009-03-03 06:16:43', '2009-03-03 06:16:43'),
(287, 'chi', 96, '包装', '', '', '2009-03-03 06:17:28', '2009-03-03 06:17:28'),
(289, 'chi', 97, '包装查看', '', '', '2009-03-03 06:18:00', '2009-03-03 06:18:00'),
(291, 'chi', 98, '包装编辑/删除', '', '', '2009-03-03 06:18:28', '2009-03-03 06:18:28'),
(293, 'chi', 99, '专题', '', '', '2009-03-03 06:19:20', '2009-03-03 06:19:20'),
(295, 'chi', 100, '专题查看', '', '', '2009-03-03 06:20:03', '2009-03-03 06:20:03'),
(297, 'chi', 101, '专题编辑/删除', '', '', '2009-03-03 06:21:09', '2009-03-03 06:21:09'),
(299, 'chi', 102, '会员管理', '', '', '2009-03-03 06:22:41', '2009-03-03 06:22:41'),
(301, 'chi', 103, '会员查看', '', '', '2009-03-03 06:23:15', '2009-03-03 06:23:15'),
(303, 'chi', 104, '会员管理编辑/删除', '', '', '2009-03-03 06:23:57', '2009-03-03 06:23:57'),
(305, 'chi', 105, '订单管理', '', '', '2009-03-03 06:24:54', '2009-03-03 06:24:54'),
(307, 'chi', 106, '订单查看', '', '', '2009-03-03 06:25:26', '2009-03-03 06:25:26'),
(309, 'chi', 107, '编辑订单', '', '', '2009-03-03 06:25:52', '2009-03-03 06:25:52'),
(311, 'chi', 108, '添加订单', '', '', '2009-03-03 06:26:25', '2009-03-03 06:26:25'),
(317, 'chi', 111, '查看未完成的订单', '', '', '2009-03-03 06:57:38', '2009-03-03 06:57:38'),
(319, 'chi', 112, '查看已完成的订单', '', '', '2009-03-03 06:58:15', '2009-03-03 06:58:15'),
(321, 'chi', 113, '编辑付款状态', '', '', '2009-03-03 06:59:06', '2009-03-03 06:59:06'),
(323, 'chi', 114, '编辑发货状态', '', '', '2009-03-03 06:59:44', '2009-03-03 06:59:44'),
(325, 'chi', 115, '商品管理', '', '', '2009-03-03 07:00:47', '2009-03-03 07:00:47'),
(327, 'chi', 116, '商品添加/编辑', '', '', '2009-03-03 07:01:26', '2009-03-03 07:01:26'),
(329, 'chi', 117, '商品删除/回复', '', '', '2009-03-03 07:01:59', '2009-03-03 07:01:59'),
(331, 'chi', 118, '商品自动上下架', '', '', '2009-03-03 07:02:40', '2009-03-03 07:02:40'),
(333, 'chi', 119, '商品类型管理', '', '', '2009-03-03 07:03:32', '2009-03-03 07:03:32'),
(335, 'chi', 120, '商品类型添加', '', '', '2009-03-03 07:04:11', '2009-03-03 07:04:11'),
(337, 'chi', 121, '商品类型编辑/删除', '', '', '2009-03-03 07:04:41', '2009-03-03 07:04:41'),
(339, 'chi', 122, '商品分类管理', '', '', '2009-03-03 07:05:25', '2009-03-03 07:05:25'),
(341, 'chi', 123, '商品分类添加', '', '', '2009-03-03 07:06:08', '2009-03-03 07:06:08'),
(343, 'chi', 124, '商品分类编辑/删除', '', '', '2009-03-03 07:06:42', '2009-03-03 07:06:42'),
(505, 'chi', 125, '品牌管理', '', 'fffff', '2009-03-27 02:08:18', '2009-03-27 02:08:18'),
(481, 'chi', 128, '文章分类管理', '', '', '2009-03-26 03:15:41', '2009-03-26 03:15:41'),
(353, 'chi', 129, '文章分类添加', '', '', '2009-03-03 07:10:08', '2009-03-03 07:10:08'),
(485, 'chi', 130, '文章分类编辑/删除', '', '', '2009-03-26 03:15:59', '2009-03-26 03:15:59'),
(357, 'chi', 131, '文章管理', '', '', '2009-03-03 07:11:30', '2009-03-03 07:11:30'),
(359, 'chi', 132, '文章添加', '', '', '2009-03-03 07:12:09', '2009-03-03 07:12:09'),
(361, 'chi', 133, '文章编辑/删除', '', '', '2009-03-03 07:12:39', '2009-03-03 07:12:39'),
(363, 'chi', 134, '图片管理', '', '', '2009-03-03 07:14:03', '2009-03-03 07:14:03'),
(365, 'chi', 135, '图片查看', '', '', '2009-03-03 07:14:36', '2009-03-03 07:14:36'),
(367, 'chi', 136, '评论管理', '', '', '2009-03-03 07:15:30', '2009-03-03 07:15:30'),
(369, 'chi', 137, '评论查看/删除', '', '', '2009-03-03 07:16:05', '2009-03-03 07:16:05'),
(371, 'chi', 138, '留言管理', '', '', '2009-03-03 07:16:41', '2009-03-03 07:16:41'),
(373, 'chi', 139, '留言查看/删除', '', '', '2009-03-03 07:17:18', '2009-03-03 07:17:18'),
(375, 'chi', 140, '会员等级管理', '', '', '2009-03-03 07:17:59', '2009-03-03 07:17:59'),
(377, 'chi', 141, '会员等级添加', '', '', '2009-03-03 07:19:08', '2009-03-03 07:19:08'),
(379, 'chi', 142, '会员等级编辑/删除', '', '', '2009-03-03 07:19:43', '2009-03-03 07:19:43'),
(381, 'chi', 143, '资金日志', '', '', '2009-03-03 07:20:46', '2009-03-03 07:20:46'),
(383, 'chi', 144, '资金日志查看', '', '', '2009-03-03 07:21:21', '2009-03-03 07:21:21'),
(385, 'chi', 145, '资金日志确认/取消', '', '', '2009-03-03 07:21:55', '2009-03-03 07:21:55'),
(387, 'chi', 146, '积分日志', '', '', '2009-03-03 07:22:40', '2009-03-03 07:22:40'),
(389, 'chi', 147, '积分日志查看', '', '', '2009-03-03 07:23:17', '2009-03-03 07:23:17'),
(391, 'chi', 148, '积分日志打印', '', '', '2009-03-03 07:23:56', '2009-03-03 07:23:56'),
(393, 'chi', 149, '角色管理查看', '', '', '2009-03-04 08:34:59', '2009-03-04 08:34:59'),
(395, 'chi', 150, '部门管理查看', '', '', '2009-03-04 08:39:08', '2009-03-04 08:39:08'),
(397, 'chi', 151, '操作员管理查看', '', '', '2009-03-04 08:42:22', '2009-03-04 08:42:22'),
(399, 'chi', 152, '商店设置查看', '', '', '2009-03-04 08:54:32', '2009-03-04 08:54:32'),
(401, 'chi', 153, '支付方式查看', '', '', '2009-03-04 08:56:34', '2009-03-04 08:56:34'),
(403, 'chi', 154, '配送方式查看', '', '', '2009-03-04 08:58:25', '2009-03-04 08:58:25'),
(405, 'chi', 155, '语言管理查看', '', '', '2009-03-04 09:00:16', '2009-03-04 09:00:16'),
(407, 'chi', 156, '地区设置查看', '', '', '2009-03-04 09:01:45', '2009-03-04 09:01:45'),
(409, 'chi', 157, '供应商管理查看', '', '', '2009-03-04 09:03:59', '2009-03-04 09:03:59'),
(411, 'chi', 158, '实体店管理查看', '', '', '2009-03-04 09:05:46', '2009-03-04 09:05:46'),
(413, 'chi', 159, '友情链接查看', '', '', '2009-03-04 09:07:38', '2009-03-04 09:07:38'),
(415, 'chi', 160, '广告管理查看', '', '', '2009-03-04 09:10:34', '2009-03-04 09:10:34'),
(417, 'chi', 161, 'Flash轮播管理查看', '', '', '2009-03-04 09:12:24', '2009-03-04 09:12:24'),
(419, 'chi', 162, '模板管理查看', '', '', '2009-03-04 09:13:56', '2009-03-04 09:13:56'),
(421, 'chi', 163, '导航设置查看', '', '', '2009-03-04 09:15:12', '2009-03-04 09:15:12'),
(423, 'chi', 164, '菜单管理查看', '', '', '2009-03-04 09:16:58', '2009-03-04 09:16:58'),
(425, 'chi', 165, '访问权限管理查看', '', '', '2009-03-04 09:28:44', '2009-03-04 09:28:44'),
(427, 'chi', 166, '邮件模板管理查看', '', '', '2009-03-04 09:30:43', '2009-03-04 09:30:43'),
(429, 'chi', 167, '商店设置管理查看', '', '', '2009-03-04 09:32:22', '2009-03-04 09:32:22'),
(431, 'chi', 168, '用户设置管理查看', '', '', '2009-03-04 09:35:12', '2009-03-04 09:35:12'),
(433, 'chi', 169, '待处理订单查看', '', '', '2009-03-04 09:37:23', '2009-03-04 09:37:23'),
(435, 'chi', 170, '待处理评论查看', '', '', '2009-03-04 09:39:17', '2009-03-04 09:39:17'),
(437, 'chi', 171, '待处理留言查看', '', '', '2009-03-04 09:42:43', '2009-03-04 09:42:43'),
(439, 'chi', 172, '待处理会员查看', '', '', '2009-03-04 09:45:44', '2009-03-04 09:45:44'),
(441, 'chi', 173, '待处理充值', '', '', '2009-03-04 09:47:40', '2009-03-04 09:47:40'),
(443, 'chi', 174, '商品管理查看', '', '', '2009-03-04 10:00:57', '2009-03-04 10:00:57'),
(445, 'chi', 175, '商品类型管理查看', '', '', '2009-03-04 10:03:14', '2009-03-04 10:03:14'),
(447, 'chi', 176, '商品分类管理查看', '', '', '2009-03-04 10:04:56', '2009-03-04 10:04:56'),
(449, 'chi', 177, '品牌管理查看', '', '', '2009-03-04 10:06:39', '2009-03-04 10:06:39'),
(451, 'chi', 178, '文章管理查看', '', '', '2009-03-04 10:08:01', '2009-03-04 10:08:01'),
(489, 'chi', 179, '文章分类管理查看', '', '', '2009-03-26 03:16:18', '2009-03-26 03:16:18'),
(455, 'chi', 180, '评论管理查看', '', '', '2009-03-04 10:12:35', '2009-03-04 10:12:35'),
(457, 'chi', 181, '留言管理查看', '', '', '2009-03-04 10:14:19', '2009-03-04 10:14:19'),
(459, 'chi', 182, '会员等级管理查看', '', '', '2009-03-04 10:15:55', '2009-03-04 10:15:55'),
(463, 'chi', 184, '字典语言管理', '', '', '2009-03-04 10:30:36', '2009-03-04 10:30:36'),
(465, 'chi', 185, '字典语言管理查看', '', '', '2009-03-04 10:31:52', '2009-03-04 10:31:52'),
(467, 'chi', 186, '字典语言管理添加', '', '', '2009-03-04 10:33:18', '2009-03-04 10:33:18'),
(477, 'chi', 12, '操作员添加', '', '      ', '2009-03-26 03:15:04', '2009-03-26 03:15:04'),
(501, 'chi', 187, '用户信息管理 ', '', '用户信息管理 ', '2009-03-26 05:26:59', '2009-03-26 05:26:59'),
(497, 'chi', 188, '查看', '', '查看', '2009-03-26 04:02:12', '2009-03-26 04:02:12'),
(513, 'chi', 127, '品牌编辑/删除', '', 'tttttttt', '2009-03-27 02:12:58', '2009-03-27 02:12:58'),
(521, 'chi', 126, '品牌添加', '', '', '2009-04-02 10:32:59', '2009-04-02 10:32:59'),
(525, 'chi', 189, '批量上传商品', '', '批量上传商品', '2009-04-13 09:05:49', '2009-04-13 09:05:49'),
(533, 'chi', 190, '虚拟卡管理', '', '虚拟卡管理', '2009-04-13 12:43:03', '2009-04-13 12:43:03'),
(537, 'chi', 191, '虚拟卡管理查看', '', '虚拟卡管理查看', '2009-04-13 12:44:02', '2009-04-13 12:44:02'),
(541, 'chi', 192, '邮件服务器设置', '', '邮件服务器设置', '2009-04-17 08:12:30', '2009-04-17 08:12:30'),
(546, 'chi', 193, '邮件服务器设置查看', '', '邮件服务器设置查看', '2009-04-17 08:15:03', '2009-04-17 08:15:03'),
(938, 'eng', 164, '菜单管理查看', '', '', '2009-03-04 09:16:58', '2009-03-04 09:16:58'),
(937, 'eng', 163, '导航设置查看', '', '', '2009-03-04 09:15:12', '2009-03-04 09:15:12'),
(936, 'eng', 162, '模板管理查看', '', '', '2009-03-04 09:13:56', '2009-03-04 09:13:56'),
(934, 'eng', 160, '广告管理查看', '', '', '2009-03-04 09:10:34', '2009-03-04 09:10:34'),
(933, 'eng', 159, '友情链接查看', '', '', '2009-03-04 09:07:38', '2009-03-04 09:07:38'),
(932, 'eng', 158, '实体店管理查看', '', '', '2009-03-04 09:05:46', '2009-03-04 09:05:46'),
(930, 'eng', 156, '地区设置查看', '', '', '2009-03-04 09:01:45', '2009-03-04 09:01:45'),
(931, 'eng', 157, '供应商管理查看', '', '', '2009-03-04 09:03:59', '2009-03-04 09:03:59'),
(935, 'eng', 161, 'Flash轮播管理查看', '', '', '2009-03-04 09:12:24', '2009-03-04 09:12:24'),
(928, 'eng', 154, '配送方式查看', '', '', '2009-03-04 08:58:25', '2009-03-04 08:58:25'),
(929, 'eng', 155, '语言管理查看', '', '', '2009-03-04 09:00:16', '2009-03-04 09:00:16'),
(926, 'eng', 152, '商店设置查看', '', '', '2009-03-04 08:54:32', '2009-03-04 08:54:32'),
(927, 'eng', 153, '支付方式查看', '', '', '2009-03-04 08:56:34', '2009-03-04 08:56:34'),
(925, 'eng', 151, '操作员管理查看', '', '', '2009-03-04 08:42:22', '2009-03-04 08:42:22'),
(924, 'eng', 150, '部门管理查看', '', '', '2009-03-04 08:39:08', '2009-03-04 08:39:08'),
(923, 'eng', 149, '角色管理查看', '', '', '2009-03-04 08:34:59', '2009-03-04 08:34:59'),
(922, 'eng', 148, '积分日志打印', '', '', '2009-03-03 07:23:56', '2009-03-03 07:23:56'),
(921, 'eng', 147, '积分日志查看', '', '', '2009-03-03 07:23:17', '2009-03-03 07:23:17'),
(920, 'eng', 146, '积分日志', '', '', '2009-03-03 07:22:40', '2009-03-03 07:22:40'),
(919, 'eng', 145, '资金日志确认/取消', '', '', '2009-03-03 07:21:55', '2009-03-03 07:21:55'),
(917, 'eng', 143, '资金日志', '', '', '2009-03-03 07:20:46', '2009-03-03 07:20:46'),
(918, 'eng', 144, '资金日志查看', '', '', '2009-03-03 07:21:21', '2009-03-03 07:21:21'),
(916, 'eng', 142, '会员等级编辑/删除', '', '', '2009-03-03 07:19:43', '2009-03-03 07:19:43'),
(915, 'eng', 141, '会员等级添加', '', '', '2009-03-03 07:19:08', '2009-03-03 07:19:08'),
(914, 'eng', 140, '会员等级管理', '', '', '2009-03-03 07:17:59', '2009-03-03 07:17:59'),
(913, 'eng', 139, '留言查看/删除', '', '', '2009-03-03 07:17:18', '2009-03-03 07:17:18'),
(912, 'eng', 138, '留言管理', '', '', '2009-03-03 07:16:41', '2009-03-03 07:16:41'),
(911, 'eng', 137, '评论查看/删除', '', '', '2009-03-03 07:16:05', '2009-03-03 07:16:05'),
(910, 'eng', 136, '评论管理', '', '', '2009-03-03 07:15:30', '2009-03-03 07:15:30'),
(909, 'eng', 135, '图片查看', '', '', '2009-03-03 07:14:36', '2009-03-03 07:14:36'),
(908, 'eng', 134, '图片管理', '', '', '2009-03-03 07:14:03', '2009-03-03 07:14:03'),
(907, 'eng', 133, '文章编辑/删除', '', '', '2009-03-03 07:12:39', '2009-03-03 07:12:39'),
(906, 'eng', 132, '文章添加', '', '', '2009-03-03 07:12:09', '2009-03-03 07:12:09'),
(905, 'eng', 131, '文章管理', '', '', '2009-03-03 07:11:30', '2009-03-03 07:11:30'),
(904, 'eng', 130, '文章分类编辑/删除', '', '', '2009-03-26 03:15:59', '2009-03-26 03:15:59'),
(903, 'eng', 129, '文章分类添加', '', '', '2009-03-03 07:10:08', '2009-03-03 07:10:08'),
(902, 'eng', 128, '文章分类管理', '', '', '2009-03-26 03:15:41', '2009-03-26 03:15:41'),
(901, 'eng', 125, '品牌管理', '', 'fffff', '2009-03-27 02:08:18', '2009-03-27 02:08:18'),
(900, 'eng', 124, '商品分类编辑/删除', '', '', '2009-03-03 07:06:42', '2009-03-03 07:06:42'),
(899, 'eng', 123, '商品分类添加', '', '', '2009-03-03 07:06:08', '2009-03-03 07:06:08'),
(898, 'eng', 122, '商品分类管理', '', '', '2009-03-03 07:05:25', '2009-03-03 07:05:25'),
(897, 'eng', 121, '商品类型编辑/删除', '', '', '2009-03-03 07:04:41', '2009-03-03 07:04:41'),
(896, 'eng', 120, '商品类型添加', '', '', '2009-03-03 07:04:11', '2009-03-03 07:04:11'),
(895, 'eng', 119, '商品类型管理', '', '', '2009-03-03 07:03:32', '2009-03-03 07:03:32'),
(894, 'eng', 118, '商品自动上下架', '', '', '2009-03-03 07:02:40', '2009-03-03 07:02:40'),
(893, 'eng', 117, '商品删除/回复', '', '', '2009-03-03 07:01:59', '2009-03-03 07:01:59'),
(892, 'eng', 116, '商品添加/编辑', '', '', '2009-03-03 07:01:26', '2009-03-03 07:01:26'),
(891, 'eng', 115, '商品管理', '', '', '2009-03-03 07:00:47', '2009-03-03 07:00:47'),
(890, 'eng', 114, '编辑发货状态', '', '', '2009-03-03 06:59:44', '2009-03-03 06:59:44'),
(889, 'eng', 113, '编辑付款状态', '', '', '2009-03-03 06:59:06', '2009-03-03 06:59:06'),
(888, 'eng', 112, '查看已完成的订单', '', '', '2009-03-03 06:58:15', '2009-03-03 06:58:15'),
(887, 'eng', 111, '查看未完成的订单', '', '', '2009-03-03 06:57:38', '2009-03-03 06:57:38'),
(886, 'eng', 108, '添加订单', '', '', '2009-03-03 06:26:25', '2009-03-03 06:26:25'),
(885, 'eng', 107, '编辑订单', '', '', '2009-03-03 06:25:52', '2009-03-03 06:25:52'),
(884, 'eng', 106, '订单查看', '', '', '2009-03-03 06:25:26', '2009-03-03 06:25:26'),
(883, 'eng', 105, '订单管理', '', '', '2009-03-03 06:24:54', '2009-03-03 06:24:54'),
(882, 'eng', 104, '会员管理编辑/删除', '', '', '2009-03-03 06:23:57', '2009-03-03 06:23:57'),
(881, 'eng', 103, '会员查看', '', '', '2009-03-03 06:23:15', '2009-03-03 06:23:15'),
(880, 'eng', 102, '会员管理', '', '', '2009-03-03 06:22:41', '2009-03-03 06:22:41'),
(879, 'eng', 101, '专题编辑/删除', '', '', '2009-03-03 06:21:09', '2009-03-03 06:21:09'),
(878, 'eng', 100, '专题查看', '', '', '2009-03-03 06:20:03', '2009-03-03 06:20:03'),
(877, 'eng', 99, '专题', '', '', '2009-03-03 06:19:20', '2009-03-03 06:19:20'),
(876, 'eng', 98, '包装编辑/删除', '', '', '2009-03-03 06:18:28', '2009-03-03 06:18:28'),
(875, 'eng', 97, '包装查看', '', '', '2009-03-03 06:18:00', '2009-03-03 06:18:00'),
(874, 'eng', 96, '包装', '', '', '2009-03-03 06:17:28', '2009-03-03 06:17:28'),
(873, 'eng', 95, '电子优惠券编辑/删除', '', '', '2009-03-03 06:16:43', '2009-03-03 06:16:43'),
(872, 'eng', 94, '电子优惠券查看', '', '', '2009-03-03 06:16:17', '2009-03-03 06:16:17'),
(871, 'eng', 93, '电子优惠券', '', '', '2009-03-03 06:15:44', '2009-03-03 06:15:44'),
(870, 'eng', 92, '贺卡编辑/删除', '', '', '2009-03-03 06:14:56', '2009-03-03 06:14:56'),
(869, 'eng', 91, '贺卡查看', '', '', '2009-03-03 06:14:28', '2009-03-03 06:14:28'),
(868, 'eng', 90, '贺卡', '', '', '2009-03-03 06:13:44', '2009-03-03 06:13:44'),
(867, 'eng', 89, '促销活动编辑/删除', '', '', '2009-03-03 06:13:03', '2009-03-03 06:13:03'),
(866, 'eng', 88, '促销活动查看', '', '', '2009-03-03 06:12:32', '2009-03-03 06:12:32'),
(865, 'eng', 87, '促销活动', '', '', '2009-03-03 06:11:59', '2009-03-03 06:11:59'),
(864, 'eng', 86, '打印订单业绩报表', '', '', '2009-03-03 06:10:59', '2009-03-03 06:10:59'),
(863, 'eng', 85, '订单业绩报表查看', '', '', '2009-03-03 06:10:18', '2009-03-03 06:10:18'),
(862, 'eng', 84, '订单业绩报表', '', '', '2009-03-03 06:09:16', '2009-03-03 06:09:16'),
(861, 'eng', 83, '打印订单状态报表', '', '', '2009-03-03 06:08:18', '2009-03-03 06:08:18'),
(860, 'eng', 82, '订单状态报表查看', '', '', '2009-03-03 06:07:31', '2009-03-03 06:07:31'),
(859, 'eng', 81, '订单状态报表', '', '', '2009-03-03 06:06:42', '2009-03-03 06:06:42'),
(858, 'eng', 80, '打印商品销售报表', '', '', '2009-03-03 06:05:54', '2009-03-03 06:05:54'),
(857, 'eng', 79, '商品销售报表查看', '', '', '2009-03-03 06:05:11', '2009-03-03 06:05:11'),
(856, 'eng', 78, '商品销售报表', '', '', '2009-03-03 06:04:27', '2009-03-03 06:04:27'),
(855, 'eng', 77, '打印会员消费报表', '', '', '2009-03-03 06:03:33', '2009-03-03 06:03:33'),
(854, 'eng', 76, '会员消费报表查看', '', '', '2009-03-03 06:02:51', '2009-03-03 06:02:51'),
(853, 'eng', 75, '会员消费报表', '', '', '2009-03-03 06:01:48', '2009-03-03 06:01:48'),
(852, 'eng', 74, '打印积分报表', '', '', '2009-03-03 06:00:32', '2009-03-03 06:00:32'),
(851, 'eng', 73, '积分报表查看', '', '', '2009-03-03 05:59:57', '2009-03-03 05:59:57'),
(850, 'eng', 72, '积分报表', '', '', '2009-03-03 05:59:19', '2009-03-03 05:59:19'),
(849, 'eng', 71, '打印用户资金报表', '', '', '2009-03-03 05:58:25', '2009-03-03 05:58:25'),
(848, 'eng', 70, '用户资金报表查看', '', '', '2009-03-03 05:57:34', '2009-03-03 05:57:34'),
(847, 'eng', 69, '用户资金报表', '', '', '2009-03-03 05:56:40', '2009-03-03 05:56:40'),
(846, 'eng', 68, '打印待发货单', '', '', '2009-03-03 05:55:45', '2009-03-03 05:55:45'),
(845, 'eng', 67, '待发货单查看', '', '', '2009-03-03 05:54:48', '2009-03-03 05:54:48'),
(844, 'eng', 66, '待发货单', '', '', '2009-03-03 05:54:11', '2009-03-03 05:54:11'),
(843, 'eng', 65, '打印采购单', '', '', '2009-03-03 05:52:31', '2009-03-03 05:52:31'),
(842, 'eng', 64, '采购单查看', '', '', '2009-03-03 05:51:49', '2009-03-03 05:51:49'),
(841, 'eng', 63, '采购单', '', '', '2009-03-03 05:51:00', '2009-03-03 05:51:00'),
(840, 'eng', 62, '待处理充值', '', '', '2009-03-03 05:50:01', '2009-03-03 05:50:01'),
(839, 'eng', 61, '待处理会员', '', '', '2009-03-03 05:49:11', '2009-03-03 05:49:11'),
(838, 'eng', 60, '删除待处理缺货', '', '', '2009-03-03 05:48:12', '2009-03-03 05:48:12'),
(837, 'eng', 59, '编辑待处理缺货', '', '', '2009-03-03 05:47:39', '2009-03-03 05:47:39'),
(836, 'eng', 58, '待处理缺货查看', '', '', '2009-03-03 05:46:55', '2009-03-03 05:46:55'),
(835, 'eng', 57, '待处理缺货', '', '', '2009-03-03 05:45:52', '2009-03-03 05:45:52'),
(834, 'eng', 56, '待处理留言', '', '', '2009-03-03 05:44:25', '2009-03-03 05:44:25'),
(833, 'eng', 55, '待处理评论', '', '', '2009-03-03 05:43:51', '2009-03-03 05:43:51'),
(832, 'eng', 54, '待处理订单', '', '', '2009-03-03 05:43:15', '2009-03-03 05:43:15'),
(831, 'eng', 53, '用户设置编辑/删除', '', '', '2009-03-03 05:41:57', '2009-03-03 05:41:57'),
(830, 'eng', 52, '新增用户设置', '', '', '2009-03-03 05:41:24', '2009-03-03 05:41:24'),
(829, 'eng', 51, '用户设置管理', '', '', '2009-03-03 05:40:48', '2009-03-03 05:40:48'),
(828, 'eng', 50, '商店设置编辑/删除', '', '', '2009-03-03 05:39:47', '2009-03-03 05:39:47'),
(827, 'eng', 49, '商店设置添加', '', '', '2009-03-03 05:39:11', '2009-03-03 05:39:11'),
(826, 'eng', 48, '商店设置管理', '', '', '2009-03-03 05:38:25', '2009-03-03 05:38:25'),
(825, 'eng', 47, '邮件模板编辑/删除', '', '', '2009-03-03 05:37:37', '2009-03-03 05:37:37'),
(824, 'eng', 46, '邮件模板添加', '', '', '2009-03-03 05:37:02', '2009-03-03 05:37:02'),
(823, 'eng', 45, '邮件模板管理', '', '', '2009-03-03 05:36:11', '2009-03-03 05:36:11'),
(822, 'eng', 44, '访问权限编辑/删除', '', '', '2009-03-03 05:34:47', '2009-03-03 05:34:47'),
(821, 'eng', 43, '访问权限添加', '', '', '2009-03-03 05:34:06', '2009-03-03 05:34:06'),
(820, 'eng', 42, '访问权限管理', '', '', '2009-03-03 05:33:16', '2009-03-03 05:33:16'),
(819, 'eng', 41, '菜单编辑/删除', '', '', '2009-03-03 05:31:23', '2009-03-03 05:31:23'),
(818, 'eng', 40, '菜单添加', '', '   ', '2009-03-03 05:30:11', '2009-03-03 05:30:11'),
(817, 'eng', 39, '菜单管理', '', '', '2009-03-03 05:28:43', '2009-03-03 05:28:43'),
(816, 'eng', 38, '语言管理', '', '', '2009-03-03 03:53:59', '2009-03-03 03:53:59'),
(815, 'eng', 37, '地区设置', '', '', '2009-03-03 03:53:05', '2009-03-03 03:53:05'),
(814, 'eng', 36, '支付方式', '', '', '2009-03-03 03:52:27', '2009-03-03 03:52:27'),
(813, 'eng', 35, '配送方式', '', '', '2009-03-03 03:51:46', '2009-03-03 03:51:46'),
(812, 'eng', 34, '商店设置', '', '', '2009-03-03 03:50:07', '2009-03-03 03:50:07'),
(811, 'eng', 33, '导航编辑/删除', '', '   ', '2009-03-02 09:19:59', '2009-03-02 09:19:59'),
(810, 'eng', 32, '导航添加', '', '', '2009-02-23 09:34:06', '2009-02-23 09:34:06'),
(809, 'eng', 31, '导航设置管理', '', '', '2009-02-23 09:32:56', '2009-02-23 09:32:56'),
(808, 'eng', 29, '模板管理', '', '   ', '2009-03-02 09:16:14', '2009-03-02 09:16:14'),
(807, 'eng', 27, 'Flash轮播管理', '', '   ', '2009-03-02 09:14:36', '2009-03-02 09:14:36'),
(806, 'eng', 25, '广告管理', '', '      ', '2009-03-02 09:14:56', '2009-03-02 09:14:56'),
(805, 'eng', 24, '友情链接删除', '', '', '2009-02-23 08:58:21', '2009-02-23 08:58:21'),
(804, 'eng', 23, '友情链接添加', '', '   ', '2009-02-23 08:56:33', '2009-02-23 08:56:33'),
(803, 'eng', 22, '友情链接', '', '', '2009-02-23 08:53:47', '2009-02-23 08:53:47'),
(802, 'eng', 21, '实体店删除', '', '', '2009-02-23 08:49:26', '2009-02-23 08:49:26'),
(801, 'eng', 20, '实体店增加', '', '', '2009-02-23 08:45:52', '2009-02-23 08:45:52'),
(800, 'eng', 19, '实体店管理', '', '', '2009-02-23 08:44:35', '2009-02-23 08:44:35'),
(799, 'eng', 18, '供应商编辑/删除', '', '   ', '2009-03-02 09:30:47', '2009-03-02 09:30:47'),
(798, 'eng', 17, '供应商新增', '', '', '2009-03-26 03:13:56', '2009-03-26 03:13:56'),
(797, 'eng', 16, '供应商管理', '', '', '2009-02-23 08:37:26', '2009-02-23 08:37:26'),
(796, 'eng', 14, '操作员编辑/删除', '', '      ', '2009-03-02 09:22:18', '2009-03-02 09:22:18'),
(795, 'eng', 9, '角色编辑/删除', '', '      ', '2009-03-02 09:23:37', '2009-03-02 09:23:37'),
(794, 'eng', 7, '部门编辑/删除', '', '            ', '2009-03-02 09:26:44', '2009-03-02 09:26:44'),
(793, 'eng', 3, '部门管理', '', '                     ', '2009-02-20 11:36:22', '2009-02-20 11:36:22'),
(792, 'eng', 5, '部门添加', '', '      ', '2009-02-20 11:27:14', '2009-02-20 11:27:14'),
(791, 'eng', 4, '操作员管理', '', '   ', '2009-02-20 11:36:59', '2009-02-20 11:36:59'),
(790, 'eng', 1, '角色管理', '', '      ', '2009-02-20 11:35:52', '2009-02-20 11:35:52'),
(787, 'chi', 202, '充值管理查看', '', '', '2009-05-08 13:59:09', '2009-05-08 13:59:09'),
(789, 'eng', 2, '角色添加', '', '         ', '2009-02-20 11:28:53', '2009-02-20 11:28:53'),
(785, 'chi', 201, '充值管理', '', '', '2009-05-08 13:57:52', '2009-05-08 13:57:52'),
(944, 'eng', 170, '待处理评论查看', '', '', '2009-03-04 09:39:17', '2009-03-04 09:39:17'),
(945, 'eng', 171, '待处理留言查看', '', '', '2009-03-04 09:42:43', '2009-03-04 09:42:43'),
(946, 'eng', 172, '待处理会员查看', '', '', '2009-03-04 09:45:44', '2009-03-04 09:45:44'),
(947, 'eng', 173, '待处理充值', '', '', '2009-03-04 09:47:40', '2009-03-04 09:47:40'),
(948, 'eng', 174, '商品管理查看', '', '', '2009-03-04 10:00:57', '2009-03-04 10:00:57'),
(949, 'eng', 175, '商品类型管理查看', '', '', '2009-03-04 10:03:14', '2009-03-04 10:03:14'),
(950, 'eng', 176, '商品分类管理查看', '', '', '2009-03-04 10:04:56', '2009-03-04 10:04:56'),
(951, 'eng', 177, '品牌管理查看', '', '', '2009-03-04 10:06:39', '2009-03-04 10:06:39'),
(952, 'eng', 178, '文章管理查看', '', '', '2009-03-04 10:08:01', '2009-03-04 10:08:01'),
(953, 'eng', 179, '文章分类管理查看', '', '', '2009-03-26 03:16:18', '2009-03-26 03:16:18'),
(954, 'eng', 180, '评论管理查看', '', '', '2009-03-04 10:12:35', '2009-03-04 10:12:35'),
(955, 'eng', 181, '留言管理查看', '', '', '2009-03-04 10:14:19', '2009-03-04 10:14:19'),
(956, 'eng', 182, '会员等级管理查看', '', '', '2009-03-04 10:15:55', '2009-03-04 10:15:55'),
(957, 'eng', 184, '字典语言管理', '', '', '2009-03-04 10:30:36', '2009-03-04 10:30:36'),
(958, 'eng', 185, '字典语言管理查看', '', '', '2009-03-04 10:31:52', '2009-03-04 10:31:52'),
(959, 'eng', 186, '字典语言管理添加', '', '', '2009-03-04 10:33:18', '2009-03-04 10:33:18'),
(960, 'eng', 12, '操作员添加', '', '      ', '2009-03-26 03:15:04', '2009-03-26 03:15:04'),
(961, 'eng', 187, '用户信息管理 ', '', '用户信息管理 ', '2009-03-26 05:26:59', '2009-03-26 05:26:59'),
(962, 'eng', 188, '查看', '', '查看', '2009-03-26 04:02:12', '2009-03-26 04:02:12'),
(963, 'eng', 127, '品牌编辑/删除', '', 'tttttttt', '2009-03-27 02:12:58', '2009-03-27 02:12:58'),
(964, 'eng', 126, '品牌添加', '', '', '2009-04-02 10:32:59', '2009-04-02 10:32:59'),
(965, 'eng', 189, '批量上传商品', '', '批量上传商品', '2009-04-13 09:05:49', '2009-04-13 09:05:49'),
(966, 'eng', 190, '虚拟卡管理', '', '虚拟卡管理', '2009-04-13 12:43:03', '2009-04-13 12:43:03'),
(967, 'eng', 191, '虚拟卡管理查看', '', '虚拟卡管理查看', '2009-04-13 12:44:02', '2009-04-13 12:44:02'),
(968, 'eng', 192, '邮件服务器设置', '', '邮件服务器设置', '2009-04-17 08:12:30', '2009-04-17 08:12:30'),
(969, 'eng', 193, '邮件服务器设置查看', '', '邮件服务器设置查看', '2009-04-17 08:15:03', '2009-04-17 08:15:03'),
(970, 'eng', 202, '充值管理查看', '', '', '2009-05-08 13:59:09', '2009-05-08 13:59:09'),
(971, 'eng', 201, '充值管理', '', '', '2009-05-08 13:57:52', '2009-05-08 13:57:52');

--
-- 导出表中的数据 'svcart_operator_logs'
--


--
-- 导出表中的数据 'svcart_operator_menus'
--

INSERT INTO svcart_operator_menus (id, parent_id, operator_action_code, type, link, status, orderby, created, modified) VALUES
(1, 0, '', '', '', '1', 5, '2008-01-01 00:00:00', '2009-04-21 09:05:06'),
(2, 0, '', '', '', '1', 10, '2008-01-01 00:00:00', '2008-12-19 05:24:26'),
(3, 0, '', '', '', '1', 15, '2008-01-01 00:00:00', '2008-01-01 00:00:00'),
(4, 0, '', '', '', '1', 20, '2008-01-01 00:00:00', '2008-01-01 00:00:00'),
(5, 0, '', '', '', '1', 25, '2008-01-01 00:00:00', '2008-01-01 00:00:00'),
(6, 0, '', '', '', '1', 30, '2008-01-01 00:00:00', '2009-04-02 10:30:55'),
(7, 0, '', '', '', '1', 35, '2008-01-01 00:00:00', '2008-01-01 00:00:00'),
(8, 0, '', '', '', '1', 40, '2008-01-01 00:00:00', '2008-01-01 00:00:00'),
(10, 1, 'order_undeal_view', '', '/orders/search/processing', '1', 5, '2008-01-01 00:00:00', '2009-03-12 13:29:34'),
(11, 1, 'comment_undea_view', '', '/comments/search/uncheck', '1', 10, '2008-01-01 00:00:00', '2009-04-02 10:30:23'),
(12, 1, 'message_undeal_view', '', '/messages/search/unprocess', '1', 15, '2008-01-01 00:00:00', '2008-01-01 00:00:00'),
(13, 1, 'shortage_undeal_view', '', '/products/search/wanted', '1', 20, '2008-01-01 00:00:00', '2008-01-01 00:00:00'),
(14, 1, 'member_undeal_view', '', '/users/search/unvalidate', '1', 25, '2008-01-01 00:00:00', '2008-01-01 00:00:00'),
(15, 1, 'voucher_undeal_view', '', '/balances/search/processing', '1', 30, '2008-01-01 00:00:00', '2008-01-01 00:00:00'),
(16, 2, 'purchase_order_view', '', '/reports/procurement', '1', 5, '2008-01-01 00:00:00', '2009-02-11 03:58:48'),
(17, 2, 'shipping_order_view', '', '/reports/shipments', '1', 10, '2008-01-01 00:00:00', '2008-01-01 00:00:00'),
(18, 2, 'user_funds_statement_view', '', '/reports/balance', '1', 15, '2008-01-01 00:00:00', '2008-01-01 00:00:00'),
(19, 2, 'accumulate_point_view', '', '/reports/point', '1', 20, '2008-01-01 00:00:00', '2008-01-01 00:00:00'),
(20, 2, 'member_consume_statement_view', '', '/reports/consume', '1', 25, '2008-01-01 00:00:00', '2008-01-01 00:00:00'),
(21, 2, 'goods_sale_statement_view', '', '/reports/sales', '1', 30, '2008-01-01 00:00:00', '2008-01-01 00:00:00'),
(22, 2, 'order_status_statement_view', '', '/reports/orderstatus', '1', 35, '2008-01-01 00:00:00', '2008-12-02 02:56:32'),
(23, 2, 'order_perform_statement_view', '', '/reports/orderfee', '1', 40, '2008-01-01 00:00:00', '2008-01-01 00:00:00'),
(24, 3, 'promotion_view', '', '/promotions/', '1', 5, '2008-01-01 00:00:00', '2008-01-01 00:00:00'),
(25, 3, 'coupon_view', '', '/coupons/', '1', 10, '2008-01-01 00:00:00', '2008-01-01 00:00:00'),
(26, 3, 'card_view', '', '/cards/', '1', 5, '2008-01-01 00:00:00', '2008-01-01 00:00:00'),
(27, 3, 'package_view', '', '/packages/', '1', 10, '2008-01-01 00:00:00', '2008-01-01 00:00:00'),
(28, 3, 'special_topic_view', '', '/topics/', '1', 15, '2008-01-01 00:00:00', '2009-02-16 06:35:02'),
(29, 4, 'member_view', '', '/users/', '1', 5, '2008-01-01 00:00:00', '2008-01-01 00:00:00'),
(30, 4, 'order_view', '', '/orders/', '1', 10, '2008-01-01 00:00:00', '2008-01-01 00:00:00'),
(31, 4, 'goods_manage_view', '', '/products/', '1', 15, '2008-01-01 00:00:00', '2008-12-03 03:06:26'),
(32, 4, 'goods_type_view', '', '/productstypes/', '1', 20, '2008-01-01 00:00:00', '2009-01-06 10:55:57'),
(33, 4, 'goods_category_view', '', '/categories/index/P', '1', 25, '2008-01-01 00:00:00', '2009-01-17 03:39:23'),
(34, 4, 'brand_view', '', '/brands/', '1', 30, '2008-01-01 00:00:00', '2008-01-01 00:00:00'),
(35, 4, 'article_view', '', '/articles/', '1', 35, '2008-01-01 00:00:00', '2008-01-01 00:00:00'),
(36, 4, 'comment_view', '', '/comments/', '1', 40, '2008-01-01 00:00:00', '2008-01-01 00:00:00'),
(37, 4, 'message_view', '', '/messages/', '1', 45, '2008-01-01 00:00:00', '2008-12-08 10:11:10'),
(38, 4, 'member_rank_view', '', '/memberlevels/', '1', 50, '2008-01-01 00:00:00', '2008-01-01 00:00:00'),
(39, 5, 'fund_log_view', '', '/balances/', '1', 5, '2008-01-01 00:00:00', '2008-01-01 00:00:00'),
(40, 5, 'accumulate_point_log_view', '', '/points/', '1', 10, '2008-01-01 00:00:00', '2008-01-01 00:00:00'),
(41, 6, 'supplier_view', '', '/providers/', '1', 5, '2008-01-01 00:00:00', '2008-01-01 00:00:00'),
(42, 6, 'department_view', '', '/departments/', '1', 10, '2008-01-01 00:00:00', '2008-01-01 00:00:00'),
(43, 6, 'role_view', '', '/roles/', '1', 15, '2008-01-01 00:00:00', '2008-01-01 00:00:00'),
(63, 4, 'article_category_view', '', '/categories/index/A', '1', 34, '2009-01-17 03:37:37', '2009-01-17 03:39:44'),
(45, 6, 'operator_view', '', '/operators/', '1', 25, '2008-01-01 00:00:00', '2008-01-01 00:00:00'),
(46, 6, 'entity_shop_view', '', '/stores/', '1', 30, '2008-01-01 00:00:00', '2008-01-01 00:00:00'),
(47, 7, 'friendly_link_view', '', '/links/', '1', 5, '2008-01-01 00:00:00', '2008-01-01 00:00:00'),
(48, 7, 'advertisment_view', '', '/advertisements/', '1', 10, '2008-01-01 00:00:00', '2008-12-30 03:52:29'),
(49, 7, 'flash_play_view', '', '/flashes/', '1', 15, '2008-01-01 00:00:00', '2008-01-01 00:00:00'),
(50, 7, 'template_view', '', '/themes/', '1', 20, '2008-01-01 00:00:00', '2008-01-01 00:00:00'),
(51, 7, 'navigation_view', '', '/navigations/', '1', 25, '2008-01-01 00:00:00', '2008-01-01 00:00:00'),
(52, 8, 'shop_view', '', '/configvalues/', '1', 5, '2008-01-01 00:00:00', '2008-01-01 00:00:00'),
(53, 8, 'ship_view', '', '/shippingments/', '1', 10, '2008-01-01 00:00:00', '2008-01-01 00:00:00'),
(54, 8, 'pay_view', '', '/payments/', '1', 15, '2008-01-01 00:00:00', '2008-01-01 00:00:00'),
(55, 8, 'zone_view', '', '/areas/', '1', 20, '2008-01-01 00:00:00', '2008-01-01 00:00:00'),
(56, 8, 'langauage_view', '', '/languages/', '1', 25, '2008-01-01 00:00:00', '2008-01-01 00:00:00'),
(59, 8, 'mail_template_view', '', '/mailtemplates/', '1', 51, '2008-01-01 00:00:00', '2009-04-20 03:20:50'),
(62, 4, 'image_view', '', '/images/', '1', 38, '2008-01-01 00:00:00', '2008-01-01 00:00:00'),
(67, 4, 'virtual_card_view', '', '/virtual_cards/', '1', 50, '2009-04-13 12:37:21', '2009-04-15 02:40:00'),
(66, 4, 'batch_add_products_view', '', '/products/upload_products_file', '1', 50, '2008-01-01 00:00:00', '2009-04-13 12:53:33'),
(68, 8, 'mail_settings_view', '', '/configvalues/mail_settings/', '1', 50, '2009-04-17 08:09:52', '2009-04-17 08:24:05'),
(69, 4, 'user_accounts_view', '', '/user_accounts', '1', 50, '2009-05-08 13:46:08', '2009-05-08 13:46:08');

--
-- 导出表中的数据 'svcart_operator_menu_i18ns'
--

INSERT INTO svcart_operator_menu_i18ns (id, locale, operator_menu_id, name, created, modified) VALUES
(1, 'chi', 1, '我的任务', '2009-03-11 13:57:48', '2009-04-21 09:05:06'),
(2, 'chi', 2, '报表统计', '2009-03-11 13:57:48', '2009-03-11 13:57:48'),
(3, 'chi', 3, '特色服务', '2009-03-11 13:57:48', '2009-03-11 13:57:48'),
(4, 'chi', 4, '资源管理', '2009-03-11 13:57:48', '2009-03-11 13:57:48'),
(5, 'chi', 5, '日志管理', '2009-03-11 13:57:48', '2009-03-11 13:57:48'),
(6, 'chi', 6, '行政管理', '2009-03-11 13:57:48', '2009-04-02 10:30:55'),
(7, 'chi', 7, '界面管理', '2009-03-11 13:57:48', '2009-03-11 13:57:48'),
(8, 'chi', 8, '系统管理', '2009-03-11 13:57:48', '2009-03-11 13:57:48'),
(9, 'chi', 10, '待处理订单', '2009-03-11 13:57:48', '2009-03-12 13:29:34'),
(10, 'chi', 11, '待处理评论', '2009-03-11 13:57:48', '2009-04-02 10:30:23'),
(11, 'chi', 12, '待处理留言', '2009-03-11 13:57:48', '2009-03-11 13:57:48'),
(12, 'chi', 13, '待处理缺货', '2009-03-11 13:57:48', '2009-03-11 13:57:48'),
(13, 'chi', 14, '待处理会员', '2009-03-11 13:57:48', '2009-03-11 13:57:48'),
(14, 'chi', 15, '待处理充值', '2009-03-11 13:57:48', '2009-03-11 13:57:48'),
(15, 'chi', 16, '采购单', '2009-03-11 13:57:48', '2009-03-11 13:57:48'),
(16, 'chi', 17, '待发货单', '2009-03-11 13:57:48', '2009-03-11 13:57:48'),
(17, 'chi', 18, '用户资金报表', '2009-03-11 13:57:48', '2009-03-11 13:57:48'),
(18, 'chi', 19, '积分报表', '2009-03-11 13:57:48', '2009-03-11 13:57:48'),
(19, 'chi', 20, '会员消费报表', '2009-03-11 13:57:48', '2009-03-11 13:57:48'),
(20, 'chi', 21, '商品销售报表', '2009-03-11 13:57:48', '2009-03-11 13:57:48'),
(21, 'chi', 22, '订单状态报表', '2009-03-11 13:57:48', '2009-03-11 13:57:48'),
(22, 'chi', 23, '订单业绩报表', '2009-03-11 13:57:48', '2009-03-11 13:57:48'),
(23, 'chi', 24, '促销活动', '2009-03-11 13:57:48', '2009-03-11 13:57:48'),
(24, 'chi', 25, '电子优惠券', '2009-03-11 13:57:48', '2009-03-11 13:57:48'),
(25, 'chi', 26, '贺卡', '2009-03-11 13:57:48', '2009-03-11 13:57:48'),
(26, 'chi', 27, '包装', '2009-03-11 13:57:48', '2009-03-11 13:57:48'),
(27, 'chi', 28, '专题', '2009-03-11 13:57:48', '2009-03-11 13:57:48'),
(28, 'chi', 29, '会员管理', '2009-03-11 13:57:48', '2009-03-11 13:57:48'),
(29, 'chi', 30, '订单管理', '2009-03-11 13:57:48', '2009-03-11 13:57:48'),
(30, 'chi', 31, '商品管理', '2009-03-11 13:57:48', '2009-03-11 13:57:48'),
(31, 'chi', 32, '商品类型管理', '2009-03-11 13:57:48', '2009-03-11 13:57:48'),
(32, 'chi', 33, '商品分类管理', '2009-03-11 13:57:48', '2009-03-11 13:57:48'),
(33, 'chi', 34, '品牌管理', '2009-03-11 13:57:48', '2009-03-11 13:57:48'),
(34, 'chi', 35, '文章管理', '2009-03-11 13:57:48', '2009-03-11 13:57:48'),
(35, 'chi', 36, '评论管理', '2009-03-11 13:57:48', '2009-03-11 13:57:48'),
(36, 'chi', 37, '留言管理', '2009-03-11 13:57:48', '2009-03-11 13:57:48'),
(37, 'chi', 38, '会员等级管理', '2009-03-11 13:57:48', '2009-03-11 13:57:48'),
(38, 'chi', 39, '资金日志', '2009-03-11 13:57:48', '2009-03-11 13:57:48'),
(39, 'chi', 40, '积分日志', '2009-03-11 13:57:48', '2009-03-11 13:57:48'),
(40, 'chi', 41, '供应商管理', '2009-03-11 13:57:48', '2009-03-11 13:57:48'),
(41, 'chi', 42, '部门管理', '2009-03-11 13:57:48', '2009-03-11 13:57:48'),
(42, 'chi', 43, '角色管理', '2009-03-11 13:57:48', '2009-03-11 13:57:48'),
(43, 'chi', 63, '文章分类管理', '2009-03-11 13:57:48', '2009-03-11 13:57:48'),
(44, 'chi', 45, '操作员管理', '2009-03-11 13:57:48', '2009-03-11 13:57:48'),
(45, 'chi', 46, '实体店管理', '2009-03-11 13:57:48', '2009-03-11 13:57:48'),
(46, 'chi', 47, '友情链接', '2009-03-11 13:57:48', '2009-03-11 13:57:48'),
(47, 'chi', 48, '广告管理', '2009-03-11 13:57:48', '2009-03-11 13:57:48'),
(48, 'chi', 49, 'Flash轮播管理', '2009-03-11 13:57:48', '2009-03-11 13:57:48'),
(49, 'chi', 50, '模板管理', '2009-03-11 13:57:48', '2009-03-11 13:57:48'),
(50, 'chi', 51, '导航设置', '2009-03-11 13:57:48', '2009-03-11 13:57:48'),
(51, 'chi', 52, '商店设置', '2009-03-11 13:57:48', '2009-03-11 13:57:48'),
(52, 'chi', 53, '配送方式', '2009-03-11 13:57:48', '2009-03-11 13:57:48'),
(53, 'chi', 54, '支付方式', '2009-03-11 13:57:48', '2009-03-11 13:57:48'),
(54, 'chi', 55, '地区设置', '2009-03-11 13:57:48', '2009-03-11 13:57:48'),
(55, 'chi', 56, '语言管理', '2009-03-11 13:57:48', '2009-03-11 13:57:48'),
(56, 'chi', 59, '邮件模板管理', '2009-03-11 13:57:48', '2009-04-20 03:20:50'),
(57, 'chi', 62, '图片管理', '2009-03-11 13:57:48', '2009-03-11 13:57:48'),
(58, 'chi', 64, '字典语言管理', '2009-03-11 13:57:48', '2009-03-11 13:57:48'),
(59, 'eng', 68, '邮件服务器设置', '2009-04-17 08:09:52', '2009-04-17 08:24:05'),
(60, 'eng', 67, '虚拟卡管理', '2009-04-13 12:37:21', '2009-04-15 02:40:00'),
(61, 'eng', 66, '商品批量上传', '2008-01-01 00:00:00', '2009-04-13 12:53:33'),
(62, 'eng', 62, '图片管理', '2009-03-11 13:57:48', '2009-03-11 13:57:48'),
(63, 'eng', 61, '用户设置管理', '2009-03-11 13:57:48', '2009-03-11 13:57:48'),
(64, 'eng', 60, '商店设置管理', '2009-03-11 13:57:48', '2009-03-11 13:57:48'),
(65, 'eng', 59, '邮件模板管理', '2009-03-11 13:57:48', '2009-04-20 03:20:50'),
(66, 'eng', 58, '访问权限管理', '2009-03-11 13:57:48', '2009-03-11 13:57:48'),
(67, 'eng', 57, '菜单管理', '2009-03-11 13:57:48', '2009-03-11 13:57:48'),
(68, 'eng', 56, '语言管理', '2009-03-11 13:57:48', '2009-03-11 13:57:48'),
(69, 'eng', 55, '地区设置', '2009-03-11 13:57:48', '2009-03-11 13:57:48'),
(70, 'eng', 54, '支付方式', '2009-03-11 13:57:48', '2009-03-11 13:57:48'),
(71, 'eng', 53, '配送方式', '2009-03-11 13:57:48', '2009-03-11 13:57:48'),
(72, 'eng', 52, '商店设置', '2009-03-11 13:57:48', '2009-03-11 13:57:48'),
(73, 'eng', 51, '导航设置', '2009-03-11 13:57:48', '2009-03-11 13:57:48'),
(74, 'eng', 50, '模板管理', '2009-03-11 13:57:48', '2009-03-11 13:57:48'),
(75, 'eng', 49, 'Flash轮播管理', '2009-03-11 13:57:48', '2009-03-11 13:57:48'),
(76, 'eng', 48, '广告管理', '2009-03-11 13:57:48', '2009-03-11 13:57:48'),
(77, 'eng', 47, '友情链接', '2009-03-11 13:57:48', '2009-03-11 13:57:48'),
(78, 'eng', 46, '实体店管理', '2009-03-11 13:57:48', '2009-03-11 13:57:48'),
(79, 'eng', 45, '操作员管理', '2009-03-11 13:57:48', '2009-03-11 13:57:48'),
(80, 'eng', 63, '文章分类管理', '2009-03-11 13:57:48', '2009-03-11 13:57:48'),
(81, 'eng', 43, '角色管理', '2009-03-11 13:57:48', '2009-03-11 13:57:48'),
(82, 'eng', 42, '部门管理', '2009-03-11 13:57:48', '2009-03-11 13:57:48'),
(83, 'eng', 41, '供应商管理', '2009-03-11 13:57:48', '2009-03-11 13:57:48'),
(84, 'eng', 40, '积分日志', '2009-03-11 13:57:48', '2009-03-11 13:57:48'),
(85, 'eng', 39, '资金日志', '2009-03-11 13:57:48', '2009-03-11 13:57:48'),
(86, 'eng', 38, '会员等级管理', '2009-03-11 13:57:48', '2009-03-11 13:57:48'),
(87, 'eng', 37, '留言管理', '2009-03-11 13:57:48', '2009-03-11 13:57:48'),
(88, 'eng', 36, '评论管理', '2009-03-11 13:57:48', '2009-03-11 13:57:48'),
(89, 'eng', 35, '文章管理', '2009-03-11 13:57:48', '2009-03-11 13:57:48'),
(90, 'eng', 34, '品牌管理', '2009-03-11 13:57:48', '2009-03-11 13:57:48'),
(91, 'eng', 33, '商品分类管理', '2009-03-11 13:57:48', '2009-03-11 13:57:48'),
(92, 'eng', 32, '商品类型管理', '2009-03-11 13:57:48', '2009-03-11 13:57:48'),
(93, 'eng', 31, '商品管理', '2009-03-11 13:57:48', '2009-03-11 13:57:48'),
(94, 'eng', 30, '订单管理', '2009-03-11 13:57:48', '2009-03-11 13:57:48'),
(95, 'eng', 29, '会员管理', '2009-03-11 13:57:48', '2009-03-11 13:57:48'),
(96, 'eng', 28, '专题', '2009-03-11 13:57:48', '2009-03-11 13:57:48'),
(97, 'eng', 27, '包装', '2009-03-11 13:57:48', '2009-03-11 13:57:48'),
(98, 'eng', 26, '贺卡', '2009-03-11 13:57:48', '2009-03-11 13:57:48'),
(99, 'eng', 25, '电子优惠券', '2009-03-11 13:57:48', '2009-03-11 13:57:48'),
(100, 'eng', 24, '促销活动', '2009-03-11 13:57:48', '2009-03-11 13:57:48'),
(101, 'eng', 23, '订单业绩报表', '2009-03-11 13:57:48', '2009-03-11 13:57:48'),
(102, 'eng', 22, '订单状态报表', '2009-03-11 13:57:48', '2009-03-11 13:57:48'),
(103, 'eng', 21, '商品销售报表', '2009-03-11 13:57:48', '2009-03-11 13:57:48'),
(104, 'eng', 20, '会员消费报表', '2009-03-11 13:57:48', '2009-03-11 13:57:48'),
(105, 'eng', 19, '积分报表', '2009-03-11 13:57:48', '2009-03-11 13:57:48'),
(106, 'eng', 18, '用户资金报表', '2009-03-11 13:57:48', '2009-03-11 13:57:48'),
(107, 'eng', 17, '待发货单', '2009-03-11 13:57:48', '2009-03-11 13:57:48'),
(108, 'eng', 16, '采购单', '2009-03-11 13:57:48', '2009-03-11 13:57:48'),
(109, 'chi', 65, '用户信息管理', '2009-03-26 05:18:02', '2009-03-26 06:06:05'),
(110, 'eng', 15, '待处理充值', '2009-03-11 13:57:48', '2009-03-11 13:57:48'),
(111, 'eng', 14, '待处理会员', '2009-03-11 13:57:48', '2009-03-11 13:57:48'),
(112, 'eng', 13, '待处理缺货', '2009-03-11 13:57:48', '2009-03-11 13:57:48'),
(113, 'eng', 12, '待处理留言', '2009-03-11 13:57:48', '2009-03-11 13:57:48'),
(114, 'eng', 11, '待处理评论', '2009-03-11 13:57:48', '2009-04-02 10:30:23'),
(115, 'chi', 66, '商品批量上传', '2008-01-01 00:00:00', '2009-04-13 12:53:33'),
(116, 'eng', 10, '待处理订单', '2009-03-11 13:57:48', '2009-03-12 13:29:34'),
(117, 'chi', 67, '虚拟卡管理', '2009-04-13 12:37:21', '2009-04-15 02:40:00'),
(118, 'eng', 9, '功能配置', '2009-03-11 13:57:48', '2009-03-11 13:57:48'),
(119, 'eng', 8, '系统管理', '2009-03-11 13:57:48', '2009-03-11 13:57:48'),
(120, 'eng', 7, '界面管理', '2009-03-11 13:57:48', '2009-03-11 13:57:48'),
(121, 'chi', 68, '邮件服务器设置', '2009-04-17 08:09:52', '2009-04-17 08:24:05'),
(122, 'eng', 6, '行政管理', '2009-03-11 13:57:48', '2009-04-02 10:30:55'),
(123, 'eng', 5, '日志管理', '2009-03-11 13:57:48', '2009-03-11 13:57:48'),
(124, 'eng', 4, '资源管理', '2009-03-11 13:57:48', '2009-03-11 13:57:48'),
(125, 'eng', 3, '特色服务', '2009-03-11 13:57:48', '2009-03-11 13:57:48'),
(126, 'eng', 2, '报表统计', '2009-03-11 13:57:48', '2009-03-11 13:57:48'),
(127, 'eng', 1, '我的任务', '2009-03-11 13:57:48', '2009-04-21 09:05:06'),
(128, 'chi', 69, '充值管理', '2009-05-08 13:46:08', '2009-05-08 13:46:08');

--
-- 导出表中的数据 'svcart_operator_roles'
--


--
-- 导出表中的数据 'svcart_operator_role_i18ns'
--


--
-- 导出表中的数据 'svcart_orders'
--


--
-- 导出表中的数据 'svcart_order_actions'
--


--
-- 导出表中的数据 'svcart_order_cards'
--


--
-- 导出表中的数据 'svcart_order_packagings'
--


--
-- 导出表中的数据 'svcart_order_products'
--


--
-- 导出表中的数据 'svcart_packagings'
--


--
-- 导出表中的数据 'svcart_packaging_i18ns'
--


--
-- 导出表中的数据 'svcart_payments'
--

INSERT INTO svcart_payments (id, store_id, code, fee, orderby, config, status, is_cod, is_online, supply_use_flag, order_use_flag, php_code, version, created, modified) VALUES
(2, 0, 'COD', '40', 0, '', '0', '1', '0', '1', '1', '', '', '2009-02-18 03:30:13', '2009-03-27 07:14:41'),
(3, 0, 'alipay', '0', 0, '$payment_arr = array(''alipay_account''=> array(''name''=> ''支付宝帐户'',''value''=>'''' , ''type'' => ''text''),''alipay_key''=> array(''name''=> ''交易安全校验码'',''value''=>'''' , ''type'' => ''text''),''alipay_partner''=> array(''name''=> ''合作者身份ID'',''value''=>'''' , ''type'' => ''text''));', '0', '0', '1', '1', '1', 'class alipay \r\n{\r\n    function alipay()\r\n    {\r\n    }\r\n\r\n    function __construct()\r\n    {\r\n        $this->alipay();\r\n    }\r\n    function get_code($order, $payment,$db)\r\n    {\r\n	eval($payment[''Payment''][''config'']);\r\n	$host = isset($_SERVER[''HTTP_X_FORWARDED_HOST'']) ? $_SERVER[''HTTP_X_FORWARDED_HOST''] : (isset($_SERVER[''HTTP_HOST'']) ? $_SERVER[''HTTP_HOST''] : '''');\r\n        \r\n	$alipay_account = $payment_arr[''alipay_account''][''value''];\r\n	$alipay_partner = $payment_arr[''alipay_partner''][''value''];\r\n	$alipay_key = $payment_arr[''alipay_key''][''value''];\r\n	$charset = ''utf-8'';\r\n	$service = ''trade_create_by_buyer'';\r\n	$agent = ''C4335319945672464113'';\r\n	$parameter = array(\r\n            ''agent''             => $agent,\r\n            ''service''           => $service,\r\n            ''partner''           => $alipay_partner,\r\n            ''_input_charset''    => $charset,\r\n            ''notify_url''        => "http://".$host."/responds/index/alipay",\r\n            ''return_url''        => "http://".$host."/responds/index/alipay",\r\n            /* 业务参数 */\r\n            ''subject''           => $db->configs[''shop_name'']."-".$order[''log_id''],              //order 型号\r\n            ''out_trade_no''      => $order[''log_id''],\r\n            ''price''             => $order[''total''],\r\n            ''quantity''          => 1,\r\n            ''payment_type''      => 1,\r\n            /* 物流参数 */\r\n            ''logistics_type''    => ''EXPRESS'',\r\n            ''logistics_fee''     => 0,\r\n            ''logistics_payment'' => ''BUYER_PAY_AFTER_RECEIVE'',\r\n            /* 买卖双方信息 */\r\n            ''seller_email''      => $alipay_account\r\n        );\r\n\r\n	\r\n        ksort($parameter);\r\n        reset($parameter);\r\n		$param = '''';\r\n        $sign  = '''';\r\n        foreach ($parameter AS $key => $val)\r\n        {\r\n            $param .= "$key=" .urlencode($val). "&";\r\n            $sign  .= "$key=$val&";\r\n        }\r\n		\r\n        $param = substr($param, 0, -1);\r\n        $sign  = substr($sign, 0, -1).$alipay_key;\r\n        $button = "https://www.alipay.com/cooperate/gateway.do?".$param."&sign=".md5($sign)."&sign_type=MD5";\r\n        return $button;\r\n    }\r\n function respond($db)\r\n    {\r\n        /*\r\n        if (!empty($_POST))\r\n        {\r\n            foreach($_POST as $key => $data)\r\n            {\r\n                $_GET[$key] = $data;\r\n            }\r\n        }\r\n        */\r\n        $payment = $db->Payment->findbycode(''alipay'');\r\n        eval($payment[''Payment''][''config'']);    \r\n		$alipay_account = $payment_arr[''alipay_account''][''value''];\r\n		$alipay_partner = $payment_arr[''alipay_partner''][''value''];\r\n		$alipay_key = $payment_arr[''alipay_key''][''value''];\r\n        $seller_email = rawurldecode($_GET[''seller_email'']);\r\n        $order_id = str_replace($_GET[''subject''], '''', $_GET[''out_trade_no'']);\r\n        $order_id = trim($order_id);\r\n        //取到的是支付的记录id\r\n        /* 检查支付的金额是否相符 */\r\n        $payment_log = $db->PaymentApiLog->findbyid($order_id);\r\n		\r\n		//检查是否已成功支付\r\n		if($payment_log[''PaymentApiLog''][''is_paid''] == "1"){\r\n 			return false;\r\n 		}\r\n		\r\n		if($payment_log[''PaymentApiLog''][''type''] > 0){\r\n			$account = $db->UserAccount->findbyid($payment_log[''PaymentApiLog''][''type_id'']);\r\n	        if ($_GET[''total_fee''] != $account[''UserAccount''][''amount''])\r\n	        {\r\n	            return false;\r\n	        }\r\n        }else{\r\n        $order_total = $db->Order->findbyid($payment_log[''PaymentApiLog''][''type_id'']);\r\n	        if ($_GET[''total_fee''] != $order_total[''Order''][''total''])\r\n	        {\r\n	            return false;\r\n	        }\r\n        }\r\n\r\n		$charset = ''utf-8'';\r\n		$service = ''trade_create_by_buyer'';\r\n		$agent = ''C4335319945672464113'';\r\n		$host = isset($_SERVER[''HTTP_X_FORWARDED_HOST'']) ? $_SERVER[''HTTP_X_FORWARDED_HOST''] : (isset($_SERVER[''HTTP_HOST'']) ? $_SERVER[''HTTP_HOST''] : '''');\r\n        \r\n        ksort($_GET);\r\n        reset($_GET);\r\n        $arg = "";\r\n		while (list ($key, $val) = each ($_GET)) {\r\n			if($key != "sign" && $key != "sign_type" && $key != ''code'' && $key != ''url'')\r\n			$arg.=$key."=".$val."&";\r\n		}\r\n		$prestr = substr($arg,0,count($arg)-2);  //去掉最后一个&号\r\n		 $sign = $prestr.$alipay_key;\r\n\r\n      if (md5($sign) != $_GET[''sign''])\r\n        {\r\n            return false;\r\n        }\r\n		if($payment_log[''PaymentApiLog''][''type''] > 0){\r\n			/* 充值成功*/\r\n			   $payment_log[''PaymentApiLog''][''is_paid''] = ''1'';\r\n			   $db->PaymentApiLog->save($payment_log);\r\n			   $balance_log = array(\r\n			   						"id"=>'''',\r\n			   						"user_id"=>$account[''UserAccount''][''user_id''],\r\n			   						"amount"=>$account[''UserAccount''][''amount''],\r\n			   						"log_type" => "B",\r\n			   						"type_id"=>$payment_log[''PaymentApiLog''][''type_id'']\r\n			   						);\r\n			   $db->UserBalanceLog->save($balance_log);\r\n				\r\n			   $user_info = $db->User->findbyid($account[''UserAccount''][''user_id'']);\r\n			   $user_info[''User''][''balance''] += $account[''UserAccount''][''amount''];\r\n			   $db->User->save($user_info);\r\n			   $account[''UserAccount''][''paid_time''] = date("Y-m-d H:i:s");\r\n			   $db->UserAccount->save($account);\r\n			   return true;\r\n		\r\n		}else if ($_GET[''trade_status''] == ''WAIT_SELLER_SEND_GOODS'')\r\n        {\r\n            /* 改变订单状态 */\r\n			$payment_log[''PaymentApiLog''][''is_paid''] = ''1'';\r\n			$order_total[''Order''][''payment_status''] = ''2'';\r\n			$order_total[''Order''][''money_paid''] = $_GET[''total_fee''];\r\n			$db->PaymentApiLog->save($payment_log);\r\n			$db->Order->save($order_total);\r\n			// 超过订单金额赠送积分\r\n			if($db->configs[''order_smallest''] <= $order_total[''Order''][''subtotal'']){\r\n				$user_info = $db->User->findbyid($order_total[''Order''][''user_id'']);\r\n				$user_info[''User''][''point''] += $db->configs[''out_order_points''];\r\n				$db->User->save($user_info);\r\n				$point_log = array("id"=>"",\r\n									"user_id" => $order_total[''Order''][''user_id''],\r\n									"point" => $db->configs[''out_order_points''],\r\n									"log_type" => "B",\r\n									"type_id" => $order_total[''Order''][''id'']\r\n									);\r\n				$db->UserPointLog->save($point_log);\r\n			}\r\n						//下单是否送积分\r\n			if($db->configs[''order_gift_points''] == 1){\r\n				$user_info = $db->User->findbyid($order_total[''Order''][''user_id'']);\r\n				$user_info[''User''][''point''] += $db->configs[''order_points''];\r\n				$db->User->save($user_info);\r\n				$point_log = array("id"=>"",\r\n									"user_id" => $order_total[''Order''][''user_id''],\r\n									"point" => $db->configs[''order_points''],\r\n									"log_type" => "B",\r\n									"type_id" => $order_total[''Order''][''id'']\r\n									);\r\n				$db->UserPointLog->save($point_log);\r\n			} \r\n			// 商品送积分\r\n\r\n			$product_ids = $db->OrderProduct->findbyorder_id($order_total[''Order''][''id'']);\r\n            $product_point = 0;\r\n            foreach($product_ids as $k=>$v){\r\n            	$product = $db->Product->findbyid($v[''OrderProduct''][''product_id'']);\r\n            	$product_point += $product[''Product''][''point'']*$v[''OrderProduct''][''product_quntity''];\r\n            }\r\n            if($product_point>0){\r\n				$user_info = $db->User->findbyid($order_total[''Order''][''user_id'']);\r\n				$user_info[''User''][''point''] += $product_point;\r\n				$db->User->save($user_info);\r\n				$point_log = array("id"=>"",\r\n									"user_id" => $order_total[''Order''][''user_id''],\r\n									"point" => $product_point,\r\n									"log_type" => "B",\r\n									"type_id" => $order_total[''Order''][''id'']\r\n									);\r\n				$db->UserPointLog->save($point_log);\r\n            }			           \r\n			 return true;\r\n        }else if ($_GET[''trade_status''] == ''TRADE_FINISHED'')\r\n        {\r\n            /* 改变订单状态 */\r\n			$payment_log[''PaymentApiLog''][''is_paid''] = ''1'';\r\n			$order_total[''Order''][''payment_status''] = ''2'';\r\n			$order_total[''Order''][''money_paid''] = $_GET[''total_fee''];\r\n			$db->PaymentApiLog->save($payment_log);\r\n			$db->Order->save($order_total);       \r\n			\r\n			// 超过订单金额赠送积分\r\n			if($db->configs[''order_smallest''] <= $order_total[''Order''][''subtotal'']){\r\n				$user_info = $db->User->findbyid($order_total[''Order''][''user_id'']);\r\n				$user_info[''User''][''point''] += $db->configs[''out_order_points''];\r\n				$db->User->save($user_info);\r\n				$point_log = array("id"=>"",\r\n									"user_id" => $order_total[''Order''][''user_id''],\r\n									"point" => $db->configs[''out_order_points''],\r\n									"log_type" => "B",\r\n									"type_id" => $order_total[''Order''][''id'']\r\n									);\r\n				$db->UserPointLog->save($point_log);\r\n			}\r\n						//下单是否送积分\r\n			if($db->configs[''order_gift_points''] == 1){\r\n				$user_info = $db->User->findbyid($order_total[''Order''][''user_id'']);\r\n				$user_info[''User''][''point''] += $db->configs[''order_points''];\r\n				$db->User->save($user_info);\r\n				$point_log = array("id"=>"",\r\n									"user_id" => $order_total[''Order''][''user_id''],\r\n									"point" => $db->configs[''order_points''],\r\n									"log_type" => "B",\r\n									"type_id" => $order_total[''Order''][''id'']\r\n									);\r\n				$db->UserPointLog->save($point_log);\r\n			}\r\n			// 商品送积分\r\n			//$order_total[''Order''][''id'']\r\n			$product_ids = $db->OrderProduct->findbyorder_id($order_total[''Order''][''id'']);\r\n            $product_point = 0;\r\n            foreach($product_ids as $k=>$v){\r\n            	$product = $db->Product->findbyid($v[''OrderProduct''][''product_id'']);\r\n            	$product_point += $product[''Product''][''point'']*$v[''OrderProduct''][''product_quntity''];\r\n            }\r\n            if($product_point>0){\r\n				$user_info = $db->User->findbyid($order_total[''Order''][''user_id'']);\r\n				$user_info[''User''][''point''] += $product_point;\r\n				$db->User->save($user_info);\r\n				$point_log = array("id"=>"",\r\n									"user_id" => $order_total[''Order''][''user_id''],\r\n									"point" => $product_point,\r\n									"log_type" => "B",\r\n									"type_id" => $order_total[''Order''][''id'']\r\n									);\r\n				$db->UserPointLog->save($point_log);\r\n            }\r\n            return true;\r\n        }\r\n        else\r\n        {   \r\n            return false;\r\n        }\r\n    }\r\n}', '', '2008-01-01 00:00:00', '2009-04-21 09:45:22'),
(4, 0, 'bank', '0', 0, '', '0', '0', '0', '1', '1', 'class bank\r\n{\r\n\r\n    function bank()\r\n    {\r\n    }\r\n\r\n    function __construct()\r\n    {\r\n        $this->bank();\r\n    }\r\n\r\n    function get_code()\r\n    {\r\n        return '''';\r\n    }\r\n\r\n    function response()\r\n    {\r\n        return;\r\n    }\r\n}', '', '2008-01-01 00:00:00', '2009-03-27 07:12:43'),
(5, 0, 'post', '0', 0, '', '0', '0', '0', '1', '1', 'class post\r\n{\r\n    /**\r\n     * 构造函数\r\n     *\r\n     * @access  public\r\n     * @param\r\n     *\r\n     * @return void\r\n     */\r\n    function post()\r\n    {\r\n    }\r\n\r\n    function __construct()\r\n    {\r\n        $this->post();\r\n    }\r\n\r\n    /**\r\n     * 提交函数\r\n     */\r\n    function get_code()\r\n    {\r\n        return '''';\r\n    }\r\n\r\n    /**\r\n     * 处理函数\r\n     */\r\n    function response()\r\n    {\r\n        return;\r\n    }\r\n}', '', '2008-01-01 00:00:00', '2009-03-27 07:10:37'),
(7, 0, 'paypalcn', '0', 0, '$payment_arr = array(''data_pay_account''=> array(''name''=> ''贝宝帐户'',''value''=>'''',''type''=>''text''));', '0', '0', '1', '1', '1', 'class paypal\r\n{\r\n    function paypal()\r\n    {\r\n    }\r\n    function __construct()\r\n    {\r\n        $this->paypal();\r\n    }\r\n    function get_code($order, $payment,$db)\r\n    {\r\n\r\n	eval($payment[''Payment''][''config'']);\r\n	$host = isset($_SERVER[''HTTP_X_FORWARDED_HOST'']) ? $_SERVER[''HTTP_X_FORWARDED_HOST''] : (isset($_SERVER[''HTTP_HOST'']) ? $_SERVER[''HTTP_HOST''] : '''');\r\n	$data_pay_account = $payment_arr[''data_pay_account''][''value''];\r\n\r\n		$currency_code      = "CNY"; // 货币\r\n        $data_order_id      = $order[''log_id''];\r\n		$no_note 	   		= $db->configs[''shop_name'']."-".$order[''log_id''];\r\n        $data_amount        = $order[''total''];\r\n        $data_return_url    = "http://".$host."/responds/index/paypal";\r\n        $data_notify_url    = "http://".$host."/responds/index/paypal";\r\n        $cancel_return      = "http://".$host."/";\r\n\r\n        $def_url  = ''<br /><form style="text-align:center;" action="https://www.paypal.com/cgi-bin/webscr" method="post" target="_blank">'' .   // 不能省略\r\n            "<p class=''back_home''>".\r\n	    "<input type=''hidden'' name=''cmd'' value=''_xclick''>" .                             // 不能省略\r\n            "<input type=''hidden'' name=''business'' value=''$data_pay_account''>" .                 // 贝宝帐号\r\n            "<input type=''hidden'' name=''item_name'' value=''$no_note''>" .                 // payment for\r\n            "<input type=''hidden'' name=''amount'' value=''$data_amount''>" .                        // 订单金额\r\n            "<input type=''hidden'' name=''currency_code'' value=''$currency_code''>" .            // 货币\r\n            "<input type=''hidden'' name=''return'' value=''$data_return_url''>" .                    // 付款后页面\r\n            "<input type=''hidden'' name=''invoice'' value=''$data_order_id''>" .                      // 订单号\r\n            "<input type=''hidden'' name=''charset'' value=''utf-8''>" .                              // 字符集\r\n            "<input type=''hidden'' name=''no_shipping'' value=''1''>" .                              // 不要求客户提供收货地址\r\n            "<input type=''hidden'' name=''no_note'' value=''$no_note''>" .                                  // 付款说明\r\n            "<input type=''hidden'' name=''notify_url'' value=''$data_notify_url''>" .\r\n            "<input type=''hidden'' name=''rm'' value=''2''>" .\r\n            "<input type=''hidden'' name=''cancel_return'' value=''$cancel_return''>" .\r\n            "<input type=''submit'' value=''使用 paypal 支付''>" .                      // 按钮\r\n            "</p>".\r\n		"</form><br />";\r\n\r\n        return $def_url;\r\n    }\r\n    function respond($db)\r\n    {\r\n       // $payment        = get_payment(''paypal'');\r\n        //$merchant_id    = $payment[''paypal_account''];               ///获取商户编号\r\n        $payment = $db->Payment->findbycode(''paypalcn'');\r\n		eval($payment[''Payment''][''config'']);\r\n		$merchant_id   = $payment_arr[''data_pay_account''][''value''];\r\n        // read the post from PayPal system and add ''cmd''\r\n        $req = ''cmd=_notify-validate'';\r\n        foreach ($_POST as $key => $value)\r\n        {\r\n            $value = urlencode(stripslashes($value));\r\n            $req .= "&$key=$value";\r\n        }\r\n\r\n        // post back to PayPal system to validate\r\n        $header = "POST /cgi-bin/webscr HTTP/1.0\\r\\n";\r\n        $header .= "Content-Type: application/x-www-form-urlencoded\\r\\n";\r\n        $header .= "Content-Length: " . strlen($req) ."\\r\\n\\r\\n";\r\n        $fp = fsockopen (''www.paypal.com'', 80, $errno, $errstr, 30);\r\n\r\n        // assign posted variables to local variables\r\n        $item_name = $_POST[''item_name''];\r\n        $item_number = $_POST[''item_number''];\r\n        $payment_status = $_POST[''payment_status''];\r\n        $payment_amount = $_POST[''mc_gross''];\r\n        $payment_currency = $_POST[''mc_currency''];\r\n        $txn_id = $_POST[''txn_id''];\r\n        $receiver_email = $_POST[''receiver_email''];\r\n        $payer_email = $_POST[''payer_email''];\r\n        $order_sn = $_POST[''invoice''];\r\n        $memo = !empty($_POST[''memo'']) ? $_POST[''memo''] : '''';\r\n        $action_note = $txn_id . ''（paypal 交易号）'' . $memo;\r\n\r\n        if (!$fp)\r\n        {\r\n            fclose($fp);\r\n\r\n            return false;\r\n        }\r\n        else\r\n        {\r\n            fputs($fp, $header . $req);\r\n            while (!feof($fp))\r\n            {\r\n                $res = fgets($fp, 1024);\r\n                if (strcmp($res, ''VERIFIED'') == 0)\r\n                {\r\n                    // check the payment_status is Completed\r\n                    if ($payment_status != ''Completed'' && $payment_status != ''Pending'')\r\n                    {\r\n                        fclose($fp);\r\n\r\n                        return false;\r\n                    }\r\n                    // check that receiver_email is your Primary PayPal email\r\n                    if ($receiver_email != $merchant_id)\r\n                    {\r\n                        fclose($fp);\r\n\r\n                        return false;\r\n                    }\r\n                    \r\n        			$payment_log = $db->PaymentApiLog->findbyid($log_id);\r\n        			\r\n					//检查是否已成功支付\r\n					if($payment_log[''PaymentApiLog''][''is_paid''] == "1"){\r\n			                fclose($fp);\r\n			 			return false;\r\n			 		}                    \r\n			 		// check that payment_amount/payment_currency are correct\r\n					if($payment_log[''PaymentApiLog''][''type''] > 0){\r\n					$account = $db->UserAccount->findbyid($payment_log[''PaymentApiLog''][''type_id'']);\r\n				        if ($payment_amount != $account[''UserAccount''][''amount''])\r\n				        {\r\n			                fclose($fp);\r\n				            return false;\r\n				        }\r\n			        }else{\r\n			        $order_total = $db->Order->findbyid($payment_log[''PaymentApiLog''][''type_id'']);\r\n	        	        if ($order_total[''Order''][''total''] != $payment_amount)\r\n	                    {\r\n	                        fclose($fp);\r\n\r\n	                        return false;\r\n	                    }\r\n        			}\r\n\r\n                    if ("CNY" != $payment_currency)\r\n                    {\r\n                        fclose($fp);\r\n\r\n                        return false;\r\n                    }\r\n                    \r\n	  \r\n				    if($payment_log[''PaymentApiLog''][''type''] < 1)\r\n				    {                    // process payment\r\n			            /* 改变订单状态 */\r\n						$payment_log[''PaymentApiLog''][''is_paid''] = ''1'';\r\n						$order_total[''Order''][''payment_status''] = ''2'';\r\n						$db->PaymentApiLog->save($payment_log);\r\n						$db->Order->save($order_total);\r\n						// 超过订单金额赠送积分\r\n						if($db->configs[''order_smallest''] <= $order_total[''Order''][''subtotal'']){\r\n							$user_info = $db->User->findbyid($order_total[''Order''][''user_id'']);\r\n							$user_info[''User''][''point''] += $db->configs[''out_order_points''];\r\n							$db->User->save($user_info);\r\n							$point_log = array("id"=>"",\r\n												"user_id" => $order_total[''Order''][''user_id''],\r\n												"point" => $db->configs[''out_order_points''],\r\n												"log_type" => "B",\r\n												"type_id" => $order_total[''Order''][''id'']\r\n												);\r\n							$db->UserPointLog->save($point_log);\r\n						}\r\n									//下单是否送积分\r\n						if($db->configs[''order_gift_points''] == 1){\r\n							$user_info = $db->User->findbyid($order_total[''Order''][''user_id'']);\r\n							$user_info[''User''][''point''] += $db->configs[''order_points''];\r\n							$db->User->save($user_info);\r\n							$point_log = array("id"=>"",\r\n												"user_id" => $order_total[''Order''][''user_id''],\r\n												"point" => $db->configs[''order_points''],\r\n												"log_type" => "B",\r\n												"type_id" => $order_total[''Order''][''id'']\r\n												);\r\n							$db->UserPointLog->save($point_log);\r\n						}       \r\n						\r\n					// 商品送积分\r\n					//$order_total[''Order''][''id'']\r\n					$product_ids = $db->OrderProduct->findbyorder_id($order_total[''Order''][''id'']);\r\n		            $product_point = 0;\r\n		            foreach($product_ids as $k=>$v){\r\n		            	$product = $db->Product->findbyid($v[''OrderProduct''][''product_id'']);\r\n		            	$product_point += $product[''Product''][''point'']*$v[''OrderProduct''][''product_quntity''];\r\n		            }\r\n		            if($product_point>0){\r\n						$user_info = $db->User->findbyid($order_total[''Order''][''user_id'']);\r\n						$user_info[''User''][''point''] += $product_point;\r\n						$db->User->save($user_info);\r\n						$point_log = array("id"=>"",\r\n											"user_id" => $order_total[''Order''][''user_id''],\r\n											"point" => $product_point,\r\n											"log_type" => "B",\r\n											"type_id" => $order_total[''Order''][''id'']\r\n											);\r\n						$db->UserPointLog->save($point_log);\r\n		            }						     						\r\n	                    fclose($fp);\r\n	                    return true;\r\n                    }else{\r\n						/* 充值成功*/\r\n					   $payment_log[''PaymentApiLog''][''is_paid''] = ''1'';\r\n					   $db->PaymentApiLog->save($payment_log);\r\n					   $balance_log = array(\r\n					   						"id"=>'''',\r\n					   						"user_id"=>$account[''UserAccount''][''user_id''],\r\n					   						"amount"=>$account[''UserAccount''][''amount''],\r\n					   						"log_type" => "B",\r\n					   						"type_id"=>$payment_log[''PaymentApiLog''][''type_id'']\r\n					   						);\r\n					   $db->UserBalanceLog->save($balance_log);\r\n						\r\n					   $user_info = $db->User->findbyid($account[''UserAccount''][''user_id'']);\r\n					   $user_info[''User''][''balance''] += $account[''UserAccount''][''amount''];\r\n					   $db->User->save($user_info);\r\n					   $account[''UserAccount''][''paid_time''] = date("Y-m-d H:i:s");\r\n					   $db->UserAccount->save($account);\r\n						fclose($fp);\r\n				      	return true;\r\n                    }\r\n                }\r\n                elseif (strcmp($res, ''INVALID'') == 0)\r\n                {\r\n                    // log for manual investigation\r\n                    fclose($fp);\r\n\r\n                    return false;\r\n                }\r\n            }\r\n        }\r\n    }\r\n}', '', '2008-01-01 00:00:00', '2009-04-08 12:04:31'),
(8, 0, 'paypal', '0', 0, '$payment_arr = array(''data_pay_account''=> array(''name''=> ''贝宝帐户'',''value''=>'''' , ''type'' => ''text''),''currency_code''=> array(''name''=> ''货币'',''value''=>''JPY'' , ''type'' => ''select'', ''select_value'' => array( ''澳元'' => ''AUD'',''加元'' => ''CAD'',''欧元'' => ''EUR'',''英镑'' => ''GBP'',''日元'' => ''JPY'',''美元'' => ''USD'',''港元'' => ''HKD'')));', '0', '0', '1', '1', '1', 'class paypal\r\n{\r\n    function paypal()\r\n    {\r\n    }\r\n    function __construct()\r\n    {\r\n        $this->paypal();\r\n    }\r\n    function get_code($order, $payment,$db)\r\n    {\r\n\r\n	$host = isset($_SERVER[''HTTP_X_FORWARDED_HOST'']) ? $_SERVER[''HTTP_X_FORWARDED_HOST''] : (isset($_SERVER[''HTTP_HOST'']) ? $_SERVER[''HTTP_HOST''] : '''');\r\n		eval($payment[''Payment''][''config'']);\r\n		$data_pay_account   = $payment_arr[''data_pay_account''][''value''];\r\n		$currency_code      = $payment_arr[''currency_code''][''value''];\r\n        $data_order_id      = $order[''log_id''];\r\n		$no_note 	   		= $db->configs[''shop_name'']."-".$order[''log_id''];\r\n        $data_amount        = $order[''total''];\r\n        $data_return_url    = "http://".$host."/responds/index/paypal";\r\n        $data_notify_url    = "http://".$host."/responds/index/paypal";\r\n        $cancel_return      = "http://".$host."/";\r\n\r\n        $def_url  = ''<br /><form style="text-align:center;" action="https://www.paypal.com/cgi-bin/webscr" method="post" target="_blank">'' .   // 不能省略\r\n            "<p class=''back_home''>".\r\n	    "<input type=''hidden'' name=''cmd'' value=''_xclick''>" .                             // 不能省略\r\n            "<input type=''hidden'' name=''business'' value=''$data_pay_account''>" .                 // 贝宝帐号\r\n            "<input type=''hidden'' name=''item_name'' value=''$no_note''>" .                 // payment for\r\n            "<input type=''hidden'' name=''amount'' value=''$data_amount''>" .                        // 订单金额\r\n            "<input type=''hidden'' name=''currency_code'' value=''$currency_code''>" .            // 货币\r\n            "<input type=''hidden'' name=''return'' value=''$data_return_url''>" .                    // 付款后页面\r\n            "<input type=''hidden'' name=''invoice'' value=''$data_order_id''>" .                      // 订单号\r\n            "<input type=''hidden'' name=''charset'' value=''utf-8''>" .                              // 字符集\r\n            "<input type=''hidden'' name=''no_shipping'' value=''1''>" .                              // 不要求客户提供收货地址\r\n            "<input type=''hidden'' name=''no_note'' value=''$no_note''>" .                                  // 付款说明\r\n            "<input type=''hidden'' name=''notify_url'' value=''$data_notify_url''>" .\r\n            "<input type=''hidden'' name=''rm'' value=''2''>" .\r\n            "<input type=''hidden'' name=''cancel_return'' value=''$cancel_return''>" .\r\n            "<input type=''submit'' value=''使用 paypal 支付''>" .                      // 按钮\r\n            "</p>".\r\n		"</form><br />";\r\n\r\n        return $def_url;\r\n    }\r\n    function respond($db)\r\n    {\r\n        \r\n        \r\n        //$payment        = get_payment(''paypal'');\r\n        //$merchant_id    = $payment[''paypal_account''];               ///获取商户编号\r\n        $payment = $db->Payment->findbycode(''paypal'');\r\n		eval($payment[''Payment''][''config'']);\r\n		$merchant_id   = $payment_arr[''data_pay_account''][''value''];\r\n		$currency_code      = $payment_arr[''currency_code''][''value''];        \r\n		// read the post from PayPal system and add ''cmd''\r\n        $req = ''cmd=_notify-validate'';\r\n        foreach ($_POST as $key => $value)\r\n        {\r\n            $value = urlencode(stripslashes($value));\r\n            $req .= "&$key=$value";\r\n        }\r\n\r\n        // post back to PayPal system to validate\r\n        $header = "POST /cgi-bin/webscr HTTP/1.0\\r\\n";\r\n        $header .= "Content-Type: application/x-www-form-urlencoded\\r\\n";\r\n        $header .= "Content-Length: " . strlen($req) ."\\r\\n\\r\\n";\r\n        $fp = fsockopen (''www.paypal.com'', 80, $errno, $errstr, 30);\r\n\r\n        // assign posted variables to local variables\r\n        $item_name = $_POST[''item_name''];\r\n        $item_number = $_POST[''item_number''];\r\n        $payment_status = $_POST[''payment_status''];\r\n        $payment_amount = $_POST[''mc_gross''];\r\n        $payment_currency = $_POST[''mc_currency''];\r\n        $txn_id = $_POST[''txn_id''];\r\n        $receiver_email = $_POST[''receiver_email''];\r\n        $payer_email = $_POST[''payer_email''];\r\n        $order_sn = $_POST[''invoice''];\r\n        $memo = !empty($_POST[''memo'']) ? $_POST[''memo''] : '''';\r\n        $action_note = $txn_id . ''（paypal 交易号）'' . $memo;\r\n\r\n        if (!$fp)\r\n        {\r\n            fclose($fp);\r\n\r\n            return false;\r\n        }\r\n        else\r\n        {\r\n            fputs($fp, $header . $req);\r\n            while (!feof($fp))\r\n            {\r\n                $res = fgets($fp, 1024);\r\n                if (strcmp($res, ''VERIFIED'') == 0)\r\n                {\r\n                    // check the payment_status is Completed\r\n                    if ($payment_status != ''Completed'' && $payment_status != ''Pending'')\r\n                    {\r\n                        fclose($fp);\r\n\r\n                        return false;\r\n                    }\r\n                    // check that receiver_email is your Primary PayPal email\r\n                    if ($receiver_email != $merchant_id)\r\n                    {\r\n                        fclose($fp);\r\n\r\n                        return false;\r\n                    }\r\n                    \r\n        			$payment_log = $db->PaymentApiLog->findbyid($log_id);\r\n        					//检查是否已成功支付\r\n					if($payment_log[''PaymentApiLog''][''is_paid''] == "1"){\r\n			                fclose($fp);\r\n			 			return false;\r\n			 		}\r\n                    // check that payment_amount/payment_currency are correct\r\n					if($payment_log[''PaymentApiLog''][''type''] > 0){\r\n					$account = $db->UserAccount->findbyid($payment_log[''PaymentApiLog''][''type_id'']);\r\n				        if ($payment_amount != $account[''UserAccount''][''amount''])\r\n				        {\r\n			                fclose($fp);\r\n				            return false;\r\n				        }\r\n			        }else{\r\n			        $order_total = $db->Order->findbyid($payment_log[''PaymentApiLog''][''type_id'']);\r\n	        	        if ($order_total[''Order''][''total''] != $payment_amount)\r\n	                    {\r\n	                        fclose($fp);\r\n\r\n	                        return false;\r\n	                    }\r\n        			}\r\n\r\n                    if ($currency_code != $payment_currency)\r\n                    {\r\n                        fclose($fp);\r\n\r\n                        return false;\r\n                    }\r\n                    \r\n	  \r\n				    if($payment_log[''PaymentApiLog''][''type''] < 1)\r\n				    {                    // process payment\r\n			            /* 改变订单状态 */\r\n						$payment_log[''PaymentApiLog''][''is_paid''] = ''1'';\r\n						$order_total[''Order''][''payment_status''] = ''2'';\r\n						$db->PaymentApiLog->save($payment_log);\r\n						$db->Order->save($order_total);\r\n						// 超过订单金额赠送积分\r\n						if($db->configs[''order_smallest''] <= $order_total[''Order''][''subtotal'']){\r\n							$user_info = $db->User->findbyid($order_total[''Order''][''user_id'']);\r\n							$user_info[''User''][''point''] += $db->configs[''out_order_points''];\r\n							$db->User->save($user_info);\r\n							$point_log = array("id"=>"",\r\n												"user_id" => $order_total[''Order''][''user_id''],\r\n												"point" => $db->configs[''out_order_points''],\r\n												"log_type" => "B",\r\n												"type_id" => $order_total[''Order''][''id'']\r\n												);\r\n							$db->UserPointLog->save($point_log);\r\n						}\r\n									//下单是否送积分\r\n						if($db->configs[''order_gift_points''] == 1){\r\n							$user_info = $db->User->findbyid($order_total[''Order''][''user_id'']);\r\n							$user_info[''User''][''point''] += $db->configs[''order_points''];\r\n							$db->User->save($user_info);\r\n							$point_log = array("id"=>"",\r\n												"user_id" => $order_total[''Order''][''user_id''],\r\n												"point" => $db->configs[''order_points''],\r\n												"log_type" => "B",\r\n												"type_id" => $order_total[''Order''][''id'']\r\n												);\r\n							$db->UserPointLog->save($point_log);\r\n						}      \r\n						\r\n					// 商品送积分\r\n					//$order_total[''Order''][''id'']\r\n					$product_ids = $db->OrderProduct->findbyorder_id($order_total[''Order''][''id'']);\r\n		            $product_point = 0;\r\n		            foreach($product_ids as $k=>$v){\r\n		            	$product = $db->Product->findbyid($v[''OrderProduct''][''product_id'']);\r\n		            	$product_point += $product[''Product''][''point'']*$v[''OrderProduct''][''product_quntity''];\r\n		            }\r\n		            if($product_point>0){\r\n						$user_info = $db->User->findbyid($order_total[''Order''][''user_id'']);\r\n						$user_info[''User''][''point''] += $product_point;\r\n						$db->User->save($user_info);\r\n						$point_log = array("id"=>"",\r\n											"user_id" => $order_total[''Order''][''user_id''],\r\n											"point" => $product_point,\r\n											"log_type" => "B",\r\n											"type_id" => $order_total[''Order''][''id'']\r\n											);\r\n						$db->UserPointLog->save($point_log);\r\n		            }						      						\r\n	                    fclose($fp);\r\n	                    return true;\r\n                    }else{\r\n						/* 充值成功*/\r\n					   $payment_log[''PaymentApiLog''][''is_paid''] = ''1'';\r\n					   $db->PaymentApiLog->save($payment_log);\r\n					   $balance_log = array(\r\n					   						"id"=>'''',\r\n					   						"user_id"=>$account[''UserAccount''][''user_id''],\r\n					   						"amount"=>$account[''UserAccount''][''amount''],\r\n					   						"log_type" => "B",\r\n					   						"type_id"=>$payment_log[''PaymentApiLog''][''type_id'']\r\n					   						);\r\n					   $db->UserBalanceLog->save($balance_log);\r\n						\r\n					   $user_info = $db->User->findbyid($account[''UserAccount''][''user_id'']);\r\n					   $user_info[''User''][''balance''] += $account[''UserAccount''][''amount''];\r\n					   $db->User->save($user_info);\r\n					   $account[''UserAccount''][''paid_time''] = date("Y-m-d H:i:s");\r\n					   $db->UserAccount->save($account);\r\n						fclose($fp);\r\n				      	return true;\r\n                    }\r\n                }\r\n                elseif (strcmp($res, ''INVALID'') == 0)\r\n                {\r\n                    // log for manual investigation\r\n                    fclose($fp);\r\n\r\n                    return false;\r\n                }\r\n            }\r\n        }\r\n    }\r\n}', '', '2008-01-01 00:00:00', '2009-04-09 18:24:08'),
(9, 0, 'account_pay', '10', 0, '', '0', '0', '1', '1', '1', '', '', '2008-01-01 00:00:00', '2009-04-21 03:39:01');

--
-- 导出表中的数据 'svcart_payment_api_logs'
--


--
-- 导出表中的数据 'svcart_payment_i18ns'
--

INSERT INTO svcart_payment_i18ns (id, locale, payment_id, name, values, description, status, created, modified) VALUES
(1, 'chi', 2, '货到付款', '', '全国300城市支持货到付款', '1', '2009-02-18 03:30:13', '2009-03-27 07:14:41'),
(2, 'chi', 3, '支付宝', '', '支付宝', '1', '2008-01-01 00:00:00', '2009-04-21 09:45:22'),
(3, 'chi', 4, '银行汇款/转帐', '', '银行名称 收款人信息：全称 ××× ；帐号或地址 ××× ；开户行 ×××。 注意事项：办理电汇时，请在电汇单“汇款用途”一栏处注明您的订单号。', '1', '2008-01-01 00:00:00', '2009-03-27 07:12:43'),
(4, 'chi', 5, '邮局汇款', '', '收款人信息：姓名 ××× ；地址 ××× ；邮编 ××× 。 注意事项： 请在汇款单背面的附言中注明您的订单号，只填写后6位即可。', '1', '2008-01-01 00:00:00', '2009-03-27 07:10:37'),
(5, 'chi', 7, '贝宝', '', 'PayPal 是在线付款解决方案的全球领导者，在全世界有超过七千一百六十万个帐户用户。 PayPal 可在 56 个市场以 7 种货币（加元、欧元、英镑、美元、日元、澳元、港元）使用。 （网址：http://www.paypal.com）', '1', '2008-01-01 00:00:00', '2009-04-08 12:04:31'),
(6, 'chi', 8, 'paypal', '', ' 	PayPal 是在线付款解决方案的全球领导者，在全世界有超过七千一百六十万个帐户用户。 PayPal...', '1', '2008-01-01 00:00:00', '2009-04-09 18:24:08'),
(7, 'chi', 9, '余额支付', '', '余额支付-安全便利  -______,-', '1', '2008-01-01 00:00:00', '2009-04-21 03:39:01'),
(8, 'eng', 2, '货到付款', '', '全国300城市支持货到付款', '1', '2009-02-18 03:30:13', '2009-03-27 07:14:41'),
(9, 'eng', 3, '支付宝', '', '支付宝', '1', '2008-01-01 00:00:00', '2009-04-21 09:45:22'),
(10, 'eng', 4, '银行汇款/转帐', '', '银行名称 收款人信息：全称 ××× ；帐号或地址 ××× ；开户行 ×××。 注意事项：办理电汇时，请在电汇单“汇款用途”一栏处注明您的订单号。', '1', '2008-01-01 00:00:00', '2009-03-27 07:12:43'),
(11, 'eng', 5, '邮局汇款', '', '收款人信息：姓名 ××× ；地址 ××× ；邮编 ××× 。 注意事项： 请在汇款单背面的附言中注明您的订单号，只填写后6位即可。', '1', '2008-01-01 00:00:00', '2009-03-27 07:10:37'),
(12, 'eng', 7, '贝宝', '', 'PayPal 是在线付款解决方案的全球领导者，在全世界有超过七千一百六十万个帐户用户。 PayPal 可在 56 个市场以 7 种货币（加元、欧元、英镑、美元、日元、澳元、港元）使用。 （网址：http://www.paypal.com）', '1', '2008-01-01 00:00:00', '2009-04-08 12:04:31'),
(13, 'eng', 8, 'paypal', '', ' 	PayPal 是在线付款解决方案的全球领导者，在全世界有超过七千一百六十万个帐户用户。 PayPal...', '1', '2008-01-01 00:00:00', '2009-04-09 18:24:08'),
(14, 'eng', 9, '余额支付', '', '余额支付-安全便利  -______,-', '1', '2008-01-01 00:00:00', '2009-04-21 03:39:01');

--
-- 导出表中的数据 'svcart_products'
--


--
-- 导出表中的数据 'svcart_products_categories'
--


--
-- 导出表中的数据 'svcart_product_articles'
--


--
-- 导出表中的数据 'svcart_product_attributes'
--


--
-- 导出表中的数据 'svcart_product_galleries'
--


--
-- 导出表中的数据 'svcart_product_gallery_i18ns'
--


--
-- 导出表中的数据 'svcart_product_i18ns'
--


--
-- 导出表中的数据 'svcart_product_ranks'
--


--
-- 导出表中的数据 'svcart_product_relations'
--


--
-- 导出表中的数据 'svcart_product_types'
--


--
-- 导出表中的数据 'svcart_product_type_attributes'
--


--
-- 导出表中的数据 'svcart_product_type_attribute_i18ns'
--


--
-- 导出表中的数据 'svcart_product_type_i18ns'
--


--
-- 导出表中的数据 'svcart_promotions'
--


--
-- 导出表中的数据 'svcart_promotion_i18ns'
--


--
-- 导出表中的数据 'svcart_promotion_products'
--


--
-- 导出表中的数据 'svcart_providers'
--


--
-- 导出表中的数据 'svcart_provider_products'
--


--
-- 导出表中的数据 'svcart_regions'
--

INSERT INTO svcart_regions (id, parent_id, level, agency_id, param01, param02, param03, orderby, created, modified) VALUES
(209, 18, '2', 0, '', '', '', 0, '2008-01-01 00:00:00', '2008-01-01 00:00:00'),
(208, 18, '2', 0, '', '', '', 0, '2008-01-01 00:00:00', '2008-01-01 00:00:00'),
(207, 18, '2', 0, '', '', '', 0, '2008-01-01 00:00:00', '2008-01-01 00:00:00'),
(206, 18, '2', 0, '', '', '', 0, '2008-01-01 00:00:00', '2008-01-01 00:00:00'),
(205, 17, '2', 0, '', '', '', 0, '2008-01-01 00:00:00', '2008-01-01 00:00:00'),
(204, 17, '2', 0, '', '', '', 0, '2008-01-01 00:00:00', '2008-01-01 00:00:00'),
(203, 17, '2', 0, '', '', '', 0, '2008-01-01 00:00:00', '2008-01-01 00:00:00'),
(202, 17, '2', 0, '', '', '', 0, '2008-01-01 00:00:00', '2008-01-01 00:00:00'),
(201, 17, '2', 0, '', '', '', 0, '2008-01-01 00:00:00', '2008-01-01 00:00:00'),
(200, 17, '2', 0, '', '', '', 0, '2008-01-01 00:00:00', '2008-01-01 00:00:00'),
(199, 17, '2', 0, '', '', '', 0, '2008-01-01 00:00:00', '2008-01-01 00:00:00'),
(198, 17, '2', 0, '', '', '', 0, '2008-01-01 00:00:00', '2008-01-01 00:00:00'),
(197, 17, '2', 0, '', '', '', 0, '2008-01-01 00:00:00', '2008-01-01 00:00:00'),
(196, 17, '2', 0, '', '', '', 0, '2008-01-01 00:00:00', '2008-01-01 00:00:00'),
(195, 17, '2', 0, '', '', '', 0, '2008-01-01 00:00:00', '2008-01-01 00:00:00'),
(194, 17, '2', 0, '', '', '', 0, '2008-01-01 00:00:00', '2008-01-01 00:00:00'),
(193, 17, '2', 0, '', '', '', 0, '2008-01-01 00:00:00', '2008-01-01 00:00:00'),
(192, 17, '2', 0, '', '', '', 0, '2008-01-01 00:00:00', '2008-01-01 00:00:00'),
(191, 17, '2', 0, '', '', '', 0, '2008-01-01 00:00:00', '2008-01-01 00:00:00'),
(190, 17, '2', 0, '', '', '', 0, '2008-01-01 00:00:00', '2008-01-01 00:00:00'),
(189, 17, '2', 0, '', '', '', 0, '2008-01-01 00:00:00', '2008-01-01 00:00:00'),
(188, 16, '2', 0, '', '', '', 0, '2008-01-01 00:00:00', '2008-01-01 00:00:00'),
(187, 16, '2', 0, '', '', '', 0, '2008-01-01 00:00:00', '2008-01-01 00:00:00'),
(186, 16, '2', 0, '', '', '', 0, '2008-01-01 00:00:00', '2008-01-01 00:00:00'),
(185, 16, '2', 0, '', '', '', 0, '2008-01-01 00:00:00', '2008-01-01 00:00:00'),
(184, 16, '2', 0, '', '', '', 0, '2008-01-01 00:00:00', '2008-01-01 00:00:00'),
(183, 16, '2', 0, '', '', '', 0, '2008-01-01 00:00:00', '2008-01-01 00:00:00'),
(182, 16, '2', 0, '', '', '', 0, '2008-01-01 00:00:00', '2008-01-01 00:00:00'),
(181, 16, '2', 0, '', '', '', 0, '2008-01-01 00:00:00', '2008-01-01 00:00:00'),
(180, 16, '2', 0, '', '', '', 0, '2008-01-01 00:00:00', '2008-01-01 00:00:00'),
(179, 16, '2', 0, '', '', '', 0, '2008-01-01 00:00:00', '2008-01-01 00:00:00'),
(178, 16, '2', 0, '', '', '', 0, '2008-01-01 00:00:00', '2008-01-01 00:00:00'),
(177, 16, '2', 0, '', '', '', 0, '2008-01-01 00:00:00', '2008-01-01 00:00:00'),
(176, 16, '2', 0, '', '', '', 0, '2008-01-01 00:00:00', '2008-01-01 00:00:00'),
(175, 16, '2', 0, '', '', '', 0, '2008-01-01 00:00:00', '2008-01-01 00:00:00'),
(174, 16, '2', 0, '', '', '', 0, '2008-01-01 00:00:00', '2008-01-01 00:00:00'),
(173, 16, '2', 0, '', '', '', 0, '2008-01-01 00:00:00', '2008-01-01 00:00:00'),
(172, 16, '2', 0, '', '', '', 0, '2008-01-01 00:00:00', '2008-01-01 00:00:00'),
(171, 15, '2', 0, '', '', '', 0, '2008-01-01 00:00:00', '2008-01-01 00:00:00'),
(170, 15, '2', 0, '', '', '', 0, '2008-01-01 00:00:00', '2008-01-01 00:00:00'),
(169, 15, '2', 0, '', '', '', 0, '2008-01-01 00:00:00', '2008-01-01 00:00:00'),
(168, 15, '2', 0, '', '', '', 0, '2008-01-01 00:00:00', '2008-01-01 00:00:00'),
(167, 15, '2', 0, '', '', '', 0, '2008-01-01 00:00:00', '2008-01-01 00:00:00'),
(166, 15, '2', 0, '', '', '', 0, '2008-01-01 00:00:00', '2008-01-01 00:00:00'),
(165, 15, '2', 0, '', '', '', 0, '2008-01-01 00:00:00', '2008-01-01 00:00:00'),
(164, 15, '2', 0, '', '', '', 0, '2008-01-01 00:00:00', '2008-01-01 00:00:00'),
(163, 15, '2', 0, '', '', '', 0, '2008-01-01 00:00:00', '2008-01-01 00:00:00'),
(162, 15, '2', 0, '', '', '', 0, '2008-01-01 00:00:00', '2008-01-01 00:00:00'),
(161, 15, '2', 0, '', '', '', 0, '2008-01-01 00:00:00', '2008-01-01 00:00:00'),
(160, 14, '2', 0, '', '', '', 0, '2008-01-01 00:00:00', '2008-01-01 00:00:00'),
(159, 14, '2', 0, '', '', '', 0, '2008-01-01 00:00:00', '2008-01-01 00:00:00'),
(158, 14, '2', 0, '', '', '', 0, '2008-01-01 00:00:00', '2008-01-01 00:00:00'),
(157, 14, '2', 0, '', '', '', 0, '2008-01-01 00:00:00', '2008-01-01 00:00:00'),
(156, 14, '2', 0, '', '', '', 0, '2008-01-01 00:00:00', '2008-01-01 00:00:00'),
(155, 14, '2', 0, '', '', '', 0, '2008-01-01 00:00:00', '2008-01-01 00:00:00'),
(154, 14, '2', 0, '', '', '', 0, '2008-01-01 00:00:00', '2008-01-01 00:00:00'),
(153, 14, '2', 0, '', '', '', 0, '2008-01-01 00:00:00', '2008-01-01 00:00:00'),
(152, 14, '2', 0, '', '', '', 0, '2008-01-01 00:00:00', '2008-01-01 00:00:00'),
(151, 13, '2', 0, '', '', '', 0, '2008-01-01 00:00:00', '2008-01-01 00:00:00'),
(150, 13, '2', 0, '', '', '', 0, '2008-01-01 00:00:00', '2008-01-01 00:00:00'),
(149, 13, '2', 0, '', '', '', 0, '2008-01-01 00:00:00', '2008-01-01 00:00:00'),
(148, 13, '2', 0, '', '', '', 0, '2008-01-01 00:00:00', '2008-01-01 00:00:00'),
(147, 13, '2', 0, '', '', '', 0, '2008-01-01 00:00:00', '2008-01-01 00:00:00'),
(146, 13, '2', 0, '', '', '', 0, '2008-01-01 00:00:00', '2008-01-01 00:00:00'),
(145, 13, '2', 0, '', '', '', 0, '2008-01-01 00:00:00', '2008-01-01 00:00:00'),
(144, 13, '2', 0, '', '', '', 0, '2008-01-01 00:00:00', '2008-01-01 00:00:00'),
(143, 13, '2', 0, '', '', '', 0, '2008-01-01 00:00:00', '2008-01-01 00:00:00'),
(142, 13, '2', 0, '', '', '', 0, '2008-01-01 00:00:00', '2008-01-01 00:00:00'),
(141, 13, '2', 0, '', '', '', 0, '2008-01-01 00:00:00', '2008-01-01 00:00:00'),
(140, 13, '2', 0, '', '', '', 0, '2008-01-01 00:00:00', '2008-01-01 00:00:00'),
(139, 13, '2', 0, '', '', '', 0, '2008-01-01 00:00:00', '2008-01-01 00:00:00'),
(138, 13, '2', 0, '', '', '', 0, '2008-01-01 00:00:00', '2008-01-01 00:00:00'),
(137, 13, '2', 0, '', '', '', 0, '2008-01-01 00:00:00', '2008-01-01 00:00:00'),
(136, 13, '2', 0, '', '', '', 0, '2008-01-01 00:00:00', '2008-01-01 00:00:00'),
(135, 13, '2', 0, '', '', '', 0, '2008-01-01 00:00:00', '2008-01-01 00:00:00'),
(134, 12, '2', 0, '', '', '', 0, '2008-01-01 00:00:00', '2008-01-01 00:00:00'),
(133, 12, '2', 0, '', '', '', 0, '2008-01-01 00:00:00', '2008-01-01 00:00:00'),
(132, 12, '2', 0, '', '', '', 0, '2008-01-01 00:00:00', '2008-01-01 00:00:00'),
(131, 12, '2', 0, '', '', '', 0, '2008-01-01 00:00:00', '2008-01-01 00:00:00'),
(130, 12, '2', 0, '', '', '', 0, '2008-01-01 00:00:00', '2008-01-01 00:00:00'),
(129, 12, '2', 0, '', '', '', 0, '2008-01-01 00:00:00', '2008-01-01 00:00:00'),
(128, 12, '2', 0, '', '', '', 0, '2008-01-01 00:00:00', '2008-01-01 00:00:00'),
(127, 12, '2', 0, '', '', '', 0, '2008-01-01 00:00:00', '2008-01-01 00:00:00'),
(126, 12, '2', 0, '', '', '', 0, '2008-01-01 00:00:00', '2008-01-01 00:00:00'),
(125, 12, '2', 0, '', '', '', 0, '2008-01-01 00:00:00', '2008-01-01 00:00:00'),
(124, 12, '2', 0, '', '', '', 0, '2008-01-01 00:00:00', '2008-01-01 00:00:00'),
(123, 11, '2', 0, '', '', '', 0, '2008-01-01 00:00:00', '2008-01-01 00:00:00'),
(122, 11, '2', 0, '', '', '', 0, '2008-01-01 00:00:00', '2008-01-01 00:00:00'),
(121, 11, '2', 0, '', '', '', 0, '2008-01-01 00:00:00', '2008-01-01 00:00:00'),
(120, 11, '2', 0, '', '', '', 0, '2008-01-01 00:00:00', '2008-01-01 00:00:00'),
(119, 11, '2', 0, '', '', '', 0, '2008-01-01 00:00:00', '2008-01-01 00:00:00'),
(118, 11, '2', 0, '', '', '', 0, '2008-01-01 00:00:00', '2008-01-01 00:00:00'),
(117, 11, '2', 0, '', '', '', 0, '2008-01-01 00:00:00', '2008-01-01 00:00:00'),
(116, 11, '2', 0, '', '', '', 0, '2008-01-01 00:00:00', '2008-01-01 00:00:00'),
(115, 11, '2', 0, '', '', '', 0, '2008-01-01 00:00:00', '2008-01-01 00:00:00'),
(114, 11, '2', 0, '', '', '', 0, '2008-01-01 00:00:00', '2008-01-01 00:00:00'),
(113, 11, '2', 0, '', '', '', 0, '2008-01-01 00:00:00', '2008-01-01 00:00:00'),
(112, 11, '2', 0, '', '', '', 0, '2008-01-01 00:00:00', '2008-01-01 00:00:00'),
(111, 11, '2', 0, '', '', '', 0, '2008-01-01 00:00:00', '2008-01-01 00:00:00'),
(110, 10, '2', 0, '', '', '', 0, '2008-01-01 00:00:00', '2008-01-01 00:00:00'),
(109, 9, '2', 0, '', '', '', 0, '2008-01-01 00:00:00', '2008-01-01 00:00:00'),
(108, 9, '2', 0, '', '', '', 0, '2008-01-01 00:00:00', '2008-01-01 00:00:00'),
(107, 9, '2', 0, '', '', '', 0, '2008-01-01 00:00:00', '2008-01-01 00:00:00'),
(106, 9, '2', 0, '', '', '', 0, '2008-01-01 00:00:00', '2008-01-01 00:00:00'),
(105, 9, '2', 0, '', '', '', 0, '2008-01-01 00:00:00', '2008-01-01 00:00:00'),
(104, 9, '2', 0, '', '', '', 0, '2008-01-01 00:00:00', '2008-01-01 00:00:00'),
(103, 9, '2', 0, '', '', '', 0, '2008-01-01 00:00:00', '2008-01-01 00:00:00'),
(102, 9, '2', 0, '', '', '', 0, '2008-01-01 00:00:00', '2008-01-01 00:00:00'),
(101, 9, '2', 0, '', '', '', 0, '2008-01-01 00:00:00', '2008-01-01 00:00:00'),
(100, 9, '2', 0, '', '', '', 0, '2008-01-01 00:00:00', '2008-01-01 00:00:00'),
(99, 9, '2', 0, '', '', '', 0, '2008-01-01 00:00:00', '2008-01-01 00:00:00'),
(98, 9, '2', 0, '', '', '', 0, '2008-01-01 00:00:00', '2008-01-01 00:00:00'),
(97, 9, '2', 0, '', '', '', 0, '2008-01-01 00:00:00', '2008-01-01 00:00:00'),
(96, 8, '2', 0, '', '', '', 0, '2008-01-01 00:00:00', '2008-01-01 00:00:00'),
(95, 8, '2', 0, '', '', '', 0, '2008-01-01 00:00:00', '2008-01-01 00:00:00'),
(94, 8, '2', 0, '', '', '', 0, '2008-01-01 00:00:00', '2008-01-01 00:00:00'),
(93, 8, '2', 0, '', '', '', 0, '2008-01-01 00:00:00', '2008-01-01 00:00:00'),
(92, 8, '2', 0, '', '', '', 0, '2008-01-01 00:00:00', '2008-01-01 00:00:00'),
(91, 8, '2', 0, '', '', '', 0, '2008-01-01 00:00:00', '2008-01-01 00:00:00'),
(90, 8, '2', 0, '', '', '', 0, '2008-01-01 00:00:00', '2008-01-01 00:00:00'),
(89, 8, '2', 0, '', '', '', 0, '2008-01-01 00:00:00', '2008-01-01 00:00:00'),
(88, 8, '2', 0, '', '', '', 0, '2008-01-01 00:00:00', '2008-01-01 00:00:00'),
(87, 7, '2', 0, '', '', '', 0, '2008-01-01 00:00:00', '2008-01-01 00:00:00'),
(86, 7, '2', 0, '', '', '', 0, '2008-01-01 00:00:00', '2008-01-01 00:00:00'),
(85, 7, '2', 0, '', '', '', 0, '2008-01-01 00:00:00', '2008-01-01 00:00:00'),
(84, 7, '2', 0, '', '', '', 0, '2008-01-01 00:00:00', '2008-01-01 00:00:00'),
(83, 7, '2', 0, '', '', '', 0, '2008-01-01 00:00:00', '2008-01-01 00:00:00'),
(82, 7, '2', 0, '', '', '', 0, '2008-01-01 00:00:00', '2008-01-01 00:00:00'),
(81, 7, '2', 0, '', '', '', 0, '2008-01-01 00:00:00', '2008-01-01 00:00:00'),
(80, 7, '2', 0, '', '', '', 0, '2008-01-01 00:00:00', '2008-01-01 00:00:00'),
(79, 7, '2', 0, '', '', '', 0, '2008-01-01 00:00:00', '2008-01-01 00:00:00'),
(78, 7, '2', 0, '', '', '', 0, '2008-01-01 00:00:00', '2008-01-01 00:00:00'),
(77, 7, '2', 0, '', '', '', 0, '2008-01-01 00:00:00', '2008-01-01 00:00:00'),
(76, 7, '2', 0, '', '', '', 0, '2008-01-01 00:00:00', '2008-01-01 00:00:00'),
(75, 7, '2', 0, '', '', '', 0, '2008-01-01 00:00:00', '2008-01-01 00:00:00'),
(74, 7, '2', 0, '', '', '', 0, '2008-01-01 00:00:00', '2008-01-01 00:00:00'),
(73, 6, '2', 0, '', '', '', 0, '2008-01-01 00:00:00', '2008-01-01 00:00:00'),
(72, 6, '2', 0, '', '', '', 0, '2008-01-01 00:00:00', '2008-01-01 00:00:00'),
(71, 6, '2', 0, '', '', '', 0, '2008-01-01 00:00:00', '2008-01-01 00:00:00'),
(70, 6, '2', 0, '', '', '', 0, '2008-01-01 00:00:00', '2008-01-01 00:00:00'),
(69, 6, '2', 0, '', '', '', 0, '2008-01-01 00:00:00', '2008-01-01 00:00:00'),
(68, 6, '2', 0, '', '', '', 0, '2008-01-01 00:00:00', '2008-01-01 00:00:00'),
(67, 6, '2', 0, '', '', '', 0, '2008-01-01 00:00:00', '2008-01-01 00:00:00'),
(66, 6, '2', 0, '', '', '', 0, '2008-01-01 00:00:00', '2008-01-01 00:00:00'),
(65, 6, '2', 0, '', '', '', 0, '2008-01-01 00:00:00', '2008-01-01 00:00:00'),
(64, 6, '2', 0, '', '', '', 0, '2008-01-01 00:00:00', '2008-01-01 00:00:00'),
(63, 6, '2', 0, '', '', '', 0, '2008-01-01 00:00:00', '2008-01-01 00:00:00'),
(62, 6, '2', 0, '', '', '', 0, '2008-01-01 00:00:00', '2008-01-01 00:00:00'),
(61, 5, '2', 0, '', '', '', 0, '2008-01-01 00:00:00', '2008-01-01 00:00:00'),
(60, 5, '2', 0, '', '', '', 0, '2008-01-01 00:00:00', '2008-01-01 00:00:00'),
(59, 5, '2', 0, '', '', '', 0, '2008-01-01 00:00:00', '2008-01-01 00:00:00'),
(58, 5, '2', 0, '', '', '', 0, '2008-01-01 00:00:00', '2008-01-01 00:00:00'),
(57, 5, '2', 0, '', '', '', 0, '2008-01-01 00:00:00', '2008-01-01 00:00:00'),
(56, 5, '2', 0, '', '', '', 0, '2008-01-01 00:00:00', '2008-01-01 00:00:00'),
(55, 5, '2', 0, '', '', '', 0, '2008-01-01 00:00:00', '2008-01-01 00:00:00'),
(54, 5, '2', 0, '', '', '', 0, '2008-01-01 00:00:00', '2008-01-01 00:00:00'),
(53, 5, '2', 0, '', '', '', 0, '2008-01-01 00:00:00', '2008-01-01 00:00:00'),
(52, 5, '2', 0, '', '', '', 0, '2008-01-01 00:00:00', '2008-01-01 00:00:00'),
(51, 5, '2', 0, '', '', '', 0, '2008-01-01 00:00:00', '2008-01-01 00:00:00'),
(50, 5, '2', 0, '', '', '', 0, '2008-01-01 00:00:00', '2008-01-01 00:00:00'),
(49, 5, '2', 0, '', '', '', 0, '2008-01-01 00:00:00', '2008-01-01 00:00:00'),
(48, 5, '2', 0, '', '', '', 0, '2008-01-01 00:00:00', '2008-01-01 00:00:00'),
(47, 4, '2', 0, '', '', '', 0, '2008-01-01 00:00:00', '2008-01-01 00:00:00'),
(46, 4, '2', 0, '', '', '', 0, '2008-01-01 00:00:00', '2008-01-01 00:00:00'),
(45, 4, '2', 0, '', '', '', 0, '2008-01-01 00:00:00', '2008-01-01 00:00:00'),
(44, 4, '2', 0, '', '', '', 0, '2008-01-01 00:00:00', '2008-01-01 00:00:00'),
(43, 4, '2', 0, '', '', '', 0, '2008-01-01 00:00:00', '2008-01-01 00:00:00'),
(42, 4, '2', 0, '', '', '', 0, '2008-01-01 00:00:00', '2008-01-01 00:00:00'),
(41, 4, '2', 0, '', '', '', 0, '2008-01-01 00:00:00', '2008-01-01 00:00:00'),
(40, 4, '2', 0, '', '', '', 0, '2008-01-01 00:00:00', '2008-01-01 00:00:00'),
(39, 4, '2', 0, '', '', '', 0, '2008-01-01 00:00:00', '2008-01-01 00:00:00'),
(38, 4, '2', 0, '', '', '', 0, '2008-01-01 00:00:00', '2008-01-01 00:00:00'),
(37, 4, '2', 0, '', '', '', 0, '2008-01-01 00:00:00', '2008-01-01 00:00:00'),
(36, 3, '2', 0, '', '', '', 0, '2008-01-01 00:00:00', '2008-01-01 00:00:00'),
(35, 2, '2', 0, '', '', '', 0, '2008-01-01 00:00:00', '2008-01-01 00:00:00'),
(34, 1, '2', 0, '', '', '', 0, '2008-01-01 00:00:00', '2008-01-01 00:00:00'),
(33, 1, '2', 0, '', '', '', 0, '2008-01-01 00:00:00', '2008-01-01 00:00:00'),
(32, 1, '2', 0, '', '', '', 0, '2008-01-01 00:00:00', '2008-01-01 00:00:00'),
(31, 1, '2', 0, '', '', '', 0, '2008-01-01 00:00:00', '2008-01-01 00:00:00'),
(30, 1, '2', 0, '', '', '', 0, '2008-01-01 00:00:00', '2008-01-01 00:00:00'),
(29, 1, '2', 0, '', '', '', 0, '2008-01-01 00:00:00', '2008-01-01 00:00:00'),
(28, 1, '2', 0, '', '', '', 0, '2008-01-01 00:00:00', '2008-01-01 00:00:00'),
(27, 1, '2', 0, '', '', '', 0, '2008-01-01 00:00:00', '2008-01-01 00:00:00'),
(26, 1, '2', 0, '', '', '', 0, '2008-01-01 00:00:00', '2008-01-01 00:00:00'),
(25, 1, '2', 0, '', '', '', 0, '2008-01-01 00:00:00', '2008-01-01 00:00:00'),
(24, 1, '2', 0, '', '', '', 0, '2008-01-01 00:00:00', '2008-01-01 00:00:00'),
(23, 1, '2', 0, '', '', '', 0, '2008-01-01 00:00:00', '2008-01-01 00:00:00'),
(22, 1, '2', 0, '', '', '', 0, '2008-01-01 00:00:00', '2008-01-01 00:00:00'),
(21, 1, '2', 0, '', '', '', 0, '2008-01-01 00:00:00', '2008-01-01 00:00:00'),
(20, 1, '2', 0, '', '', '', 0, '2008-01-01 00:00:00', '2008-01-01 00:00:00'),
(19, 1, '2', 0, '', '', '', 0, '2008-01-01 00:00:00', '2008-01-01 00:00:00'),
(18, 1, '2', 0, '', '', '', 0, '2008-01-01 00:00:00', '2008-01-01 00:00:00'),
(17, 1, '2', 0, '', '', '', 0, '2008-01-01 00:00:00', '2008-01-01 00:00:00'),
(16, 1, '2', 0, '', '', '', 0, '2008-01-01 00:00:00', '2008-01-01 00:00:00'),
(15, 1, '2', 0, '', '', '', 0, '2008-01-01 00:00:00', '2008-01-01 00:00:00'),
(14, 1, '2', 0, '', '', '', 0, '2008-01-01 00:00:00', '2008-01-01 00:00:00'),
(13, 1, '2', 0, '', '', '', 0, '2008-01-01 00:00:00', '2008-01-01 00:00:00'),
(12, 1, '2', 0, '', '', '', 0, '2008-01-01 00:00:00', '2008-01-01 00:00:00'),
(11, 1, '2', 0, '', '', '', 0, '2008-01-01 00:00:00', '2008-01-01 00:00:00'),
(10, 1, '2', 0, '', '', '', 0, '2008-01-01 00:00:00', '2008-01-01 00:00:00'),
(9, 1, '2', 0, '', '', '', 0, '2008-01-01 00:00:00', '2008-01-01 00:00:00'),
(8, 1, '2', 0, '', '', '', 0, '2008-01-01 00:00:00', '2008-01-01 00:00:00'),
(7, 1, '2', 0, '', '', '', 0, '2008-01-01 00:00:00', '2008-01-01 00:00:00'),
(6, 1, '2', 0, '', '', '', 0, '2008-01-01 00:00:00', '2008-01-01 00:00:00'),
(5, 1, '2', 0, '', '', '', 0, '2008-01-01 00:00:00', '2008-01-01 00:00:00'),
(4, 1, '2', 0, '', '', '', 0, '2008-01-01 00:00:00', '2008-01-01 00:00:00'),
(3, 1, '2', 0, '', '', '', 0, '2008-01-01 00:00:00', '2008-01-01 00:00:00'),
(2, 1, '2', 0, '', '', '', 0, '2008-01-01 00:00:00', '2008-01-01 00:00:00'),
(1, 0, '2', 0, '', '', '', 0, '2008-01-01 00:00:00', '2009-04-13 02:10:05'),
(210, 18, '2', 0, '', '', '', 0, '2008-01-01 00:00:00', '2008-01-01 00:00:00'),
(211, 18, '2', 0, '', '', '', 0, '2008-01-01 00:00:00', '2008-01-01 00:00:00'),
(212, 18, '2', 0, '', '', '', 0, '2008-01-01 00:00:00', '2008-01-01 00:00:00'),
(213, 18, '2', 0, '', '', '', 0, '2008-01-01 00:00:00', '2008-01-01 00:00:00'),
(214, 18, '2', 0, '', '', '', 0, '2008-01-01 00:00:00', '2008-01-01 00:00:00'),
(215, 18, '2', 0, '', '', '', 0, '2008-01-01 00:00:00', '2008-01-01 00:00:00'),
(216, 18, '2', 0, '', '', '', 0, '2008-01-01 00:00:00', '2008-01-01 00:00:00'),
(217, 18, '2', 0, '', '', '', 0, '2008-01-01 00:00:00', '2008-01-01 00:00:00'),
(218, 18, '2', 0, '', '', '', 0, '2008-01-01 00:00:00', '2008-01-01 00:00:00'),
(219, 19, '2', 0, '', '', '', 0, '2008-01-01 00:00:00', '2008-01-01 00:00:00'),
(220, 19, '2', 0, '', '', '', 0, '2008-01-01 00:00:00', '2008-01-01 00:00:00'),
(221, 19, '2', 0, '', '', '', 0, '2008-01-01 00:00:00', '2008-01-01 00:00:00'),
(222, 19, '2', 0, '', '', '', 0, '2008-01-01 00:00:00', '2008-01-01 00:00:00'),
(223, 19, '2', 0, '', '', '', 0, '2008-01-01 00:00:00', '2008-01-01 00:00:00'),
(224, 19, '2', 0, '', '', '', 0, '2008-01-01 00:00:00', '2008-01-01 00:00:00'),
(225, 19, '2', 0, '', '', '', 0, '2008-01-01 00:00:00', '2008-01-01 00:00:00'),
(226, 19, '2', 0, '', '', '', 0, '2008-01-01 00:00:00', '2008-01-01 00:00:00'),
(227, 19, '2', 0, '', '', '', 0, '2008-01-01 00:00:00', '2008-01-01 00:00:00'),
(228, 19, '2', 0, '', '', '', 0, '2008-01-01 00:00:00', '2008-01-01 00:00:00'),
(229, 19, '2', 0, '', '', '', 0, '2008-01-01 00:00:00', '2008-01-01 00:00:00'),
(230, 19, '2', 0, '', '', '', 0, '2008-01-01 00:00:00', '2008-01-01 00:00:00'),
(231, 19, '2', 0, '', '', '', 0, '2008-01-01 00:00:00', '2008-01-01 00:00:00'),
(232, 19, '2', 0, '', '', '', 0, '2008-01-01 00:00:00', '2008-01-01 00:00:00'),
(233, 20, '2', 0, '', '', '', 0, '2008-01-01 00:00:00', '2008-01-01 00:00:00'),
(234, 20, '2', 0, '', '', '', 0, '2008-01-01 00:00:00', '2008-01-01 00:00:00'),
(235, 20, '2', 0, '', '', '', 0, '2008-01-01 00:00:00', '2008-01-01 00:00:00'),
(236, 20, '2', 0, '', '', '', 0, '2008-01-01 00:00:00', '2008-01-01 00:00:00'),
(237, 20, '2', 0, '', '', '', 0, '2008-01-01 00:00:00', '2008-01-01 00:00:00'),
(238, 20, '2', 0, '', '', '', 0, '2008-01-01 00:00:00', '2008-01-01 00:00:00'),
(239, 20, '2', 0, '', '', '', 0, '2008-01-01 00:00:00', '2008-01-01 00:00:00'),
(240, 20, '2', 0, '', '', '', 0, '2008-01-01 00:00:00', '2008-01-01 00:00:00'),
(241, 20, '2', 0, '', '', '', 0, '2008-01-01 00:00:00', '2008-01-01 00:00:00'),
(242, 20, '2', 0, '', '', '', 0, '2008-01-01 00:00:00', '2008-01-01 00:00:00'),
(243, 20, '2', 0, '', '', '', 0, '2008-01-01 00:00:00', '2008-01-01 00:00:00'),
(244, 20, '2', 0, '', '', '', 0, '2008-01-01 00:00:00', '2008-01-01 00:00:00'),
(245, 20, '2', 0, '', '', '', 0, '2008-01-01 00:00:00', '2008-01-01 00:00:00'),
(246, 20, '2', 0, '', '', '', 0, '2008-01-01 00:00:00', '2008-01-01 00:00:00'),
(247, 20, '2', 0, '', '', '', 0, '2008-01-01 00:00:00', '2008-01-01 00:00:00'),
(248, 20, '2', 0, '', '', '', 0, '2008-01-01 00:00:00', '2008-01-01 00:00:00'),
(249, 20, '2', 0, '', '', '', 0, '2008-01-01 00:00:00', '2008-01-01 00:00:00'),
(250, 20, '2', 0, '', '', '', 0, '2008-01-01 00:00:00', '2008-01-01 00:00:00'),
(251, 20, '2', 0, '', '', '', 0, '2008-01-01 00:00:00', '2008-01-01 00:00:00'),
(252, 20, '2', 0, '', '', '', 0, '2008-01-01 00:00:00', '2008-01-01 00:00:00'),
(253, 20, '2', 0, '', '', '', 0, '2008-01-01 00:00:00', '2008-01-01 00:00:00'),
(254, 21, '2', 0, '', '', '', 0, '2008-01-01 00:00:00', '2008-01-01 00:00:00'),
(255, 21, '2', 0, '', '', '', 0, '2008-01-01 00:00:00', '2008-01-01 00:00:00'),
(256, 21, '2', 0, '', '', '', 0, '2008-01-01 00:00:00', '2008-01-01 00:00:00'),
(257, 21, '2', 0, '', '', '', 0, '2008-01-01 00:00:00', '2008-01-01 00:00:00'),
(258, 21, '2', 0, '', '', '', 0, '2008-01-01 00:00:00', '2008-01-01 00:00:00'),
(259, 21, '2', 0, '', '', '', 0, '2008-01-01 00:00:00', '2008-01-01 00:00:00'),
(260, 21, '2', 0, '', '', '', 0, '2008-01-01 00:00:00', '2008-01-01 00:00:00'),
(261, 21, '2', 0, '', '', '', 0, '2008-01-01 00:00:00', '2008-01-01 00:00:00'),
(262, 21, '2', 0, '', '', '', 0, '2008-01-01 00:00:00', '2008-01-01 00:00:00'),
(263, 21, '2', 0, '', '', '', 0, '2008-01-01 00:00:00', '2008-01-01 00:00:00'),
(264, 21, '2', 0, '', '', '', 0, '2008-01-01 00:00:00', '2008-01-01 00:00:00'),
(265, 21, '2', 0, '', '', '', 0, '2008-01-01 00:00:00', '2008-01-01 00:00:00'),
(266, 21, '2', 0, '', '', '', 0, '2008-01-01 00:00:00', '2008-01-01 00:00:00'),
(267, 21, '2', 0, '', '', '', 0, '2008-01-01 00:00:00', '2008-01-01 00:00:00'),
(268, 22, '2', 0, '', '', '', 0, '2008-01-01 00:00:00', '2008-01-01 00:00:00'),
(269, 22, '2', 0, '', '', '', 0, '2008-01-01 00:00:00', '2008-01-01 00:00:00'),
(270, 22, '2', 0, '', '', '', 0, '2008-01-01 00:00:00', '2008-01-01 00:00:00'),
(271, 23, '2', 0, '', '', '', 0, '2008-01-01 00:00:00', '2008-01-01 00:00:00'),
(272, 24, '2', 0, '', '', '', 0, '2008-01-01 00:00:00', '2008-01-01 00:00:00'),
(273, 24, '2', 0, '', '', '', 0, '2008-01-01 00:00:00', '2008-01-01 00:00:00'),
(274, 24, '2', 0, '', '', '', 0, '2008-01-01 00:00:00', '2008-01-01 00:00:00'),
(275, 24, '2', 0, '', '', '', 0, '2008-01-01 00:00:00', '2008-01-01 00:00:00'),
(276, 24, '2', 0, '', '', '', 0, '2008-01-01 00:00:00', '2008-01-01 00:00:00'),
(277, 24, '2', 0, '', '', '', 0, '2008-01-01 00:00:00', '2008-01-01 00:00:00'),
(278, 24, '2', 0, '', '', '', 0, '2008-01-01 00:00:00', '2008-01-01 00:00:00'),
(279, 24, '2', 0, '', '', '', 0, '2008-01-01 00:00:00', '2008-01-01 00:00:00'),
(280, 24, '2', 0, '', '', '', 0, '2008-01-01 00:00:00', '2008-01-01 00:00:00'),
(281, 24, '2', 0, '', '', '', 0, '2008-01-01 00:00:00', '2008-01-01 00:00:00'),
(282, 24, '2', 0, '', '', '', 0, '2008-01-01 00:00:00', '2008-01-01 00:00:00'),
(283, 24, '2', 0, '', '', '', 0, '2008-01-01 00:00:00', '2008-01-01 00:00:00'),
(284, 24, '2', 0, '', '', '', 0, '2008-01-01 00:00:00', '2008-01-01 00:00:00'),
(285, 24, '2', 0, '', '', '', 0, '2008-01-01 00:00:00', '2008-01-01 00:00:00'),
(286, 24, '2', 0, '', '', '', 0, '2008-01-01 00:00:00', '2008-01-01 00:00:00'),
(287, 24, '2', 0, '', '', '', 0, '2008-01-01 00:00:00', '2008-01-01 00:00:00'),
(288, 24, '2', 0, '', '', '', 0, '2008-01-01 00:00:00', '2008-01-01 00:00:00'),
(289, 24, '2', 0, '', '', '', 0, '2008-01-01 00:00:00', '2008-01-01 00:00:00'),
(290, 24, '2', 0, '', '', '', 0, '2008-01-01 00:00:00', '2008-01-01 00:00:00'),
(291, 24, '2', 0, '', '', '', 0, '2008-01-01 00:00:00', '2008-01-01 00:00:00'),
(292, 24, '2', 0, '', '', '', 0, '2008-01-01 00:00:00', '2008-01-01 00:00:00'),
(293, 25, '2', 0, '', '', '', 0, '2008-01-01 00:00:00', '2008-01-01 00:00:00'),
(294, 25, '2', 0, '', '', '', 0, '2008-01-01 00:00:00', '2008-01-01 00:00:00'),
(295, 25, '2', 0, '', '', '', 0, '2008-01-01 00:00:00', '2008-01-01 00:00:00'),
(296, 25, '2', 0, '', '', '', 0, '2008-01-01 00:00:00', '2008-01-01 00:00:00'),
(297, 25, '2', 0, '', '', '', 0, '2008-01-01 00:00:00', '2008-01-01 00:00:00'),
(298, 25, '2', 0, '', '', '', 0, '2008-01-01 00:00:00', '2008-01-01 00:00:00'),
(299, 25, '2', 0, '', '', '', 0, '2008-01-01 00:00:00', '2008-01-01 00:00:00'),
(300, 25, '2', 0, '', '', '', 0, '2008-01-01 00:00:00', '2008-01-01 00:00:00'),
(301, 25, '2', 0, '', '', '', 0, '2008-01-01 00:00:00', '2008-01-01 00:00:00'),
(302, 26, '2', 0, '', '', '', 0, '2008-01-01 00:00:00', '2008-01-01 00:00:00'),
(303, 26, '2', 0, '', '', '', 0, '2008-01-01 00:00:00', '2008-01-01 00:00:00'),
(304, 26, '2', 0, '', '', '', 0, '2008-01-01 00:00:00', '2008-01-01 00:00:00'),
(305, 26, '2', 0, '', '', '', 0, '2008-01-01 00:00:00', '2008-01-01 00:00:00'),
(306, 26, '2', 0, '', '', '', 0, '2008-01-01 00:00:00', '2008-01-01 00:00:00'),
(307, 26, '2', 0, '', '', '', 0, '2008-01-01 00:00:00', '2008-01-01 00:00:00'),
(308, 26, '2', 0, '', '', '', 0, '2008-01-01 00:00:00', '2008-01-01 00:00:00'),
(309, 26, '2', 0, '', '', '', 0, '2008-01-01 00:00:00', '2008-01-01 00:00:00'),
(310, 26, '2', 0, '', '', '', 0, '2008-01-01 00:00:00', '2008-01-01 00:00:00'),
(311, 26, '2', 0, '', '', '', 0, '2008-01-01 00:00:00', '2008-01-01 00:00:00'),
(312, 26, '2', 0, '', '', '', 0, '2008-01-01 00:00:00', '2008-01-01 00:00:00'),
(313, 26, '2', 0, '', '', '', 0, '2008-01-01 00:00:00', '2008-01-01 00:00:00'),
(314, 26, '2', 0, '', '', '', 0, '2008-01-01 00:00:00', '2008-01-01 00:00:00'),
(315, 26, '2', 0, '', '', '', 0, '2008-01-01 00:00:00', '2008-01-01 00:00:00'),
(316, 26, '2', 0, '', '', '', 0, '2008-01-01 00:00:00', '2008-01-01 00:00:00'),
(317, 26, '2', 0, '', '', '', 0, '2008-01-01 00:00:00', '2008-01-01 00:00:00'),
(318, 27, '2', 0, '', '', '', 0, '2008-01-01 00:00:00', '2008-01-01 00:00:00'),
(319, 27, '2', 0, '', '', '', 0, '2008-01-01 00:00:00', '2008-01-01 00:00:00'),
(320, 27, '2', 0, '', '', '', 0, '2008-01-01 00:00:00', '2008-01-01 00:00:00'),
(321, 27, '2', 0, '', '', '', 0, '2008-01-01 00:00:00', '2008-01-01 00:00:00'),
(322, 27, '2', 0, '', '', '', 0, '2008-01-01 00:00:00', '2008-01-01 00:00:00'),
(323, 27, '2', 0, '', '', '', 0, '2008-01-01 00:00:00', '2008-01-01 00:00:00'),
(324, 27, '2', 0, '', '', '', 0, '2008-01-01 00:00:00', '2008-01-01 00:00:00'),
(325, 28, '2', 0, '', '', '', 0, '2008-01-01 00:00:00', '2008-01-01 00:00:00'),
(326, 28, '2', 0, '', '', '', 0, '2008-01-01 00:00:00', '2008-01-01 00:00:00'),
(327, 28, '2', 0, '', '', '', 0, '2008-01-01 00:00:00', '2008-01-01 00:00:00'),
(328, 28, '2', 0, '', '', '', 0, '2008-01-01 00:00:00', '2008-01-01 00:00:00'),
(329, 28, '2', 0, '', '', '', 0, '2008-01-01 00:00:00', '2008-01-01 00:00:00'),
(330, 28, '2', 0, '', '', '', 0, '2008-01-01 00:00:00', '2008-01-01 00:00:00'),
(331, 28, '2', 0, '', '', '', 0, '2008-01-01 00:00:00', '2008-01-01 00:00:00'),
(332, 28, '2', 0, '', '', '', 0, '2008-01-01 00:00:00', '2008-01-01 00:00:00'),
(333, 28, '2', 0, '', '', '', 0, '2008-01-01 00:00:00', '2008-01-01 00:00:00'),
(334, 28, '2', 0, '', '', '', 0, '2008-01-01 00:00:00', '2008-01-01 00:00:00'),
(335, 29, '2', 0, '', '', '', 0, '2008-01-01 00:00:00', '2008-01-01 00:00:00'),
(336, 29, '2', 0, '', '', '', 0, '2008-01-01 00:00:00', '2008-01-01 00:00:00'),
(337, 29, '2', 0, '', '', '', 0, '2008-01-01 00:00:00', '2008-01-01 00:00:00'),
(338, 29, '2', 0, '', '', '', 0, '2008-01-01 00:00:00', '2008-01-01 00:00:00'),
(339, 29, '2', 0, '', '', '', 0, '2008-01-01 00:00:00', '2008-01-01 00:00:00'),
(340, 29, '2', 0, '', '', '', 0, '2008-01-01 00:00:00', '2008-01-01 00:00:00'),
(341, 29, '2', 0, '', '', '', 0, '2008-01-01 00:00:00', '2008-01-01 00:00:00'),
(342, 29, '2', 0, '', '', '', 0, '2008-01-01 00:00:00', '2008-01-01 00:00:00'),
(343, 29, '2', 0, '', '', '', 0, '2008-01-01 00:00:00', '2008-01-01 00:00:00'),
(344, 29, '2', 0, '', '', '', 0, '2008-01-01 00:00:00', '2008-01-01 00:00:00'),
(345, 29, '2', 0, '', '', '', 0, '2008-01-01 00:00:00', '2008-01-01 00:00:00'),
(346, 29, '2', 0, '', '', '', 0, '2008-01-01 00:00:00', '2008-01-01 00:00:00'),
(347, 29, '2', 0, '', '', '', 0, '2008-01-01 00:00:00', '2008-01-01 00:00:00'),
(348, 29, '2', 0, '', '', '', 0, '2008-01-01 00:00:00', '2008-01-01 00:00:00'),
(349, 30, '2', 0, '', '', '', 0, '2008-01-01 00:00:00', '2008-01-01 00:00:00'),
(350, 30, '2', 0, '', '', '', 0, '2008-01-01 00:00:00', '2008-01-01 00:00:00'),
(351, 30, '2', 0, '', '', '', 0, '2008-01-01 00:00:00', '2008-01-01 00:00:00'),
(352, 30, '2', 0, '', '', '', 0, '2008-01-01 00:00:00', '2008-01-01 00:00:00'),
(353, 30, '2', 0, '', '', '', 0, '2008-01-01 00:00:00', '2008-01-01 00:00:00'),
(354, 30, '2', 0, '', '', '', 0, '2008-01-01 00:00:00', '2008-01-01 00:00:00'),
(355, 30, '2', 0, '', '', '', 0, '2008-01-01 00:00:00', '2008-01-01 00:00:00'),
(356, 30, '2', 0, '', '', '', 0, '2008-01-01 00:00:00', '2008-01-01 00:00:00'),
(357, 31, '2', 0, '', '', '', 0, '2008-01-01 00:00:00', '2008-01-01 00:00:00'),
(358, 31, '2', 0, '', '', '', 0, '2008-01-01 00:00:00', '2008-01-01 00:00:00'),
(359, 31, '2', 0, '', '', '', 0, '2008-01-01 00:00:00', '2008-01-01 00:00:00'),
(360, 31, '2', 0, '', '', '', 0, '2008-01-01 00:00:00', '2008-01-01 00:00:00'),
(361, 31, '2', 0, '', '', '', 0, '2008-01-01 00:00:00', '2008-01-01 00:00:00'),
(362, 32, '2', 0, '', '', '', 0, '2008-01-01 00:00:00', '2008-01-01 00:00:00'),
(363, 32, '2', 0, '', '', '', 0, '2008-01-01 00:00:00', '2008-01-01 00:00:00'),
(364, 32, '2', 0, '', '', '', 0, '2008-01-01 00:00:00', '2008-01-01 00:00:00'),
(365, 32, '2', 0, '', '', '', 0, '2008-01-01 00:00:00', '2008-01-01 00:00:00'),
(366, 32, '2', 0, '', '', '', 0, '2008-01-01 00:00:00', '2008-01-01 00:00:00'),
(367, 32, '2', 0, '', '', '', 0, '2008-01-01 00:00:00', '2008-01-01 00:00:00'),
(368, 32, '2', 0, '', '', '', 0, '2008-01-01 00:00:00', '2008-01-01 00:00:00'),
(369, 32, '2', 0, '', '', '', 0, '2008-01-01 00:00:00', '2008-01-01 00:00:00'),
(370, 32, '2', 0, '', '', '', 0, '2008-01-01 00:00:00', '2008-01-01 00:00:00'),
(371, 32, '2', 0, '', '', '', 0, '2008-01-01 00:00:00', '2008-01-01 00:00:00'),
(372, 32, '2', 0, '', '', '', 0, '2008-01-01 00:00:00', '2008-01-01 00:00:00'),
(373, 32, '2', 0, '', '', '', 0, '2008-01-01 00:00:00', '2008-01-01 00:00:00'),
(374, 32, '2', 0, '', '', '', 0, '2008-01-01 00:00:00', '2008-01-01 00:00:00'),
(375, 32, '2', 0, '', '', '', 0, '2008-01-01 00:00:00', '2008-01-01 00:00:00'),
(376, 33, '2', 0, '', '', '', 0, '2008-01-01 00:00:00', '2008-01-01 00:00:00'),
(377, 33, '2', 0, '', '', '', 0, '2008-01-01 00:00:00', '2008-01-01 00:00:00'),
(378, 33, '2', 0, '', '', '', 0, '2008-01-01 00:00:00', '2008-01-01 00:00:00'),
(379, 33, '2', 0, '', '', '', 0, '2008-01-01 00:00:00', '2008-01-01 00:00:00'),
(380, 33, '2', 0, '', '', '', 0, '2008-01-01 00:00:00', '2008-01-01 00:00:00'),
(381, 33, '2', 0, '', '', '', 0, '2008-01-01 00:00:00', '2008-01-01 00:00:00'),
(382, 33, '2', 0, '', '', '', 0, '2008-01-01 00:00:00', '2008-01-01 00:00:00'),
(383, 33, '2', 0, '', '', '', 0, '2008-01-01 00:00:00', '2008-01-01 00:00:00'),
(384, 33, '2', 0, '', '', '', 0, '2008-01-01 00:00:00', '2008-01-01 00:00:00'),
(385, 33, '2', 0, '', '', '', 0, '2008-01-01 00:00:00', '2008-01-01 00:00:00'),
(386, 33, '2', 0, '', '', '', 0, '2008-01-01 00:00:00', '2008-01-01 00:00:00'),
(387, 33, '2', 0, '', '', '', 0, '2008-01-01 00:00:00', '2008-01-01 00:00:00'),
(388, 33, '2', 0, '', '', '', 0, '2008-01-01 00:00:00', '2008-01-01 00:00:00'),
(389, 33, '2', 0, '', '', '', 0, '2008-01-01 00:00:00', '2008-01-01 00:00:00'),
(390, 33, '2', 0, '', '', '', 0, '2008-01-01 00:00:00', '2008-01-01 00:00:00'),
(391, 33, '2', 0, '', '', '', 0, '2008-01-01 00:00:00', '2008-01-01 00:00:00'),
(392, 33, '2', 0, '', '', '', 0, '2008-01-01 00:00:00', '2008-01-01 00:00:00'),
(393, 33, '2', 0, '', '', '', 0, '2008-01-01 00:00:00', '2008-01-01 00:00:00'),
(394, 34, '2', 0, '', '', '', 0, '2008-01-01 00:00:00', '2008-01-01 00:00:00'),
(395, 34, '2', 0, '', '', '', 0, '2008-01-01 00:00:00', '2008-01-01 00:00:00'),
(396, 34, '2', 0, '', '', '', 0, '2008-01-01 00:00:00', '2008-01-01 00:00:00'),
(397, 34, '2', 0, '', '', '', 0, '2008-01-01 00:00:00', '2008-01-01 00:00:00'),
(398, 34, '2', 0, '', '', '', 0, '2008-01-01 00:00:00', '2008-01-01 00:00:00'),
(399, 34, '2', 0, '', '', '', 0, '2008-01-01 00:00:00', '2008-01-01 00:00:00'),
(400, 34, '2', 0, '', '', '', 0, '2008-01-01 00:00:00', '2008-01-01 00:00:00'),
(401, 34, '2', 0, '', '', '', 0, '2008-01-01 00:00:00', '2008-01-01 00:00:00'),
(402, 34, '2', 0, '', '', '', 0, '2008-01-01 00:00:00', '2008-01-01 00:00:00'),
(403, 34, '2', 0, '', '', '', 0, '2008-01-01 00:00:00', '2008-01-01 00:00:00'),
(404, 34, '2', 0, '', '', '', 0, '2008-01-01 00:00:00', '2008-01-01 00:00:00'),
(405, 34, '2', 0, '', '', '', 0, '2008-01-01 00:00:00', '2008-01-01 00:00:00'),
(406, 34, '2', 0, '', '', '', 0, '2008-01-01 00:00:00', '2008-01-01 00:00:00'),
(407, 34, '2', 0, '', '', '', 0, '2008-01-01 00:00:00', '2008-01-01 00:00:00'),
(408, 34, '2', 0, '', '', '', 0, '2008-01-01 00:00:00', '2008-01-01 00:00:00'),
(409, 34, '2', 0, '', '', '', 0, '2008-01-01 00:00:00', '2008-01-01 00:00:00'),
(410, 34, '2', 0, '', '', '', 0, '2008-01-01 00:00:00', '2008-01-01 00:00:00'),
(411, 34, '2', 0, '', '', '', 0, '2008-01-01 00:00:00', '2008-01-01 00:00:00'),
(412, 34, '2', 0, '', '', '', 0, '2008-01-01 00:00:00', '2008-01-01 00:00:00'),
(413, 34, '2', 0, '', '', '', 0, '2008-01-01 00:00:00', '2008-01-01 00:00:00'),
(414, 34, '2', 0, '', '', '', 0, '2008-01-01 00:00:00', '2008-01-01 00:00:00'),
(415, 34, '2', 0, '', '', '', 0, '2008-01-01 00:00:00', '2008-01-01 00:00:00'),
(416, 34, '2', 0, '', '', '', 0, '2008-01-01 00:00:00', '2008-01-01 00:00:00'),
(417, 35, '2', 0, '', '', '', 0, '2008-01-01 00:00:00', '2008-01-01 00:00:00'),
(418, 35, '2', 0, '', '', '', 0, '2008-01-01 00:00:00', '2008-01-01 00:00:00'),
(425, 0, '2', 0, '', '', '', 0, '2009-03-23 07:29:26', '2009-03-23 07:29:26');

--
-- 导出表中的数据 'svcart_region_i18ns'
--

INSERT INTO svcart_region_i18ns (id, locale, region_id, name, description, created, modified) VALUES
(1, 'chi', 179, '济宁', '', '2008-01-01 00:00:00', '2008-01-01 00:00:00'),
(2, 'chi', 180, '泰安', '', '2008-01-01 00:00:00', '2008-01-01 00:00:00'),
(3, 'chi', 181, '威海', '', '2008-01-01 00:00:00', '2008-01-01 00:00:00'),
(4, 'chi', 182, '日照', '', '2008-01-01 00:00:00', '2008-01-01 00:00:00'),
(5, 'chi', 183, '莱芜', '', '2008-01-01 00:00:00', '2008-01-01 00:00:00'),
(6, 'chi', 184, '临沂', '', '2008-01-01 00:00:00', '2008-01-01 00:00:00'),
(7, 'chi', 185, '德州', '', '2008-01-01 00:00:00', '2008-01-01 00:00:00'),
(8, 'chi', 186, '聊城', '', '2008-01-01 00:00:00', '2008-01-01 00:00:00'),
(9, 'chi', 187, '滨州', '', '2008-01-01 00:00:00', '2008-01-01 00:00:00'),
(10, 'chi', 188, '荷泽', '', '2008-01-01 00:00:00', '2008-01-01 00:00:00'),
(11, 'chi', 189, '郑州', '', '2008-01-01 00:00:00', '2008-01-01 00:00:00'),
(12, 'chi', 190, '开封', '', '2008-01-01 00:00:00', '2008-01-01 00:00:00'),
(13, 'chi', 191, '洛阳', '', '2008-01-01 00:00:00', '2008-01-01 00:00:00'),
(14, 'chi', 192, '平顶山', '', '2008-01-01 00:00:00', '2008-01-01 00:00:00'),
(15, 'chi', 193, '焦作', '', '2008-01-01 00:00:00', '2008-01-01 00:00:00'),
(16, 'chi', 194, '鹤壁', '', '2008-01-01 00:00:00', '2008-01-01 00:00:00'),
(17, 'chi', 195, '新乡', '', '2008-01-01 00:00:00', '2008-01-01 00:00:00'),
(18, 'chi', 196, '安阳', '', '2008-01-01 00:00:00', '2008-01-01 00:00:00'),
(19, 'chi', 197, '濮阳', '', '2008-01-01 00:00:00', '2008-01-01 00:00:00'),
(20, 'chi', 198, '许昌', '', '2008-01-01 00:00:00', '2008-01-01 00:00:00'),
(21, 'chi', 199, '漯河', '', '2008-01-01 00:00:00', '2008-01-01 00:00:00'),
(22, 'chi', 200, '三门峡', '', '2008-01-01 00:00:00', '2008-01-01 00:00:00'),
(23, 'chi', 201, '南阳', '', '2008-01-01 00:00:00', '2008-01-01 00:00:00'),
(24, 'chi', 202, '商丘', '', '2008-01-01 00:00:00', '2008-01-01 00:00:00'),
(25, 'chi', 203, '信阳', '', '2008-01-01 00:00:00', '2008-01-01 00:00:00'),
(26, 'chi', 204, '周口', '', '2008-01-01 00:00:00', '2008-01-01 00:00:00'),
(27, 'chi', 205, '驻马店', '', '2008-01-01 00:00:00', '2008-01-01 00:00:00'),
(28, 'chi', 206, '武汉', '', '2008-01-01 00:00:00', '2008-01-01 00:00:00'),
(29, 'chi', 207, '黄石', '', '2008-01-01 00:00:00', '2008-01-01 00:00:00'),
(30, 'chi', 209, '十堰', '', '2008-01-01 00:00:00', '2008-01-01 00:00:00'),
(31, 'chi', 208, '襄樊', '', '2008-01-01 00:00:00', '2008-01-01 00:00:00'),
(32, 'chi', 396, '基隆市', '', '2008-01-01 00:00:00', '2008-01-01 00:00:00'),
(33, 'chi', 395, '高雄市', '', '2008-01-01 00:00:00', '2008-01-01 00:00:00'),
(34, 'chi', 394, '台北市', '', '2008-01-01 00:00:00', '2008-01-01 00:00:00'),
(35, 'chi', 393, '元朗区', '', '2008-01-01 00:00:00', '2008-01-01 00:00:00'),
(36, 'chi', 392, '荃湾区', '', '2008-01-01 00:00:00', '2008-01-01 00:00:00'),
(37, 'chi', 391, '大埔区', '', '2008-01-01 00:00:00', '2008-01-01 00:00:00'),
(38, 'chi', 390, '屯门区', '', '2008-01-01 00:00:00', '2008-01-01 00:00:00'),
(39, 'chi', 389, '沙田区', '', '2008-01-01 00:00:00', '2008-01-01 00:00:00'),
(40, 'chi', 388, '西贡区', '', '2008-01-01 00:00:00', '2008-01-01 00:00:00'),
(41, 'chi', 387, '北区', '', '2008-01-01 00:00:00', '2008-01-01 00:00:00'),
(42, 'chi', 386, '葵青区', '', '2008-01-01 00:00:00', '2008-01-01 00:00:00'),
(43, 'chi', 385, '离岛区', '', '2008-01-01 00:00:00', '2008-01-01 00:00:00'),
(44, 'chi', 384, '油尖旺区', '', '2008-01-01 00:00:00', '2008-01-01 00:00:00'),
(45, 'chi', 383, '湾仔区', '', '2008-01-01 00:00:00', '2008-01-01 00:00:00'),
(46, 'chi', 382, '黄大仙区', '', '2008-01-01 00:00:00', '2008-01-01 00:00:00'),
(47, 'chi', 381, '深水埗区', '', '2008-01-01 00:00:00', '2008-01-01 00:00:00'),
(48, 'chi', 380, '南区', '', '2008-01-01 00:00:00', '2008-01-01 00:00:00'),
(49, 'chi', 379, '观塘区', '', '2008-01-01 00:00:00', '2008-01-01 00:00:00'),
(50, 'chi', 378, '九龙城区', '', '2008-01-01 00:00:00', '2008-01-01 00:00:00'),
(51, 'chi', 377, '东区', '', '2008-01-01 00:00:00', '2008-01-01 00:00:00'),
(52, 'chi', 376, '中西区', '', '2008-01-01 00:00:00', '2008-01-01 00:00:00'),
(53, 'chi', 375, '阿勒泰', '', '2008-01-01 00:00:00', '2008-01-01 00:00:00'),
(54, 'chi', 374, '塔城', '', '2008-01-01 00:00:00', '2008-01-01 00:00:00'),
(55, 'chi', 373, '伊犁', '', '2008-01-01 00:00:00', '2008-01-01 00:00:00'),
(56, 'chi', 372, '博尔塔拉', '', '2008-01-01 00:00:00', '2008-01-01 00:00:00'),
(57, 'chi', 371, '昌吉', '', '2008-01-01 00:00:00', '2008-01-01 00:00:00'),
(58, 'chi', 370, '巴音郭楞', '', '2008-01-01 00:00:00', '2008-01-01 00:00:00'),
(59, 'chi', 369, '克孜勒苏', '', '2008-01-01 00:00:00', '2008-01-01 00:00:00'),
(60, 'chi', 368, '喀什', '', '2008-01-01 00:00:00', '2008-01-01 00:00:00'),
(61, 'chi', 367, '阿克苏地区', '', '2008-01-01 00:00:00', '2008-01-01 00:00:00'),
(62, 'chi', 366, '和田', '', '2008-01-01 00:00:00', '2008-01-01 00:00:00'),
(63, 'chi', 365, '哈密', '', '2008-01-01 00:00:00', '2008-01-01 00:00:00'),
(64, 'chi', 364, '吐露番', '', '2008-01-01 00:00:00', '2008-01-01 00:00:00'),
(65, 'chi', 363, '克拉玛依', '', '2008-01-01 00:00:00', '2008-01-01 00:00:00'),
(66, 'chi', 362, '乌鲁木齐', '', '2008-01-01 00:00:00', '2008-01-01 00:00:00'),
(67, 'chi', 361, '中卫市', '', '2008-01-01 00:00:00', '2008-01-01 00:00:00'),
(68, 'chi', 360, '固原', '', '2008-01-01 00:00:00', '2008-01-01 00:00:00'),
(69, 'chi', 359, '吴忠', '', '2008-01-01 00:00:00', '2008-01-01 00:00:00'),
(70, 'chi', 358, '石嘴山', '', '2008-01-01 00:00:00', '2008-01-01 00:00:00'),
(71, 'chi', 357, '银川', '', '2008-01-01 00:00:00', '2008-01-01 00:00:00'),
(72, 'chi', 356, '海西', '', '2008-01-01 00:00:00', '2008-01-01 00:00:00'),
(73, 'chi', 355, '玉树', '', '2008-01-01 00:00:00', '2008-01-01 00:00:00'),
(74, 'chi', 354, '果洛', '', '2008-01-01 00:00:00', '2008-01-01 00:00:00'),
(75, 'chi', 353, '海南', '', '2008-01-01 00:00:00', '2008-01-01 00:00:00'),
(76, 'chi', 352, '黄南', '', '2008-01-01 00:00:00', '2008-01-01 00:00:00'),
(77, 'chi', 351, '海北', '', '2008-01-01 00:00:00', '2008-01-01 00:00:00'),
(78, 'chi', 350, '海东', '', '2008-01-01 00:00:00', '2008-01-01 00:00:00'),
(79, 'chi', 349, '西宁', '', '2008-01-01 00:00:00', '2008-01-01 00:00:00'),
(80, 'chi', 348, '甘南', '', '2008-01-01 00:00:00', '2008-01-01 00:00:00'),
(81, 'chi', 347, '临夏', '', '2008-01-01 00:00:00', '2008-01-01 00:00:00'),
(82, 'chi', 346, '陇南', '', '2008-01-01 00:00:00', '2008-01-01 00:00:00'),
(83, 'chi', 345, '定西', '', '2008-01-01 00:00:00', '2008-01-01 00:00:00'),
(84, 'chi', 344, '庆阳', '', '2008-01-01 00:00:00', '2008-01-01 00:00:00'),
(85, 'chi', 343, '酒泉', '', '2008-01-01 00:00:00', '2008-01-01 00:00:00'),
(86, 'chi', 342, '平凉', '', '2008-01-01 00:00:00', '2008-01-01 00:00:00'),
(87, 'chi', 341, '张掖', '', '2008-01-01 00:00:00', '2008-01-01 00:00:00'),
(88, 'chi', 340, '武威', '', '2008-01-01 00:00:00', '2008-01-01 00:00:00'),
(89, 'chi', 339, '天水', '', '2008-01-01 00:00:00', '2008-01-01 00:00:00'),
(90, 'chi', 338, '白银', '', '2008-01-01 00:00:00', '2008-01-01 00:00:00'),
(91, 'chi', 337, '金昌', '', '2008-01-01 00:00:00', '2008-01-01 00:00:00'),
(92, 'chi', 336, '嘉峪关', '', '2008-01-01 00:00:00', '2008-01-01 00:00:00'),
(93, 'chi', 335, '兰州', '', '2008-01-01 00:00:00', '2008-01-01 00:00:00'),
(94, 'chi', 334, '商洛', '', '2008-01-01 00:00:00', '2008-01-01 00:00:00'),
(95, 'chi', 333, '安康', '', '2008-01-01 00:00:00', '2008-01-01 00:00:00'),
(96, 'chi', 332, '榆林', '', '2008-01-01 00:00:00', '2008-01-01 00:00:00'),
(97, 'chi', 331, '汉中', '', '2008-01-01 00:00:00', '2008-01-01 00:00:00'),
(98, 'chi', 330, '延安', '', '2008-01-01 00:00:00', '2008-01-01 00:00:00'),
(99, 'chi', 329, '渭南', '', '2008-01-01 00:00:00', '2008-01-01 00:00:00'),
(100, 'chi', 328, '咸阳', '', '2008-01-01 00:00:00', '2008-01-01 00:00:00'),
(101, 'chi', 327, '宝鸡', '', '2008-01-01 00:00:00', '2008-01-01 00:00:00'),
(102, 'chi', 326, '铜川', '', '2008-01-01 00:00:00', '2008-01-01 00:00:00'),
(103, 'chi', 325, '西安', '', '2008-01-01 00:00:00', '2008-01-01 00:00:00'),
(104, 'chi', 324, '林芝', '', '2008-01-01 00:00:00', '2008-01-01 00:00:00'),
(105, 'chi', 323, '阿里', '', '2008-01-01 00:00:00', '2008-01-01 00:00:00'),
(106, 'chi', 322, '那曲', '', '2008-01-01 00:00:00', '2008-01-01 00:00:00'),
(107, 'chi', 321, '日喀则', '', '2008-01-01 00:00:00', '2008-01-01 00:00:00'),
(108, 'chi', 320, '山南', '', '2008-01-01 00:00:00', '2008-01-01 00:00:00'),
(109, 'chi', 319, '昌都', '', '2008-01-01 00:00:00', '2008-01-01 00:00:00'),
(110, 'chi', 318, '拉萨', '', '2008-01-01 00:00:00', '2008-01-01 00:00:00'),
(111, 'chi', 317, '迪庆', '', '2008-01-01 00:00:00', '2008-01-01 00:00:00'),
(112, 'chi', 316, '怒江', '', '2008-01-01 00:00:00', '2008-01-01 00:00:00'),
(113, 'chi', 315, '德宏', '', '2008-01-01 00:00:00', '2008-01-01 00:00:00'),
(114, 'chi', 314, '大理', '', '2008-01-01 00:00:00', '2008-01-01 00:00:00'),
(115, 'chi', 313, '楚雄', '', '2008-01-01 00:00:00', '2008-01-01 00:00:00'),
(116, 'chi', 312, '西双版纳', '', '2008-01-01 00:00:00', '2008-01-01 00:00:00'),
(117, 'chi', 311, '红河', '', '2008-01-01 00:00:00', '2008-01-01 00:00:00'),
(118, 'chi', 310, '文山', '', '2008-01-01 00:00:00', '2008-01-01 00:00:00'),
(119, 'chi', 309, '临沧', '', '2008-01-01 00:00:00', '2008-01-01 00:00:00'),
(120, 'chi', 308, '思茅', '', '2008-01-01 00:00:00', '2008-01-01 00:00:00'),
(121, 'chi', 307, '丽江', '', '2008-01-01 00:00:00', '2008-01-01 00:00:00'),
(122, 'chi', 306, '昭通', '', '2008-01-01 00:00:00', '2008-01-01 00:00:00'),
(123, 'chi', 305, '保山', '', '2008-01-01 00:00:00', '2008-01-01 00:00:00'),
(124, 'chi', 304, '玉溪', '', '2008-01-01 00:00:00', '2008-01-01 00:00:00'),
(125, 'chi', 303, '曲靖', '', '2008-01-01 00:00:00', '2008-01-01 00:00:00'),
(126, 'chi', 302, '昆明', '', '2008-01-01 00:00:00', '2008-01-01 00:00:00'),
(127, 'chi', 301, '黔南', '', '2008-01-01 00:00:00', '2008-01-01 00:00:00'),
(128, 'chi', 300, '黔东南', '', '2008-01-01 00:00:00', '2008-01-01 00:00:00'),
(129, 'chi', 299, '黔西南', '', '2008-01-01 00:00:00', '2008-01-01 00:00:00'),
(130, 'chi', 298, '毕节', '', '2008-01-01 00:00:00', '2008-01-01 00:00:00'),
(131, 'chi', 297, '铜仁', '', '2008-01-01 00:00:00', '2008-01-01 00:00:00'),
(132, 'chi', 296, '安顺', '', '2008-01-01 00:00:00', '2008-01-01 00:00:00'),
(133, 'chi', 295, '遵义', '', '2008-01-01 00:00:00', '2008-01-01 00:00:00'),
(134, 'chi', 294, '六盘水', '', '2008-01-01 00:00:00', '2008-01-01 00:00:00'),
(135, 'chi', 293, '贵阳', '', '2008-01-01 00:00:00', '2008-01-01 00:00:00'),
(136, 'chi', 292, '凉山', '', '2008-01-01 00:00:00', '2008-01-01 00:00:00'),
(137, 'chi', 291, '甘孜', '', '2008-01-01 00:00:00', '2008-01-01 00:00:00'),
(138, 'chi', 290, '阿坝', '', '2008-01-01 00:00:00', '2008-01-01 00:00:00'),
(139, 'chi', 289, '资阳', '', '2008-01-01 00:00:00', '2008-01-01 00:00:00'),
(140, 'chi', 288, '巴中', '', '2008-01-01 00:00:00', '2008-01-01 00:00:00'),
(141, 'chi', 287, '雅安', '', '2008-01-01 00:00:00', '2008-01-01 00:00:00'),
(142, 'chi', 286, '眉山', '', '2008-01-01 00:00:00', '2008-01-01 00:00:00'),
(143, 'chi', 285, '达州', '', '2008-01-01 00:00:00', '2008-01-01 00:00:00'),
(144, 'chi', 284, '广安', '', '2008-01-01 00:00:00', '2008-01-01 00:00:00'),
(145, 'chi', 283, '宜宾', '', '2008-01-01 00:00:00', '2008-01-01 00:00:00'),
(146, 'chi', 282, '南充', '', '2008-01-01 00:00:00', '2008-01-01 00:00:00'),
(147, 'chi', 281, '乐山', '', '2008-01-01 00:00:00', '2008-01-01 00:00:00'),
(148, 'chi', 280, '内江', '', '2008-01-01 00:00:00', '2008-01-01 00:00:00'),
(149, 'chi', 279, '遂宁', '', '2008-01-01 00:00:00', '2008-01-01 00:00:00'),
(150, 'chi', 278, '广元', '', '2008-01-01 00:00:00', '2008-01-01 00:00:00'),
(151, 'chi', 277, '绵阳', '', '2008-01-01 00:00:00', '2008-01-01 00:00:00'),
(152, 'chi', 276, '德阳', '', '2008-01-01 00:00:00', '2008-01-01 00:00:00'),
(153, 'chi', 275, '泸州', '', '2008-01-01 00:00:00', '2008-01-01 00:00:00'),
(154, 'chi', 274, '攀枝花', '', '2008-01-01 00:00:00', '2008-01-01 00:00:00'),
(155, 'chi', 273, '自贡', '', '2008-01-01 00:00:00', '2008-01-01 00:00:00'),
(156, 'chi', 272, '成都', '', '2008-01-01 00:00:00', '2008-01-01 00:00:00'),
(157, 'chi', 271, '重庆', '', '2008-01-01 00:00:00', '2008-01-01 00:00:00'),
(158, 'chi', 270, '其他', '', '2008-01-01 00:00:00', '2008-01-01 00:00:00'),
(159, 'chi', 269, '三亚', '', '2008-01-01 00:00:00', '2008-01-01 00:00:00'),
(160, 'chi', 268, '海口', '', '2008-01-01 00:00:00', '2008-01-01 00:00:00'),
(161, 'chi', 267, '崇左', '', '2008-01-01 00:00:00', '2008-01-01 00:00:00'),
(162, 'chi', 266, '来宾', '', '2008-01-01 00:00:00', '2008-01-01 00:00:00'),
(163, 'chi', 265, '河池', '', '2008-01-01 00:00:00', '2008-01-01 00:00:00'),
(164, 'chi', 264, '贺州', '', '2008-01-01 00:00:00', '2008-01-01 00:00:00'),
(165, 'chi', 263, '百色', '', '2008-01-01 00:00:00', '2008-01-01 00:00:00'),
(166, 'chi', 262, '玉林', '', '2008-01-01 00:00:00', '2008-01-01 00:00:00'),
(167, 'chi', 261, '贵港', '', '2008-01-01 00:00:00', '2008-01-01 00:00:00'),
(168, 'chi', 260, '钦州', '', '2008-01-01 00:00:00', '2008-01-01 00:00:00'),
(169, 'chi', 259, '防城港', '', '2008-01-01 00:00:00', '2008-01-01 00:00:00'),
(170, 'chi', 258, '北海', '', '2008-01-01 00:00:00', '2008-01-01 00:00:00'),
(171, 'chi', 257, '梧州', '', '2008-01-01 00:00:00', '2008-01-01 00:00:00'),
(172, 'chi', 256, '桂林', '', '2008-01-01 00:00:00', '2008-01-01 00:00:00'),
(173, 'chi', 255, '柳州', '', '2008-01-01 00:00:00', '2008-01-01 00:00:00'),
(174, 'chi', 254, '南宁', '', '2008-01-01 00:00:00', '2008-01-01 00:00:00'),
(175, 'chi', 253, '云浮', '', '2008-01-01 00:00:00', '2008-01-01 00:00:00'),
(176, 'chi', 252, '揭阳', '', '2008-01-01 00:00:00', '2008-01-01 00:00:00'),
(177, 'chi', 251, '潮州', '', '2008-01-01 00:00:00', '2008-01-01 00:00:00'),
(178, 'chi', 250, '中山', '', '2008-01-01 00:00:00', '2008-01-01 00:00:00'),
(179, 'chi', 249, '东莞', '', '2008-01-01 00:00:00', '2008-01-01 00:00:00'),
(180, 'chi', 248, '清远', '', '2008-01-01 00:00:00', '2008-01-01 00:00:00'),
(181, 'chi', 247, '阳江', '', '2008-01-01 00:00:00', '2008-01-01 00:00:00'),
(182, 'chi', 246, '河源', '', '2008-01-01 00:00:00', '2008-01-01 00:00:00'),
(183, 'chi', 245, '汕尾', '', '2008-01-01 00:00:00', '2008-01-01 00:00:00'),
(184, 'chi', 244, '梅州', '', '2008-01-01 00:00:00', '2008-01-01 00:00:00'),
(185, 'chi', 243, '惠州', '', '2008-01-01 00:00:00', '2008-01-01 00:00:00'),
(186, 'chi', 242, '肇庆', '', '2008-01-01 00:00:00', '2008-01-01 00:00:00'),
(187, 'chi', 241, '茂名', '', '2008-01-01 00:00:00', '2008-01-01 00:00:00'),
(188, 'chi', 240, '湛江', '', '2008-01-01 00:00:00', '2008-01-01 00:00:00'),
(189, 'chi', 239, '江门', '', '2008-01-01 00:00:00', '2008-01-01 00:00:00'),
(190, 'chi', 238, '佛山', '', '2008-01-01 00:00:00', '2008-01-01 00:00:00'),
(191, 'chi', 237, '韶关', '', '2008-01-01 00:00:00', '2008-01-01 00:00:00'),
(192, 'chi', 236, '汕头', '', '2008-01-01 00:00:00', '2008-01-01 00:00:00'),
(193, 'chi', 235, '珠海', '', '2008-01-01 00:00:00', '2008-01-01 00:00:00'),
(194, 'chi', 234, '深圳', '', '2008-01-01 00:00:00', '2008-01-01 00:00:00'),
(195, 'chi', 233, '广州', '', '2008-01-01 00:00:00', '2008-01-01 00:00:00'),
(196, 'chi', 232, '湘西', '', '2008-01-01 00:00:00', '2008-01-01 00:00:00'),
(197, 'chi', 231, '娄底', '', '2008-01-01 00:00:00', '2008-01-01 00:00:00'),
(198, 'chi', 230, '怀化', '', '2008-01-01 00:00:00', '2008-01-01 00:00:00'),
(199, 'chi', 229, '永州', '', '2008-01-01 00:00:00', '2008-01-01 00:00:00'),
(200, 'chi', 228, '郴州', '', '2008-01-01 00:00:00', '2008-01-01 00:00:00'),
(201, 'chi', 227, '益阳', '', '2008-01-01 00:00:00', '2008-01-01 00:00:00'),
(202, 'chi', 226, '张家界', '', '2008-01-01 00:00:00', '2008-01-01 00:00:00'),
(203, 'chi', 225, '常德', '', '2008-01-01 00:00:00', '2008-01-01 00:00:00'),
(204, 'chi', 224, '岳阳', '', '2008-01-01 00:00:00', '2008-01-01 00:00:00'),
(205, 'chi', 223, '邵阳', '', '2008-01-01 00:00:00', '2008-01-01 00:00:00'),
(206, 'chi', 222, '衡阳', '', '2008-01-01 00:00:00', '2008-01-01 00:00:00'),
(207, 'chi', 221, '湘潭', '', '2008-01-01 00:00:00', '2008-01-01 00:00:00'),
(208, 'chi', 220, '株洲', '', '2008-01-01 00:00:00', '2008-01-01 00:00:00'),
(209, 'chi', 219, '长沙', '', '2008-01-01 00:00:00', '2008-01-01 00:00:00'),
(210, 'chi', 218, '恩施', '', '2008-01-01 00:00:00', '2008-01-01 00:00:00'),
(211, 'chi', 217, '随州', '', '2008-01-01 00:00:00', '2008-01-01 00:00:00'),
(212, 'chi', 216, '咸宁', '', '2008-01-01 00:00:00', '2008-01-01 00:00:00'),
(213, 'chi', 215, '黄冈', '', '2008-01-01 00:00:00', '2008-01-01 00:00:00'),
(214, 'chi', 214, '孝感', '', '2008-01-01 00:00:00', '2008-01-01 00:00:00'),
(215, 'chi', 213, '鄂州', '', '2008-01-01 00:00:00', '2008-01-01 00:00:00'),
(216, 'chi', 212, '荆门', '', '2008-01-01 00:00:00', '2008-01-01 00:00:00'),
(217, 'chi', 211, '宜昌', '', '2008-01-01 00:00:00', '2008-01-01 00:00:00'),
(218, 'chi', 210, '荆州', '', '2008-01-01 00:00:00', '2008-01-01 00:00:00'),
(219, 'chi', 1, '中国', '', '2008-01-01 00:00:00', '2009-04-13 02:10:05'),
(220, 'chi', 2, '北京', '', '2008-01-01 00:00:00', '2008-01-01 00:00:00'),
(221, 'chi', 3, '天津', '', '2008-01-01 00:00:00', '2008-01-01 00:00:00'),
(222, 'chi', 4, '河北', '', '2008-01-01 00:00:00', '2008-01-01 00:00:00'),
(223, 'chi', 5, '山西', '', '2008-01-01 00:00:00', '2008-01-01 00:00:00'),
(224, 'chi', 6, '内蒙古', '', '2008-01-01 00:00:00', '2008-01-01 00:00:00'),
(225, 'chi', 7, '辽宁', '', '2008-01-01 00:00:00', '2008-01-01 00:00:00'),
(226, 'chi', 8, '吉林', '', '2008-01-01 00:00:00', '2008-01-01 00:00:00'),
(227, 'chi', 9, '黑龙江', '', '2008-01-01 00:00:00', '2008-01-01 00:00:00'),
(228, 'chi', 10, '上海', '', '2008-01-01 00:00:00', '2008-01-01 00:00:00'),
(229, 'chi', 11, '江苏', '', '2008-01-01 00:00:00', '2008-01-01 00:00:00'),
(230, 'chi', 12, '浙江', '', '2008-01-01 00:00:00', '2008-01-01 00:00:00'),
(231, 'chi', 13, '安徽', '', '2008-01-01 00:00:00', '2008-01-01 00:00:00'),
(232, 'chi', 14, '福建', '', '2008-01-01 00:00:00', '2008-01-01 00:00:00'),
(233, 'chi', 15, '江西', '', '2008-01-01 00:00:00', '2008-01-01 00:00:00'),
(234, 'chi', 16, '山东', '', '2008-01-01 00:00:00', '2008-01-01 00:00:00'),
(235, 'chi', 17, '河南', '', '2008-01-01 00:00:00', '2008-01-01 00:00:00'),
(236, 'chi', 18, '湖北', '', '2008-01-01 00:00:00', '2008-01-01 00:00:00'),
(237, 'chi', 19, '湖南', '', '2008-01-01 00:00:00', '2008-01-01 00:00:00'),
(238, 'chi', 20, '广东', '', '2008-01-01 00:00:00', '2008-01-01 00:00:00'),
(239, 'chi', 21, '广西', '', '2008-01-01 00:00:00', '2008-01-01 00:00:00'),
(240, 'chi', 22, '海南', '', '2008-01-01 00:00:00', '2008-01-01 00:00:00'),
(241, 'chi', 23, '重庆', '', '2008-01-01 00:00:00', '2008-01-01 00:00:00'),
(242, 'chi', 24, '四川', '', '2008-01-01 00:00:00', '2008-01-01 00:00:00'),
(243, 'chi', 25, '贵州', '', '2008-01-01 00:00:00', '2008-01-01 00:00:00'),
(244, 'chi', 26, '云南', '', '2008-01-01 00:00:00', '2008-01-01 00:00:00'),
(245, 'chi', 27, '西藏', '', '2008-01-01 00:00:00', '2008-01-01 00:00:00'),
(246, 'chi', 28, '陕西', '', '2008-01-01 00:00:00', '2008-01-01 00:00:00'),
(247, 'chi', 29, '甘肃', '', '2008-01-01 00:00:00', '2008-01-01 00:00:00'),
(248, 'chi', 30, '青海', '', '2008-01-01 00:00:00', '2008-01-01 00:00:00'),
(249, 'chi', 31, '宁夏', '', '2008-01-01 00:00:00', '2008-01-01 00:00:00'),
(250, 'chi', 32, '新疆', '', '2008-01-01 00:00:00', '2008-01-01 00:00:00'),
(251, 'chi', 33, '香港', '', '2008-01-01 00:00:00', '2008-01-01 00:00:00'),
(252, 'chi', 34, '台湾', '', '2008-01-01 00:00:00', '2008-01-01 00:00:00'),
(253, 'chi', 35, '北京', '', '2008-01-01 00:00:00', '2008-01-01 00:00:00'),
(254, 'chi', 36, '天津', '', '2008-01-01 00:00:00', '2008-01-01 00:00:00'),
(255, 'chi', 37, '石家庄', '', '2008-01-01 00:00:00', '2008-01-01 00:00:00'),
(256, 'chi', 38, '唐山', '', '2008-01-01 00:00:00', '2008-01-01 00:00:00'),
(257, 'chi', 39, '秦皇岛', '', '2008-01-01 00:00:00', '2008-01-01 00:00:00'),
(258, 'chi', 40, '邯郸', '', '2008-01-01 00:00:00', '2008-01-01 00:00:00'),
(259, 'chi', 41, '邢台', '', '2008-01-01 00:00:00', '2008-01-01 00:00:00'),
(260, 'chi', 42, '保定', '', '2008-01-01 00:00:00', '2008-01-01 00:00:00'),
(261, 'chi', 43, '张家口', '', '2008-01-01 00:00:00', '2008-01-01 00:00:00'),
(262, 'chi', 44, '承德', '', '2008-01-01 00:00:00', '2008-01-01 00:00:00'),
(263, 'chi', 45, '沧州', '', '2008-01-01 00:00:00', '2008-01-01 00:00:00'),
(264, 'chi', 46, '廊坊', '', '2008-01-01 00:00:00', '2008-01-01 00:00:00'),
(265, 'chi', 47, '衡水', '', '2008-01-01 00:00:00', '2008-01-01 00:00:00'),
(266, 'chi', 48, '太原', '', '2008-01-01 00:00:00', '2008-01-01 00:00:00'),
(267, 'chi', 49, '大同', '', '2008-01-01 00:00:00', '2008-01-01 00:00:00'),
(268, 'chi', 50, '阳泉', '', '2008-01-01 00:00:00', '2008-01-01 00:00:00'),
(269, 'chi', 51, '长治', '', '2008-01-01 00:00:00', '2008-01-01 00:00:00'),
(270, 'chi', 52, '晋城', '', '2008-01-01 00:00:00', '2008-01-01 00:00:00'),
(271, 'chi', 53, '朔州', '', '2008-01-01 00:00:00', '2008-01-01 00:00:00'),
(272, 'chi', 54, '晋中', '', '2008-01-01 00:00:00', '2008-01-01 00:00:00'),
(273, 'chi', 55, '运城', '', '2008-01-01 00:00:00', '2008-01-01 00:00:00'),
(274, 'chi', 56, '忻州', '', '2008-01-01 00:00:00', '2008-01-01 00:00:00'),
(275, 'chi', 57, '临汾', '', '2008-01-01 00:00:00', '2008-01-01 00:00:00'),
(276, 'chi', 58, '吕梁', '', '2008-01-01 00:00:00', '2008-01-01 00:00:00'),
(277, 'chi', 59, '侯马', '', '2008-01-01 00:00:00', '2008-01-01 00:00:00'),
(278, 'chi', 60, '五台山', '', '2008-01-01 00:00:00', '2008-01-01 00:00:00'),
(279, 'chi', 61, '离石', '', '2008-01-01 00:00:00', '2008-01-01 00:00:00'),
(280, 'chi', 62, '呼和浩特', '', '2008-01-01 00:00:00', '2008-01-01 00:00:00'),
(281, 'chi', 63, '包头', '', '2008-01-01 00:00:00', '2008-01-01 00:00:00'),
(282, 'chi', 64, '乌海', '', '2008-01-01 00:00:00', '2008-01-01 00:00:00'),
(283, 'chi', 65, '赤峰', '', '2008-01-01 00:00:00', '2008-01-01 00:00:00'),
(284, 'chi', 66, '通辽', '', '2008-01-01 00:00:00', '2008-01-01 00:00:00'),
(285, 'chi', 67, '鄂尔多斯', '', '2008-01-01 00:00:00', '2008-01-01 00:00:00'),
(286, 'chi', 68, '呼伦贝尔', '', '2008-01-01 00:00:00', '2008-01-01 00:00:00'),
(287, 'chi', 69, '巴彦淖尔市', '', '2008-01-01 00:00:00', '2008-01-01 00:00:00'),
(288, 'chi', 70, '乌兰察布市', '', '2008-01-01 00:00:00', '2008-01-01 00:00:00'),
(289, 'chi', 71, '兴安盟', '', '2008-01-01 00:00:00', '2008-01-01 00:00:00'),
(290, 'chi', 72, '锡林郭勒盟', '', '2008-01-01 00:00:00', '2008-01-01 00:00:00'),
(291, 'chi', 73, '阿拉善盟', '', '2008-01-01 00:00:00', '2008-01-01 00:00:00'),
(292, 'chi', 74, '沈阳', '', '2008-01-01 00:00:00', '2008-01-01 00:00:00'),
(293, 'chi', 75, '大连', '', '2008-01-01 00:00:00', '2008-01-01 00:00:00'),
(294, 'chi', 76, '鞍山', '', '2008-01-01 00:00:00', '2008-01-01 00:00:00'),
(295, 'chi', 77, '抚顺', '', '2008-01-01 00:00:00', '2008-01-01 00:00:00'),
(296, 'chi', 78, '本溪', '', '2008-01-01 00:00:00', '2008-01-01 00:00:00'),
(297, 'chi', 79, '丹东', '', '2008-01-01 00:00:00', '2008-01-01 00:00:00'),
(298, 'chi', 80, '锦州', '', '2008-01-01 00:00:00', '2008-01-01 00:00:00'),
(299, 'chi', 81, '营口', '', '2008-01-01 00:00:00', '2008-01-01 00:00:00'),
(300, 'chi', 82, '阜新', '', '2008-01-01 00:00:00', '2008-01-01 00:00:00'),
(301, 'chi', 83, '辽阳', '', '2008-01-01 00:00:00', '2008-01-01 00:00:00'),
(302, 'chi', 84, '盘锦', '', '2008-01-01 00:00:00', '2008-01-01 00:00:00'),
(303, 'chi', 85, '铁岭', '', '2008-01-01 00:00:00', '2008-01-01 00:00:00'),
(304, 'chi', 86, '朝阳', '', '2008-01-01 00:00:00', '2008-01-01 00:00:00'),
(305, 'chi', 87, '葫芦岛市', '', '2008-01-01 00:00:00', '2008-01-01 00:00:00'),
(306, 'chi', 88, '长春', '', '2008-01-01 00:00:00', '2008-01-01 00:00:00'),
(307, 'chi', 89, '吉林', '', '2008-01-01 00:00:00', '2008-01-01 00:00:00'),
(308, 'chi', 90, '四平', '', '2008-01-01 00:00:00', '2008-01-01 00:00:00'),
(309, 'chi', 91, '辽源', '', '2008-01-01 00:00:00', '2008-01-01 00:00:00'),
(310, 'chi', 92, '通化', '', '2008-01-01 00:00:00', '2008-01-01 00:00:00'),
(311, 'chi', 93, '白山', '', '2008-01-01 00:00:00', '2008-01-01 00:00:00'),
(312, 'chi', 94, '松原', '', '2008-01-01 00:00:00', '2008-01-01 00:00:00'),
(313, 'chi', 95, '白城', '', '2008-01-01 00:00:00', '2008-01-01 00:00:00'),
(314, 'chi', 96, '延边', '', '2008-01-01 00:00:00', '2008-01-01 00:00:00'),
(315, 'chi', 97, '哈尔滨', '', '2008-01-01 00:00:00', '2008-01-01 00:00:00'),
(316, 'chi', 98, '齐齐哈尔', '', '2008-01-01 00:00:00', '2008-01-01 00:00:00'),
(317, 'chi', 99, '鸡西', '', '2008-01-01 00:00:00', '2008-01-01 00:00:00'),
(318, 'chi', 100, '鹤岗', '', '2008-01-01 00:00:00', '2008-01-01 00:00:00'),
(319, 'chi', 101, '双鸭山', '', '2008-01-01 00:00:00', '2008-01-01 00:00:00'),
(320, 'chi', 102, '大庆', '', '2008-01-01 00:00:00', '2008-01-01 00:00:00'),
(321, 'chi', 103, '伊春', '', '2008-01-01 00:00:00', '2008-01-01 00:00:00'),
(322, 'chi', 104, '佳木斯', '', '2008-01-01 00:00:00', '2008-01-01 00:00:00'),
(323, 'chi', 105, '七台河', '', '2008-01-01 00:00:00', '2008-01-01 00:00:00'),
(324, 'chi', 106, '牡丹江', '', '2008-01-01 00:00:00', '2008-01-01 00:00:00'),
(325, 'chi', 107, '黑河', '', '2008-01-01 00:00:00', '2008-01-01 00:00:00'),
(326, 'chi', 108, '绥化', '', '2008-01-01 00:00:00', '2008-01-01 00:00:00'),
(327, 'chi', 109, '大兴安岭', '', '2008-01-01 00:00:00', '2008-01-01 00:00:00'),
(328, 'chi', 110, '上海', '', '2008-01-01 00:00:00', '2008-01-01 00:00:00'),
(329, 'chi', 111, '南京', '', '2008-01-01 00:00:00', '2008-01-01 00:00:00'),
(330, 'chi', 112, '无锡', '', '2008-01-01 00:00:00', '2008-01-01 00:00:00'),
(331, 'chi', 113, '徐州', '', '2008-01-01 00:00:00', '2008-01-01 00:00:00'),
(332, 'chi', 114, '常州', '', '2008-01-01 00:00:00', '2008-01-01 00:00:00'),
(333, 'chi', 115, '苏州', '', '2008-01-01 00:00:00', '2008-01-01 00:00:00'),
(334, 'chi', 116, '南通', '', '2008-01-01 00:00:00', '2008-01-01 00:00:00'),
(335, 'chi', 117, '连云港', '', '2008-01-01 00:00:00', '2008-01-01 00:00:00'),
(336, 'chi', 118, '淮安', '', '2008-01-01 00:00:00', '2008-01-01 00:00:00'),
(337, 'chi', 119, '盐城', '', '2008-01-01 00:00:00', '2008-01-01 00:00:00'),
(338, 'chi', 120, '扬州', '', '2008-01-01 00:00:00', '2008-01-01 00:00:00'),
(339, 'chi', 121, '镇江', '', '2008-01-01 00:00:00', '2008-01-01 00:00:00'),
(340, 'chi', 122, '泰州', '', '2008-01-01 00:00:00', '2008-01-01 00:00:00'),
(341, 'chi', 123, '宿迁', '', '2008-01-01 00:00:00', '2008-01-01 00:00:00'),
(342, 'chi', 124, '杭州', '', '2008-01-01 00:00:00', '2008-01-01 00:00:00'),
(343, 'chi', 125, '宁波', '', '2008-01-01 00:00:00', '2008-01-01 00:00:00'),
(344, 'chi', 126, '温州', '', '2008-01-01 00:00:00', '2008-01-01 00:00:00'),
(345, 'chi', 127, '嘉兴', '', '2008-01-01 00:00:00', '2008-01-01 00:00:00'),
(346, 'chi', 128, '湖州', '', '2008-01-01 00:00:00', '2008-01-01 00:00:00'),
(347, 'chi', 129, '绍兴', '', '2008-01-01 00:00:00', '2008-01-01 00:00:00'),
(348, 'chi', 130, '金华', '', '2008-01-01 00:00:00', '2008-01-01 00:00:00'),
(349, 'chi', 131, '衢州', '', '2008-01-01 00:00:00', '2008-01-01 00:00:00'),
(350, 'chi', 132, '舟山', '', '2008-01-01 00:00:00', '2008-01-01 00:00:00'),
(351, 'chi', 133, '台州', '', '2008-01-01 00:00:00', '2008-01-01 00:00:00'),
(352, 'chi', 134, '丽水', '', '2008-01-01 00:00:00', '2008-01-01 00:00:00'),
(353, 'chi', 135, '合肥', '', '2008-01-01 00:00:00', '2008-01-01 00:00:00'),
(354, 'chi', 136, '芜湖', '', '2008-01-01 00:00:00', '2008-01-01 00:00:00'),
(355, 'chi', 137, '蚌埠', '', '2008-01-01 00:00:00', '2008-01-01 00:00:00'),
(356, 'chi', 138, '淮南', '', '2008-01-01 00:00:00', '2008-01-01 00:00:00'),
(357, 'chi', 139, '马鞍山', '', '2008-01-01 00:00:00', '2008-01-01 00:00:00'),
(358, 'chi', 140, '淮北', '', '2008-01-01 00:00:00', '2008-01-01 00:00:00'),
(359, 'chi', 141, '铜陵', '', '2008-01-01 00:00:00', '2008-01-01 00:00:00'),
(360, 'chi', 142, '安庆', '', '2008-01-01 00:00:00', '2008-01-01 00:00:00'),
(361, 'chi', 143, '黄山', '', '2008-01-01 00:00:00', '2008-01-01 00:00:00'),
(362, 'chi', 144, '滁州', '', '2008-01-01 00:00:00', '2008-01-01 00:00:00'),
(363, 'chi', 145, '阜阳', '', '2008-01-01 00:00:00', '2008-01-01 00:00:00'),
(364, 'chi', 146, '宿州', '', '2008-01-01 00:00:00', '2008-01-01 00:00:00'),
(365, 'chi', 147, '巢湖', '', '2008-01-01 00:00:00', '2008-01-01 00:00:00'),
(366, 'chi', 148, '六安', '', '2008-01-01 00:00:00', '2008-01-01 00:00:00'),
(367, 'chi', 149, '亳州', '', '2008-01-01 00:00:00', '2008-01-01 00:00:00'),
(368, 'chi', 150, '池州', '', '2008-01-01 00:00:00', '2008-01-01 00:00:00'),
(369, 'chi', 151, '宣城', '', '2008-01-01 00:00:00', '2008-01-01 00:00:00'),
(370, 'chi', 152, '福州', '', '2008-01-01 00:00:00', '2008-01-01 00:00:00'),
(371, 'chi', 153, '厦门', '', '2008-01-01 00:00:00', '2008-01-01 00:00:00'),
(372, 'chi', 154, '莆田', '', '2008-01-01 00:00:00', '2008-01-01 00:00:00'),
(373, 'chi', 155, '三明', '', '2008-01-01 00:00:00', '2008-01-01 00:00:00'),
(374, 'chi', 156, '泉州', '', '2008-01-01 00:00:00', '2008-01-01 00:00:00'),
(375, 'chi', 157, '漳州', '', '2008-01-01 00:00:00', '2008-01-01 00:00:00'),
(376, 'chi', 158, '南平', '', '2008-01-01 00:00:00', '2008-01-01 00:00:00'),
(377, 'chi', 159, '龙岩', '', '2008-01-01 00:00:00', '2008-01-01 00:00:00'),
(378, 'chi', 160, '宁德', '', '2008-01-01 00:00:00', '2008-01-01 00:00:00'),
(379, 'chi', 161, '南昌', '', '2008-01-01 00:00:00', '2008-01-01 00:00:00'),
(380, 'chi', 162, '景德镇', '', '2008-01-01 00:00:00', '2008-01-01 00:00:00'),
(381, 'chi', 163, '萍乡', '', '2008-01-01 00:00:00', '2008-01-01 00:00:00'),
(382, 'chi', 164, '九江', '', '2008-01-01 00:00:00', '2008-01-01 00:00:00'),
(383, 'chi', 165, '新余', '', '2008-01-01 00:00:00', '2008-01-01 00:00:00'),
(384, 'chi', 166, '鹰潭', '', '2008-01-01 00:00:00', '2008-01-01 00:00:00'),
(385, 'chi', 167, '赣州', '', '2008-01-01 00:00:00', '2008-01-01 00:00:00'),
(386, 'chi', 168, '吉安', '', '2008-01-01 00:00:00', '2008-01-01 00:00:00'),
(387, 'chi', 169, '宜春', '', '2008-01-01 00:00:00', '2008-01-01 00:00:00'),
(388, 'chi', 170, '抚州', '', '2008-01-01 00:00:00', '2008-01-01 00:00:00'),
(389, 'chi', 171, '上饶', '', '2008-01-01 00:00:00', '2008-01-01 00:00:00'),
(390, 'chi', 172, '济南', '', '2008-01-01 00:00:00', '2008-01-01 00:00:00'),
(391, 'chi', 173, '青岛', '', '2008-01-01 00:00:00', '2008-01-01 00:00:00'),
(392, 'chi', 174, '淄博', '', '2008-01-01 00:00:00', '2008-01-01 00:00:00'),
(393, 'chi', 175, '枣庄', '', '2008-01-01 00:00:00', '2008-01-01 00:00:00'),
(394, 'chi', 176, '东营', '', '2008-01-01 00:00:00', '2008-01-01 00:00:00'),
(395, 'chi', 177, '烟台', '', '2008-01-01 00:00:00', '2008-01-01 00:00:00'),
(396, 'chi', 178, '潍坊', '', '2008-01-01 00:00:00', '2008-01-01 00:00:00'),
(397, 'chi', 397, '台中市', '', '2008-01-01 00:00:00', '2008-01-01 00:00:00'),
(398, 'chi', 398, '台南市', '', '2008-01-01 00:00:00', '2008-01-01 00:00:00'),
(399, 'chi', 399, '新竹市', '', '2008-01-01 00:00:00', '2008-01-01 00:00:00'),
(400, 'chi', 400, '嘉义市', '', '2008-01-01 00:00:00', '2008-01-01 00:00:00'),
(401, 'chi', 401, '台北县', '', '2008-01-01 00:00:00', '2008-01-01 00:00:00'),
(402, 'chi', 402, '宜兰县', '', '2008-01-01 00:00:00', '2008-01-01 00:00:00'),
(403, 'chi', 403, '桃园县', '', '2008-01-01 00:00:00', '2008-01-01 00:00:00'),
(404, 'chi', 404, '新竹县', '', '2008-01-01 00:00:00', '2008-01-01 00:00:00'),
(405, 'chi', 405, '苗栗县', '', '2008-01-01 00:00:00', '2008-01-01 00:00:00'),
(406, 'chi', 406, '台中县', '', '2008-01-01 00:00:00', '2008-01-01 00:00:00'),
(407, 'chi', 407, '彰化县', '', '2008-01-01 00:00:00', '2008-01-01 00:00:00'),
(408, 'chi', 408, '南投县', '', '2008-01-01 00:00:00', '2008-01-01 00:00:00'),
(409, 'chi', 409, '云林县', '', '2008-01-01 00:00:00', '2008-01-01 00:00:00'),
(410, 'chi', 410, '嘉义县', '', '2008-01-01 00:00:00', '2008-01-01 00:00:00'),
(411, 'chi', 411, '台南县', '', '2008-01-01 00:00:00', '2008-01-01 00:00:00'),
(412, 'chi', 412, '高雄县', '', '2008-01-01 00:00:00', '2008-01-01 00:00:00'),
(413, 'chi', 413, '屏东县', '', '2008-01-01 00:00:00', '2008-01-01 00:00:00'),
(414, 'chi', 414, '澎湖县', '', '2008-01-01 00:00:00', '2008-01-01 00:00:00'),
(415, 'chi', 415, '台东县', '', '2008-01-01 00:00:00', '2008-01-01 00:00:00'),
(416, 'chi', 416, '花莲县', '', '2008-01-01 00:00:00', '2008-01-01 00:00:00'),
(417, 'chi', 417, '三环以内包括亚运村', '', '2008-01-01 00:00:00', '2008-01-01 00:00:00'),
(418, 'chi', 418, '三环外四环内', '', '2008-01-01 00:00:00', '2008-01-01 00:00:00'),
(419, 'chi', 425, '美国', '', '2009-03-23 07:29:26', '2009-03-23 07:29:26'),
(420, 'eng', 425, 'USA', '', '2009-03-23 07:29:26', '2009-03-23 07:29:26'),
(421, 'eng', 201, 'Nanyang', '', '2008-01-01 00:00:00', '2008-01-01 00:00:00'),
(422, 'eng', 200, 'sanmenxia', '', '2008-01-01 00:00:00', '2008-01-01 00:00:00'),
(423, 'eng', 199, 'Luohe', '', '2008-01-01 00:00:00', '2008-01-01 00:00:00'),
(424, 'eng', 198, 'Xu', '', '2008-01-01 00:00:00', '2008-01-01 00:00:00'),
(425, 'eng', 197, 'Puyang', '', '2008-01-01 00:00:00', '2008-01-01 00:00:00'),
(426, 'eng', 196, 'Anyang', '', '2008-01-01 00:00:00', '2008-01-01 00:00:00'),
(427, 'eng', 195, 'Xinxiang', '', '2008-01-01 00:00:00', '2008-01-01 00:00:00'),
(428, 'eng', 194, 'Hebi', '', '2008-01-01 00:00:00', '2008-01-01 00:00:00'),
(429, 'eng', 193, 'Jiaozuo', '', '2008-01-01 00:00:00', '2008-01-01 00:00:00'),
(430, 'eng', 192, 'Pingdingshan', '', '2008-01-01 00:00:00', '2008-01-01 00:00:00'),
(431, 'eng', 191, 'Luoyang', '', '2008-01-01 00:00:00', '2008-01-01 00:00:00'),
(432, 'eng', 190, 'opened', '', '2008-01-01 00:00:00', '2008-01-01 00:00:00'),
(433, 'eng', 189, 'Zhengzhou', '', '2008-01-01 00:00:00', '2008-01-01 00:00:00'),
(434, 'eng', 188, 'heze', '', '2008-01-01 00:00:00', '2008-01-01 00:00:00'),
(435, 'eng', 187, 'Binzhou', '', '2008-01-01 00:00:00', '2008-01-01 00:00:00'),
(436, 'eng', 186, 'Liaocheng', '', '2008-01-01 00:00:00', '2008-01-01 00:00:00'),
(437, 'eng', 185, 'Texas', '', '2008-01-01 00:00:00', '2008-01-01 00:00:00'),
(438, 'eng', 184, 'Linyi', '', '2008-01-01 00:00:00', '2008-01-01 00:00:00'),
(439, 'eng', 183, 'Laiwu', '', '2008-01-01 00:00:00', '2008-01-01 00:00:00'),
(440, 'eng', 182, 'sunshine', '', '2008-01-01 00:00:00', '2008-01-01 00:00:00'),
(441, 'eng', 181, 'WEIHAI', '', '2008-01-01 00:00:00', '2008-01-01 00:00:00'),
(442, 'eng', 179, 'jining', '', '2008-01-01 00:00:00', '2008-01-01 00:00:00'),
(443, 'eng', 180, 'Tai', '', '2008-01-01 00:00:00', '2008-01-01 00:00:00'),
(444, 'eng', 206, 'Wuhan', '', '2008-01-01 00:00:00', '2008-01-01 00:00:00'),
(445, 'eng', 205, 'Zhumadian', '', '2008-01-01 00:00:00', '2008-01-01 00:00:00'),
(446, 'eng', 204, 'Zhoukou', '', '2008-01-01 00:00:00', '2008-01-01 00:00:00'),
(447, 'eng', 203, 'xinyang', '', '2008-01-01 00:00:00', '2008-01-01 00:00:00'),
(448, 'eng', 202, 'Shangqiu', '', '2008-01-01 00:00:00', '2008-01-01 00:00:00'),
(449, 'eng', 207, 'Yellowstone', '', '2008-01-01 00:00:00', '2008-01-01 00:00:00'),
(450, 'eng', 209, 'Shiyan', '', '2008-01-01 00:00:00', '2008-01-01 00:00:00'),
(451, 'eng', 208, 'Xiangfan', '', '2008-01-01 00:00:00', '2008-01-01 00:00:00'),
(452, 'eng', 396, 'Keelung', '', '2008-01-01 00:00:00', '2008-01-01 00:00:00'),
(453, 'eng', 395, 'Kaohsiung', '', '2008-01-01 00:00:00', '2008-01-01 00:00:00'),
(454, 'eng', 394, 'Taipei', '', '2008-01-01 00:00:00', '2008-01-01 00:00:00'),
(455, 'eng', 393, 'Yuen Long District', '', '2008-01-01 00:00:00', '2008-01-01 00:00:00'),
(456, 'eng', 392, 'Tsuen Wan District', '', '2008-01-01 00:00:00', '2008-01-01 00:00:00'),
(457, 'eng', 391, 'Tai Po', '', '2008-01-01 00:00:00', '2008-01-01 00:00:00'),
(458, 'eng', 390, 'the Tuen Mun District', '', '2008-01-01 00:00:00', '2008-01-01 00:00:00'),
(459, 'eng', 389, 'Sha Tin District', '', '2008-01-01 00:00:00', '2008-01-01 00:00:00'),
(460, 'eng', 388, 'Sai Kung District', '', '2008-01-01 00:00:00', '2008-01-01 00:00:00'),
(461, 'eng', 387, 'North', '', '2008-01-01 00:00:00', '2008-01-01 00:00:00'),
(462, 'eng', 386, 'Kwai Tsing District', '', '2008-01-01 00:00:00', '2008-01-01 00:00:00'),
(463, 'eng', 385, 'Islands', '', '2008-01-01 00:00:00', '2008-01-01 00:00:00'),
(464, 'eng', 384, 'Yau Tsim Mong District', '', '2008-01-01 00:00:00', '2008-01-01 00:00:00'),
(465, 'eng', 383, 'Wan Chai District', '', '2008-01-01 00:00:00', '2008-01-01 00:00:00'),
(466, 'eng', 382, 'Wong Tai Sin District', '', '2008-01-01 00:00:00', '2008-01-01 00:00:00'),
(467, 'eng', 381, 'Sham Shui Po District', '', '2008-01-01 00:00:00', '2008-01-01 00:00:00'),
(468, 'eng', 380, 'the Southern District', '', '2008-01-01 00:00:00', '2008-01-01 00:00:00'),
(469, 'eng', 379, 'the Kwun Tong District', '', '2008-01-01 00:00:00', '2008-01-01 00:00:00'),
(470, 'eng', 378, 'Kowloon City District', '', '2008-01-01 00:00:00', '2008-01-01 00:00:00'),
(471, 'eng', 377, 'Eastern', '', '2008-01-01 00:00:00', '2008-01-01 00:00:00'),
(472, 'eng', 376, 'in the West', '', '2008-01-01 00:00:00', '2008-01-01 00:00:00'),
(473, 'eng', 375, 'Altai', '', '2008-01-01 00:00:00', '2008-01-01 00:00:00'),
(474, 'eng', 374, 'Tacheng', '', '2008-01-01 00:00:00', '2008-01-01 00:00:00'),
(475, 'eng', 373, 'Ili', '', '2008-01-01 00:00:00', '2008-01-01 00:00:00'),
(476, 'eng', 372, 'Boertala', '', '2008-01-01 00:00:00', '2008-01-01 00:00:00'),
(477, 'eng', 371, 'Changji', '', '2008-01-01 00:00:00', '2008-01-01 00:00:00'),
(478, 'eng', 370, 'Bayingolin', '', '2008-01-01 00:00:00', '2008-01-01 00:00:00'),
(479, 'eng', 369, 'Kizilsu', '', '2008-01-01 00:00:00', '2008-01-01 00:00:00'),
(480, 'eng', 368, 'Kashi', '', '2008-01-01 00:00:00', '2008-01-01 00:00:00'),
(481, 'eng', 367, 'Aksu region', '', '2008-01-01 00:00:00', '2008-01-01 00:00:00'),
(482, 'eng', 366, 'Wada', '', '2008-01-01 00:00:00', '2008-01-01 00:00:00'),
(483, 'eng', 365, 'Hami', '', '2008-01-01 00:00:00', '2008-01-01 00:00:00'),
(484, 'eng', 364, 'to tell the fan', '', '2008-01-01 00:00:00', '2008-01-01 00:00:00'),
(485, 'eng', 363, 'Karamay', '', '2008-01-01 00:00:00', '2008-01-01 00:00:00'),
(486, 'eng', 362, 'Urumqi', '', '2008-01-01 00:00:00', '2008-01-01 00:00:00'),
(487, 'eng', 361, 'satellite city', '', '2008-01-01 00:00:00', '2008-01-01 00:00:00'),
(488, 'eng', 360, 'Guyuan', '', '2008-01-01 00:00:00', '2008-01-01 00:00:00'),
(489, 'eng', 359, 'Wu', '', '2008-01-01 00:00:00', '2008-01-01 00:00:00'),
(490, 'eng', 358, 'Shizuishan', '', '2008-01-01 00:00:00', '2008-01-01 00:00:00'),
(491, 'eng', 357, 'Yinchuan', '', '2008-01-01 00:00:00', '2008-01-01 00:00:00'),
(492, 'eng', 356, 'Hercynian', '', '2008-01-01 00:00:00', '2008-01-01 00:00:00'),
(493, 'eng', 355, 'Yuk-shee', '', '2008-01-01 00:00:00', '2008-01-01 00:00:00'),
(494, 'eng', 354, 'Guoluo', '', '2008-01-01 00:00:00', '2008-01-01 00:00:00'),
(495, 'eng', 353, 'Hainan', '', '2008-01-01 00:00:00', '2008-01-01 00:00:00'),
(496, 'eng', 352, 'Huangnan', '', '2008-01-01 00:00:00', '2008-01-01 00:00:00'),
(497, 'eng', 351, 'Haibei', '', '2008-01-01 00:00:00', '2008-01-01 00:00:00'),
(498, 'eng', 350, 'eastern', '', '2008-01-01 00:00:00', '2008-01-01 00:00:00'),
(499, 'eng', 349, 'Xining', '', '2008-01-01 00:00:00', '2008-01-01 00:00:00'),
(500, 'eng', 348, 'Gannan', '', '2008-01-01 00:00:00', '2008-01-01 00:00:00'),
(501, 'eng', 347, 'Linxia', '', '2008-01-01 00:00:00', '2008-01-01 00:00:00'),
(502, 'eng', 346, 'Longnan', '', '2008-01-01 00:00:00', '2008-01-01 00:00:00'),
(503, 'eng', 345, 'scheduled for the West', '', '2008-01-01 00:00:00', '2008-01-01 00:00:00'),
(504, 'eng', 344, 'QINGYANG', '', '2008-01-01 00:00:00', '2008-01-01 00:00:00'),
(505, 'eng', 343, 'Jiuquan', '', '2008-01-01 00:00:00', '2008-01-01 00:00:00'),
(506, 'eng', 342, 'Pingliang', '', '2008-01-01 00:00:00', '2008-01-01 00:00:00'),
(507, 'eng', 341, 'Zhangye', '', '2008-01-01 00:00:00', '2008-01-01 00:00:00'),
(508, 'eng', 340, 'Wuwei', '', '2008-01-01 00:00:00', '2008-01-01 00:00:00'),
(509, 'eng', 339, 'Tianshui', '', '2008-01-01 00:00:00', '2008-01-01 00:00:00'),
(510, 'eng', 338, 'silver', '', '2008-01-01 00:00:00', '2008-01-01 00:00:00'),
(511, 'eng', 337, 'Chang', '', '2008-01-01 00:00:00', '2008-01-01 00:00:00'),
(512, 'eng', 336, 'Pass', '', '2008-01-01 00:00:00', '2008-01-01 00:00:00'),
(513, 'eng', 335, 'Maryland', '', '2008-01-01 00:00:00', '2008-01-01 00:00:00'),
(514, 'eng', 334, 'Shangluo', '', '2008-01-01 00:00:00', '2008-01-01 00:00:00'),
(515, 'eng', 333, 'well-being', '', '2008-01-01 00:00:00', '2008-01-01 00:00:00'),
(516, 'eng', 332, 'Yulin', '', '2008-01-01 00:00:00', '2008-01-01 00:00:00'),
(517, 'eng', 331, 'Hanzhong', '', '2008-01-01 00:00:00', '2008-01-01 00:00:00'),
(518, 'eng', 330, 'Yan', '', '2008-01-01 00:00:00', '2008-01-01 00:00:00'),
(519, 'eng', 329, 'Weinan', '', '2008-01-01 00:00:00', '2008-01-01 00:00:00'),
(520, 'eng', 328, 'Xianyang', '', '2008-01-01 00:00:00', '2008-01-01 00:00:00'),
(521, 'eng', 327, 'Baoji', '', '2008-01-01 00:00:00', '2008-01-01 00:00:00'),
(522, 'eng', 326, 'Tongchuan', '', '2008-01-01 00:00:00', '2008-01-01 00:00:00'),
(523, 'eng', 325, 'Xian', '', '2008-01-01 00:00:00', '2008-01-01 00:00:00'),
(524, 'eng', 324, 'Nyingchi', '', '2008-01-01 00:00:00', '2008-01-01 00:00:00'),
(525, 'eng', 323, 'Ali', '', '2008-01-01 00:00:00', '2008-01-01 00:00:00'),
(526, 'eng', 322, 'Nagqu', '', '2008-01-01 00:00:00', '2008-01-01 00:00:00'),
(527, 'eng', 321, 'Xigaze', '', '2008-01-01 00:00:00', '2008-01-01 00:00:00'),
(528, 'eng', 320, 'southern', '', '2008-01-01 00:00:00', '2008-01-01 00:00:00'),
(529, 'eng', 319, 'Qamdo', '', '2008-01-01 00:00:00', '2008-01-01 00:00:00'),
(530, 'eng', 318, 'Lhasa', '', '2008-01-01 00:00:00', '2008-01-01 00:00:00'),
(531, 'eng', 317, 'Diqing', '', '2008-01-01 00:00:00', '2008-01-01 00:00:00'),
(532, 'eng', 316, 'River', '', '2008-01-01 00:00:00', '2008-01-01 00:00:00'),
(533, 'eng', 315, 'Dehong', '', '2008-01-01 00:00:00', '2008-01-01 00:00:00'),
(534, 'eng', 314, 'Dali', '', '2008-01-01 00:00:00', '2008-01-01 00:00:00'),
(535, 'eng', 313, 'Chuxiong', '', '2008-01-01 00:00:00', '2008-01-01 00:00:00'),
(536, 'eng', 312, 'Xishuangbanna', '', '2008-01-01 00:00:00', '2008-01-01 00:00:00'),
(537, 'eng', 311, 'Red River', '', '2008-01-01 00:00:00', '2008-01-01 00:00:00'),
(538, 'eng', 310, 'Wen-shan', '', '2008-01-01 00:00:00', '2008-01-01 00:00:00'),
(539, 'eng', 309, 'Lincang', '', '2008-01-01 00:00:00', '2008-01-01 00:00:00'),
(540, 'eng', 308, 'Simao', '', '2008-01-01 00:00:00', '2008-01-01 00:00:00'),
(541, 'eng', 307, 'Lijiang', '', '2008-01-01 00:00:00', '2008-01-01 00:00:00'),
(542, 'eng', 306, 'Zhaotong', '', '2008-01-01 00:00:00', '2008-01-01 00:00:00'),
(543, 'eng', 305, 'Baoshan', '', '2008-01-01 00:00:00', '2008-01-01 00:00:00'),
(544, 'eng', 304, 'Yuxi', '', '2008-01-01 00:00:00', '2008-01-01 00:00:00'),
(545, 'eng', 303, 'Qujing', '', '2008-01-01 00:00:00', '2008-01-01 00:00:00'),
(546, 'eng', 302, 'Kunming', '', '2008-01-01 00:00:00', '2008-01-01 00:00:00'),
(547, 'eng', 301, 'Qiannan', '', '2008-01-01 00:00:00', '2008-01-01 00:00:00'),
(548, 'eng', 300, 'Qiandongnan', '', '2008-01-01 00:00:00', '2008-01-01 00:00:00'),
(549, 'eng', 299, 'Guizhou Southwest', '', '2008-01-01 00:00:00', '2008-01-01 00:00:00'),
(550, 'eng', 298, 'Bijie', '', '2008-01-01 00:00:00', '2008-01-01 00:00:00'),
(551, 'eng', 297, 'Tongren', '', '2008-01-01 00:00:00', '2008-01-01 00:00:00'),
(552, 'eng', 296, 'Anshun', '', '2008-01-01 00:00:00', '2008-01-01 00:00:00'),
(553, 'eng', 295, 'Zunyi', '', '2008-01-01 00:00:00', '2008-01-01 00:00:00'),
(554, 'eng', 294, 'Liupanshui', '', '2008-01-01 00:00:00', '2008-01-01 00:00:00'),
(555, 'eng', 293, 'Guizhou', '', '2008-01-01 00:00:00', '2008-01-01 00:00:00'),
(556, 'eng', 292, 'Liangshan', '', '2008-01-01 00:00:00', '2008-01-01 00:00:00'),
(557, 'eng', 291, 'Ganze', '', '2008-01-01 00:00:00', '2008-01-01 00:00:00'),
(558, 'eng', 290, 'Aba', '', '2008-01-01 00:00:00', '2008-01-01 00:00:00'),
(559, 'eng', 289, 'capital-yang', '', '2008-01-01 00:00:00', '2008-01-01 00:00:00'),
(560, 'eng', 288, 'Pakistan', '', '2008-01-01 00:00:00', '2008-01-01 00:00:00'),
(561, 'eng', 287, 'Ya', '', '2008-01-01 00:00:00', '2008-01-01 00:00:00'),
(562, 'eng', 286, 'Meishan', '', '2008-01-01 00:00:00', '2008-01-01 00:00:00'),
(563, 'eng', 285, 'Florida', '', '2008-01-01 00:00:00', '2008-01-01 00:00:00'),
(564, 'eng', 284, 'Kwong', '', '2008-01-01 00:00:00', '2008-01-01 00:00:00'),
(565, 'eng', 283, 'yibin', '', '2008-01-01 00:00:00', '2008-01-01 00:00:00'),
(566, 'eng', 282, 'Nanchong', '', '2008-01-01 00:00:00', '2008-01-01 00:00:00'),
(567, 'eng', 281, 'mountain', '', '2008-01-01 00:00:00', '2008-01-01 00:00:00'),
(568, 'eng', 280, 'streams', '', '2008-01-01 00:00:00', '2008-01-01 00:00:00'),
(569, 'eng', 279, 'J', '', '2008-01-01 00:00:00', '2008-01-01 00:00:00'),
(570, 'eng', 278, 'GUANGYUAN', '', '2008-01-01 00:00:00', '2008-01-01 00:00:00'),
(571, 'eng', 277, 'Mianyang', '', '2008-01-01 00:00:00', '2008-01-01 00:00:00'),
(572, 'eng', 276, 'Deyang', '', '2008-01-01 00:00:00', '2008-01-01 00:00:00'),
(573, 'eng', 275, 'luzhou', '', '2008-01-01 00:00:00', '2008-01-01 00:00:00'),
(574, 'eng', 274, 'Panzhihua', '', '2008-01-01 00:00:00', '2008-01-01 00:00:00'),
(575, 'eng', 273, 'Zigong', '', '2008-01-01 00:00:00', '2008-01-01 00:00:00'),
(576, 'eng', 272, 'Chengdu', '', '2008-01-01 00:00:00', '2008-01-01 00:00:00'),
(577, 'eng', 271, 'Chongqing', '', '2008-01-01 00:00:00', '2008-01-01 00:00:00'),
(578, 'eng', 270, 'other', '', '2008-01-01 00:00:00', '2008-01-01 00:00:00'),
(579, 'eng', 269, 'Sanya', '', '2008-01-01 00:00:00', '2008-01-01 00:00:00'),
(580, 'eng', 268, 'Haikou', '', '2008-01-01 00:00:00', '2008-01-01 00:00:00'),
(581, 'eng', 267, 'Chongzuo', '', '2008-01-01 00:00:00', '2008-01-01 00:00:00'),
(582, 'eng', 266, 'guests', '', '2008-01-01 00:00:00', '2008-01-01 00:00:00'),
(583, 'eng', 265, 'Hechi', '', '2008-01-01 00:00:00', '2008-01-01 00:00:00'),
(584, 'eng', 264, 'Hezhou', '', '2008-01-01 00:00:00', '2008-01-01 00:00:00'),
(585, 'eng', 263, 'Bose', '', '2008-01-01 00:00:00', '2008-01-01 00:00:00'),
(586, 'eng', 262, 'Lin', '', '2008-01-01 00:00:00', '2008-01-01 00:00:00'),
(587, 'eng', 261, 'Guigang', '', '2008-01-01 00:00:00', '2008-01-01 00:00:00'),
(588, 'eng', 260, 'Qinzhou', '', '2008-01-01 00:00:00', '2008-01-01 00:00:00'),
(589, 'eng', 259, 'Fangchenggang', '', '2008-01-01 00:00:00', '2008-01-01 00:00:00'),
(590, 'eng', 258, 'North Sea', '', '2008-01-01 00:00:00', '2008-01-01 00:00:00'),
(591, 'eng', 257, 'flood', '', '2008-01-01 00:00:00', '2008-01-01 00:00:00'),
(592, 'eng', 256, 'Guilin', '', '2008-01-01 00:00:00', '2008-01-01 00:00:00'),
(593, 'eng', 255, 'done', '', '2008-01-01 00:00:00', '2008-01-01 00:00:00'),
(594, 'eng', 254, 'Nanning', '', '2008-01-01 00:00:00', '2008-01-01 00:00:00'),
(595, 'eng', 253, 'YUNFU', '', '2008-01-01 00:00:00', '2008-01-01 00:00:00'),
(596, 'eng', 252, 'Guangdong', '', '2008-01-01 00:00:00', '2008-01-01 00:00:00'),
(597, 'eng', 251, 'Chow', '', '2008-01-01 00:00:00', '2008-01-01 00:00:00'),
(598, 'eng', 250, 'Zhongshan', '', '2008-01-01 00:00:00', '2008-01-01 00:00:00'),
(599, 'eng', 249, 'Dongguan', '', '2008-01-01 00:00:00', '2008-01-01 00:00:00'),
(600, 'eng', 248, 'Yuan', '', '2008-01-01 00:00:00', '2008-01-01 00:00:00'),
(601, 'eng', 247, 'YANGJIANG', '', '2008-01-01 00:00:00', '2008-01-01 00:00:00'),
(602, 'eng', 246, 'River', '', '2008-01-01 00:00:00', '2008-01-01 00:00:00'),
(603, 'eng', 245, 'Shanwei', '', '2008-01-01 00:00:00', '2008-01-01 00:00:00'),
(604, 'eng', 244, 'MEIZHOU', '', '2008-01-01 00:00:00', '2008-01-01 00:00:00'),
(605, 'eng', 243, 'Huizhou', '', '2008-01-01 00:00:00', '2008-01-01 00:00:00'),
(606, 'eng', 242, 'Zhaoqing', '', '2008-01-01 00:00:00', '2008-01-01 00:00:00'),
(607, 'eng', 241, 'Maoming', '', '2008-01-01 00:00:00', '2008-01-01 00:00:00'),
(608, 'eng', 240, 'Zhanjiang', '', '2008-01-01 00:00:00', '2008-01-01 00:00:00'),
(609, 'eng', 239, 'Jiangmen', '', '2008-01-01 00:00:00', '2008-01-01 00:00:00'),
(610, 'eng', 238, 'Foshan', '', '2008-01-01 00:00:00', '2008-01-01 00:00:00'),
(611, 'eng', 237, 'Shaoguan', '', '2008-01-01 00:00:00', '2008-01-01 00:00:00'),
(612, 'eng', 236, 'Shantou', '', '2008-01-01 00:00:00', '2008-01-01 00:00:00'),
(613, 'eng', 235, 'Zhuhai', '', '2008-01-01 00:00:00', '2008-01-01 00:00:00'),
(614, 'eng', 234, 'Shenzhen', '', '2008-01-01 00:00:00', '2008-01-01 00:00:00'),
(615, 'eng', 233, 'Guangzhou', '', '2008-01-01 00:00:00', '2008-01-01 00:00:00'),
(616, 'eng', 232, 'Xiangxi', '', '2008-01-01 00:00:00', '2008-01-01 00:00:00'),
(617, 'eng', 231, 'Loudi', '', '2008-01-01 00:00:00', '2008-01-01 00:00:00'),
(618, 'eng', 230, 'Huaihua', '', '2008-01-01 00:00:00', '2008-01-01 00:00:00'),
(619, 'eng', 229, 'Yongzhou', '', '2008-01-01 00:00:00', '2008-01-01 00:00:00'),
(620, 'eng', 228, 'Chenzhou', '', '2008-01-01 00:00:00', '2008-01-01 00:00:00'),
(621, 'eng', 227, 'yiyang', '', '2008-01-01 00:00:00', '2008-01-01 00:00:00'),
(622, 'eng', 226, 'Zhangjiajie', '', '2008-01-01 00:00:00', '2008-01-01 00:00:00'),
(623, 'eng', 225, 'Changde', '', '2008-01-01 00:00:00', '2008-01-01 00:00:00'),
(624, 'eng', 224, 'Hunan', '', '2008-01-01 00:00:00', '2008-01-01 00:00:00'),
(625, 'eng', 223, 'Shaoyang', '', '2008-01-01 00:00:00', '2008-01-01 00:00:00'),
(626, 'eng', 222, 'Hengyang', '', '2008-01-01 00:00:00', '2008-01-01 00:00:00'),
(627, 'eng', 221, 'Xiangtan', '', '2008-01-01 00:00:00', '2008-01-01 00:00:00'),
(628, 'eng', 220, 'Zhuzhou', '', '2008-01-01 00:00:00', '2008-01-01 00:00:00'),
(629, 'eng', 219, 'Changsha', '', '2008-01-01 00:00:00', '2008-01-01 00:00:00'),
(630, 'eng', 218, 'Enshi', '', '2008-01-01 00:00:00', '2008-01-01 00:00:00'),
(631, 'eng', 217, 'Suizhou', '', '2008-01-01 00:00:00', '2008-01-01 00:00:00'),
(632, 'eng', 216, 'Xianning', '', '2008-01-01 00:00:00', '2008-01-01 00:00:00'),
(633, 'eng', 215, 'Huanggang', '', '2008-01-01 00:00:00', '2008-01-01 00:00:00'),
(634, 'eng', 214, 'Xiaogan', '', '2008-01-01 00:00:00', '2008-01-01 00:00:00'),
(635, 'eng', 213, 'Ezhou', '', '2008-01-01 00:00:00', '2008-01-01 00:00:00'),
(636, 'eng', 212, 'Jingmen', '', '2008-01-01 00:00:00', '2008-01-01 00:00:00'),
(637, 'eng', 211, 'Yichang', '', '2008-01-01 00:00:00', '2008-01-01 00:00:00'),
(638, 'eng', 210, 'Jingzhou', '', '2008-01-01 00:00:00', '2008-01-01 00:00:00'),
(639, 'eng', 1, 'China', '', '2008-01-01 00:00:00', '2008-01-01 00:00:00'),
(640, 'eng', 2, 'Beijing', '', '2008-01-01 00:00:00', '2008-01-01 00:00:00'),
(641, 'eng', 3, 'Tianjin', '', '2008-01-01 00:00:00', '2008-01-01 00:00:00');
INSERT INTO svcart_region_i18ns (id, locale, region_id, name, description, created, modified) VALUES
(642, 'eng', 4, 'Hebei', '', '2008-01-01 00:00:00', '2008-01-01 00:00:00'),
(643, 'eng', 5, 'Shanxi', '', '2008-01-01 00:00:00', '2008-01-01 00:00:00'),
(644, 'eng', 6, 'Inner Mongolia', '', '2008-01-01 00:00:00', '2008-01-01 00:00:00'),
(645, 'eng', 7, 'Liaoning', '', '2008-01-01 00:00:00', '2008-01-01 00:00:00'),
(646, 'eng', 8, 'Jilin', '', '2008-01-01 00:00:00', '2008-01-01 00:00:00'),
(647, 'eng', 9, 'Heilongjiang', '', '2008-01-01 00:00:00', '2008-01-01 00:00:00'),
(648, 'eng', 10, 'Shanghai', '', '2008-01-01 00:00:00', '2008-01-01 00:00:00'),
(649, 'eng', 11, 'Jiangsu', '', '2008-01-01 00:00:00', '2008-01-01 00:00:00'),
(650, 'eng', 12, 'Zhejiang', '', '2008-01-01 00:00:00', '2008-01-01 00:00:00'),
(651, 'eng', 13, 'Anhui', '', '2008-01-01 00:00:00', '2008-01-01 00:00:00'),
(652, 'eng', 14, 'Fujian', '', '2008-01-01 00:00:00', '2008-01-01 00:00:00'),
(653, 'eng', 15, 'Jiangxi', '', '2008-01-01 00:00:00', '2008-01-01 00:00:00'),
(654, 'eng', 16, 'Shandong', '', '2008-01-01 00:00:00', '2008-01-01 00:00:00'),
(655, 'eng', 17, 'Henan', '', '2008-01-01 00:00:00', '2008-01-01 00:00:00'),
(656, 'eng', 18, 'Hubei', '', '2008-01-01 00:00:00', '2008-01-01 00:00:00'),
(657, 'eng', 19, 'Hunan', '', '2008-01-01 00:00:00', '2008-01-01 00:00:00'),
(658, 'eng', 20, 'Guangdong', '', '2008-01-01 00:00:00', '2008-01-01 00:00:00'),
(659, 'eng', 21, 'Guangxi', '', '2008-01-01 00:00:00', '2008-01-01 00:00:00'),
(660, 'eng', 22, 'Hainan', '', '2008-01-01 00:00:00', '2008-01-01 00:00:00'),
(661, 'eng', 23, 'Chongqing', '', '2008-01-01 00:00:00', '2008-01-01 00:00:00'),
(662, 'eng', 24, 'Sichuan', '', '2008-01-01 00:00:00', '2008-01-01 00:00:00'),
(663, 'eng', 25, 'Guizhou', '', '2008-01-01 00:00:00', '2008-01-01 00:00:00'),
(664, 'eng', 26, 'Yunnan', '', '2008-01-01 00:00:00', '2008-01-01 00:00:00'),
(665, 'eng', 27, 'Tibet', '', '2008-01-01 00:00:00', '2008-01-01 00:00:00'),
(666, 'eng', 28, 'Shaanxi', '', '2008-01-01 00:00:00', '2008-01-01 00:00:00'),
(667, 'eng', 29, 'Gansu', '', '2008-01-01 00:00:00', '2008-01-01 00:00:00'),
(668, 'eng', 30, 'Qinghai', '', '2008-01-01 00:00:00', '2008-01-01 00:00:00'),
(669, 'eng', 31, 'Ningxia', '', '2008-01-01 00:00:00', '2008-01-01 00:00:00'),
(670, 'eng', 32, 'Xinjiang', '', '2008-01-01 00:00:00', '2008-01-01 00:00:00'),
(671, 'eng', 33, 'Hong Kong', '', '2008-01-01 00:00:00', '2008-01-01 00:00:00'),
(672, 'eng', 34, 'Taiwan', '', '2008-01-01 00:00:00', '2008-01-01 00:00:00'),
(673, 'eng', 35, 'Beijing', '', '2008-01-01 00:00:00', '2008-01-01 00:00:00'),
(674, 'eng', 36, 'Tianjin', '', '2008-01-01 00:00:00', '2008-01-01 00:00:00'),
(675, 'eng', 37, 'Shijiazhuang', '', '2008-01-01 00:00:00', '2008-01-01 00:00:00'),
(676, 'eng', 38, 'Tangshan', '', '2008-01-01 00:00:00', '2008-01-01 00:00:00'),
(677, 'eng', 39, 'Qinhuangdao', '', '2008-01-01 00:00:00', '2008-01-01 00:00:00'),
(678, 'eng', 40, 'Handan', '', '2008-01-01 00:00:00', '2008-01-01 00:00:00'),
(679, 'eng', 41, 'Xingtai', '', '2008-01-01 00:00:00', '2008-01-01 00:00:00'),
(680, 'eng', 42, 'Baoding', '', '2008-01-01 00:00:00', '2008-01-01 00:00:00'),
(681, 'eng', 43, 'Zhangjiakou', '', '2008-01-01 00:00:00', '2008-01-01 00:00:00'),
(682, 'eng', 44, 'Chengde', '', '2008-01-01 00:00:00', '2008-01-01 00:00:00'),
(683, 'eng', 45, 'Changzhou', '', '2008-01-01 00:00:00', '2008-01-01 00:00:00'),
(684, 'eng', 46, 'Langfang', '', '2008-01-01 00:00:00', '2008-01-01 00:00:00'),
(685, 'eng', 47, 'Hengshui', '', '2008-01-01 00:00:00', '2008-01-01 00:00:00'),
(686, 'eng', 48, 'Taiyuan', '', '2008-01-01 00:00:00', '2008-01-01 00:00:00'),
(687, 'eng', 49, 'common ground', '', '2008-01-01 00:00:00', '2008-01-01 00:00:00'),
(688, 'eng', 50, 'Yangquan', '', '2008-01-01 00:00:00', '2008-01-01 00:00:00'),
(689, 'eng', 51, 'Changzhi', '', '2008-01-01 00:00:00', '2008-01-01 00:00:00'),
(690, 'eng', 52, 'Jincheng', '', '2008-01-01 00:00:00', '2008-01-01 00:00:00'),
(691, 'eng', 53, 'Shanxi', '', '2008-01-01 00:00:00', '2008-01-01 00:00:00'),
(692, 'eng', 54, 'Jinzhong', '', '2008-01-01 00:00:00', '2008-01-01 00:00:00'),
(693, 'eng', 55, 'Yuncheng', '', '2008-01-01 00:00:00', '2008-01-01 00:00:00'),
(694, 'eng', 56, 'Xinzhou', '', '2008-01-01 00:00:00', '2008-01-01 00:00:00'),
(695, 'eng', 57, 'Linfen', '', '2008-01-01 00:00:00', '2008-01-01 00:00:00'),
(696, 'eng', 58, 'Luliang', '', '2008-01-01 00:00:00', '2008-01-01 00:00:00'),
(697, 'eng', 59, 'Houma', '', '2008-01-01 00:00:00', '2008-01-01 00:00:00'),
(698, 'eng', 60, 'Mountain', '', '2008-01-01 00:00:00', '2008-01-01 00:00:00'),
(699, 'eng', 61, 'Lishi', '', '2008-01-01 00:00:00', '2008-01-01 00:00:00'),
(700, 'eng', 62, 'Huhhot', '', '2008-01-01 00:00:00', '2008-01-01 00:00:00'),
(701, 'eng', 63, 'header', '', '2008-01-01 00:00:00', '2008-01-01 00:00:00'),
(702, 'eng', 64, 'Wuhai', '', '2008-01-01 00:00:00', '2008-01-01 00:00:00'),
(703, 'eng', 65, 'Chifeng', '', '2008-01-01 00:00:00', '2008-01-01 00:00:00'),
(704, 'eng', 66, 'Tongliao', '', '2008-01-01 00:00:00', '2008-01-01 00:00:00'),
(705, 'eng', 67, 'Ordos', '', '2008-01-01 00:00:00', '2008-01-01 00:00:00'),
(706, 'eng', 68, 'Hulunbeier', '', '2008-01-01 00:00:00', '2008-01-01 00:00:00'),
(707, 'eng', 69, 'Bayannur City', '', '2008-01-01 00:00:00', '2008-01-01 00:00:00'),
(708, 'eng', 70, 'Wulanchabu City', '', '2008-01-01 00:00:00', '2008-01-01 00:00:00'),
(709, 'eng', 71, 'XingAn League', '', '2008-01-01 00:00:00', '2008-01-01 00:00:00'),
(710, 'eng', 72, 'Xilinguole', '', '2008-01-01 00:00:00', '2008-01-01 00:00:00'),
(711, 'eng', 73, 'Alashan UNITA', '', '2008-01-01 00:00:00', '2008-01-01 00:00:00'),
(712, 'eng', 74, 'Shenyang', '', '2008-01-01 00:00:00', '2008-01-01 00:00:00'),
(713, 'eng', 75, 'Dalian', '', '2008-01-01 00:00:00', '2008-01-01 00:00:00'),
(714, 'eng', 76, 'Shan', '', '2008-01-01 00:00:00', '2008-01-01 00:00:00'),
(715, 'eng', 77, 'fushun', '', '2008-01-01 00:00:00', '2008-01-01 00:00:00'),
(716, 'eng', 78, 'Benxi', '', '2008-01-01 00:00:00', '2008-01-01 00:00:00'),
(717, 'eng', 79, 'Danton', '', '2008-01-01 00:00:00', '2008-01-01 00:00:00'),
(718, 'eng', 80, 'Liaoning', '', '2008-01-01 00:00:00', '2008-01-01 00:00:00'),
(719, 'eng', 81, 'Yingkou', '', '2008-01-01 00:00:00', '2008-01-01 00:00:00'),
(720, 'eng', 82, 'Fuxin', '', '2008-01-01 00:00:00', '2008-01-01 00:00:00'),
(721, 'eng', 83, 'Liaoning', '', '2008-01-01 00:00:00', '2008-01-01 00:00:00'),
(722, 'eng', 84, 'Panjin', '', '2008-01-01 00:00:00', '2008-01-01 00:00:00'),
(723, 'eng', 85, 'Tieling', '', '2008-01-01 00:00:00', '2008-01-01 00:00:00'),
(724, 'eng', 86, 'Chaoyang', '', '2008-01-01 00:00:00', '2008-01-01 00:00:00'),
(725, 'eng', 87, 'Huludao City', '', '2008-01-01 00:00:00', '2008-01-01 00:00:00'),
(726, 'eng', 88, 'Changchun', '', '2008-01-01 00:00:00', '2008-01-01 00:00:00'),
(727, 'eng', 89, 'Jilin', '', '2008-01-01 00:00:00', '2008-01-01 00:00:00'),
(728, 'eng', 90, 'Siping', '', '2008-01-01 00:00:00', '2008-01-01 00:00:00'),
(729, 'eng', 91, 'Liaoyuan', '', '2008-01-01 00:00:00', '2008-01-01 00:00:00'),
(730, 'eng', 92, 'Tonghua', '', '2008-01-01 00:00:00', '2008-01-01 00:00:00'),
(731, 'eng', 93, 'White Mountain', '', '2008-01-01 00:00:00', '2008-01-01 00:00:00'),
(732, 'eng', 94, 'Matsubara', '', '2008-01-01 00:00:00', '2008-01-01 00:00:00'),
(733, 'eng', 95, 'Baicheng', '', '2008-01-01 00:00:00', '2008-01-01 00:00:00'),
(734, 'eng', 96, 'Yanbian', '', '2008-01-01 00:00:00', '2008-01-01 00:00:00'),
(735, 'eng', 97, 'Harbin', '', '2008-01-01 00:00:00', '2008-01-01 00:00:00'),
(736, 'eng', 98, 'qiqihar', '', '2008-01-01 00:00:00', '2008-01-01 00:00:00'),
(737, 'eng', 99, 'Jixi', '', '2008-01-01 00:00:00', '2008-01-01 00:00:00'),
(738, 'eng', 100, 'Hegang', '', '2008-01-01 00:00:00', '2008-01-01 00:00:00'),
(739, 'eng', 101, 'Shuangyashan', '', '2008-01-01 00:00:00', '2008-01-01 00:00:00'),
(740, 'eng', 102, 'the Daqing', '', '2008-01-01 00:00:00', '2008-01-01 00:00:00'),
(741, 'eng', 103, 'Yichun', '', '2008-01-01 00:00:00', '2008-01-01 00:00:00'),
(742, 'eng', 104, 'jiamusi', '', '2008-01-01 00:00:00', '2008-01-01 00:00:00'),
(743, 'eng', 105, 'Qitaihe', '', '2008-01-01 00:00:00', '2008-01-01 00:00:00'),
(744, 'eng', 106, 'Mudanjiang', '', '2008-01-01 00:00:00', '2008-01-01 00:00:00'),
(745, 'eng', 107, 'Black River', '', '2008-01-01 00:00:00', '2008-01-01 00:00:00'),
(746, 'eng', 108, 'Suihua', '', '2008-01-01 00:00:00', '2008-01-01 00:00:00'),
(747, 'eng', 109, 'Daxinganling', '', '2008-01-01 00:00:00', '2008-01-01 00:00:00'),
(748, 'eng', 110, 'Shanghai', '', '2008-01-01 00:00:00', '2008-01-01 00:00:00'),
(749, 'eng', 111, 'Nanjing', '', '2008-01-01 00:00:00', '2008-01-01 00:00:00'),
(750, 'eng', 112, 'Wuxi', '', '2008-01-01 00:00:00', '2008-01-01 00:00:00'),
(751, 'eng', 113, 'Xuzhou', '', '2008-01-01 00:00:00', '2008-01-01 00:00:00'),
(752, 'eng', 114, 'Changzhou', '', '2008-01-01 00:00:00', '2008-01-01 00:00:00'),
(753, 'eng', 115, 'Suzhou', '', '2008-01-01 00:00:00', '2008-01-01 00:00:00'),
(754, 'eng', 116, 'Nantong', '', '2008-01-01 00:00:00', '2008-01-01 00:00:00'),
(755, 'eng', 117, 'Lianyungang', '', '2008-01-01 00:00:00', '2008-01-01 00:00:00'),
(756, 'eng', 118, 'Huaian', '', '2008-01-01 00:00:00', '2008-01-01 00:00:00'),
(757, 'eng', 119, 'Yancheng', '', '2008-01-01 00:00:00', '2008-01-01 00:00:00'),
(758, 'eng', 120, 'Yangzhou', '', '2008-01-01 00:00:00', '2008-01-01 00:00:00'),
(759, 'eng', 121, 'Zhenjiang', '', '2008-01-01 00:00:00', '2008-01-01 00:00:00'),
(760, 'eng', 122, 'Taizhou', '', '2008-01-01 00:00:00', '2008-01-01 00:00:00'),
(761, 'eng', 123, 'Suqian', '', '2008-01-01 00:00:00', '2008-01-01 00:00:00'),
(762, 'eng', 124, 'Hangzhou', '', '2008-01-01 00:00:00', '2008-01-01 00:00:00'),
(763, 'eng', 125, 'Ningbo', '', '2008-01-01 00:00:00', '2008-01-01 00:00:00'),
(764, 'eng', 126, 'Wenzhou', '', '2008-01-01 00:00:00', '2008-01-01 00:00:00'),
(765, 'eng', 127, 'Jiaxing', '', '2008-01-01 00:00:00', '2008-01-01 00:00:00'),
(766, 'eng', 128, 'Huzhou', '', '2008-01-01 00:00:00', '2008-01-01 00:00:00'),
(767, 'eng', 129, 'Shaoxing', '', '2008-01-01 00:00:00', '2008-01-01 00:00:00'),
(768, 'eng', 130, 'Jinhua', '', '2008-01-01 00:00:00', '2008-01-01 00:00:00'),
(769, 'eng', 131, 'Quzhou', '', '2008-01-01 00:00:00', '2008-01-01 00:00:00'),
(770, 'eng', 132, 'Zhoushan', '', '2008-01-01 00:00:00', '2008-01-01 00:00:00'),
(771, 'eng', 133, 'Taizhou', '', '2008-01-01 00:00:00', '2008-01-01 00:00:00'),
(772, 'eng', 134, 'Lishui', '', '2008-01-01 00:00:00', '2008-01-01 00:00:00'),
(773, 'eng', 135, 'Hefei', '', '2008-01-01 00:00:00', '2008-01-01 00:00:00'),
(774, 'eng', 136, 'Wuhu', '', '2008-01-01 00:00:00', '2008-01-01 00:00:00'),
(775, 'eng', 137, 'Bengbu', '', '2008-01-01 00:00:00', '2008-01-01 00:00:00'),
(776, 'eng', 138, 'huainan', '', '2008-01-01 00:00:00', '2008-01-01 00:00:00'),
(777, 'eng', 139, 'Ma On Shan', '', '2008-01-01 00:00:00', '2008-01-01 00:00:00'),
(778, 'eng', 140, 'Huaibei', '', '2008-01-01 00:00:00', '2008-01-01 00:00:00'),
(779, 'eng', 141, 'Tongling', '', '2008-01-01 00:00:00', '2008-01-01 00:00:00'),
(780, 'eng', 142, 'Qing', '', '2008-01-01 00:00:00', '2008-01-01 00:00:00'),
(781, 'eng', 143, 'Huangshan', '', '2008-01-01 00:00:00', '2008-01-01 00:00:00'),
(782, 'eng', 144, 'Chuzhou', '', '2008-01-01 00:00:00', '2008-01-01 00:00:00'),
(783, 'eng', 145, 'City', '', '2008-01-01 00:00:00', '2008-01-01 00:00:00'),
(784, 'eng', 146, 'Suzhou', '', '2008-01-01 00:00:00', '2008-01-01 00:00:00'),
(785, 'eng', 147, 'Chaohu', '', '2008-01-01 00:00:00', '2008-01-01 00:00:00'),
(786, 'eng', 148, 'Luan', '', '2008-01-01 00:00:00', '2008-01-01 00:00:00'),
(787, 'eng', 149, 'Bozhou', '', '2008-01-01 00:00:00', '2008-01-01 00:00:00'),
(788, 'eng', 150, 'Chizhou', '', '2008-01-01 00:00:00', '2008-01-01 00:00:00'),
(789, 'eng', 151, 'Xuancheng', '', '2008-01-01 00:00:00', '2008-01-01 00:00:00'),
(790, 'eng', 152, 'Fuzhou', '', '2008-01-01 00:00:00', '2008-01-01 00:00:00'),
(791, 'eng', 153, 'Xiamen', '', '2008-01-01 00:00:00', '2008-01-01 00:00:00'),
(792, 'eng', 154, 'Putian', '', '2008-01-01 00:00:00', '2008-01-01 00:00:00'),
(793, 'eng', 155, 'Sanming', '', '2008-01-01 00:00:00', '2008-01-01 00:00:00'),
(794, 'eng', 156, 'Quanzhou', '', '2008-01-01 00:00:00', '2008-01-01 00:00:00'),
(795, 'eng', 157, 'Zhangzhou', '', '2008-01-01 00:00:00', '2008-01-01 00:00:00'),
(796, 'eng', 158, 'Nanping', '', '2008-01-01 00:00:00', '2008-01-01 00:00:00'),
(797, 'eng', 159, 'Longyan', '', '2008-01-01 00:00:00', '2008-01-01 00:00:00'),
(798, 'eng', 160, 'Ningde', '', '2008-01-01 00:00:00', '2008-01-01 00:00:00'),
(799, 'eng', 161, 'Nanchang', '', '2008-01-01 00:00:00', '2008-01-01 00:00:00'),
(800, 'eng', 162, 'Jingdezhen', '', '2008-01-01 00:00:00', '2008-01-01 00:00:00'),
(801, 'eng', 163, 'Pingxiang', '', '2008-01-01 00:00:00', '2008-01-01 00:00:00'),
(802, 'eng', 164, 'Kiang', '', '2008-01-01 00:00:00', '2008-01-01 00:00:00'),
(803, 'eng', 165, 'xinyu', '', '2008-01-01 00:00:00', '2008-01-01 00:00:00'),
(804, 'eng', 166, 'Yingtan', '', '2008-01-01 00:00:00', '2008-01-01 00:00:00'),
(805, 'eng', 167, 'GANZHOU', '', '2008-01-01 00:00:00', '2008-01-01 00:00:00'),
(806, 'eng', 168, 'Gian', '', '2008-01-01 00:00:00', '2008-01-01 00:00:00'),
(807, 'eng', 169, 'Yichun', '', '2008-01-01 00:00:00', '2008-01-01 00:00:00'),
(808, 'eng', 170, 'Fuzhou', '', '2008-01-01 00:00:00', '2008-01-01 00:00:00'),
(809, 'eng', 171, 'Shangrao', '', '2008-01-01 00:00:00', '2008-01-01 00:00:00'),
(810, 'eng', 172, 'Jinan', '', '2008-01-01 00:00:00', '2008-01-01 00:00:00'),
(811, 'eng', 173, 'Qingdao', '', '2008-01-01 00:00:00', '2008-01-01 00:00:00'),
(812, 'eng', 174, 'Shandong', '', '2008-01-01 00:00:00', '2008-01-01 00:00:00'),
(813, 'eng', 175, 'Zaozhuang', '', '2008-01-01 00:00:00', '2008-01-01 00:00:00'),
(814, 'eng', 176, 'Dongying', '', '2008-01-01 00:00:00', '2008-01-01 00:00:00'),
(815, 'eng', 177, 'Yantai', '', '2008-01-01 00:00:00', '2008-01-01 00:00:00'),
(816, 'eng', 178, 'Weifang', '', '2008-01-01 00:00:00', '2008-01-01 00:00:00'),
(817, 'eng', 397, 'Taichung', '', '2008-01-01 00:00:00', '2008-01-01 00:00:00'),
(818, 'eng', 398, 'Tainan', '', '2008-01-01 00:00:00', '2008-01-01 00:00:00'),
(819, 'eng', 399, 'Hsinchu', '', '2008-01-01 00:00:00', '2008-01-01 00:00:00'),
(820, 'eng', 400, 'Chiayi City', '', '2008-01-01 00:00:00', '2008-01-01 00:00:00'),
(821, 'eng', 401, 'Taipei County', '', '2008-01-01 00:00:00', '2008-01-01 00:00:00'),
(822, 'eng', 402, 'Ilan County', '', '2008-01-01 00:00:00', '2008-01-01 00:00:00'),
(823, 'eng', 403, 'Taoyuan County', '', '2008-01-01 00:00:00', '2008-01-01 00:00:00'),
(824, 'eng', 404, 'Hsinchu County', '', '2008-01-01 00:00:00', '2008-01-01 00:00:00'),
(825, 'eng', 405, 'Miaoli County', '', '2008-01-01 00:00:00', '2008-01-01 00:00:00'),
(826, 'eng', 406, 'Taichung', '', '2008-01-01 00:00:00', '2008-01-01 00:00:00'),
(827, 'eng', 407, 'Changhua County', '', '2008-01-01 00:00:00', '2008-01-01 00:00:00'),
(828, 'eng', 408, 'Nantou County', '', '2008-01-01 00:00:00', '2008-01-01 00:00:00'),
(829, 'eng', 409, 'Yunlin County', '', '2008-01-01 00:00:00', '2008-01-01 00:00:00'),
(830, 'eng', 410, 'Chiayi County', '', '2008-01-01 00:00:00', '2008-01-01 00:00:00'),
(831, 'eng', 411, 'Tainan', '', '2008-01-01 00:00:00', '2008-01-01 00:00:00'),
(832, 'eng', 412, 'Kaohsiung', '', '2008-01-01 00:00:00', '2008-01-01 00:00:00'),
(833, 'eng', 413, 'Pingtung County', '', '2008-01-01 00:00:00', '2008-01-01 00:00:00'),
(834, 'eng', 414, 'Penghu', '', '2008-01-01 00:00:00', '2008-01-01 00:00:00'),
(835, 'eng', 415, 'County', '', '2008-01-01 00:00:00', '2008-01-01 00:00:00'),
(836, 'eng', 416, 'Hualien County', '', '2008-01-01 00:00:00', '2008-01-01 00:00:00'),
(837, 'eng', 417, 'three-ring inside, including the Asian Games Village', '', '2008-01-01 00:00:00', '2008-01-01 00:00:00'),
(838, 'eng', 418, 'three-ring outside the Fourth Ring with', '', '2008-01-01 00:00:00', '2008-01-01 00:00:00');

--
-- 导出表中的数据 'svcart_sessions'
--


--
-- 导出表中的数据 'svcart_shippings'
--

INSERT INTO svcart_shippings (id, store_id, code, insure, support_cod, status, php_code, orderby, insure_fee, version, created, modified) VALUES
(1, 0, 'cac', '0', '0', '1', '', 0, 0.00, '', '2008-01-01 00:00:00', '2008-01-01 00:00:00'),
(2, 0, 'flat', '0', '0', '1', '', 0, 0.00, '', '2008-01-01 00:00:00', '2008-01-01 00:00:00');

--
-- 导出表中的数据 'svcart_shipping_areas'
--


--
-- 导出表中的数据 'svcart_shipping_area_i18ns'
--


--
-- 导出表中的数据 'svcart_shipping_area_regions'
--


--
-- 导出表中的数据 'svcart_shipping_i18ns'
--

INSERT INTO svcart_shipping_i18ns (id, locale, shipping_id, name, description, param, created, modified) VALUES
(1, 'chi', 1, '门店取货', '《不支持货到付款》-描述-描述-描述-描述', '', '2008-01-01 00:00:00', '2008-01-01 00:00:00'),
(2, 'chi', 2, '送货上门', '<支付货到付款>-描述-描述-描述-描述', '', '2008-01-01 00:00:00', '2008-01-01 00:00:00'),
(3, 'eng', 1, 'send', 'send-description', '', '2008-01-01 00:00:00', '2008-01-01 00:00:00'),
(4, 'eng', 2, 'quququq', 'quququq description', '', '2008-01-01 00:00:00', '2008-01-01 00:00:00');

--
-- 导出表中的数据 'svcart_stores'
--


--
-- 导出表中的数据 'svcart_store_i18ns'
--


--
-- 导出表中的数据 'svcart_store_products'
--


--
-- 导出表中的数据 'svcart_templates'
--

INSERT INTO svcart_templates (id, name, url, status, is_default, author, version, created, modified) VALUES
(1, 'SV_G00', '../themed/SV_G00/screenshot.png', '1', '1', 'Design ZYS Template maker ZSS', '1.0.0', '2009-04-15 14:27:10', '2008-01-01 00:00:00');

--
-- 导出表中的数据 'svcart_topics'
--


--
-- 导出表中的数据 'svcart_topic_i18ns'
--


--
-- 导出表中的数据 'svcart_topic_products'
--


--
-- 导出表中的数据 'svcart_users'
--


--
-- 导出表中的数据 'svcart_user_accounts'
--


--
-- 导出表中的数据 'svcart_user_addresses'
--


--
-- 导出表中的数据 'svcart_user_balance_logs'
--


--
-- 导出表中的数据 'svcart_user_configs'
--


--
-- 导出表中的数据 'svcart_user_config_i18ns'
--


--
-- 导出表中的数据 'svcart_user_favorites'
--


--
-- 导出表中的数据 'svcart_user_friends'
--


--
-- 导出表中的数据 'svcart_user_friend_cats'
--


--
-- 导出表中的数据 'svcart_user_infos'
--


--
-- 导出表中的数据 'svcart_user_info_i18ns'
--


--
-- 导出表中的数据 'svcart_user_info_values'
--


--
-- 导出表中的数据 'svcart_user_messages'
--


--
-- 导出表中的数据 'svcart_user_point_logs'
--


--
-- 导出表中的数据 'svcart_user_ranks'
--


--
-- 导出表中的数据 'svcart_user_rank_i18ns'
--


--
-- 导出表中的数据 'svcart_virtual_cards'
--

