-- phpMyAdmin SQL Dump
-- version 3.1.3.1
-- http://www.phpmyadmin.net
--
-- 主机: localhost
-- 生成日期: 2009 年 11 月 04 日 09:46
-- 服务器版本: 5.1.33
-- PHP 版本: 5.2.9

SET SQL_MODE="NO_AUTO_VALUE_ON_ZERO";

--
-- 数据库: `svcart_business_demo_install`
--

--
-- 导出表中的数据 `svcart_advertisements`
--


--
-- 导出表中的数据 `svcart_advertisement_i18ns`
--


--
-- 导出表中的数据 `svcart_advertisement_positions`
--


--
-- 导出表中的数据 `svcart_affiliate_logs`
--

INSERT INTO `svcart_affiliate_logs` (`id`, `order_id`, `user_id`, `user_name`, `money`, `point`, `separate_type`, `created`, `modified`) VALUES
(1, 10, 5, 'leo.wanta', 0.00, 0, '0', '2009-08-19 08:02:36', '2009-08-19 08:02:36'),
(2, 13, 5, 'leo.wanta', 0.00, 0, '-1', '2009-08-20 04:03:38', '2009-08-20 04:03:38'),
(3, 14, 5, 'leo.wanta', 0.00, 0, '0', '2009-08-20 05:39:51', '2009-08-20 05:39:51');

--
-- 导出表中的数据 `svcart_articles`
--

INSERT INTO `svcart_articles` (`id`, `store_id`, `category_id`, `author_email`, `type`, `file_url`, `orderby`, `status`, `front`, `importance`, `recommand`, `comment`, `clicked`, `created`, `modified`) VALUES
(6, 0, 26, '', '', '', 50, '1', '1', '0', '0', '0', 2, '2009-08-10 10:59:02', '2009-08-12 03:02:50'),
(7, 0, 28, '', 'G', '', 50, '1', '1', '0', '1', '1', 13, '2009-08-10 11:00:31', '2009-09-11 09:30:46'),
(8, 0, 27, '', '', '', 50, '1', '1', '0', '0', '0', 2, '2009-08-10 11:01:36', '2009-09-08 02:38:01'),
(9, 0, 25, '', '', '', 55, '1', '0', '0', '0', '0', 1, '2009-08-11 02:25:32', '2009-08-20 02:57:32'),
(10, 0, 25, '', '', '', 50, '1', '0', '0', '0', '0', 2, '2009-08-11 02:27:02', '2009-09-16 08:41:31'),
(11, 0, 24, '', 'G', '', 50, '1', '0', '0', '0', '1', 7, '2009-08-11 02:29:11', '2009-09-16 09:07:28'),
(12, 0, 24, '', 'G', '', 50, '1', '0', '0', '0', '0', 0, '2009-08-13 09:49:09', '2009-09-22 13:48:37'),
(13, 0, 25, '', '', '', 52, '1', '0', '0', '0', '0', 0, '2009-08-13 09:51:46', '2009-08-20 02:57:27'),
(14, 0, 26, '', '', '', 50, '1', '0', '0', '0', '0', 0, '2009-08-13 09:52:27', '2009-08-13 09:52:27'),
(15, 0, 28, '', '', '', 50, '1', '0', '0', '0', '0', 0, '2009-08-13 09:52:59', '2009-08-13 09:52:59'),
(16, 0, 28, '', '', '', 50, '1', '0', '0', '0', '0', 0, '2009-08-13 09:53:30', '2009-08-19 05:19:15'),
(17, 0, 3, '', 'G', '', 50, '1', '0', '0', '0', '0', 0, '2009-09-16 08:49:40', '2009-09-16 08:49:40'),
(18, 0, 2, '', 'G', '', 50, '1', '0', '0', '0', '0', 0, '2009-09-16 08:50:00', '2009-09-16 08:50:00');

--
-- 导出表中的数据 `svcart_article_categories`
--

INSERT INTO `svcart_article_categories` (`id`, `category_id`, `article_id`, `orderby`, `created`, `modified`) VALUES
(26, 1, 3, 500, '2009-09-08 02:40:20', '2009-09-08 02:40:20'),
(30, 1, 5, 500, '2009-09-11 07:10:40', '2009-09-11 07:10:40'),
(5, 0, 6, 500, '2009-08-10 10:59:02', '2009-08-10 10:59:02'),
(28, 0, 7, 500, '2009-09-08 02:59:16', '2009-09-08 02:59:16'),
(8, 0, 8, 500, '2009-08-11 02:24:13', '2009-08-11 02:24:13'),
(24, 0, 9, 500, '2009-08-20 02:57:32', '2009-08-20 02:57:32'),
(10, 0, 10, 500, '2009-08-11 02:27:02', '2009-08-11 02:27:02'),
(32, 0, 11, 500, '2009-09-11 07:32:46', '2009-09-11 07:32:46'),
(36, 24, 12, 500, '2009-09-22 13:48:37', '2009-09-22 13:48:37'),
(23, 0, 13, 500, '2009-08-20 02:57:27', '2009-08-20 02:57:27'),
(16, 0, 14, 500, '2009-08-13 09:52:27', '2009-08-13 09:52:27'),
(17, 0, 15, 500, '2009-08-13 09:52:59', '2009-08-13 09:52:59'),
(21, 0, 16, 500, '2009-08-19 05:19:15', '2009-08-19 05:19:15'),
(34, 0, 17, 500, '2009-09-16 08:49:40', '2009-09-16 08:49:40'),
(35, 0, 18, 500, '2009-09-16 08:50:00', '2009-09-16 08:50:00'),
(37, 0, 12, 500, '2009-09-22 13:48:37', '2009-09-22 13:48:37'),
(38, 24, 12, 500, '2009-09-22 13:48:37', '2009-09-22 13:48:37'),
(39, 0, 12, 500, '2009-09-22 13:48:37', '2009-09-22 13:48:37');

--
-- 导出表中的数据 `svcart_article_i18ns`
--

INSERT INTO `svcart_article_i18ns` (`id`, `locale`, `article_id`, `title`, `meta_keywords`, `meta_description`, `content`, `author`, `img01`, `img02`, `created`, `modified`) VALUES
(5, 'cht', 10, '支付方式', '', '', '<p align="left">我们为您提供多种结算方式，您可以根据自身情况选择方便的方式支付货款：</p>\r\n<p><strong><a style="color: #0099cc; text-decoration: underline;" href="http://www.vancl.com/help/servise_d.htm?id=6" target="_top">货到付款支付</a><br /> <a style="color: #0099cc; text-decoration: underline;" href="http://www.vancl.com/help/servise_d.htm?id=7" target="_top">在线支付</a><br /> <a style="color: #0099cc; text-decoration: underline;" href="http://www.vancl.com/help/servise_d.htm?id=8" target="_top">邮局网汇通汇款</a><br /> <a style="color: #0099cc; text-decoration: underline;" href="http://www.vancl.com/help/servise_d.htm?id=9" target="_top">邮局汇款</a></strong></p>', '', '', NULL, '2009-08-11 02:27:02', '2009-08-11 02:27:02'),
(6, 'cht', 11, '网站订购流程', '网站', '', '<p>1.挑选商品</p>\r\n<p>2.放入购物车</p>\r\n<p>3.选择特惠商品<br />选择特惠品，需要您点击特惠品并放入购物车，确认特惠品是否出现在购物车的商品名称中。选择成功后,特惠品和您订购的商品是在一起的。如订单中没有特惠品，则系统默认为放弃特惠品。</p>\r\n<p>4.进入结算中心</p>\r\n<p>5.用户登录、注册<br />如果您是老顾客,请直接输入用户名和密码登录；如果您是新顾客,请输入您常用的电子邮箱作为用户名,并设定密码,点击&ldquo;完成&rdquo;。</p>\r\n<p>6.填写收货人信息</p>\r\n<p>7.选择送货方式<br />根据您所在的地区填写送货方式。您所在的地区是中国大陆，并在送货上门的范围，您可以选择快递送货上门，请参见&ldquo;<a style="color: #7f0019 ! important;" href="http://www.vancl.com/help/Transfer_t.htm">配送时间和配送范围</a>&rdquo;。如果不在送货上门的范围，请选择款到快递。</p>\r\n<p>8.选择支付方式<br /> 我们提供的支付方式有：货到付款，网上银行支付，邮局汇款和邮局网汇通汇款。</p>\r\n<p>9.订单确认<br />完 成上述所有流程后您可以点击&ldquo;提交订单&rdquo;，订单提交以后页面会提示订单号。提交订单表示您已经阅读并接受了VANCL的&ldquo;使用条件&rdquo;。您的订单是您购买 VANCL产品的意愿表示，我们将通过电子邮件发送给您一封订单确认信。此订单确认信仅确认我们已收到了您的订单，只有当我们向您发出确认短信或电话与您 联系得到确认，我们和您之间的订购合同才成立。</p>\r\n<p>温馨提示：</p>\r\n<p>1.礼品卡支付：<br />请在付款详情处输入有效的VANCL礼品卡卡号和密码，并验证。成功支付礼品卡后，页面提示已经用礼品卡支付**元。</p>\r\n<p>2.发票开具：<br />在提交订单页面时可以修改发票开具，您可以填写抬头，VANCL发票内容只可以开具&ldquo;服装&rdquo;。</p>', '', '', NULL, '2009-08-11 02:29:11', '2009-09-11 07:32:46'),
(11, 'chi', 6, '货到付款区域', '', '', '<p>货到付款区域</p>', '', '', NULL, '2009-08-10 10:59:02', '2009-08-10 10:59:02'),
(12, 'eng', 6, 'Cash on delivery of regional', '', '', '<p>Cash on delivery of regional</p>', '', '', NULL, '2009-08-10 10:59:02', '2009-08-10 10:59:02'),
(13, 'chi', 7, '常见热点问题', 'sv-cart', '', '<p>1.哪些城市可以货到付款？订单完成后多长时间送达？</p>\r\n<div style="margin-left: 12px;">开通了上海、北京、广州等多个城市的快递送货上门货到付款服务，请点击查询具体城市及时间：<span style="color: #ba5711;"><a href="http://seevia.vicp.net/cottonest/article.php?id=17">点击查看</a></span></div>\r\n<p>&nbsp;</p>\r\n<p>2.如何订购？</p>\r\n<div style="margin-left: 12px;">您可以通过拨打热线电话 <span style="color: #ba5711;">4008-xxx-xxx </span>联系我们的客服中心进行订购，也可以通过网站自行订购。<br /> 请点击查询具体网站订购流程：<span style="color: #ba5711;"><a href="http://seevia.vicp.net/cottonest/article.php?id=8">点击查看</a></span></div>\r\n<p>&nbsp;</p>\r\n<p>3.如何付款？</p>\r\n<div style="margin-left: 12px;">我们为您提供多种结算方式，您可以根据自身情况选择方便的方式支付货款。<br /> 货到付款：快递人员送货上门，客户验收包裹后，直接将相应的货款和服务费交给快递人员。<br /> 网上支付：指使用您的银行帐号、卡号或支付宝账号进行网上在线付款，您的银行卡需开通网上银行支付的服务才能<br /> 使用此种支付方式；消费者选择&ldquo;网上支付&rdquo;后，系统会弹出支付窗口，根据提示操作即可支付相应款项。<br /> 银行转账：您可将货款通过银行汇到我公司帐户，收到货款后我们会及时为您安排发货。<br /> 公司名称：上海xxxxx有限公司<br /> 开户银行：中国建设银行上海市分行浙江路支行<br /> 开户账号：3100****************</div>\r\n<p>&nbsp;</p>\r\n<p>4.配送费如何收取？</p>\r\n<div style="margin-left: 12px;">配送费统一为<span style="color: #ba5711;">10元/单</span><br /> 订单购物金额满<span style="color: #ba5711;">300元</span>可免除配送费</div>\r\n<p>&nbsp;</p>\r\n<p>5.订单生成后我需要多长时间内支付？</p>\r\n<div style="margin-left: 12px;">选择网上支付、银行转账时，如果在以下规定时间内未收到您的款项，系统将自动取消订单。<br /> 网上支付：等待<span style="color: #ba5711;">1天</span><br /> 银行转账：等待<span style="color: #ba5711;">3天</span></div>\r\n<p>&nbsp;</p>\r\n<p>6.送货方式有哪几种？</p>\r\n<div style="margin-left: 12px;">送货方式有三种：快递送货上门、EMS和邮政快包。</div>\r\n<p>&nbsp;</p>\r\n<p>7.如何获得发票？</p>\r\n<div style="margin-left: 12px;">获得发票的方式：<br /> (1) 电话订购时，确认好所需要的产品后，请将您的发票抬头提供给客服人员，发票将随同商品一并送达。<br /> (2) 如您在网站订购，请在提交订单前在&ldquo; 您是否需要开具发票 &rdquo;处选择&ldquo; 是 &rdquo;，并填写发票抬头。<br />\r\n<div style="margin-left: 24px;">发票将随商品一并送达。<br /> 说明：<br /> ➀ 一张订单对应一张发票，发票会随对应的包裹一同发出。<br /> ➁ 配送费金额包含在订单发票金额中。</div>\r\n</div>\r\n<p>&nbsp;</p>\r\n<p>8.如果收到商品不满意怎么办？是否可办理退换？</p>\r\n<div style="margin-left: 12px;">自客户签收商品之日起<span style="color: #ba5711;">30日</span>内，商品在未经洗涤熨烫、加工且商品完好无污损的情况下，如您对我们的商品不满意，<br /> 我们将提供退换货的服务。详细情况请参见：<span style="color: #ba5711;"><a href="http://seevia.vicp.net/cottonest/article.php?id=19">点击查看</a></span></div>\r\n<p>&nbsp;</p>\r\n<p>9.如何办理退款？</p>\r\n<div style="margin-left: 12px;">若办理退货，相应的退款会使用您原订单的支付方式进行退回，支付现金的订单可 选择邮政汇款或银行转账退款。采用这两种方式退款到达您的帐户会需要一定的时间，银行转帐会根据不同银行间跨行转账的到账期而不同，邮局汇款则可能因邮局 地域之间差异而不同。货到付款的订单如有退货情况，请您按照便捷退货单上的要求填写清楚您的退款账号信息（包括开户行与支行、开户名、帐号等）或邮局汇款 有关信息，退款周期：<span style="color: #ba5711;">7&mdash;15个工作日</span>。</div>', '', '', NULL, '2009-08-10 11:00:31', '2009-09-08 02:59:16'),
(14, 'eng', 7, 'Common hot issues', 'sv-cart', '', '<p>1.哪些城市可以货到付款？订单完成后多长时间送达？</p>\r\n<div style="margin-left: 12px;">开通了上海、北京、广州等多个城市的快递送货上门货到付款服务，请点击查询具体城市及时间：<span style="color: #ba5711;"><a href="http://seevia.vicp.net/cottonest/article.php?id=17">点击查看</a></span></div>\r\n<p>&nbsp;</p>\r\n<p>2.如何订购？</p>\r\n<div style="margin-left: 12px;">您可以通过拨打热线电话 <span style="color: #ba5711;">4008-xxx-xxx </span>联系我们的客服中心进行订购，也可以通过网站自行订购。<br /> 请点击查询具体网站订购流程：<span style="color: #ba5711;"><a href="http://seevia.vicp.net/cottonest/article.php?id=8">点击查看</a></span></div>\r\n<p>&nbsp;</p>\r\n<p>3.如何付款？</p>\r\n<div style="margin-left: 12px;">我们为您提供多种结算方式，您可以根据自身情况选择方便的方式支付货款。<br /> 货到付款：快递人员送货上门，客户验收包裹后，直接将相应的货款和服务费交给快递人员。<br /> 网上支付：指使用您的银行帐号、卡号或支付宝账号进行网上在线付款，您的银行卡需开通网上银行支付的服务才能<br /> 使用此种支付方式；消费者选择&ldquo;网上支付&rdquo;后，系统会弹出支付窗口，根据提示操作即可支付相应款项。<br /> 银行转账：您可将货款通过银行汇到我公司帐户，收到货款后我们会及时为您安排发货。<br /> 公司名称：上海xxxxx有限公司<br /> 开户银行：中国建设银行上海市分行浙江路支行<br /> 开户账号：3100****************</div>\r\n<p>&nbsp;</p>\r\n<p>4.配送费如何收取？</p>\r\n<div style="margin-left: 12px;">配送费统一为<span style="color: #ba5711;">10元/单</span><br /> 订单购物金额满<span style="color: #ba5711;">300元</span>可免除配送费</div>\r\n<p>&nbsp;</p>\r\n<p>5.订单生成后我需要多长时间内支付？</p>\r\n<div style="margin-left: 12px;">选择网上支付、银行转账时，如果在以下规定时间内未收到您的款项，系统将自动取消订单。<br /> 网上支付：等待<span style="color: #ba5711;">1天</span><br /> 银行转账：等待<span style="color: #ba5711;">3天</span></div>\r\n<p>&nbsp;</p>\r\n<p>6.送货方式有哪几种？</p>\r\n<div style="margin-left: 12px;">送货方式有三种：快递送货上门、EMS和邮政快包。</div>\r\n<p>&nbsp;</p>\r\n<p>7.如何获得发票？</p>\r\n<div style="margin-left: 12px;">获得发票的方式：<br /> (1) 电话订购时，确认好所需要的产品后，请将您的发票抬头提供给客服人员，发票将随同商品一并送达。<br /> (2) 如您在网站订购，请在提交订单前在&ldquo; 您是否需要开具发票 &rdquo;处选择&ldquo; 是 &rdquo;，并填写发票抬头。<br />\r\n<div style="margin-left: 24px;">发票将随商品一并送达。<br /> 说明：<br /> ➀ 一张订单对应一张发票，发票会随对应的包裹一同发出。<br /> ➁ 配送费金额包含在订单发票金额中。</div>\r\n</div>\r\n<p>&nbsp;</p>\r\n<p>8.如果收到商品不满意怎么办？是否可办理退换？</p>\r\n<div style="margin-left: 12px;">自客户签收商品之日起<span style="color: #ba5711;">30日</span>内，商品在未经洗涤熨烫、加工且商品完好无污损的情况下，如您对我们的商品不满意，<br /> 我们将提供退换货的服务。详细情况请参见：<span style="color: #ba5711;"><a href="http://seevia.vicp.net/cottonest/article.php?id=19">点击查看</a></span></div>\r\n<p>&nbsp;</p>\r\n<p>9.如何办理退款？</p>\r\n<div style="margin-left: 12px;">若办理退货，相应的 退款会使用您原订单的支付方式进行退回，支付现金的订单可 选择邮政汇款或银行转账退款。采用这两种方式退款到达您的帐户会需要一定的时间，银行转帐会根据不同银行间跨行转账的到账期而不同，邮局汇款则可能因邮局 地域之间差异而不同。货到付款的订单如有退货情况，请您按照便捷退货单上的要求填写清楚您的退款账号信息（包括开户行与支行、开户名、帐号等）或邮局汇款 有关信息，退款周期：<span style="color: #ba5711;">7&mdash;15个工作日</span>。</div>', '', '', NULL, '2009-08-10 11:00:31', '2009-09-08 02:59:16'),
(15, 'chi', 8, '退换货政策', '', '', '<p style="margin-left: 40px;"><span style="font-size: small;"><span style="font-family: 宋体;">1. 退货发生时，由于客户原因造成的退货，</span></span><span style="font-family: 宋体; font-size: small;"><span style="font-size: small;">我们只退回商品的货款金额，原订单如有相应运费（</span></span><span style="font-size: small;"><span style="font-family: 宋体;">以棉制鸟巢当时运费为准）恕不退还；如因商品质量问题而造成的退货，</span></span><span style="font-size: small;"><span style="font-family: 宋体;">棉制鸟巢将退还您商品的货款金额及相应运费。</span></span></p>\r\n<p style="margin-left: 40px;"><span style="font-size: small;"><span style="font-family: 宋体;">2. 套装或套件商品不可部分退货。</span></span></p>\r\n<p style="margin-left: 40px;"><span style="font-family: 宋体; font-size: small;"><span style="font-size: small;">3. 贴身商品或提供特殊服务的商品以及因客户个人原因造成的质量问题</span></span><span style="font-size: small;"><span style="font-family: 宋体;">的商品，恕不退换。</span></span></p>\r\n<p style="margin-left: 40px;"><span style="font-size: small;"><span style="font-family: 宋体;">4. 订单中有特惠品，退货时，如不满足特惠品赠送条件，</span></span><span style="font-size: small;"><span style="font-family: 宋体;">需将特惠品一同退回。如特惠品一经拆包或使用，则订单商品只换不退。如有不便，敬请谅解。</span></span></p>\r\n<p style="margin-left: 40px;"><span style="font-size: small;"><span style="font-family: 宋体;">5. 退货需要退回发票及商品发货单，</span></span><span style="font-family: 宋体; font-size: small;"><span style="font-size: small;">请于购买商品后妥善保管购物发票及商品发货单，</span></span><span style="font-size: small;"><span style="font-family: 宋体;">如因客户原因无法退回发票或商品</span></span><span style="font-size: small;"><span style="font-family: 宋体;">发货单的，将可能导致无法进行退货。</span></span></p>\r\n<p style="margin-left: 40px;"><span style="font-size: small;"><span style="font-family: 宋体;">6. 发生换货时，只能更换相同类别相同价格的商品。</span></span><span style="font-size: small;"><span style="font-family: 宋体;">套装或套件商品不可以部分换货。</span></span></p>\r\n<p style="margin-left: 40px;"><span style="font-size: small;"><span style="font-family: 宋体;"><span style="text-decoration: underline;">7. 除商品质量问题外，</span></span></span><span style="font-family: 宋体; font-size: small;"><span style="text-decoration: underline;"><span style="font-size: small;">客户办理退换货所产生的费用将一律由客户个人承担；</span></span></span><span style="font-family: 宋体;"><span style="text-decoration: underline;">无论因何种原因，换货处理后，棉制鸟巢提供</span></span><span style="font-family: 宋体;"><span style="text-decoration: underline;">一次且仅提供一次免费送货服务。</span></span></p>\r\n<p style="margin-left: 40px;"><span style="font-size: small;"><span style="font-family: 宋体;"><span style="text-decoration: underline;">8. 通常情况下，一张订单只能进行一次退换货操作，</span></span></span><span style="font-family: 宋体;"><span style="text-decoration: underline;">所以为了确保您的权益，请您考虑周全后与我们联系。</span></span></p>\r\n<p style="margin-left: 40px;"><span style="font-size: small;"><span style="font-family: 宋体;"><span style="text-decoration: underline;">9. 发生退货时，因订购该货品所产生的相应积分也要退回；</span></span></span><span style="font-family: 宋体;"><span style="text-decoration: underline;">如客户账户内积分不够抵扣退回的话，我们将扣除相应的与</span></span><span style="font-family: 宋体;"><span style="text-decoration: underline;">该积分抵扣金额等额的货款。</span></span><span style="font-size: small;"> </span></p>\r\n<p><span style="font-size: small;"><span style="font-family: 宋体;">10. 图片及信息仅供参照，商品将以实物为准。</span></span><span style="font-family: 宋体; font-size: small;"><span style="font-size: small;">因拍摄灯光及不同显示器色差等问题可能造成商品图片与实物有一定</span></span><span style="font-size: small;"><span style="font-family: 宋体;">色差，</span></span><span style="font-size: small;"><span style="font-family: 宋体;">不属质量问题。</span></span></p>', '', '', NULL, '2009-08-10 11:01:36', '2009-08-11 02:24:13'),
(16, 'eng', 8, 'Returns policy', '', '', '<p style="margin-left: 40px;"><span style="font-size: small;"><span style="font-family: 宋体;">1. 退货发生时，由于客户原因造成的退货，</span></span><span style="font-family: 宋体; font-size: small;"><span style="font-size: small;">我们只退回商品的货款金额，原订单如有相应运费（</span></span><span style="font-size: small;"><span style="font-family: 宋体;">以棉制鸟巢当时运费为准）恕不退还；如因商品质量问题而造成的退货，</span></span><span style="font-size: small;"><span style="font-family: 宋体;">棉制鸟巢将退还您商品的货款金额及相应运费。</span></span></p>\r\n<p style="margin-left: 40px;"><span style="font-size: small;"><span style="font-family: 宋体;">2. 套装或套件商品不可部分退货。</span></span></p>\r\n<p style="margin-left: 40px;"><span style="font-family: 宋体; font-size: small;"><span style="font-size: small;">3. 贴身商品或提供特殊服务的商品以及因客户个人原因造成的质量问题</span></span><span style="font-size: small;"><span style="font-family: 宋体;">的商品，恕不退换。</span></span></p>\r\n<p style="margin-left: 40px;"><span style="font-size: small;"><span style="font-family: 宋体;">4. 订单中有特惠品，退货时，如不满足特惠品赠送条件，</span></span><span style="font-size: small;"><span style="font-family: 宋体;">需将特惠品一同退回。如特惠品一经拆包或使用，则订单商品只换不退。如有不便，敬请谅解。</span></span></p>\r\n<p style="margin-left: 40px;"><span style="font-size: small;"><span style="font-family: 宋体;">5. 退货需要退回发票及商品发货单，</span></span><span style="font-family: 宋体; font-size: small;"><span style="font-size: small;">请于购买商品后妥善保管购物发票及商品发货单，</span></span><span style="font-size: small;"><span style="font-family: 宋体;">如因客户原因无法退回发票或商品</span></span><span style="font-size: small;"><span style="font-family: 宋体;">发货单的，将可能导致无法进行退货。</span></span></p>\r\n<p style="margin-left: 40px;"><span style="font-size: small;"><span style="font-family: 宋体;">6. 发生换货时，只能更换相同类别相同价格的商品。</span></span><span style="font-size: small;"><span style="font-family: 宋体;">套装或套件商品不可以部分换货。</span></span></p>\r\n<p style="margin-left: 40px;"><span style="font-size: small;"><span style="font-family: 宋体;"><span style="text-decoration: underline;">7. 除商品质量问题外，</span></span></span><span style="font-family: 宋体; font-size: small;"><span style="text-decoration: underline;"><span style="font-size: small;">客户办理退换货所产生的费用将一律由客户个人承担；</span></span></span><span style="font-family: 宋体;"><span style="text-decoration: underline;">无论因何种原因，换货处理后，棉制鸟巢提供</span></span><span style="font-family: 宋体;"><span style="text-decoration: underline;">一次且仅提供一次免费送货服务。</span></span></p>\r\n<p style="margin-left: 40px;"><span style="font-size: small;"><span style="font-family: 宋体;"><span style="text-decoration: underline;">8. 通常情况下，一张订单只能进行一次退换货操作，</span></span></span><span style="font-family: 宋体;"><span style="text-decoration: underline;">所以为了确保您的权益，请您考虑周全后与我们联系。</span></span></p>\r\n<p style="margin-left: 40px;"><span style="font-size: small;"><span style="font-family: 宋体;"><span style="text-decoration: underline;">9. 发生退货时，因订购该货品所产生的相应积分也要退回；</span></span></span><span style="font-family: 宋体;"><span style="text-decoration: underline;">如客户账户内积分不够抵扣退回的话，我们将扣除相应的与</span></span><span style="font-family: 宋体;"><span style="text-decoration: underline;">该积分抵扣金额等额的货款。</span></span><span style="font-size: small;"> </span></p>\r\n<p><span style="font-size: small;"><span style="font-family: 宋体;">10. 图片及信息仅供参照，商品将以实物为准。</span></span><span style="font-family: 宋体; font-size: small;"><span style="font-size: small;">因拍摄灯光及不同显示器色差等问题可能造成商品图片与实物有一定</span></span><span style="font-size: small;"><span style="font-family: 宋体;">色差，</span></span><span style="font-size: small;"><span style="font-family: 宋体;">不属质量问题。</span></span></p>', '', '', NULL, '2009-08-10 11:01:36', '2009-08-11 02:24:13'),
(17, 'chi', 9, '如何办理退换货', '', '', '<blockquote>\r\n<p style="text-align: left;"><span style="text-decoration: underline;"><strong>1.如果您的订单需要办理退换货，请您务必先通过电话或邮件的方式与VANCL客服中心联系<br />客服电话：400-650-7099<br />客服邮件：<a style="text-decoration: underline; color: #0099cc;" href="mailto:service@vancl.com">service@vancl.com</a><br /><br />2.支持上门办理退换货的区域，我们会在您与客服联系后上门为您办理退换货。<br /><br />3.不支持上门办理退换货的区域，请您联系客服后，严格按以下步骤进行操作：<br /><br />1）首先请务必正确填写快捷退换货单和邮政包裹单上各类信息，包括：<br />a、您的姓名、地址、联系方式<br />b、您的订单号码<br />c、办理退货还是换货<br />d、办理退换货的商品名称及数量、退/换货原因<br />如 以上信息缺失，可能造成我们无法为您办理退换货事宜；同时，您应保证您所填写的信息是真实、准确、合法的且不会侵犯任何第三方的合法权益，如因您填写资料 有误，而导致无法退换货、延误退换货或导致其他合法第三方争议的，VANCL不承担责任；如因此而导致第三方向VANCL主张权利的，VANCL保留向您 追偿的一切权利。<br /><br />2）请将需退换的商品、填写完整的快捷退换货单、原包装内的商品发货单及发票(如果有)，通过可查询的邮政包裹或快递方 式寄送至VANCL公司，如退换货单及发票(如果有)未随货物一并返还，可能造成我们无法或者延误为您办理退换货；如果您使用了不可查询的邮寄/快递手段 退回商品，一旦发生商品遗失、破损、误送等情况，VANCL不承担责任，敬请谅解 。<br /><br />3）我们收到您的包裹后，会对您退回的商品进行质检，然后根据您的要求进行退换货操作。<br />若办理换货，我们会在收到您的包裹48小时内，将您需要的商品发出，若您需要的商品缺货，我们会在第一时间联系您，经您同意的情况下更换为其它商品或根据您的要求，进行退货处理。<br />若办理退货，退款会使用您原订单的支付方式进行退回，支付现金的订单可选择邮政汇款或银行转账退款。采用这两种方式退款到达您的帐户会需要一定的时间，银行转帐会根据不同银行间跨行转账的到账期而不同，邮局汇款则可能因邮局地域之间差异而不同。<br /><br />4）退/换货包裹接收地址<br />一、平邮地址：<br />地址：北京市科学城邮局155信箱 <br />邮编：100070 <br />收件人：凡客诚品（北京）科技有限公司<br />二、快递地址：<br /> 地址：北京市大兴区芦花路1号百利威物流公司8号库<br /> 邮编：102613<br /> 收件人：凡客诚品（北京）科技有限公司<br /><br />4. 因商品质量问题（非人为损坏）造成的退、换货，VANCL承担您邮寄或快递到VANCL的费用（请您注意使用合理的方式进行邮寄或快递，VANCL为您承 担的邮寄或快递费用上限原则上不超过VANCL向您收取的货物运费金额），此费用将存入您在VANCL的虚拟帐户内，您可以在下次购物时使用 。</strong></span></p>\r\n</blockquote>', '', '', NULL, '2009-08-11 02:25:32', '2009-08-20 02:57:32'),
(18, 'eng', 9, 'Refunds ', '', '', '<p>1.如果您的订单需要办理退换货，请您务必先通过电话或邮件的方式与VANCL客服中心联系<br />客服电话：400-650-7099<br />客服邮件：<a style="text-decoration: underline; color: #0099cc;" href="mailto:service@vancl.com">service@vancl.com</a><br /><br />2.支持上门办理退换货的区域，我们会在您与客服联系后上门为您办理退换货。<br /><br />3.不支持上门办理退换货的区域，请您联系客服后，严格按以下步骤进行操作：<br /><br />1）首先请务必正确填写快捷退换货单和邮政包裹单上各类信息，包括：<br />a、您的姓名、地址、联系方式<br />b、您的订单号码<br />c、办理退货还是换货<br />d、办理退换货的商品名称及数量、退/换货原因<br />如 以上信息缺失，可能造成我们无法为您办理退换货事宜；同时，您应保证您所填写的信息是真实、准确、合法的且不会侵犯任何第三方的合法权益，如因您填写资料 有误，而导致无法退换货、延误退换货或导致其他合法第三方争议的，VANCL不承担责任；如因此而导致第三方向VANCL主张权利的，VANCL保留向您 追偿的一切权利。<br /><br />2）请将需退换的商品、填写完整的快捷退换货单、原包装内的商品发货单及发票(如果有)，通过可查询的邮政包裹或快递方 式寄送至VANCL公司，如退换货单及发票(如果有)未随货物一并返还，可能造成我们无法或者延误为您办理退换货；如果您使用了不可查询的邮寄/快递手段 退回商品，一旦发生商品遗失、破损、误送等情况，VANCL不承担责任，敬请谅解 。<br /><br />3）我们收到您的包裹后，会对您退回的商品进行质检，然后根据您的要求进行退换货操作。<br />若办理换货，我们会在收到您的包裹48小时内，将您需要的商品发出，若您需要的商品缺货，我们会在第一时间联系您，经您同意的情况下更换为其它商品或根据您的要求，进行退货处理。<br />若办理退货，退款会使用您原订单的支付方式进行退回，支付现金的订单可选择邮政汇款或银行转账退款。采用这两种方式退款到达您的帐户会需要一定的时间，银行转帐会根据不同银行间跨行转账的到账期而不同，邮局汇款则可能因邮局地域之间差异而不同。<br /><br />4）退/换货包裹接收地址<br />一、平邮地址：<br />地址：北京市科学城邮局155信箱 <br />邮编：100070 <br />收件人：凡客诚品（北京）科技有限公司<br />二、快递地址：<br /> 地址：北京市大兴区芦花路1号百利威物流公司8号库<br /> 邮编：102613<br /> 收件人：凡客诚品（北京）科技有限公司<br /><br />4. 因商品质量问题（非人为损坏）造成的退、换货，VANCL承担您邮寄或快递到VANCL的费用（请您注意使用合理的方式进行邮寄或快递，VANCL为您承 担的邮寄或快递费用上限原则上不超过VANCL向您收取的货物运费金额），此费用将存入您在VANCL的虚拟帐户内，您可以在下次购物时使用 。</p>', '', '', NULL, '2009-08-11 02:25:32', '2009-08-20 02:57:32'),
(19, 'chi', 10, '支付方式', '', '', '<p align="left">我们为您提供多种结算方式，您可以根据自身情况选择方便的方式支付货款：</p>\r\n<p><strong><a style="color: #0099cc; text-decoration: underline;" href="http://www.vancl.com/help/servise_d.htm?id=6" target="_top">货到付款支付</a><br /> <a style="color: #0099cc; text-decoration: underline;" href="http://www.vancl.com/help/servise_d.htm?id=7" target="_top">在线支付</a><br /> <a style="color: #0099cc; text-decoration: underline;" href="http://www.vancl.com/help/servise_d.htm?id=8" target="_top">邮局网汇通汇款</a><br /> <a style="color: #0099cc; text-decoration: underline;" href="http://www.vancl.com/help/servise_d.htm?id=9" target="_top">邮局汇款</a></strong></p>', '', '', NULL, '2009-08-11 02:27:02', '2009-08-11 02:27:02'),
(20, 'eng', 10, 'Payment', '', '', '<p align="left">我们为您提供多种结算方式，您可以根据自身情况选择方便的方式支付货款：</p>\r\n<p><strong><a style="color: #0099cc; text-decoration: underline;" href="http://www.vancl.com/help/servise_d.htm?id=6" target="_top">货到付款支付</a><br /> <a style="color: #0099cc; text-decoration: underline;" href="http://www.vancl.com/help/servise_d.htm?id=7" target="_top">在线支付</a><br /> <a style="color: #0099cc; text-decoration: underline;" href="http://www.vancl.com/help/servise_d.htm?id=8" target="_top">邮局网汇通汇款</a><br /> <a style="color: #0099cc; text-decoration: underline;" href="http://www.vancl.com/help/servise_d.htm?id=9" target="_top">邮局汇款</a></strong></p>', '', '', NULL, '2009-08-11 02:27:02', '2009-08-11 02:27:02'),
(21, 'chi', 11, '网站订购流程', '网站', '', '<p>1.挑选商品</p>\r\n<p>2.放入购物车</p>\r\n<p>3.选择特惠商品<br />选择特惠品，需要您点击特惠品并放入购物车，确认特惠品是否出现在购物车的商品名称中。选择成功后,特惠品和您订购的商品是在一起的。如订单中没有特惠品，则系统默认为放弃特惠品。</p>\r\n<p>4.进入结算中心</p>\r\n<p>5.用户登录、注册<br />如果您是老顾客,请直接输入用户名和密码登录；如果您是新顾客,请输入您常用的电子邮箱作为用户名,并设定密码,点击&ldquo;完成&rdquo;。</p>\r\n<p>6.填写收货人信息</p>\r\n<p>7.选择送货方式<br />根据您所在的地区填写送货方式。您所在的地区是中国大陆，并在送货上门的范围，您可以选择快递送货上门，请参见&ldquo;<a style="color: #7f0019 ! important;" href="http://www.vancl.com/help/Transfer_t.htm">配送时间和配送范围</a>&rdquo;。如果不在送货上门的范围，请选择款到快递。</p>\r\n<p>8.选择支付方式<br /> 我们提供的支付方式有：货到付款，网上银行支付，邮局汇款和邮局网汇通汇款。</p>\r\n<p>9.订单确认<br />完 成上述所有流程后您可以点击&ldquo;提交订单&rdquo;，订单提交以后页面会提示订单号。提交订单表示您已经阅读并接受了VANCL的&ldquo;使用条件&rdquo;。您的订单是您购买 VANCL产品的意愿表示，我们将通过电子邮件发送给您一封订单确认信。此订单确认信仅确认我们已收到了您的订单，只有当我们向您发出确认短信或电话与您 联系得到确认，我们和您之间的订购合同才成立。</p>\r\n<p>温馨提示：</p>\r\n<p>1.礼品卡支付：<br />请在付款详情处输入有效的VANCL礼品卡卡号和密码，并验证。成功支付礼品卡后，页面提示已经用礼品卡支付**元。</p>\r\n<p>2.发票开具：<br />在提交订单页面时可以修改发票开具，您可以填写抬头，VANCL发票内容只可以开具&ldquo;服装&rdquo;。</p>', '', '', NULL, '2009-08-11 02:29:11', '2009-09-11 07:32:46'),
(22, 'eng', 11, 'Site ordering process', '网站', '', '<p style="color: #aaa4c1; background-color: #53e54c;">1.挑选商品</p>\r\n<p>2.放入购物车</p>\r\n<p>3.选择特惠商品<br />选择特惠品，需要您点击特惠品并放入购物车，确认特惠品是否出现在购物车的商品名称中。选择成功后,特惠品和您订购的商品是在一起的。如订单中没有特惠品，则系统默认为放弃特惠品。</p>\r\n<p>4.进入结算中心</p>\r\n<p>5.用户登录、注册<br />如果您是老顾客,请直接输入用户名和密码登录；如果您是新顾客,请输入您常用的电子邮箱作为用户名,并设定密码,点击&ldquo;完成&rdquo;。</p>\r\n<p>6.填写收货人信息</p>\r\n<p>7.选择送货方式<br />根据您所在的地区填写送货方式。您所在的地区是中国大陆，并在送货上门的范围，您可以选择快递送货上门，请参见&ldquo;<a style="color: #7f0019 ! important;" href="http://www.vancl.com/help/Transfer_t.htm">配送时间和配送范围</a>&rdquo;。如果不在送货上门的范围，请选择款到快递。</p>\r\n<p>8.选择支付方式<br /> 我们提供的支付方式有：货到付款，网上银行支付，邮局汇款和邮局网汇通汇款。</p>\r\n<p>9.订单确认<br />完 成上述所有流程后您可以点击&ldquo;提交订单&rdquo;，订单提交以后页面会提示订单号。提交订单表示您已经阅读并接受了VANCL的&ldquo;使用条件&rdquo;。您的订单是您购买 VANCL产品的意愿表示，我们将通过电子邮件发送给您一封订单确认信。此订单确认信仅确认我们已收到了您的订单，只有当我们向您发出确认短信或电话与您 联系得到确认，我们和您之间的订购合同才成立。</p>\r\n<p>温馨提示：</p>\r\n<p>1.礼品卡支付：<br />请在付款详情处输入有效的VANCL礼品卡卡号和密码，并验证。成功支付礼品卡后，页面提示已经用礼品卡支付**元。</p>\r\n<p>2.发票开具：<br />在提交订单页面时可以修改发票开具，您可以填写抬头，VANCL发票内容只可以开具&ldquo;服装&rdquo;。</p>', '', '', NULL, '2009-08-11 02:29:11', '2009-09-11 07:32:46'),
(23, 'chi', 12, '注册新用户', '网站', '', '', '', '', NULL, '2009-08-13 09:49:09', '2009-09-22 13:48:37'),
(24, 'eng', 12, 'registration', '网站', '', '', '', '', NULL, '2009-08-13 09:49:09', '2009-09-22 13:48:37'),
(25, 'chi', 13, '发票制度说明', '', '', '', '', '', NULL, '2009-08-13 09:51:46', '2009-08-20 02:57:27'),
(26, 'eng', 13, 'Invoice', '', '', '', '', '', NULL, '2009-08-13 09:51:46', '2009-08-20 02:57:27'),
(27, 'chi', 14, '配送费收取标准', '', '', '', '', '', NULL, '2009-08-13 09:52:27', '2009-08-13 09:52:27'),
(28, 'eng', 14, 'Standard', '', '', '', '', '', NULL, '2009-08-13 09:52:27', '2009-08-13 09:52:27'),
(29, 'chi', 15, '联系我们', '', '', '', '', '', NULL, '2009-08-13 09:52:59', '2009-08-13 09:52:59'),
(30, 'eng', 15, 'Contact Us', '', '', '', '', '', NULL, '2009-08-13 09:52:59', '2009-08-13 09:52:59'),
(31, 'chi', 16, '投诉与建议', '', '', '', '', '', NULL, '2009-08-13 09:53:31', '2009-08-19 05:19:15'),
(32, 'eng', 16, 'Suggestions', '', '', '', '', '', NULL, '2009-08-13 09:53:31', '2009-08-19 05:19:15'),
(36, 'cht', 6, '货到付款区域', '', '', '<p>货到付款区域</p>', '', '', NULL, '2009-08-10 10:59:02', '2009-08-10 10:59:02'),
(37, 'cht', 7, '常见热点问题', 'sv-cart', '', '<p>1.哪些城市可以货到付款？订单完成后多长时间送达？</p>\r\n<div style="margin-left: 12px;">开通了上海、北京、广州等多个城市的快递送货上门货到付款服务，请点击查询具体城市及时间：<span style="color: #ba5711;"><a href="http://seevia.vicp.net/cottonest/article.php?id=17">点击查看</a></span></div>\r\n<p>&nbsp;</p>\r\n<p>2.如何订购？</p>\r\n<div style="margin-left: 12px;">您可以通过拨打热线电话 <span style="color: #ba5711;">4008-xxx-xxx </span>联系我们的客服中心进行订购，也可以通过网站自行订购。<br /> 请点击查询具体网站订购流程：<span style="color: #ba5711;"><a href="http://seevia.vicp.net/cottonest/article.php?id=8">点击查看</a></span></div>\r\n<p>&nbsp;</p>\r\n<p>3.如何付款？</p>\r\n<div style="margin-left: 12px;">我们为您提供多种结算方式，您可以根据自身情况选择方便的方式支付货款。<br /> 货到付款：快递人员送货上门，客户验收包裹后，直接将相应的货款和服务费交给快递人员。<br /> 网上支付：指使用您的银行帐号、卡号或支付宝账号进行网上在线付款，您的银行卡需开通网上银行支付的服务才能<br /> 使用此种支付方式；消费者选择&ldquo;网上支付&rdquo;后，系统会弹出支付窗口，根据提示操作即可支付相应款项。<br /> 银行转账：您可将货款通过银行汇到我公司帐户，收到货款后我们会及时为您安排发货。<br /> 公司名称：上海xxxxx有限公司<br /> 开户银行：中国建设银行上海市分行浙江路支行<br /> 开户账号：3100****************</div>\r\n<p>&nbsp;</p>\r\n<p>4.配送费如何收取？</p>\r\n<div style="margin-left: 12px;">配送费统一为<span style="color: #ba5711;">10元/单</span><br /> 订单购物金额满<span style="color: #ba5711;">300元</span>可免除配送费</div>\r\n<p>&nbsp;</p>\r\n<p>5.订单生成后我需要多长时间内支付？</p>\r\n<div style="margin-left: 12px;">选择网上支付、银行转账时，如果在以下规定时间内未收到您的款项，系统将自动取消订单。<br /> 网上支付：等待<span style="color: #ba5711;">1天</span><br /> 银行转账：等待<span style="color: #ba5711;">3天</span></div>\r\n<p>&nbsp;</p>\r\n<p>6.送货方式有哪几种？</p>\r\n<div style="margin-left: 12px;">送货方式有三种：快递送货上门、EMS和邮政快包。</div>\r\n<p>&nbsp;</p>\r\n<p>7.如何获得发票？</p>\r\n<div style="margin-left: 12px;">获得发票的方式：<br /> (1) 电话订购时，确认好所需要的产品后，请将您的发票抬头提供给客服人员，发票将随同商品一并送达。<br /> (2) 如您在网站订购，请在提交订单前在&ldquo; 您是否需要开具发票 &rdquo;处选择&ldquo; 是 &rdquo;，并填写发票抬头。<br />\r\n<div style="margin-left: 24px;">发票将随商品一并送达。<br /> 说明：<br /> ➀ 一张订单对应一张发票，发票会随对应的包裹一同发出。<br /> ➁ 配送费金额包含在订单发票金额中。</div>\r\n</div>\r\n<p>&nbsp;</p>\r\n<p>8.如果收到商品不满意怎么办？是否可办理退换？</p>\r\n<div style="margin-left: 12px;">自客户签收商品之日起<span style="color: #ba5711;">30日</span>内，商品在未经洗涤熨烫、加工且商品完好无污损的情况下，如您对我们的商品不满意，<br /> 我们将提供退换货的服务。详细情况请参见：<span style="color: #ba5711;"><a href="http://seevia.vicp.net/cottonest/article.php?id=19">点击查看</a></span></div>\r\n<p>&nbsp;</p>\r\n<p>9.如何办理退款？</p>\r\n<div style="margin-left: 12px;">若办理退货，相应的退款会使用您原订单的支付方式进行退回，支付现金的订单可 选择邮政汇款或银行转账退款。采用这两种方式退款到达您的帐户会需要一定的时间，银行转帐会根据不同银行间跨行转账的到账期而不同，邮局汇款则可能因邮局 地域之间差异而不同。货到付款的订单如有退货情况，请您按照便捷退货单上的要求填写清楚您的退款账号信息（包括开户行与支行、开户名、帐号等）或邮局汇款 有关信息，退款周期：<span style="color: #ba5711;">7&mdash;15个工作日</span>。</div>', '', '', NULL, '2009-08-10 11:00:31', '2009-09-08 02:59:16'),
(38, 'cht', 8, '退换货政策', '', '', '<p style="margin-left: 40px;"><span style="font-size: small;"><span style="font-family: 宋体;">1. 退货发生时，由于客户原因造成的退货，</span></span><span style="font-family: 宋体; font-size: small;"><span style="font-size: small;">我们只退回商品的货款金额，原订单如有相应运费（</span></span><span style="font-size: small;"><span style="font-family: 宋体;">以棉制鸟巢当时运费为准）恕不退还；如因商品质量问题而造成的退货，</span></span><span style="font-size: small;"><span style="font-family: 宋体;">棉制鸟巢将退还您商品的货款金额及相应运费。</span></span></p>\r\n<p style="margin-left: 40px;"><span style="font-size: small;"><span style="font-family: 宋体;">2. 套装或套件商品不可部分退货。</span></span></p>\r\n<p style="margin-left: 40px;"><span style="font-family: 宋体; font-size: small;"><span style="font-size: small;">3. 贴身商品或提供特殊服务的商品以及因客户个人原因造成的质量问题</span></span><span style="font-size: small;"><span style="font-family: 宋体;">的商品，恕不退换。</span></span></p>\r\n<p style="margin-left: 40px;"><span style="font-size: small;"><span style="font-family: 宋体;">4. 订单中有特惠品，退货时，如不满足特惠品赠送条件，</span></span><span style="font-size: small;"><span style="font-family: 宋体;">需将特惠品一同退回。如特惠品一经拆包或使用，则订单商品只换不退。如有不便，敬请谅解。</span></span></p>\r\n<p style="margin-left: 40px;"><span style="font-size: small;"><span style="font-family: 宋体;">5. 退货需要退回发票及商品发货单，</span></span><span style="font-family: 宋体; font-size: small;"><span style="font-size: small;">请于购买商品后妥善保管购物发票及商品发货单，</span></span><span style="font-size: small;"><span style="font-family: 宋体;">如因客户原因无法退回发票或商品</span></span><span style="font-size: small;"><span style="font-family: 宋体;">发货单的，将可能导致无法进行退货。</span></span></p>\r\n<p style="margin-left: 40px;"><span style="font-size: small;"><span style="font-family: 宋体;">6. 发生换货时，只能更换相同类别相同价格的商品。</span></span><span style="font-size: small;"><span style="font-family: 宋体;">套装或套件商品不可以部分换货。</span></span></p>\r\n<p style="margin-left: 40px;"><span style="font-size: small;"><span style="font-family: 宋体;"><span style="text-decoration: underline;">7. 除商品质量问题外，</span></span></span><span style="font-family: 宋体; font-size: small;"><span style="text-decoration: underline;"><span style="font-size: small;">客户办理退换货所产生的费用将一律由客户个人承担；</span></span></span><span style="font-family: 宋体;"><span style="text-decoration: underline;">无论因何种原因，换货处理后，棉制鸟巢提供</span></span><span style="font-family: 宋体;"><span style="text-decoration: underline;">一次且仅提供一次免费送货服务。</span></span></p>\r\n<p style="margin-left: 40px;"><span style="font-size: small;"><span style="font-family: 宋体;"><span style="text-decoration: underline;">8. 通常情况下，一张订单只能进行一次退换货操作，</span></span></span><span style="font-family: 宋体;"><span style="text-decoration: underline;">所以为了确保您的权益，请您考虑周全后与我们联系。</span></span></p>\r\n<p style="margin-left: 40px;"><span style="font-size: small;"><span style="font-family: 宋体;"><span style="text-decoration: underline;">9. 发生退货时，因订购该货品所产生的相应积分也要退回；</span></span></span><span style="font-family: 宋体;"><span style="text-decoration: underline;">如客户账户内积分不够抵扣退回的话，我们将扣除相应的与</span></span><span style="font-family: 宋体;"><span style="text-decoration: underline;">该积分抵扣金额等额的货款。</span></span><span style="font-size: small;"> </span></p>\r\n<p><span style="font-size: small;"><span style="font-family: 宋体;">10. 图片及信息仅供参照，商品将以实物为准。</span></span><span style="font-family: 宋体; font-size: small;"><span style="font-size: small;">因拍摄灯光及不同显示器色差等问题可能造成商品图片与实物有一定</span></span><span style="font-size: small;"><span style="font-family: 宋体;">色差，</span></span><span style="font-size: small;"><span style="font-family: 宋体;">不属质量问题。</span></span></p>', '', '', NULL, '2009-08-10 11:01:36', '2009-08-11 02:24:13'),
(39, 'cht', 9, '如何办理退换货', '', '', '<blockquote>\r\n<p style="text-align: left;"><span style="text-decoration: underline;"><strong>1.如果您的订单需要办理退换货，请您务必先通过电话或邮件的方式与VANCL客服中心联系<br />客服电话：400-650-7099<br />客服邮件：<a style="text-decoration: underline; color: #0099cc;" href="mailto:service@vancl.com">service@vancl.com</a><br /><br />2.支持上门办理退换货的区域，我们会在您与客服联系后上门为您办理退换货。<br /><br />3.不支持上门办理退换货的区域，请您联系客服后，严格按以下步骤进行操作：<br /><br />1）首先请务必正确填写快捷退换货单和邮政包裹单上各类信息，包括：<br />a、您的姓名、地址、联系方式<br />b、您的订单号码<br />c、办理退货还是换货<br />d、办理退换货的商品名称及数量、退/换货原因<br />如 以上信息缺失，可能造成我们无法为您办理退换货事宜；同时，您应保证您所填写的信息是真实、准确、合法的且不会侵犯任何第三方的合法权益，如因您填写资料 有误，而导致无法退换货、延误退换货或导致其他合法第三方争议的，VANCL不承担责任；如因此而导致第三方向VANCL主张权利的，VANCL保留向您 追偿的一切权利。<br /><br />2）请将需退换的商品、填写完整的快捷退换货单、原包装内的商品发货单及发票(如果有)，通过可查询的邮政包裹或快递方 式寄送至VANCL公司，如退换货单及发票(如果有)未随货物一并返还，可能造成我们无法或者延误为您办理退换货；如果您使用了不可查询的邮寄/快递手段 退回商品，一旦发生商品遗失、破损、误送等情况，VANCL不承担责任，敬请谅解 。<br /><br />3）我们收到您的包裹后，会对您退回的商品进行质检，然后根据您的要求进行退换货操作。<br />若办理换货，我们会在收到您的包裹48小时内，将您需要的商品发出，若您需要的商品缺货，我们会在第一时间联系您，经您同意的情况下更换为其它商品或根据您的要求，进行退货处理。<br />若办理退货，退款会使用您原订单的支付方式进行退回，支付现金的订单可选择邮政汇款或银行转账退款。采用这两种方式退款到达您的帐户会需要一定的时间，银行转帐会根据不同银行间跨行转账的到账期而不同，邮局汇款则可能因邮局地域之间差异而不同。<br /><br />4）退/换货包裹接收地址<br />一、平邮地址：<br />地址：北京市科学城邮局155信箱 <br />邮编：100070 <br />收件人：凡客诚品（北京）科技有限公司<br />二、快递地址：<br /> 地址：北京市大兴区芦花路1号百利威物流公司8号库<br /> 邮编：102613<br /> 收件人：凡客诚品（北京）科技有限公司<br /><br />4. 因商品质量问题（非人为损坏）造成的退、换货，VANCL承担您邮寄或快递到VANCL的费用（请您注意使用合理的方式进行邮寄或快递，VANCL为您承 担的邮寄或快递费用上限原则上不超过VANCL向您收取的货物运费金额），此费用将存入您在VANCL的虚拟帐户内，您可以在下次购物时使用 。</strong></span></p>\r\n</blockquote>', '', '', NULL, '2009-08-11 02:25:32', '2009-08-20 02:57:32'),
(40, 'chi', 17, '精彩专题', '', '', '<p><span>精彩专题</span></p>', '', '', NULL, '2009-09-16 08:49:40', '2009-09-16 08:49:40'),
(41, 'eng', 17, '精彩专题', '', '', '<p><span>精彩专题</span></p>', '', '', NULL, '2009-09-16 08:49:40', '2009-09-16 08:49:40'),
(42, 'chi', 18, '活动看板', '', '', '<p><span>活动看板</span></p>', '', '', NULL, '2009-09-16 08:50:00', '2009-09-16 08:50:00'),
(43, 'eng', 18, '活动看板', '', '', '<p><span>活动看板</span></p>', '', '', NULL, '2009-09-16 08:50:00', '2009-09-16 08:50:00'),
(44, 'cht', 12, '注册新用户', '网站', '', '', '', '', NULL, '2009-08-13 09:49:09', '2009-09-22 13:48:37'),
(45, 'cht', 13, '发票制度说明', '', '', '', '', '', NULL, '2009-08-13 09:51:46', '2009-08-20 02:57:27'),
(46, 'cht', 14, '配送费收取标准', '', '', '', '', '', NULL, '2009-08-13 09:52:27', '2009-08-13 09:52:27'),
(48, 'cht', 15, '联系我们', '', '', '', '', '', NULL, '2009-08-13 09:52:59', '2009-08-13 09:52:59'),
(49, 'cht', 16, '投诉与建议', '', '', '', '', '', NULL, '2009-08-13 09:53:31', '2009-08-19 05:19:15');
INSERT INTO `svcart_article_i18ns` (`id`, `locale`, `article_id`, `title`, `meta_keywords`, `meta_description`, `content`, `author`, `img01`, `img02`, `created`, `modified`) VALUES
(50, 'cht', 17, '精彩专题', '', '', '<p><span>精彩专题</span></p>', '', '', NULL, '2009-09-16 08:49:40', '2009-09-16 08:49:40'),
(51, 'cht', 18, '活动看板', '', '', '<p><span>活动看板</span></p>', '', '', NULL, '2009-09-16 08:50:00', '2009-09-16 08:50:00');

--
-- 导出表中的数据 `svcart_batches`
--


--
-- 导出表中的数据 `svcart_batch_products`
--


--
-- 导出表中的数据 `svcart_booking_products`
--

INSERT INTO `svcart_booking_products` (`id`, `user_id`, `email`, `contact_man`, `telephone`, `product_id`, `product_desc`, `product_number`, `booking_time`, `is_dispose`, `dispose_operation_id`, `dispose_time`, `dispose_note`, `created`, `modified`) VALUES
(1, 5, '23148953@qq.com', '喜洋洋', '13524412721', 55, '诺基亚N85诺基亚N85诺基亚N85', 5, '2009-08-19 07:01:48', '1', 1, '2009-09-28 16:51:52', 'sdfdsfs', '2009-08-19 07:01:48', '2009-08-19 07:01:48'),
(2, 5, '23148953@qq.com', '懒洋洋', '13524412721', 54, '\n三星SGH-F258\n三星SGH-F258\n三星SGH-F258', 5, '2009-08-19 07:04:11', '0', 0, NULL, '', '2009-08-19 07:04:11', '2009-08-19 07:04:11'),
(3, 5, '23148953@qq.com', '灰太狼', '13524412721', 56, '灰太狼灰太狼灰太狼', 9, '2009-08-19 07:05:15', '0', 0, NULL, '', '2009-08-19 07:05:15', '2009-08-19 07:05:15');

--
-- 导出表中的数据 `svcart_brands`
--

INSERT INTO `svcart_brands` (`id`, `orderby`, `img01`, `img02`, `flash_config`, `status`, `url`, `created`, `modified`) VALUES
(2, 50, '/img/others/49bf2b16.gif', '/img/others/49bf2b16.gif', '0', '1', 'http://www.nokia.com.cn/', '2009-08-10 05:33:26', '2009-09-07 06:04:56'),
(3, 50, '/img/others/49bcc731.jpg', '/img/others/49bcc731.jpg', '0', '1', 'http://www.motorola.com.cn/', '2009-08-10 10:32:59', '2009-09-07 06:05:11'),
(4, 50, ' ', ' ', '0', '1', 'http://www.Dell.com', '2009-08-19 02:49:56', '2009-09-07 05:48:57'),
(5, 50, '', '', '0', '1', 'http://www.lenovo.com.', '2009-09-07 03:11:57', '2009-09-07 05:48:36'),
(6, 50, ' ', ' ', '0', '1', 'http://www.hp.com/', '2009-09-07 05:46:18', '2009-09-07 05:46:18'),
(7, 50, ' ', ' ', '0', '1', 'http://cn.asus.com', '2009-09-07 05:48:15', '2009-09-07 05:48:15'),
(8, 50, ' ', ' ', '0', '1', 'http://www.sonyericsson.com/', '2009-09-07 05:50:46', '2009-09-07 05:50:46'),
(9, 50, ' ', ' ', '0', '1', 'http://www.samsung.com', '2009-09-07 05:52:34', '2009-09-07 05:52:34'),
(10, 50, ' ', ' ', '0', '1', 'http://www.nike.com', '2009-09-07 05:54:03', '2009-09-07 05:54:03'),
(11, 50, ' ', ' ', '0', '1', 'http://adidas.com/', '2009-09-07 05:55:35', '2009-09-07 05:55:35'),
(12, 50, ' ', ' ', '0', '1', 'http://www.li-ning.com', '2009-09-07 05:57:46', '2009-09-07 05:57:46'),
(13, 50, ' ', ' ', '0', '1', '', '2009-09-08 01:46:09', '2009-09-08 01:46:09');

--
-- 导出表中的数据 `svcart_brand_i18ns`
--

INSERT INTO `svcart_brand_i18ns` (`id`, `locale`, `brand_id`, `name`, `description`, `meta_keywords`, `meta_description`, `img01`, `img02`, `img03`, `created`, `modified`) VALUES
(1, 'chi', 2, '诺基亚', '<p>诺基亚</p>', '诺基亚', '<p>诺基亚</p>', '/img/others/49bf2b16.gif', '', NULL, '2009-08-10 05:33:26', '2009-09-07 06:04:56'),
(2, 'eng', 2, 'Nokia', '<p>Nokia</p>', 'Nokia', '<p>Nokia</p>', '/img/others/49bf2b16.gif', '', NULL, '2009-08-10 05:33:26', '2009-09-07 06:04:56'),
(3, 'chi', 3, '摩托罗拉', '<p>摩托罗拉</p>', '摩托罗拉', '<p>摩托罗拉</p>', '/img/others/49bcc731.jpg', '/img/others/49befc3e.jpg', NULL, '2009-08-10 10:32:59', '2009-09-07 06:05:11'),
(4, 'eng', 3, 'motorola', '<p>motorola</p>', 'motorola', '<p>motorola</p>', '/img/others/49bcc731.jpg', '', NULL, '2009-08-10 10:32:59', '2009-09-07 06:05:11'),
(5, 'chi', 4, '戴尔', '<p>戴尔中国（Dell China）为您提供随需定制的计算机，笔记本电脑，台式机，打印机，服务器，存储器，便携设备，电子产品及附件等。自主配置您的计算机，及时获得最新科技</p>', '戴尔', '<p>戴尔中国（Dell China）为您提供随需定制的计算机，笔记本电脑，台式机，打印机，服务器，存储器，便携设备，电子产品及附件等。自主配置您的计算机，及时获得最新科技</p>', '', '', NULL, '2009-08-19 02:49:56', '2009-09-07 05:48:57'),
(6, 'eng', 4, 'DEll', '<p>戴尔中国（Dell China）为您提供随需定制的计算机，笔记本电脑，台式机，打印机，服务器，存储器，便携设备，电子产品及附件等。自主配置您的计算机，及时获得最新科技</p>', 'DEll', '<p>China Dell (Dell China) with the need to provide you with customized computers, notebook computers, desktop computers, printers, servers, memory, portable devices, electronic products and accessories. Self-configure your computer, timely access to the&', '', '', NULL, '2009-08-19 02:49:56', '2009-09-07 05:48:57'),
(7, 'chi', 5, '联想', '<p>联想</p>', '联想', '', '', '', NULL, '2009-09-07 03:11:57', '2009-09-07 05:48:36'),
(8, 'eng', 5, 'lenovo', '<p>lenovo</p>', 'lenovo', '', '', '', NULL, '2009-09-07 03:11:57', '2009-09-07 05:48:36'),
(9, 'chi', 6, '惠普', '', '惠普', '', NULL, '', NULL, '2009-09-07 05:46:18', '2009-09-07 05:46:18'),
(10, 'eng', 6, 'hp', '', 'hp', '', NULL, '', NULL, '2009-09-07 05:46:18', '2009-09-07 05:46:18'),
(11, 'chi', 7, '华硕', '', '华硕', '', NULL, '', NULL, '2009-09-07 05:48:15', '2009-09-07 05:48:15'),
(12, 'eng', 7, 'asus', '', 'asus', '', NULL, '', NULL, '2009-09-07 05:48:15', '2009-09-07 05:48:15'),
(13, 'chi', 8, '索爱', '', '索爱', '', NULL, '', NULL, '2009-09-07 05:50:46', '2009-09-07 05:50:46'),
(14, 'eng', 8, 'Sony Ericsson', '', 'Sony Ericsson', '', NULL, '', NULL, '2009-09-07 05:50:46', '2009-09-07 05:50:46'),
(15, 'chi', 9, '三星', '', '三星', '', NULL, '', NULL, '2009-09-07 05:52:34', '2009-09-07 05:52:34'),
(16, 'eng', 9, 'SAMSUNG', '', 'SAMSUNG', '', NULL, '', NULL, '2009-09-07 05:52:34', '2009-09-07 05:52:34'),
(17, 'chi', 10, '耐克', '', '耐克', '', NULL, '', NULL, '2009-09-07 05:54:03', '2009-09-07 05:54:03'),
(18, 'eng', 10, 'Nike', '', 'Nike', '', NULL, '', NULL, '2009-09-07 05:54:03', '2009-09-07 05:54:03'),
(19, 'chi', 11, '阿迪达斯', '', '阿迪达斯', '', NULL, '', NULL, '2009-09-07 05:55:35', '2009-09-07 05:55:35'),
(20, 'eng', 11, 'Adidas', '', 'Adidas', '', NULL, '', NULL, '2009-09-07 05:55:35', '2009-09-07 05:55:35'),
(21, 'chi', 12, '李宁', '', '李宁', '', NULL, '', NULL, '2009-09-07 05:57:46', '2009-09-07 05:57:46'),
(22, 'eng', 12, 'Li-ning', '', 'Li-ning', '', NULL, '', NULL, '2009-09-07 05:57:46', '2009-09-07 05:57:46'),
(23, 'chi', 13, '七匹狼', '<p><a href="http://pp.ppsj.com.cn/septwolves/" target="_blank">七匹狼</a>选择具有拼搏力和奋斗精神的狼为品牌标识，图象设计为奔狼，充满动感，寓意不断开拓，勇往直前，图案底为绿色，既显示出与奋斗相关的勃勃生机，也让人<a href="http://pp.ppsj.com.cn/lenovo/" target="_blank">联想</a>到与休闲相关的<a href="http://pp.ppsj.com.cn/dzr/" target="_blank">大自然</a>，英文专用词&ldquo;SEPTWOLVES&rdquo;与中文&ldquo;七匹狼&rdquo;象征着公司以一个团结的整体来面向未来的经营作风及企业凝聚力，企业标准色墨绿色象征青春、活力，孕育着勃勃生机。<br /> &ldquo;七匹狼&rdquo;<a href="http://brand.ppsj.com.cn/culture.html" target="_blank">文化</a>的核心魅力，就在于既坚持了东方民族风格，又不墨守成规，在博采众长的基础上古为今用，洋为中用，不断寻求开拓，<a href="http://pp.ppsj.com.cn/Creative/" target="_blank">创新</a>和发展，挑战自然的同时，又遵循自然。七匹狼以产品作为载体，反映&ldquo;追求成功人仕&rdquo; 必经的心灵历程，真情演绎成功男人坚强外表掩盖下的内心独白，提出&ldquo;相信自己，相信伙伴&rdquo;的至情至理的文化内蕴，引起了<a href="http://brand.ppsj.com.cn/man%E2%80%99sfashion.html" target="_blank">男士</a>广泛的共鸣。 经过多年的品牌文化整合，&ldquo;七匹狼&rdquo;已成为了追求成就、勇往直前、勇于挑战，年龄以30-40岁男士为主要目标消费群体的男士精品形象，这种<a href="http://info.ppsj.com.cn/Personality/" target="_blank">个性</a>鲜明地突现男性精神的品牌文化，从而使七匹狼品牌以其深刻的文化品质，取得了中国男性群体时尚消费生活的<a href="http://dy.ppsj.com.cn/" target="_blank">代言</a>人地位。</p>', '七匹狼', '', NULL, '', NULL, '2009-09-08 01:46:09', '2009-09-08 01:46:09'),
(24, 'eng', 13, 'septwolves', '<p><a href="http://pp.ppsj.com.cn/septwolves/" target="_blank">七匹狼</a>选择具有拼搏力和奋斗精神的狼为品牌标识，图象设计为奔狼，充满动感，寓意不断开拓，勇往直前，图案底为绿色，既显示出与奋斗相关的勃勃生机，也让人<a href="http://pp.ppsj.com.cn/lenovo/" target="_blank">联想</a>到与休闲相关的<a href="http://pp.ppsj.com.cn/dzr/" target="_blank">大自然</a>，英文专用词&ldquo;SEPTWOLVES&rdquo;与中文&ldquo;七匹狼&rdquo;象征着公司以一个团结的整体来面向未来的经营作风及企业凝聚力，企业标准色墨绿色象征青春、活力，孕育着勃勃生机。<br /> &ldquo;七匹狼&rdquo;<a href="http://brand.ppsj.com.cn/culture.html" target="_blank">文化</a>的核心魅力，就在于既坚持了东方民族风格，又不墨守成规，在博采众长的基础上古为今用，洋为中用，不断寻求开拓，<a href="http://pp.ppsj.com.cn/Creative/" target="_blank">创新</a>和发展，挑战自然的同时，又遵循自然。七匹狼以产品作为载体，反映&ldquo;追求成功人仕&rdquo; 必经的心灵历程，真情演绎成功男人坚强外表掩盖下的内心独白，提出&ldquo;相信自己，相信伙伴&rdquo;的至情至理的文化内蕴，引起了<a href="http://brand.ppsj.com.cn/man%E2%80%99sfashion.html" target="_blank">男士</a>广泛的共鸣。 经过多年的品牌文化整合，&ldquo;七匹狼&rdquo;已成为了追求成就、勇往直前、勇于挑战，年龄以30-40岁男士为主要目标消费群体的男士精品形象，这种<a href="http://info.ppsj.com.cn/Personality/" target="_blank">个性</a>鲜明地突现男性精神的品牌文化，从而使七匹狼品牌以其深刻的文化品质，取得了中国男性群体时尚消费生活的<a href="http://dy.ppsj.com.cn/" target="_blank">代言</a>人地位。</p>', 'septwolves', '', NULL, '', NULL, '2009-09-08 01:46:09', '2009-09-08 01:46:09'),
(25, 'cht', 2, '诺基亚', '<p>诺基亚</p>', '诺基亚', '<p>诺基亚</p>', '/img/others/49bf2b16.gif', '', NULL, '2009-08-10 05:33:26', '2009-09-07 06:04:56'),
(26, 'cht', 3, '摩托罗拉', '<p>摩托罗拉</p>', '摩托罗拉', '<p>摩托罗拉</p>', '/img/others/49bcc731.jpg', '/img/others/49befc3e.jpg', NULL, '2009-08-10 10:32:59', '2009-09-07 06:05:11'),
(27, 'cht', 4, '戴尔', '<p>戴尔中国（Dell China）为您提供随需定制的计算机，笔记本电脑，台式机，打印机，服务器，存储器，便携设备，电子产品及附件等。自主配置您的计算机，及时获得最新科技</p>', '戴尔', '<p>戴尔中国（Dell China）为您提供随需定制的计算机，笔记本电脑，台式机，打印机，服务器，存储器，便携设备，电子产品及附件等。自主配置您的计算机，及时获得最新科技</p>', '', '', NULL, '2009-08-19 02:49:56', '2009-09-07 05:48:57'),
(28, 'cht', 5, '联想', '<p>联想</p>', '联想', '', '', '', NULL, '2009-09-07 03:11:57', '2009-09-07 05:48:36'),
(29, 'cht', 6, '惠普', '', '惠普', '', NULL, '', NULL, '2009-09-07 05:46:18', '2009-09-07 05:46:18'),
(30, 'cht', 7, '华硕', '', '华硕', '', NULL, '', NULL, '2009-09-07 05:48:15', '2009-09-07 05:48:15'),
(31, 'cht', 8, '索爱', '', '索爱', '', NULL, '', NULL, '2009-09-07 05:50:46', '2009-09-07 05:50:46'),
(32, 'cht', 9, '三星', '', '三星', '', NULL, '', NULL, '2009-09-07 05:52:34', '2009-09-07 05:52:34'),
(33, 'cht', 10, '耐克', '', '耐克', '', NULL, '', NULL, '2009-09-07 05:54:03', '2009-09-07 05:54:03'),
(34, 'cht', 11, '阿迪达斯', '', '阿迪达斯', '', NULL, '', NULL, '2009-09-07 05:55:35', '2009-09-07 05:55:35'),
(35, 'cht', 12, '李宁', '', '李宁', '', NULL, '', NULL, '2009-09-07 05:57:46', '2009-09-07 05:57:46'),
(36, 'cht', 13, '七匹狼', '<p><a href="http://pp.ppsj.com.cn/septwolves/" target="_blank">七匹狼</a>选择具有拼搏力和奋斗精神的狼为品牌标识，图象设计为奔狼，充满动感，寓意不断开拓，勇往直前，图案底为绿色，既显示出与奋斗相关的勃勃生机，也让人<a href="http://pp.ppsj.com.cn/lenovo/" target="_blank">联想</a>到与休闲相关的<a href="http://pp.ppsj.com.cn/dzr/" target="_blank">大自然</a>，英文专用词&ldquo;SEPTWOLVES&rdquo;与中文&ldquo;七匹狼&rdquo;象征着公司以一个团结的整体来面向未来的经营作风及企业凝聚力，企业标准色墨绿色象征青春、活力，孕育着勃勃生机。<br /> &ldquo;七匹狼&rdquo;<a href="http://brand.ppsj.com.cn/culture.html" target="_blank">文化</a>的核心魅力，就在于既坚持了东方民族风格，又不墨守成规，在博采众长的基础上古为今用，洋为中用，不断寻求开拓，<a href="http://pp.ppsj.com.cn/Creative/" target="_blank">创新</a>和发展，挑战自然的同时，又遵循自然。七匹狼以产品作为载体，反映&ldquo;追求成功人仕&rdquo; 必经的心灵历程，真情演绎成功男人坚强外表掩盖下的内心独白，提出&ldquo;相信自己，相信伙伴&rdquo;的至情至理的文化内蕴，引起了<a href="http://brand.ppsj.com.cn/man%E2%80%99sfashion.html" target="_blank">男士</a>广泛的共鸣。 经过多年的品牌文化整合，&ldquo;七匹狼&rdquo;已成为了追求成就、勇往直前、勇于挑战，年龄以30-40岁男士为主要目标消费群体的男士精品形象，这种<a href="http://info.ppsj.com.cn/Personality/" target="_blank">个性</a>鲜明地突现男性精神的品牌文化，从而使七匹狼品牌以其深刻的文化品质，取得了中国男性群体时尚消费生活的<a href="http://dy.ppsj.com.cn/" target="_blank">代言</a>人地位。</p>', '七匹狼', '', NULL, '', NULL, '2009-09-08 01:46:09', '2009-09-08 01:46:09');

--
-- 导出表中的数据 `svcart_cards`
--

INSERT INTO `svcart_cards` (`id`, `orderby`, `img01`, `img02`, `fee`, `free_money`, `status`, `created`, `modified`) VALUES
(1, 50, '/img/others/49ba4449.jpg', '', 5.00, 100.00, '1', '2009-08-10 10:22:58', '2009-08-10 10:22:58'),
(2, 50, '/img/others/49b9ec21.jpg', '', 5.00, 100.00, '1', '2009-08-10 10:24:12', '2009-08-10 10:24:12');

--
-- 导出表中的数据 `svcart_card_i18ns`
--

INSERT INTO `svcart_card_i18ns` (`id`, `locale`, `card_id`, `name`, `description`, `created`, `modified`) VALUES
(1, 'chi', 1, '圣诞贺卡', '圣诞贺卡', '2009-08-10 10:22:58', '2009-08-10 10:22:58'),
(2, 'eng', 1, 'Christmas Cards', 'Christmas Cards', '2009-08-10 10:22:58', '2009-08-10 10:22:58'),
(3, 'chi', 2, '生日贺卡', '生日贺卡', '2009-08-10 10:24:12', '2009-08-10 10:24:12'),
(4, 'eng', 2, 'Birthday cards', 'Birthday cards', '2009-08-10 10:24:12', '2009-08-10 10:24:12'),
(5, 'cht', 2, '生日贺卡', '生日贺卡', '2009-08-10 10:24:12', '2009-08-10 10:24:12'),
(6, 'cht', 1, '圣诞贺卡', '圣诞贺卡', '2009-08-10 10:22:58', '2009-08-10 10:22:58');

--
-- 导出表中的数据 `svcart_carts`
--

INSERT INTO `svcart_carts` (`id`, `session_id`, `user_id`, `store_id`, `product_id`, `product_code`, `product_name`, `product_price`, `product_quantity`, `product_attrbute`, `extension_code`, `created`, `modified`) VALUES
(39, 'd1d95f6b640aa2aba7ceb300aaae5548', 1, 0, 48, 'SV000048', '欧式丝光舒适板鞋（女款） 黑色', 99.00, 1, '', '', '2009-08-19 02:37:37', '2009-08-19 02:37:37'),
(48, 'f1cdf4a378623f2f17f9cdf1e6eaa042', 3, 0, 22, 'SV000022', '高级免烫全棉衬衫（尊贵款）', 888.00, 1, '尺码:37 <br />', '', '2009-08-19 06:28:17', '2009-08-19 06:28:17'),
(68, 'e2c7e3785b9bd58df0b06adccd9ee6cc', 3, 0, 43, 'SV000043', '商务休闲裤（标准款） 黑色', 79.00, 1, '尺码:37 <br />', '', '2009-08-28 06:14:29', '2009-08-28 06:14:29'),
(61, 'd1d95f6b640aa2aba7ceb300aaae5548', 7, 0, 50, 'SV000050', 'Continental Comfort mercerizing(female section) White', 99.00, 1, '', '', '2009-08-20 03:34:01', '2009-08-20 03:34:01'),
(72, '861d2261a971758f361b08f5705c4afa', 3, 0, 16, 'SV000016', '速干圆领印花T恤sea life 中国红', 59.00, 1, '尺码:S <br />', '', '2009-09-11 05:09:04', '2009-09-11 05:09:04'),
(74, '812ae9adbe5332b1c4ddf1fb59dbf27e', 1, 0, 47, 'SV000047', '欧式丝光舒适板鞋（女款） 蓝色', 99.00, 1, '', '', '2009-09-18 10:04:25', '2009-09-18 10:04:25'),
(76, '812ae9adbe5332b1c4ddf1fb59dbf27e', 9, 0, 43, 'SV000043', '商务休闲裤（标准款） 黑色', 79.00, 1, '尺码:37 <br />', '', '2009-09-18 10:16:42', '2009-09-18 10:16:42'),
(77, '81a054df0948efb2caf1458cf8fb08b9', 10, 0, 13, 'SV000013', '带帽长款条纹T恤 浅灰色', 79.00, 1, '', '', '2009-09-22 15:56:53', '2009-09-22 15:56:53'),
(85, '81a054df0948efb2caf1458cf8fb08b9', 10, 0, 45, 'SV000045', '商务休闲裤（标准款）深卡其', 79.00, 1, '尺码:37 <br />', '', '2009-09-29 10:55:54', '2009-09-29 10:55:54');

--
-- 导出表中的数据 `svcart_categories`
--

INSERT INTO `svcart_categories` (`id`, `parent_id`, `type`, `sub_type`, `orderby`, `status`, `new_show`, `link`, `img01`, `img01_link`, `img02`, `img02_link`, `created`, `modified`) VALUES
(10, 0, 'P', 'G', 5, '1', '0', '', '', NULL, '', NULL, '2009-03-16 05:02:27', '2009-04-23 05:21:56'),
(11, 18, 'P', 'G', 1, '1', '0', '', '/img/product_categories/11/49b14bdb.jpg', NULL, '/img/product_categories/11/49b14bdb.jpg', NULL, '2009-08-10 03:24:38', '2009-09-07 07:47:36'),
(12, 13, 'P', 'G', 50, '1', '0', '', '', NULL, '', NULL, '2009-08-10 05:18:04', '2009-08-19 06:51:37'),
(13, 0, 'P', 'G', 50, '1', '0', '', '/img/product_categories/13/49b89cc1.jpg', NULL, '/img/product_categories/13/49b6579a.jpg', NULL, '2009-08-10 05:18:51', '2009-08-10 10:15:50'),
(14, 12, 'P', 'G', 50, '1', '0', '', '', NULL, '', NULL, '2009-08-10 05:19:44', '2009-08-10 05:19:44'),
(15, 12, 'P', 'G', 50, '1', '0', '', '', NULL, '', NULL, '2009-08-10 05:20:21', '2009-08-10 05:20:21'),
(16, 12, 'P', 'G', 50, '1', '0', '', '', NULL, '', NULL, '2009-08-10 05:21:05', '2009-08-10 05:21:05'),
(17, 0, 'P', 'G', 50, '1', '0', '', '', NULL, '', NULL, '2009-08-10 05:21:47', '2009-08-10 05:21:47'),
(18, 0, 'P', 'G', 50, '1', '0', '', '/img/product_categories/18/49bb9465.jpg', NULL, '/img/product_categories/18/49be191e.jpg', NULL, '2009-08-10 05:22:32', '2009-09-08 02:08:35'),
(19, 18, 'P', 'G', 50, '1', '0', '', '/img/product_categories/19/49b1acf3.jpg', NULL, '/img/product_categories/19/49b1acf3.jpg', NULL, '2009-08-10 05:23:57', '2009-09-07 07:47:43'),
(20, 0, 'P', 'G', 50, '1', '0', '', '', NULL, '', NULL, '2009-08-10 05:24:37', '2009-08-13 03:41:04'),
(21, 0, 'P', 'G', 50, '1', '0', '', '', NULL, '', NULL, '2009-08-10 05:25:10', '2009-08-10 05:25:10'),
(28, 0, 'A', 'H', 5, '1', '0', '', '', NULL, '', NULL, '2009-07-28 10:01:46', '2009-09-04 06:52:08'),
(27, 0, 'A', 'H', 4, '1', '0', '', '', NULL, '', NULL, '2009-07-28 10:01:14', '2009-09-04 06:51:43'),
(26, 0, 'A', 'H', 3, '1', '0', '', '', NULL, '', NULL, '2009-07-28 09:58:25', '2009-09-04 06:51:16'),
(25, 0, 'A', 'H', 2, '1', '0', '', '', NULL, '', NULL, '2009-07-28 09:56:42', '2009-09-04 06:50:27'),
(24, 0, 'A', 'H', 1, '1', '0', '', '', NULL, '', NULL, '2009-07-28 09:54:10', '2009-09-04 06:49:37');

--
-- 导出表中的数据 `svcart_category_filters`
--

INSERT INTO `svcart_category_filters` (`id`, `category_id`, `product_attribute`, `filter_price`, `status`, `created`, `modified`) VALUES
(1, 11, '', '1-100;101-200;201-400;401-800', '1', '2009-08-10 03:24:38', '2009-09-07 07:47:37'),
(2, 12, '', '', '0', '2009-08-10 05:18:04', '2009-08-19 06:51:37'),
(3, 13, '', '', '0', '2009-08-10 05:18:51', '2009-08-10 10:15:50'),
(4, 14, '', '', '0', '2009-08-10 05:19:44', '2009-08-10 05:19:44'),
(5, 15, '', '', '0', '2009-08-10 05:20:21', '2009-08-10 05:20:21'),
(6, 16, '', '', '0', '2009-08-10 05:21:05', '2009-08-10 05:21:05'),
(7, 17, '', '', '0', '2009-08-10 05:21:47', '2009-08-10 05:21:47'),
(8, 18, '1;4;2', '0-200;200-500;500-1500;1500-999999', '1', '2009-08-10 05:22:32', '2009-09-08 02:08:35'),
(9, 19, '', '', '0', '2009-08-10 05:23:57', '2009-09-07 07:47:43'),
(10, 20, '1;2;3;4;6', '0-100;101-200;201-500;501-1000;1001-10000', '1', '2009-08-10 05:24:37', '2009-08-13 03:41:04'),
(11, 21, '', '', '0', '2009-08-10 05:25:10', '2009-08-10 05:25:10');

--
-- 导出表中的数据 `svcart_category_i18ns`
--

INSERT INTO `svcart_category_i18ns` (`id`, `locale`, `category_id`, `name`, `meta_keywords`, `meta_description`, `detail`, `img01`, `img01_link`, `img02`, `img02_link`, `img03`, `img03_link`, `created`, `modified`) VALUES
(7, 'chi', 10, '饰品与配件', '饰品与配件', '饰品与配件', '', '', NULL, '', NULL, NULL, NULL, '2009-03-16 05:02:27', '2009-04-23 05:21:56'),
(8, 'eng', 10, 'Jewelry', 'Jewelry', 'Jewelry', '', '', NULL, '', NULL, NULL, NULL, '2009-03-16 05:02:27', '2009-04-23 05:21:56'),
(9, 'chi', 11, 'T恤', 'T恤', 'T恤', '', '/img/product_categories/11/49b14bdb.jpg', NULL, '/img/product_categories/11/49b14bdb.jpg', NULL, NULL, NULL, '2009-08-10 03:24:38', '2009-09-07 07:47:36'),
(10, 'chi', 12, '手机类型', '手机类型', '手机类型', '', '', NULL, '', NULL, NULL, NULL, '2009-08-10 05:18:04', '2009-08-19 06:51:37'),
(11, 'eng', 12, 'Mobile Phones', 'Mobile Phones', 'Mobile Phones', '', '', NULL, '', NULL, NULL, NULL, '2009-08-10 05:18:04', '2009-08-19 06:51:37'),
(12, 'chi', 13, '数码产品', '数码产品', '数码产品', '', '/img/product_categories/13/49b6579a.jpg', NULL, '/img/product_categories/13/49b89cc1.jpg', NULL, NULL, NULL, '2009-08-10 05:18:51', '2009-08-10 10:15:50'),
(13, 'eng', 13, 'Digitals', 'Digitals', 'Digitals', '', '/img/product_categories/13/49b6579a.jpg', NULL, '/img/product_categories/13/49b89cc1.jpg', NULL, NULL, NULL, '2009-08-10 05:18:51', '2009-08-10 10:15:50'),
(14, 'chi', 14, '3G手机', '3G手机', '3G手机', '', '', NULL, '', NULL, NULL, NULL, '2009-08-10 05:19:44', '2009-08-10 05:19:44'),
(15, 'eng', 14, '3G Mobile Phones', '3G Mobile Phones', '3G Mobile Phones', '', '', NULL, '', NULL, NULL, NULL, '2009-08-10 05:19:44', '2009-08-10 05:19:44'),
(16, 'chi', 15, 'CDMA手机', 'CDMA手机', 'CDMA手机', '', '', NULL, '', NULL, NULL, NULL, '2009-08-10 05:20:21', '2009-08-10 05:20:21'),
(17, 'eng', 15, 'CDMA Mobile Phones', 'CDMA Mobile Phones', 'CDMA Mobile Phones', '', '', NULL, '', NULL, NULL, NULL, '2009-08-10 05:20:21', '2009-08-10 05:20:21'),
(18, 'chi', 16, 'GSM手机', 'GSM手机', 'GSM手机', '', '', NULL, '', NULL, NULL, NULL, '2009-08-10 05:21:05', '2009-08-10 05:21:05'),
(19, 'eng', 16, 'GSM Mobile Phones', 'GSM Mobile Phones', 'GSM Mobile Phones', '', '', NULL, '', NULL, NULL, NULL, '2009-08-10 05:21:05', '2009-08-10 05:21:05'),
(20, 'chi', 17, '皮包', '皮包', '皮包', '', '', NULL, '', NULL, NULL, NULL, '2009-08-10 05:21:47', '2009-08-10 05:21:47'),
(21, 'eng', 17, 'Bags', 'Bags', 'Bags', '', '', NULL, '', NULL, NULL, NULL, '2009-08-10 05:21:47', '2009-08-10 05:21:47'),
(22, 'chi', 18, '衣服', '衣服', '衣服', '', '', NULL, '', NULL, NULL, NULL, '2009-08-10 05:22:32', '2009-09-08 02:08:35'),
(23, 'eng', 18, 'Clothes', 'Clothes', 'Clothes', '', '', NULL, '', NULL, NULL, NULL, '2009-08-10 05:22:32', '2009-09-08 02:08:35');
INSERT INTO `svcart_category_i18ns` (`id`, `locale`, `category_id`, `name`, `meta_keywords`, `meta_description`, `detail`, `img01`, `img01_link`, `img02`, `img02_link`, `img03`, `img03_link`, `created`, `modified`) VALUES
(24, 'eng', 11, 'T Shirts', 'T Shirts', 'T Shirts', '<pre class="cake-debug"><a onclick="document.getElementById(" href="javascript:void(0);"><strong>Notice</strong> (8)</a>: Undefined index:  eng [<strong>F:\\seevia\\branches\\data\\libs\\sv-admin\\views\\categories\\edit.ctp</strong>, line <strong>283</strong>]</pre>\r\n<div id="CakeStackTrace1" class="cake-stack-trace" style="display: none;"><a onclick="document.getElementById(" href="javascript:void(0);">Code</a> | <a onclick="document.getElementById(" href="javascript:void(0);">Context</a>\r\n<pre id="CakeErrorContext1" class="cake-context" style="display: none;">$___viewFn	=	"F:\\seevia\\branches\\data/libs/\\sv-admin\\views\\categories\\edit.ctp"\r\n$___dataForView	=	array(\r\n	"root_all" =&gt; "/",\r\n	"server_host" =&gt; "http://data.branches.seevia.cn",\r\n	"admin_webroot" =&gt; "/sv-admin/",\r\n	"user_webroot" =&gt; "/user/",\r\n	"cart_webroot" =&gt; "/",\r\n	"memory_useage" =&gt; "7.501",\r\n	"g_languages_count" =&gt; 2,\r\n	"g_languages" =&gt; array(\r\n	array(),\r\n	array()\r\n),\r\n	"SVConfigs" =&gt; array(\r\n	"shop_name" =&gt; "SV-Cart演示网站",\r\n	"enable_points" =&gt; "1",\r\n	"enable_bonus" =&gt; "1",\r\n	"enable_send_confirm_email_customer_service" =&gt; "1",\r\n	"show_product_code" =&gt; "1",\r\n	"show_brand" =&gt; "1",\r\n	"show_weight" =&gt; "1",\r\n	"show_stock" =&gt; "1",\r\n	"show_onsale_time" =&gt; "1",\r\n	"products_attribute_show_type" =&gt; "1",\r\n	"show_market_price" =&gt; "1",\r\n	"show_list" =&gt; "1",\r\n	"show_picture" =&gt; "1",\r\n	"order_type" =&gt; "1",\r\n	"add_address_count" =&gt; "5",\r\n	"friend_category" =&gt; "5",\r\n	"friend_count" =&gt; "20",\r\n	"voucher" =&gt; "1",\r\n	"show_sale_stat" =&gt; "1",\r\n	"show_view_stat" =&gt; "1",\r\n	"show_product_category" =&gt; "1",\r\n	"show_product_type" =&gt; "1",\r\n	"proportion_point" =&gt; "10",\r\n	"conversion_ratio_point" =&gt; "20",\r\n	"use_coupons" =&gt; "1",\r\n	"shop_title" =&gt; "PHP电子商务平台 SV-Cart官网 | 上海实玮",\r\n	"icp_number" =&gt; "",\r\n	"register_gift_points" =&gt; "1",\r\n	"enable_balance" =&gt; "1",\r\n	"enable_send_confirm_email" =&gt; "1",\r\n	"mail_service" =&gt; "0",\r\n	"first_points" =&gt; "10",\r\n	"send_coupons" =&gt; "1",\r\n	"memory_useage" =&gt; "1",\r\n	"register_captcha" =&gt; "0",\r\n	"shop_description" =&gt; "最好的,免费开源的,PHP电子商务平台 SV-Cart系统",\r\n	"default_timezone" =&gt; "8",\r\n	"enable_out_of_stock_handle" =&gt; "1",\r\n	"enable_send_ship_email" =&gt; "1",\r\n	"order_gift_points" =&gt; "1",\r\n	"price_format" =&gt; "￥%s元",\r\n	"register_coupons" =&gt; "1",\r\n	"use_captcha" =&gt; "0",\r\n	"shop_keywords" =&gt; "电子商务平台,免费开源,sv-cart,上海实玮,php",\r\n	"paging_type" =&gt; "1",\r\n	"enable_send_cancel_email" =&gt; "1",\r\n	"enable_guest_buy" =&gt; "1",\r\n	"order_points" =&gt; "20",\r\n	"service_code" =&gt; "",\r\n	"comment_captcha" =&gt; "0",\r\n	"company_address" =&gt; "",\r\n	"statistic_code" =&gt; "",\r\n	"enable_send_invalid_email" =&gt; "1",\r\n	"min_buy_amount" =&gt; "10",\r\n	"out_order_gift_points" =&gt; "1",\r\n	"admin_captcha" =&gt; "1",\r\n	"shop_logo" =&gt; "",\r\n	"comments_number" =&gt; "3",\r\n	"enable_one_step_buy" =&gt; "0",\r\n	"out_order_points" =&gt; "30",\r\n	"buy_points" =&gt; "30",\r\n	"smtp_ssl" =&gt; "0",\r\n	"open_operator_log" =&gt; "1",\r\n	"shop_notice" =&gt; "欢迎使用上海实玮电子商务系统[SV-Cart]",\r\n	"enable_gzip" =&gt; "1",\r\n	"enable_decrease_stock_time" =&gt; "2",\r\n	"buy_gift_points" =&gt; "1",\r\n	"user_center_notice" =&gt; "这里是用户中心公告",\r\n	"products_price_show_format" =&gt; "1",\r\n	"enable_products_show_method" =&gt; "1",\r\n	"recommend_gift_points" =&gt; "1",\r\n	"recommend_points" =&gt; "5",\r\n	"order_smallest" =&gt; "200",\r\n	"qq" =&gt; "",\r\n	"products_name_length" =&gt; "20",\r\n	"enable_show_products_attribute" =&gt; "1",\r\n	"recommend_buy_gift_points" =&gt; "1",\r\n	"ww" =&gt; "",\r\n	"enable_buy_packing" =&gt; "1",\r\n	"recommend_buy_points" =&gt; "50",\r\n	"user_login_msg" =&gt; "1",\r\n	"skype" =&gt; "",\r\n	"enable_buy_card" =&gt; "1",\r\n	"smtp_host" =&gt; "",\r\n	"is_guides" =&gt; "0",\r\n	"ym" =&gt; "",\r\n	"enable_members_mail_verify" =&gt; "1",\r\n	"image_width" =&gt; "400",\r\n	"show_L" =&gt; "1",\r\n	"msn" =&gt; "",\r\n	"enable_stock_manage" =&gt; "1",\r\n	"image_height" =&gt; "400",\r\n	"show_G" =&gt; "1",\r\n	"customer_service_email" =&gt; "",\r\n	"default_stock" =&gt; "999",\r\n	"show_T" =&gt; "1",\r\n	"customer_service_phone" =&gt; "",\r\n	"shop_temporal_closed" =&gt; "0",\r\n	"market_price_rate" =&gt; "1.2  ",\r\n	"thumbl_image_width" =&gt; "108",\r\n	"smtp_port" =&gt; "25",\r\n	"closed_reason" =&gt; "",\r\n	"products_code_prefix" =&gt; "SV",\r\n	"thumb_image_height" =&gt; "108",\r\n	"enable_registration_closed" =&gt; "0",\r\n	"show_count" =&gt; "20  ",\r\n	"access_right" =&gt; "0",\r\n	"promotion_count" =&gt; "5",\r\n	"search_prouduct_type" =&gt; "0;1;2",\r\n	"search_autocomplete_image_width" =&gt; "60",\r\n	"enable_invoice" =&gt; "1",\r\n	"smtp_user" =&gt; "",\r\n	"search_autocomplete_image_height" =&gt; "40",\r\n	"use_product_top" =&gt; "1",\r\n	"products_detail_page_gallery_number" =&gt; "3",\r\n	"invoice_type_tax_rate" =&gt; "1",\r\n	"product_top_number" =&gt; "10",\r\n	"enable_user_comment_check" =&gt; "0",\r\n	"products_comment_condition" =&gt; "0",\r\n	"related_products_show_number" =&gt; "10  ",\r\n	"invoice_content" =&gt; "1",\r\n	"enable_new_order_remind" =&gt; "1",\r\n	"login_back_url" =&gt; "1",\r\n	"use_tag" =&gt; "1",\r\n	"smtp_pass" =&gt; "seevia",\r\n	"cart_time" =&gt; "1",\r\n	"related_products_number" =&gt; "2",\r\n	"screening_setting" =&gt; "0",\r\n	"products_category_page_size" =&gt; "20",\r\n	"volume_setting" =&gt; "1",\r\n	"products_category_page_orderby_type" =&gt; "modified",\r\n	"products_category_page_orderby_method" =&gt; "DESC",\r\n	"write_order_pay_remark" =&gt; "1",\r\n	"smtp_mail" =&gt; "",\r\n	"products_list_showtype" =&gt; "G",\r\n	"write_order_ship_remark" =&gt; "0",\r\n	"write_order_receive_remark" =&gt; "0",\r\n	"recommend_products_orderby" =&gt; "1",\r\n	"write_order_unpay_remark" =&gt; "0",\r\n	"invoice_type" =&gt; "服装;餐饮",\r\n	"write_order_unship_remark" =&gt; "0",\r\n	"promotions_page_list_number" =&gt; "10",\r\n	"write_order_cancel_remark" =&gt; "0",\r\n	"mail_charset" =&gt; "0",\r\n	"write_order_return_remark" =&gt; "0",\r\n	"write_order_invalid_remark" =&gt; "0",\r\n	"enable_auto_send_mail" =&gt; "1",\r\n	"products_default_image" =&gt; "0",\r\n	"latest_article_show_number" =&gt; "5  ",\r\n	"retain_original_image_when_upload_products" =&gt; "1",\r\n	"article_category_page_list_number" =&gt; "20",\r\n	"related_articles_number" =&gt; " 2 ",\r\n	"is_watermark" =&gt; "1",\r\n	"watermark_file" =&gt; "2",\r\n	"article_title_length" =&gt; "20",\r\n	"watermark_location" =&gt; "0",\r\n	"test_mail_address" =&gt; "",\r\n	"watermark_transparency" =&gt; "50",\r\n	"show_member_level_price" =&gt; "2",\r\n	"register_question" =&gt; "1;2;3",\r\n	"email_notification" =&gt; "1",\r\n	"affiliate" =&gt; "a:3:{s:2:"on";s:1:"1";s:6:"config";a:7:{s:11:"separate_by";s:1:"1";s:6:"expire";s:2:"24";s:11:"expire_unit";s:3:"day";s:15:"level_point_all";s:2:"5%";s:15:"level_money_all";s:2:"1%";s:18:"level_register_all";s:1:"2";s:17:"level_register_up";s:2:"60";}s:4:"item";a:5:{i:0;a:2:{s:11:"level_point";s:3:"60%";s:11:"level_money";s:3:"60%";}i:1;a:2:{s:11:"level_point";s:3:"30%";s:11:"level_money";s:3:"30%";}i:2;a:2:{s:11:"level_point";s:2:"7%";s:11:"level_money";s:2:"7%";}i:3;a:2:{s:11:"level_point";s:2:"1%";s:11:"level_money";s:2:"1%";}i:4;a:2:{s:11:"level_point";s:2:"1%";s:11:"level_money";s:2:"1%";}}}",\r\n	"use_sku" =&gt; "0",\r\n	"use_product_shipping_fee" =&gt; "0",\r\n	"mlti_currency_module" =&gt; "0",\r\n	"currencies_setting" =&gt; "1",\r\n	"version" =&gt; "v1.1.0",\r\n	"cart_confirm_notice" =&gt; "1",\r\n	"gears_setting" =&gt; "0",\r\n	"admin_gears_setting" =&gt; "1"\r\n),\r\n	"now_locale" =&gt; "chi",\r\n	"languages" =&gt; array(\r\n	array(),\r\n	array()\r\n),\r\n	"title_arr" =&gt; array(\r\n	"look" =&gt; array(),\r\n	"remove" =&gt; array(),\r\n	"edit" =&gt; array(),\r\n	"copy" =&gt; array(),\r\n	"trash" =&gt; array(),\r\n	"select_img" =&gt; array(),\r\n	"help" =&gt; array()\r\n),\r\n	"Operator_Longin_Date" =&gt; "2009-08-10 05:03:36",\r\n	"Operator_Ip" =&gt; "192.168.10.179",\r\n	"Operator_Name" =&gt; "seevia",\r\n	"app_model" =&gt; array(\r\n	array(),\r\n	array(),\r\n	array()\r\n),\r\n	"filer_status" =&gt; "1",\r\n	"first_price" =&gt; array(\r\n	"1",\r\n	"100"\r\n),\r\n	"clone_price" =&gt; array(\r\n	array(),\r\n	array(),\r\n	array()\r\n),\r\n	"product_type" =&gt; array(\r\n	array()\r\n),\r\n	"clone_attr" =&gt; array(),\r\n	"check_id" =&gt; array(),\r\n	"categories_tree" =&gt; array(\r\n	array(),\r\n	array(),\r\n	array(),\r\n	array()\r\n),\r\n	"type" =&gt; "P",\r\n	"navigations" =&gt; array(\r\n	array(),\r\n	array(),\r\n	array(),\r\n	array()\r\n),\r\n	"Operator_menu" =&gt; array(\r\n	array(),\r\n	array(),\r\n	array(),\r\n	array(),\r\n	array(),\r\n	array(),\r\n	array(),\r\n	array(),\r\n	array(),\r\n	array(),\r\n	array()\r\n),\r\n	"gzip_is_start" =&gt; 1,\r\n	"gears_file" =&gt; array(\r\n	"/sv-admin/img/add.gif",\r\n	"/sv-admin/img/article_search.gif",\r\n	"/sv-admin/img/back_icon.gif",\r\n	"/sv-admin/img/bak_btn.gif",\r\n	"/sv-admin/img/black.gif",\r\n	"/sv-admin/img/black_over.gif",\r\n	"/sv-admin/img/blank.gif",\r\n	"/sv-admin/img/blue.gif",\r\n	"/sv-admin/img/blue_over.gif",\r\n	"/sv-admin/img/body.gif",\r\n	"/sv-admin/img/book_open.gif",\r\n	"/sv-admin/img/btn_bg.gif",\r\n	"/sv-admin/img/btn_left.gif",\r\n	"/sv-admin/img/btn_right.gif",\r\n	"/sv-admin/img/bullet.gif",\r\n	"/sv-admin/img/cake.icon.gif",\r\n	"/sv-admin/img/calendar.gif",\r\n	"/sv-admin/img/checkout_btn.gif",\r\n	"/sv-admin/img/close.gif",\r\n	"/sv-admin/img/closelabel.gif",\r\n	"/sv-admin/img/close_img.png",\r\n	"/sv-admin/img/close_img_over.png",\r\n	"/sv-admin/img/container.gif",\r\n	"/sv-admin/img/content_left.gif",\r\n	"/sv-admin/img/content_right.gif",\r\n	"/sv-admin/img/default.gif",\r\n	"/sv-admin/img/del-btn.gif",\r\n	"/sv-admin/img/delete1.gif",\r\n	"/sv-admin/img/delete2.gif",\r\n	"/sv-admin/img/direction_bg.gif",\r\n	"/sv-admin/img/download-icon.gif",\r\n	"/sv-admin/img/en_us.gif",\r\n	"/sv-admin/img/export.gif",\r\n	"/sv-admin/img/failure.jpg",\r\n	"/sv-admin/img/green.gif",\r\n	"/sv-admin/img/green_over.gif",\r\n	"/sv-admin/img/handel_bg.gif",\r\n	"/sv-admin/img/help_icon.gif",\r\n	"/sv-admin/img/hue_bg.png",\r\n	"/sv-admin/img/hue_thumb.png",\r\n	"/sv-admin/img/icon-10.gif",\r\n	"/sv-admin/img/icon-right.gif",\r\n	"/sv-admin/img/icon01.gif",\r\n	"/sv-admin/img/icon_account.gif",\r\n	"/sv-admin/img/icon_copy.gif",\r\n	"/sv-admin/img/icon_drop.gif",\r\n	"/sv-admin/img/icon_edit.gif",\r\n	"/sv-admin/img/icon_js.gif",\r\n	"/sv-admin/img/icon_priv.gif",\r\n	"/sv-admin/img/icon_trash.gif",\r\n	"/sv-admin/img/icon_view.gif",\r\n	"/sv-admin/img/img.jpg",\r\n	"/sv-admin/img/img2.jpg",\r\n	"/sv-admin/img/ja_ja.gif",\r\n	"/sv-admin/img/languages.gif",\r\n	"/sv-admin/img/line_.gif",\r\n	"/sv-admin/img/loading.gif",\r\n	"/sv-admin/img/loading.swf",\r\n	"/sv-admin/img/login.gif",\r\n	"/sv-admin/img/loginout-bottom.png",\r\n	"/sv-admin/img/loginout-btn.gif",\r\n	"/sv-admin/img/loginout-btn_right.gif",\r\n	"/sv-admin/img/loginout.png",\r\n	"/sv-admin/img/logo.gif",\r\n	"/sv-admin/img/logo.png",\r\n	"/sv-admin/img/main_li.gif",\r\n	"/sv-admin/img/main_nav.gif",\r\n	"/sv-admin/img/menu2.gif",\r\n	"/sv-admin/img/menu_bg.gif",\r\n	"/sv-admin/img/menu_bottom.gif",\r\n	"/sv-admin/img/menu_minus.gif",\r\n	"/sv-admin/img/menu_plus.gif",\r\n	"/sv-admin/img/minus.gif",\r\n	"/sv-admin/img/msg.gif",\r\n	"/sv-admin/img/nextlabel.gif",\r\n	"/sv-admin/img/next_icon.gif",\r\n	"/sv-admin/img/no.gif",\r\n	"/sv-admin/img/operators.gif",\r\n	"/sv-admin/img/orange.gif",\r\n	"/sv-admin/img/orange_over.gif",\r\n	"/sv-admin/img/orderfee_bg.gif",\r\n	"/sv-admin/img/orders_bg.gif",\r\n	"/sv-admin/img/order_search.gif",\r\n	"/sv-admin/img/over_menu.gif",\r\n	"/sv-admin/img/over_menu2.gif",\r\n	"/sv-admin/img/page.gif",\r\n	"/sv-admin/img/pages.gif",\r\n	"/sv-admin/img/pages_left.gif",\r\n	"/sv-admin/img/pages_right.gif",\r\n	"/sv-admin/img/picflag.gif",\r\n	"/sv-admin/img/picker_mask.png",\r\n	"/sv-admin/img/picker_thumb.png",\r\n	"/sv-admin/img/picnoflag.gif",\r\n	"/sv-admin/img/pink.gif",\r\n	"/sv-admin/img/pink_over.gif",\r\n	"/sv-admin/img/prevlabel.gif",\r\n	"/sv-admin/img/print.gif",\r\n	"/sv-admin/img/product.gif",\r\n	"/sv-admin/img/purple.gif",\r\n	"/sv-admin/img/purple_over.gif",\r\n	"/sv-admin/img/red.gif",\r\n	"/sv-admin/img/red_over.gif",\r\n	"/sv-admin/img/regions_loader.gif",\r\n	"/sv-admin/img/search.gif",\r\n	"/sv-admin/img/search_car.gif",\r\n	"/sv-admin/img/searc_product.gif",\r\n	"/sv-admin/img/second_bg.gif",\r\n	"/sv-admin/img/select_color.gif",\r\n	"/sv-admin/img/select_img.gif",\r\n	"/sv-admin/img/serach_icon.gif",\r\n	"/sv-admin/img/shift_jp.gif",\r\n	"/sv-admin/img/sort_desc.gif",\r\n	"/sv-admin/img/sort_desc_up.gif",\r\n	"/sv-admin/img/split-button-arrow-active.png",\r\n	"/sv-admin/img/split-button-arrow.png",\r\n	"/sv-admin/img/sprite.gif",\r\n	"/sv-admin/img/sprite.png",\r\n	"/sv-admin/img/submit_info.gif",\r\n	"/sv-admin/img/success.jpg",\r\n	"/sv-admin/img/tab.gif",\r\n	"/sv-admin/img/tab_left.gif",\r\n	"/sv-admin/img/tab_over.gif",\r\n	"/sv-admin/img/tab_over_left.gif",\r\n	"/sv-admin/img/tab_over_right.gif",\r\n	"/sv-admin/img/tab_right.gif",\r\n	"/sv-admin/img/thead.gif",\r\n	"/sv-admin/img/title.gif",\r\n	"/sv-admin/img/tools.gif",\r\n	"/sv-admin/img/tools_left.gif",\r\n	"/sv-admin/img/tools_right.gif",\r\n	"/sv-admin/img/treeview-loading.gif",\r\n	"/sv-admin/img/treeview-sprite.gif",\r\n	"/sv-admin/img/tr_bg.gif",\r\n	"/sv-admin/img/type.gif",\r\n	"/sv-admin/img/uncheck.gif",\r\n	"/sv-admin/img/upload.gif",\r\n	"/sv-admin/img/upload.png",\r\n	"/sv-admin/img/yes.gif",\r\n	"/sv-admin/img/zh_cn.gif",\r\n	"/sv-admin/../min/f=/sv-admin/../js/yui/yahoo-dom-event.js,/sv-admin/../js/yui/container_core-min.js,/sv-admin/../js/yui/menu-min.js,/sv-admin/../js/yui/element-beta-min.js,/sv-admin/../js/yui/animation-min.js,/sv-admin/../js/yui/connection-min.js,/sv-admin/../js/yui/get-min.js,/sv-admin/../js/yui/container-min.js,/sv-admin/../js/yui/tabview-min.js,/sv-admin/../js/yui/json-min.js,/sv-admin/../js/yui/calendar-min.js,/sv-admin/js/common.js,/sv-admin/js/calendar.js,/sv-admin/../js/swfobject.js",\r\n	"/sv-admin/../min/f=/sv-admin/css/layout.css,/sv-admin/css/admin.css,/sv-admin/css/calendar.css,/sv-admin/css/menu.css,/sv-admin/css/container.css,/sv-admin/css/treeview.css,/sv-admin/css/image.css,/sv-admin/css/swfupload.css,/sv-admin/css/tabview.css,/sv-admin/css/style.css",\r\n	"/sv-admin/js/calendar.js",\r\n	"/sv-admin/js/cart.js",\r\n	"/sv-admin/js/color_picker.js",\r\n	"/sv-admin/js/color_picker2.js",\r\n	"/sv-admin/js/comment.js",\r\n	"/sv-admin/js/common.js",\r\n	"/sv-admin/js/coupon.js",\r\n	"/sv-admin/js/flashes.js",\r\n	"/sv-admin/js/foreach_translate.js",\r\n	"/sv-admin/js/forget_pwd.js",\r\n	"/sv-admin/js/gears_init.js",\r\n	"/sv-admin/js/order.js",\r\n	"/sv-admin/js/product.js",\r\n	"/sv-admin/js/regions.js",\r\n	"/sv-admin/js/selectzone.js",\r\n	"/sv-admin/js/shipping.js",\r\n	"/sv-admin/js/utils.js",\r\n	"/sv-admin/js/animation-min.js",\r\n	"/sv-admin/js/autocomplete-min.js",\r\n	"/sv-admin/js/button-min.js",\r\n	"/sv-admin/js/calendar-min.js",\r\n	"/sv-admin/js/colorpicker-min.js",\r\n	"/sv-admin/js/connection-min.js",\r\n	"/sv-admin/js/container-min.js",\r\n	"/sv-admin/js/container_core-min.js",\r\n	"/sv-admin/js/container_core.js",\r\n	"/sv-admin/js/dom-min.js",\r\n	"/sv-admin/js/dragdrop-min.js",\r\n	"/sv-admin/js/element-beta-min.js",\r\n	"/sv-admin/js/event-min.js",\r\n	"/sv-admin/js/get-min.js",\r\n	"/sv-admin/js/json-min.js",\r\n	"/sv-admin/js/menu-min.js",\r\n	"/sv-admin/js/menu.js",\r\n	"/sv-admin/js/slider-min.js",\r\n	"/sv-admin/js/tabview-min.js",\r\n	"/sv-admin/js/treeview-min.js",\r\n	"/sv-admin/js/yahoo-dom-event.js",\r\n	"/sv-admin/js/yahoo-min.js",\r\n	"/sv-admin/js/yuiloader-min.js",\r\n	"/sv-admin/css/admin.css",\r\n	"/sv-admin/css/button.css",\r\n	"/sv-admin/css/calendar.css",\r\n	"/sv-admin/css/colorpicker.css",\r\n	"/sv-admin/css/color_font.css",\r\n	"/sv-admin/css/container.css",\r\n	"/sv-admin/css/fonts-min.css",\r\n	"/sv-admin/css/image.css",\r\n	"/sv-admin/css/layout.css",\r\n	"/sv-admin/css/lightbox.css",\r\n	"/sv-admin/css/menu.css",\r\n	"/sv-admin/css/slider.css",\r\n	"/sv-admin/css/style.css",\r\n	"/sv-admin/css/swfupload.css",\r\n	"/sv-admin/css/tabview.css",\r\n	"/sv-admin/css/treeview.css"\r\n)\r\n)\r\n$loadHelpers	=	true\r\n$cached	=	false\r\n$loadedHelpers	=	array(\r\n	"Html" =&gt; HtmlHelper\r\nHtmlHelper::$tags = array\r\nHtmlHelper::$base = "/sv-admin"\r\nHtmlHelper::$here = "/sv-admin/categories/edit/P/11"\r\nHtmlHelper::$params = array\r\nHtmlHelper::$action = "edit"\r\nHtmlHelper::$data = array\r\nHtmlHelper::$_crumbs = array\r\nHtmlHelper::$__docTypes = array\r\nHtmlHelper::$helpers = NULL\r\nHtmlHelper::$webroot = "/sv-admin/"\r\nHtmlHelper::$themeWeb = NULL\r\nHtmlHelper::$plugin = NULL\r\nHtmlHelper::$namedArgs = NULL\r\nHtmlHelper::$argSeparator = NULL\r\nHtmlHelper::$validationErrors = NULL\r\nHtmlHelper::$__tainted = NULL\r\nHtmlHelper::$__cleaned = NULL\r\nHtmlHelper::$_log = NULL,\r\n	"Javascript" =&gt; JavascriptHelper\r\nJavascriptHelper::$useNative = true\r\nJavascriptHelper::$enabled = true\r\nJavascriptHelper::$safe = false\r\nJavascriptHelper::$tags = array\r\nJavascriptHelper::$_blockOptions = array\r\nJavascriptHelper::$_cachedEvents = array\r\nJavascriptHelper::$_cacheEvents = false\r\nJavascriptHelper::$_cacheToFile = false\r\nJavascriptHelper::$_cacheAll = false\r\nJavascriptHelper::$_rules = array\r\nJavascriptHelper::$__scriptBuffer = NULL\r\nJavascriptHelper::$helpers = NULL\r\nJavascriptHelper::$base = "/sv-admin"\r\nJavascriptHelper::$webroot = "/sv-admin/"\r\nJavascriptHelper::$themeWeb = NULL\r\nJavascriptHelper::$here = "/sv-admin/categories/edit/P/11"\r\nJavascriptHelper::$params = array\r\nJavascriptHelper::$action = "edit"\r\nJavascriptHelper::$plugin = NULL\r\nJavascriptHelper::$data = array\r\nJavascriptHelper::$namedArgs = NULL\r\nJavascriptHelper::$argSeparator = NULL\r\nJavascriptHelper::$validationErrors = NULL\r\nJavascriptHelper::$__tainted = NULL\r\nJavascriptHelper::$__cleaned = NULL\r\nJavascriptHelper::$_log = NULL,\r\n	"Tinymce" =&gt; TinymceHelper\r\nTinymceHelper::$helpers = NULL\r\nTinymceHelper::$base = "/sv-admin"\r\nTinymceHelper::$webroot = "/sv-admin/"\r\nTinymceHelper::$themeWeb = NULL\r\nTinymceHelper::$here = "/sv-admin/categories/edit/P/11"\r\nTinymceHelper::$params = array\r\nTinymceHelper::$action = "edit"\r\nTinymceHelper::$plugin = NULL\r\nTinymceHelper::$data = array\r\nTinymceHelper::$namedArgs = NULL\r\nTinymceHelper::$argSeparator = NULL\r\nTinymceHelper::$validationErrors = NULL\r\nTinymceHelper::$tags = array\r\nTinymceHelper::$__tainted = NULL\r\nTinymceHelper::$__cleaned = NULL\r\nTinymceHelper::$_log = NULL,\r\n	"Form" =&gt; FormHelper\r\nFormHelper::$helpers = array\r\nFormHelper::$fieldset = array\r\nFormHelper::$__options = array\r\nFormHelper::$fields = array\r\nFormHelper::$requestType = "post"\r\nFormHelper::$base = "/sv-admin"\r\nFormHelper::$webroot = "/sv-admin/"\r\nFormHelper::$themeWeb = NULL\r\nFormHelper::$here = "/sv-admin/categories/edit/P/11"\r\nFormHelper::$params = array\r\nFormHelper::$action = "edit"\r\nFormHelper::$plugin = NULL\r\nFormHelper::$data = array\r\nFormHelper::$namedArgs = NULL\r\nFormHelper::$argSeparator = NULL\r\nFormHelper::$validationErrors = NULL\r\nFormHelper::$tags = array\r\nFormHelper::$__tainted = NULL\r\nFormHelper::$__cleaned = NULL\r\nFormHelper::$_log = NULL\r\nFormHelper::$Html = HtmlHelper object,\r\n	"Minify" =&gt; MinifyHelper\r\nMinifyHelper::$helpers = array\r\nMinifyHelper::$base = "/sv-admin"\r\nMinifyHelper::$webroot = "/sv-admin/"\r\nMinifyHelper::$themeWeb = NULL\r\nMinifyHelper::$here = "/sv-admin/categories/edit/P/11"\r\nMinifyHelper::$params = array\r\nMinifyHelper::$action = "edit"\r\nMinifyHelper::$plugin = NULL\r\nMinifyHelper::$data = array\r\nMinifyHelper::$namedArgs = NULL\r\nMinifyHelper::$argSeparator = NULL\r\nMinifyHelper::$validationErrors = NULL\r\nMinifyHelper::$tags = array\r\nMinifyHelper::$__tainted = NULL\r\nMinifyHelper::$__cleaned = NULL\r\nMinifyHelper::$_log = NULL\r\nMinifyHelper::$Javascript = JavascriptHelper object\r\nMinifyHelper::$Html = HtmlHelper object,\r\n	"Session" =&gt; SessionHelper\r\nSessionHelper::$helpers = NULL\r\nSessionHelper::$__active = true\r\nSessionHelper::$valid = false\r\nSessionHelper::$error = false\r\nSessionHelper::$_userAgent = "8b94d093b062de967925cb318a4445d7"\r\nSessionHelper::$path = "/"\r\nSessionHelper::$lastError = NULL\r\nSessionHelper::$security = NULL\r\nSessionHelper::$time = 1249881764\r\nSessionHelper::$sessionTime = false\r\nSessionHelper::$watchKeys = array\r\nSessionHelper::$id = NULL\r\nSessionHelper::$_log = NULL\r\nSessionHelper::$base = "/sv-admin"\r\nSessionHelper::$webroot = "/sv-admin/"\r\nSessionHelper::$here = "/sv-admin/categories/edit/P/11"\r\nSessionHelper::$params = array\r\nSessionHelper::$action = "edit"\r\nSessionHelper::$data = array\r\nSessionHelper::$themeWeb = NULL\r\nSessionHelper::$plugin = NULL\r\n)\r\n$helper	=	"Session"\r\n$camelBackedHelper	=	"session"\r\n$html	=	HtmlHelper\r\nHtmlHelper::$tags = array\r\nHtmlHelper::$base = "/sv-admin"\r\nHtmlHelper::$here = "/sv-admin/categories/edit/P/11"\r\nHtmlHelper::$params = array\r\nHtmlHelper::$action = "edit"\r\nHtmlHelper::$data = array\r\nHtmlHelper::$_crumbs = array\r\nHtmlHelper::$__docTypes = array\r\nHtmlHelper::$helpers = NULL\r\nHtmlHelper::$webroot = "/sv-admin/"\r\nHtmlHelper::$themeWeb = NULL\r\nHtmlHelper::$plugin = NULL\r\nHtmlHelper::$namedArgs = NULL\r\nHtmlHelper::$argSeparator = NULL\r\nHtmlHelper::$validationErrors = NULL\r\nHtmlHelper::$__tainted = NULL\r\nHtmlHelper::$__cleaned = NULL\r\nHtmlHelper::$_log = NULL\r\n$javascript	=	JavascriptHelper\r\nJavascriptHelper::$useNative = true\r\nJavascriptHelper::$enabled = true\r\nJavascriptHelper::$safe = false\r\nJavascriptHelper::$tags = array\r\nJavascriptHelper::$_blockOptions = array\r\nJavascriptHelper::$_cachedEvents = array\r\nJavascriptHelper::$_cacheEvents = false\r\nJavascriptHelper::$_cacheToFile = false\r\nJavascriptHelper::$_cacheAll = false\r\nJavascriptHelper::$_rules = array\r\nJavascriptHelper::$__scriptBuffer = NULL\r\nJavascriptHelper::$helpers = NULL\r\nJavascriptHelper::$base = "/sv-admin"\r\nJavascriptHelper::$webroot = "/sv-admin/"\r\nJavascriptHelper::$themeWeb = NULL\r\nJavascriptHelper::$here = "/sv-admin/categories/edit/P/11"\r\nJavascriptHelper::$params = array\r\nJavascriptHelper::$action = "edit"\r\nJavascriptHelper::$plugin = NULL\r\nJavascriptHelper::$data = array\r\nJavascriptHelper::$namedArgs = NULL\r\nJavascriptHelper::$argSeparator = NULL\r\nJavascriptHelper::$validationErrors = NULL\r\nJavascriptHelper::$__tainted = NULL\r\nJavascriptHelper::$__cleaned = NULL\r\nJavascriptHelper::$_log = NULL\r\n$tinymce	=	TinymceHelper\r\nTinymceHelper::$helpers = NULL\r\nTinymceHelper::$base = "/sv-admin"\r\nTinymceHelper::$webroot = "/sv-admin/"\r\nTinymceHelper::$themeWeb = NULL\r\nTinymceHelper::$here = "/sv-admin/categories/edit/P/11"\r\nTinymceHelper::$params = array\r\nTinymceHelper::$action = "edit"\r\nTinymceHelper::$plugin = NULL\r\nTinymceHelper::$data = array\r\nTinymceHelper::$namedArgs = NULL\r\nTinymceHelper::$argSeparator = NULL\r\nTinymceHelper::$validationErrors = NULL\r\nTinymceHelper::$tags = array\r\nTinymceHelper::$__tainted = NULL\r\nTinymceHelper::$__cleaned = NULL\r\nTinymceHelper::$_log = NULL\r\n$form	=	FormHelper\r\nFormHelper::$helpers = array\r\nFormHelper::$fieldset = array\r\nFormHelper::$__options = array\r\nFormHelper::$fields = array\r\nFormHelper::$requestType = "post"\r\nFormHelper::$base = "/sv-admin"\r\nFormHelper::$webroot = "/sv-admin/"\r\nFormHelper::$themeWeb = NULL\r\nFormHelper::$here = "/sv-admin/categories/edit/P/11"\r\nFormHelper::$params = array\r\nFormHelper::$action = "edit"\r\nFormHelper::$plugin = NULL\r\nFormHelper::$data = array\r\nFormHelper::$namedArgs = NULL\r\nFormHelper::$argSeparator = NULL\r\nFormHelper::$validationErrors = NULL\r\nFormHelper::$tags = array\r\nFormHelper::$__tainted = NULL\r\nFormHelper::$__cleaned = NULL\r\nFormHelper::$_log = NULL\r\nFormHelper::$Html = HtmlHelper object\r\n$minify	=	MinifyHelper\r\nMinifyHelper::$helpers = array\r\nMinifyHelper::$base = "/sv-admin"\r\nMinifyHelper::$webroot = "/sv-admin/"\r\nMinifyHelper::$themeWeb = NULL\r\nMinifyHelper::$here = "/sv-admin/categories/edit/P/11"\r\nMinifyHelper::$params = array\r\nMinifyHelper::$action = "edit"\r\nMinifyHelper::$plugin = NULL\r\nMinifyHelper::$data = array\r\nMinifyHelper::$namedArgs = NULL\r\nMinifyHelper::$argSeparator = NULL\r\nMinifyHelper::$validationErrors = NULL\r\nMinifyHelper::$tags = array\r\nMinifyHelper::$__tainted = NULL\r\nMinifyHelper::$__cleaned = NULL\r\nMinifyHelper::$_log = NULL\r\nMinifyHelper::$Javascript = JavascriptHelper object\r\nMinifyHelper::$Html = HtmlHelper object\r\n$session	=	SessionHelper\r\nSessionHelper::$helpers = NULL\r\nSessionHelper::$__active = true\r\nSessionHelper::$valid = false\r\nSessionHelper::$error = false\r\nSessionHelper::$_userAgent = "8b94d093b062de967925cb318a4445d7"\r\nSessionHelper::$path = "/"\r\nSessionHelper::$lastError = NULL\r\nSessionHelper::$security = NULL\r\nSessionHelper::$time = 1249881764\r\nSessionHelper::$sessionTime = false\r\nSessionHelper::$watchKeys = array\r\nSessionHelper::$id = NULL\r\nSessionHelper::$_log = NULL\r\nSessionHelper::$base = "/sv-admin"\r\nSessionHelper::$webroot = "/sv-admin/"\r\nSessionHelper::$here = "/sv-admin/categories/edit/P/11"\r\nSessionHelper::$params = array\r\nSessionHelper::$action = "edit"\r\nSessionHelper::$data = array\r\nSessionHelper::$themeWeb = NULL\r\nSessionHelper::$plugin = NULL\r\n$root_all	=	"/"\r\n$server_host	=	"http://data.branches.seevia.cn"\r\n$admin_webroot	=	"/sv-admin/"\r\n$user_webroot	=	"/user/"\r\n$cart_webroot	=	"/"\r\n$memory_useage	=	"7.501"\r\n$g_languages_count	=	2\r\n$g_languages	=	array(\r\n	array(\r\n	"Language" =&gt; array()\r\n),\r\n	array(\r\n	"Language" =&gt; array()\r\n)\r\n)\r\n$SVConfigs	=	array(\r\n	"shop_name" =&gt; "SV-Cart演示网站",\r\n	"enable_points" =&gt; "1",\r\n	"enable_bonus" =&gt; "1",\r\n	"enable_send_confirm_email_customer_service" =&gt; "1",\r\n	"show_product_code" =&gt; "1",\r\n	"show_brand" =&gt; "1",\r\n	"show_weight" =&gt; "1",\r\n	"show_stock" =&gt; "1",\r\n	"show_onsale_time" =&gt; "1",\r\n	"products_attribute_show_type" =&gt; "1",\r\n	"show_market_price" =&gt; "1",\r\n	"show_list" =&gt; "1",\r\n	"show_picture" =&gt; "1",\r\n	"order_type" =&gt; "1",\r\n	"add_address_count" =&gt; "5",\r\n	"friend_category" =&gt; "5",\r\n	"friend_count" =&gt; "20",\r\n	"voucher" =&gt; "1",\r\n	"show_sale_stat" =&gt; "1",\r\n	"show_view_stat" =&gt; "1",\r\n	"show_product_category" =&gt; "1",\r\n	"show_product_type" =&gt; "1",\r\n	"proportion_point" =&gt; "10",\r\n	"conversion_ratio_point" =&gt; "20",\r\n	"use_coupons" =&gt; "1",\r\n	"shop_title" =&gt; "PHP电子商务平台 SV-Cart官网 | 上海实玮",\r\n	"icp_number" =&gt; "",\r\n	"register_gift_points" =&gt; "1",\r\n	"enable_balance" =&gt; "1",\r\n	"enable_send_confirm_email" =&gt; "1",\r\n	"mail_service" =&gt; "0",\r\n	"first_points" =&gt; "10",\r\n	"send_coupons" =&gt; "1",\r\n	"memory_useage" =&gt; "1",\r\n	"register_captcha" =&gt; "0",\r\n	"shop_description" =&gt; "最好的,免费开源的,PHP电子商务平台 SV-Cart系统",\r\n	"default_timezone" =&gt; "8",\r\n	"enable_out_of_stock_handle" =&gt; "1",\r\n	"enable_send_ship_email" =&gt; "1",\r\n	"order_gift_points" =&gt; "1",\r\n	"price_format" =&gt; "￥%s元",\r\n	"register_coupons" =&gt; "1",\r\n	"use_captcha" =&gt; "0",\r\n	"shop_keywords" =&gt; "电子商务平台,免费开源,sv-cart,上海实玮,php",\r\n	"paging_type" =&gt; "1",\r\n	"enable_send_cancel_email" =&gt; "1",\r\n	"enable_guest_buy" =&gt; "1",\r\n	"order_points" =&gt; "20",\r\n	"service_code" =&gt; "",\r\n	"comment_captcha" =&gt; "0",\r\n	"company_address" =&gt; "",\r\n	"statistic_code" =&gt; "",\r\n	"enable_send_invalid_email" =&gt; "1",\r\n	"min_buy_amount" =&gt; "10",\r\n	"out_order_gift_points" =&gt; "1",\r\n	"admin_captcha" =&gt; "1",\r\n	"shop_logo" =&gt; "",\r\n	"comments_number" =&gt; "3",\r\n	"enable_one_step_buy" =&gt; "0",\r\n	"out_order_points" =&gt; "30",\r\n	"buy_points" =&gt; "30",\r\n	"smtp_ssl" =&gt; "0",\r\n	"open_operator_log" =&gt; "1",\r\n	"shop_notice" =&gt; "欢迎使用上海实玮电子商务系统[SV-Cart]",\r\n	"enable_gzip" =&gt; "1",\r\n	"enable_decrease_stock_time" =&gt; "2",\r\n	"buy_gift_points" =&gt; "1",\r\n	"user_center_notice" =&gt; "这里是用户中心公告",\r\n	"products_price_show_format" =&gt; "1",\r\n	"enable_products_show_method" =&gt; "1",\r\n	"recommend_gift_points" =&gt; "1",\r\n	"recommend_points" =&gt; "5",\r\n	"order_smallest" =&gt; "200",\r\n	"qq" =&gt; "",\r\n	"products_name_length" =&gt; "20",\r\n	"enable_show_products_attribute" =&gt; "1",\r\n	"recommend_buy_gift_points" =&gt; "1",\r\n	"ww" =&gt; "",\r\n	"enable_buy_packing" =&gt; "1",\r\n	"recommend_buy_points" =&gt; "50",\r\n	"user_login_msg" =&gt; "1",\r\n	"skype" =&gt; "",\r\n	"enable_buy_card" =&gt; "1",\r\n	"smtp_host" =&gt; "",\r\n	"is_guides" =&gt; "0",\r\n	"ym" =&gt; "",\r\n	"enable_members_mail_verify" =&gt; "1",\r\n	"image_width" =&gt; "400",\r\n	"show_L" =&gt; "1",\r\n	"msn" =&gt; "",\r\n	"enable_stock_manage" =&gt; "1",\r\n	"image_height" =&gt; "400",\r\n	"show_G" =&gt; "1",\r\n	"customer_service_email" =&gt; "",\r\n	"default_stock" =&gt; "999",\r\n	"show_T" =&gt; "1",\r\n	"customer_service_phone" =&gt; "",\r\n	"shop_temporal_closed" =&gt; "0",\r\n	"market_price_rate" =&gt; "1.2  ",\r\n	"thumbl_image_width" =&gt; "108",\r\n	"smtp_port" =&gt; "25",\r\n	"closed_reason" =&gt; "",\r\n	"products_code_prefix" =&gt; "SV",\r\n	"thumb_image_height" =&gt; "108",\r\n	"enable_registration_closed" =&gt; "0",\r\n	"show_count" =&gt; "20  ",\r\n	"access_right" =&gt; "0",\r\n	"promotion_count" =&gt; "5",\r\n	"search_prouduct_type" =&gt; "0;1;2",\r\n	"search_autocomplete_image_width" =&gt; "60",\r\n	"enable_invoice" =&gt; "1",\r\n	"smtp_user" =&gt; "",\r\n	"search_autocomplete_image_height" =&gt; "40",\r\n	"use_product_top" =&gt; "1",\r\n	"products_detail_page_gallery_number" =&gt; "3",\r\n	"invoice_type_tax_rate" =&gt; "1",\r\n	"product_top_number" =&gt; "10",\r\n	"enable_user_comment_check" =&gt; "0",\r\n	"products_comment_condition" =&gt; "0",\r\n	"related_products_show_number" =&gt; "10  ",\r\n	"invoice_content" =&gt; "1",\r\n	"enable_new_order_remind" =&gt; "1",\r\n	"login_back_url" =&gt; "1",\r\n	"use_tag" =&gt; "1",\r\n	"smtp_pass" =&gt; "seevia",\r\n	"cart_time" =&gt; "1",\r\n	"related_products_number" =&gt; "2",\r\n	"screening_setting" =&gt; "0",\r\n	"products_category_page_size" =&gt; "20",\r\n	"volume_setting" =&gt; "1",\r\n	"products_category_page_orderby_type" =&gt; "modified",\r\n	"products_category_page_orderby_method" =&gt; "DESC",\r\n	"write_order_pay_remark" =&gt; "1",\r\n	"smtp_mail" =&gt; "",\r\n	"products_list_showtype" =&gt; "G",\r\n	"write_order_ship_remark" =&gt; "0",\r\n	"write_order_receive_remark" =&gt; "0",\r\n	"recommend_products_orderby" =&gt; "1",\r\n	"write_order_unpay_remark" =&gt; "0",\r\n	"invoice_type" =&gt; "服装;餐饮",\r\n	"write_order_unship_remark" =&gt; "0",\r\n	"promotions_page_list_number" =&gt; "10",\r\n	"write_order_cancel_remark" =&gt; "0",\r\n	"mail_charset" =&gt; "0",\r\n	"write_order_return_remark" =&gt; "0",\r\n	"write_order_invalid_remark" =&gt; "0",\r\n	"enable_auto_send_mail" =&gt; "1",\r\n	"products_default_image" =&gt; "0",\r\n	"latest_article_show_number" =&gt; "5  ",\r\n	"retain_original_image_when_upload_products" =&gt; "1",\r\n	"article_category_page_list_number" =&gt; "20",\r\n	"related_articles_number" =&gt; " 2 ",\r\n	"is_watermark" =&gt; "1",\r\n	"watermark_file" =&gt; "2",\r\n	"article_title_length" =&gt; "20",\r\n	"watermark_location" =&gt; "0",\r\n	"test_mail_address" =&gt; "",\r\n	"watermark_transparency" =&gt; "50",\r\n	"show_member_level_price" =&gt; "2",\r\n	"register_question" =&gt; "1;2;3",\r\n	"email_notification" =&gt; "1",\r\n	"affiliate" =&gt; "a:3:{s:2:"on";s:1:"1";s:6:"config";a:7:{s:11:"separate_by";s:1:"1";s:6:"expire";s:2:"24";s:11:"expire_unit";s:3:"day";s:15:"level_point_all";s:2:"5%";s:15:"level_money_all";s:2:"1%";s:18:"level_register_all";s:1:"2";s:17:"level_register_up";s:2:"60";}s:4:"item";a:5:{i:0;a:2:{s:11:"level_point";s:3:"60%";s:11:"level_money";s:3:"60%";}i:1;a:2:{s:11:"level_point";s:3:"30%";s:11:"level_money";s:3:"30%";}i:2;a:2:{s:11:"level_point";s:2:"7%";s:11:"level_money";s:2:"7%";}i:3;a:2:{s:11:"level_point";s:2:"1%";s:11:"level_money";s:2:"1%";}i:4;a:2:{s:11:"level_point";s:2:"1%";s:11:"level_money";s:2:"1%";}}}",\r\n	"use_sku" =&gt; "0",\r\n	"use_product_shipping_fee" =&gt; "0",\r\n	"mlti_currency_module" =&gt; "0",\r\n	"currencies_setting" =&gt; "1",\r\n	"version" =&gt; "v1.1.0",\r\n	"cart_confirm_notice" =&gt; "1",\r\n	"gears_setting" =&gt; "0",\r\n	"admin_gears_setting" =&gt; "1"\r\n)\r\n$now_locale	=	"chi"\r\n$languages	=	array(\r\n	array(\r\n	"Language" =&gt; array()\r\n),\r\n	array(\r\n	"Language" =&gt; array()\r\n)\r\n)\r\n$title_arr	=	array(\r\n	"look" =&gt; array(\r\n	"title" =&gt; "查看"\r\n),\r\n	"remove" =&gt; array(\r\n	"title" =&gt; "删除"\r\n),\r\n	"edit" =&gt; array(\r\n	"title" =&gt; "编辑"\r\n),\r\n	"copy" =&gt; array(\r\n	"title" =&gt; "复制"\r\n),\r\n	"trash" =&gt; array(\r\n	"title" =&gt; "回收站"\r\n),\r\n	"select_img" =&gt; array(\r\n	"title" =&gt; "选择图片"\r\n),\r\n	"help" =&gt; array(\r\n	"title" =&gt; "帮助"\r\n)\r\n)\r\n$Operator_Longin_Date	=	"2009-08-10 05:03:36"\r\n$Operator_Ip	=	"192.168.10.179"\r\n$Operator_Name	=	"seevia"\r\n$app_model	=	array(\r\n	array(\r\n	"name" =&gt; "前台",\r\n	"dir_name" =&gt; "sv-cart"\r\n),\r\n	array(\r\n	"name" =&gt; "用户中心",\r\n	"dir_name" =&gt; "sv-user"\r\n),\r\n	array(\r\n	"name" =&gt; "后台",\r\n	"dir_name" =&gt; "sv-admin"\r\n)\r\n)\r\n$filer_status	=	"1"\r\n$first_price	=	array(\r\n	"1",\r\n	"100"\r\n)\r\n$clone_price	=	array(\r\n	array(\r\n	"101",\r\n	"200"\r\n),\r\n	array(\r\n	"201",\r\n	"400"\r\n),\r\n	array(\r\n	"401",\r\n	"800"\r\n)\r\n)\r\n$product_type	=	array(\r\n	array(\r\n	"ProductType" =&gt; array(),\r\n	"ProductTypeI18n" =&gt; array(),\r\n	"ProductTypeAttribute" =&gt; array()\r\n)\r\n)\r\n$clone_attr	=	array()\r\n$check_id	=	array()\r\n$categories_tree	=	array(\r\n	array(\r\n	"Category" =&gt; array(),\r\n	"CategoryI18n" =&gt; array()\r\n),\r\n	array(\r\n	"Category" =&gt; array(),\r\n	"CategoryI18n" =&gt; array(),\r\n	"SubCategory" =&gt; array()\r\n),\r\n	array(\r\n	"Category" =&gt; array(),\r\n	"CategoryI18n" =&gt; array()\r\n),\r\n	array(\r\n	"Category" =&gt; array(),\r\n	"CategoryI18n" =&gt; array()\r\n)\r\n)\r\n$type	=	"P"\r\n$navigations	=	array(\r\n	array(\r\n	"name" =&gt; "管理员首页",\r\n	"url" =&gt; "/"\r\n),\r\n	array(\r\n	"name" =&gt; "商品分类管理",\r\n	"url" =&gt; "/categories/index/P"\r\n),\r\n	array(\r\n	"name" =&gt; "编辑商品分类",\r\n	"url" =&gt; ""\r\n),\r\n	array(\r\n	"name" =&gt; "T恤",\r\n	"url" =&gt; ""\r\n)\r\n)\r\n$Operator_menu	=	array(\r\n	array(\r\n	"Operator_menu" =&gt; array(),\r\n	"Operator_menuI18n" =&gt; array(),\r\n	"SubMenu" =&gt; array()\r\n),\r\n	array(\r\n	"Operator_menu" =&gt; array(),\r\n	"Operator_menuI18n" =&gt; array(),\r\n	"SubMenu" =&gt; array()\r\n),\r\n	array(\r\n	"Operator_menu" =&gt; array(),\r\n	"Operator_menuI18n" =&gt; array(),\r\n	"SubMenu" =&gt; array()\r\n),\r\n	array(\r\n	"Operator_menu" =&gt; array(),\r\n	"Operator_menuI18n" =&gt; array(),\r\n	"SubMenu" =&gt; array()\r\n),\r\n	array(\r\n	"Operator_menu" =&gt; array(),\r\n	"Operator_menuI18n" =&gt; array(),\r\n	"SubMenu" =&gt; array()\r\n),\r\n	array(\r\n	"Operator_menu" =&gt; array(),\r\n	"Operator_menuI18n" =&gt; array(),\r\n	"SubMenu" =&gt; array()\r\n),\r\n	array(\r\n	"Operator_menu" =&gt; array(),\r\n	"Operator_menuI18n" =&gt; array(),\r\n	"SubMenu" =&gt; array()\r\n),\r\n	array(\r\n	"Operator_menu" =&gt; array(),\r\n	"Operator_menuI18n" =&gt; array(),\r\n	"SubMenu" =&gt; array()\r\n),\r\n	array(\r\n	"Operator_menu" =&gt; array(),\r\n	"Operator_menuI18n" =&gt; array(),\r\n	"SubMenu" =&gt; array()\r\n),\r\n	array(\r\n	"Operator_menu" =&gt; array(),\r\n	"Operator_menuI18n" =&gt; array(),\r\n	"SubMenu" =&gt; array()\r\n),\r\n	array(\r\n	"Operator_menu" =&gt; array(),\r\n	"Operator_menuI18n" =&gt; array(),\r\n	"SubMenu" =&gt; array()\r\n)\r\n)\r\n$gzip_is_start	=	1\r\n$gears_file	=	array(\r\n	"/sv-admin/img/add.gif",\r\n	"/sv-admin/img/article_search.gif",\r\n	"/sv-admin/img/back_icon.gif",\r\n	"/sv-admin/img/bak_btn.gif",\r\n	"/sv-admin/img/black.gif",\r\n	"/sv-admin/img/black_over.gif",\r\n	"/sv-admin/img/blank.gif",\r\n	"/sv-admin/img/blue.gif",\r\n	"/sv-admin/img/blue_over.gif",\r\n	"/sv-admin/img/body.gif",\r\n	"/sv-admin/img/book_open.gif",\r\n	"/sv-admin/img/btn_bg.gif",\r\n	"/sv-admin/img/btn_left.gif",\r\n	"/sv-admin/img/btn_right.gif",\r\n	"/sv-admin/img/bullet.gif",\r\n	"/sv-admin/img/cake.icon.gif",\r\n	"/sv-admin/img/calendar.gif",\r\n	"/sv-admin/img/checkout_btn.gif",\r\n	"/sv-admin/img/close.gif",\r\n	"/sv-admin/img/closelabel.gif",\r\n	"/sv-admin/img/close_img.png",\r\n	"/sv-admin/img/close_img_over.png",\r\n	"/sv-admin/img/container.gif",\r\n	"/sv-admin/img/content_left.gif",\r\n	"/sv-admin/img/content_right.gif",\r\n	"/sv-admin/img/default.gif",\r\n	"/sv-admin/img/del-btn.gif",\r\n	"/sv-admin/img/delete1.gif",\r\n	"/sv-admin/img/delete2.gif",\r\n	"/sv-admin/img/direction_bg.gif",\r\n	"/sv-admin/img/download-icon.gif",\r\n	"/sv-admin/img/en_us.gif",\r\n	"/sv-admin/img/export.gif",\r\n	"/sv-admin/img/failure.jpg",\r\n	"/sv-admin/img/green.gif",\r\n	"/sv-admin/img/green_over.gif",\r\n	"/sv-admin/img/handel_bg.gif",\r\n	"/sv-admin/img/help_icon.gif",\r\n	"/sv-admin/img/hue_bg.png",\r\n	"/sv-admin/img/hue_thumb.png",\r\n	"/sv-admin/img/icon-10.gif",\r\n	"/sv-admin/img/icon-right.gif",\r\n	"/sv-admin/img/icon01.gif",\r\n	"/sv-admin/img/icon_account.gif",\r\n	"/sv-admin/img/icon_copy.gif",\r\n	"/sv-admin/img/icon_drop.gif",\r\n	"/sv-admin/img/icon_edit.gif",\r\n	"/sv-admin/img/icon_js.gif",\r\n	"/sv-admin/img/icon_priv.gif",\r\n	"/sv-admin/img/icon_trash.gif",\r\n	"/sv-admin/img/icon_view.gif",\r\n	"/sv-admin/img/img.jpg",\r\n	"/sv-admin/img/img2.jpg",\r\n	"/sv-admin/img/ja_ja.gif",\r\n	"/sv-admin/img/languages.gif",\r\n	"/sv-admin/img/line_.gif",\r\n	"/sv-admin/img/loading.gif",\r\n	"/sv-admin/img/loading.swf",\r\n	"/sv-admin/img/login.gif",\r\n	"/sv-admin/img/loginout-bottom.png",\r\n	"/sv-admin/img/loginout-btn.gif",\r\n	"/sv-admin/img/loginout-btn_right.gif",\r\n	"/sv-admin/img/loginout.png",\r\n	"/sv-admin/img/logo.gif",\r\n	"/sv-admin/img/logo.png",\r\n	"/sv-admin/img/main_li.gif",\r\n	"/sv-admin/img/main_nav.gif",\r\n	"/sv-admin/img/menu2.gif",\r\n	"/sv-admin/img/menu_bg.gif",\r\n	"/sv-admin/img/menu_bottom.gif",\r\n	"/sv-admin/img/menu_minus.gif",\r\n	"/sv-admin/img/menu_plus.gif",\r\n	"/sv-admin/img/minus.gif",\r\n	"/sv-admin/img/msg.gif",\r\n	"/sv-admin/img/nextlabel.gif",\r\n	"/sv-admin/img/next_icon.gif",\r\n	"/sv-admin/img/no.gif",\r\n	"/sv-admin/img/operators.gif",\r\n	"/sv-admin/img/orange.gif",\r\n	"/sv-admin/img/orange_over.gif",\r\n	"/sv-admin/img/orderfee_bg.gif",\r\n	"/sv-admin/img/orders_bg.gif",\r\n	"/sv-admin/img/order_search.gif",\r\n	"/sv-admin/img/over_menu.gif",\r\n	"/sv-admin/img/over_menu2.gif",\r\n	"/sv-admin/img/page.gif",\r\n	"/sv-admin/img/pages.gif",\r\n	"/sv-admin/img/pages_left.gif",\r\n	"/sv-admin/img/pages_right.gif",\r\n	"/sv-admin/img/picflag.gif",\r\n	"/sv-admin/img/picker_mask.png",\r\n	"/sv-admin/img/picker_thumb.png",\r\n	"/sv-admin/img/picnoflag.gif",\r\n	"/sv-admin/img/pink.gif",\r\n	"/sv-admin/img/pink_over.gif",\r\n	"/sv-admin/img/prevlabel.gif",\r\n	"/sv-admin/img/print.gif",\r\n	"/sv-admin/img/product.gif",\r\n	"/sv-admin/img/purple.gif",\r\n	"/sv-admin/img/purple_over.gif",\r\n	"/sv-admin/img/red.gif",\r\n	"/sv-admin/img/red_over.gif",\r\n	"/sv-admin/img/regions_loader.gif",\r\n	"/sv-admin/img/search.gif",\r\n	"/sv-admin/img/search_car.gif",\r\n	"/sv-admin/img/searc_product.gif",\r\n	"/sv-admin/img/second_bg.gif",\r\n	"/sv-admin/img/select_color.gif",\r\n	"/sv-admin/img/select_img.gif",\r\n	"/sv-admin/img/serach_icon.gif",\r\n	"/sv-admin/img/shift_jp.gif",\r\n	"/sv-admin/img/sort_desc.gif",\r\n	"/sv-admin/img/sort_desc_up.gif",\r\n	"/sv-admin/img/split-button-arrow-active.png",\r\n	"/sv-admin/img/split-button-arrow.png",\r\n	"/sv-admin/img/sprite.gif",\r\n	"/sv-admin/img/sprite.png",\r\n	"/sv-admin/img/submit_info.gif",\r\n	"/sv-admin/img/success.jpg",\r\n	"/sv-admin/img/tab.gif",\r\n	"/sv-admin/img/tab_left.gif",\r\n	"/sv-admin/img/tab_over.gif",\r\n	"/sv-admin/img/tab_over_left.gif",\r\n	"/sv-admin/img/tab_over_right.gif",\r\n	"/sv-admin/img/tab_right.gif",\r\n	"/sv-admin/img/thead.gif",\r\n	"/sv-admin/img/title.gif",\r\n	"/sv-admin/img/tools.gif",\r\n	"/sv-admin/img/tools_left.gif",\r\n	"/sv-admin/img/tools_right.gif",\r\n	"/sv-admin/img/treeview-loading.gif",\r\n	"/sv-admin/img/treeview-sprite.gif",\r\n	"/sv-admin/img/tr_bg.gif",\r\n	"/sv-admin/img/type.gif",\r\n	"/sv-admin/img/uncheck.gif",\r\n	"/sv-admin/img/upload.gif",\r\n	"/sv-admin/img/upload.png",\r\n	"/sv-admin/img/yes.gif",\r\n	"/sv-admin/img/zh_cn.gif",\r\n	"/sv-admin/../min/f=/sv-admin/../js/yui/yahoo-dom-event.js,/sv-admin/../js/yui/container_core-min.js,/sv-admin/../js/yui/menu-min.js,/sv-admin/../js/yui/element-beta-min.js,/sv-admin/../js/yui/animation-min.js,/sv-admin/../js/yui/connection-min.js,/sv-admin/../js/yui/get-min.js,/sv-admin/../js/yui/container-min.js,/sv-admin/../js/yui/tabview-min.js,/sv-admin/../js/yui/json-min.js,/sv-admin/../js/yui/calendar-min.js,/sv-admin/js/common.js,/sv-admin/js/calendar.js,/sv-admin/../js/swfobject.js",\r\n	"/sv-admin/../min/f=/sv-admin/css/layout.css,/sv-admin/css/admin.css,/sv-admin/css/calendar.css,/sv-admin/css/menu.css,/sv-admin/css/container.css,/sv-admin/css/treeview.css,/sv-admin/css/image.css,/sv-admin/css/swfupload.css,/sv-admin/css/tabview.css,/sv-admin/css/style.css",\r\n	"/sv-admin/js/calendar.js",\r\n	"/sv-admin/js/cart.js",\r\n	"/sv-admin/js/color_picker.js",\r\n	"/sv-admin/js/color_picker2.js",\r\n	"/sv-admin/js/comment.js",\r\n	"/sv-admin/js/common.js",\r\n	"/sv-admin/js/coupon.js",\r\n	"/sv-admin/js/flashes.js",\r\n	"/sv-admin/js/foreach_translate.js",\r\n	"/sv-admin/js/forget_pwd.js",\r\n	"/sv-admin/js/gears_init.js",\r\n	"/sv-admin/js/order.js",\r\n	"/sv-admin/js/product.js",\r\n	"/sv-admin/js/regions.js",\r\n	"/sv-admin/js/selectzone.js",\r\n	"/sv-admin/js/shipping.js",\r\n	"/sv-admin/js/utils.js",\r\n	"/sv-admin/js/animation-min.js",\r\n	"/sv-admin/js/autocomplete-min.js",\r\n	"/sv-admin/js/button-min.js",\r\n	"/sv-admin/js/calendar-min.js",\r\n	"/sv-admin/js/colorpicker-min.js",\r\n	"/sv-admin/js/connection-min.js",\r\n	"/sv-admin/js/container-min.js",\r\n	"/sv-admin/js/container_core-min.js",\r\n	"/sv-admin/js/container_core.js",\r\n	"/sv-admin/js/dom-min.js",\r\n	"/sv-admin/js/dragdrop-min.js",\r\n	"/sv-admin/js/element-beta-min.js",\r\n	"/sv-admin/js/event-min.js",\r\n	"/sv-admin/js/get-min.js",\r\n	"/sv-admin/js/json-min.js",\r\n	"/sv-admin/js/menu-min.js",\r\n	"/sv-admin/js/menu.js",\r\n	"/sv-admin/js/slider-min.js",\r\n	"/sv-admin/js/tabview-min.js",\r\n	"/sv-admin/js/treeview-min.js",\r\n	"/sv-admin/js/yahoo-dom-event.js",\r\n	"/sv-admin/js/yahoo-min.js",\r\n	"/sv-admin/js/yuiloader-min.js",\r\n	"/sv-admin/css/admin.css",\r\n	"/sv-admin/css/button.css",\r\n	"/sv-admin/css/calendar.css",\r\n	"/sv-admin/css/colorpicker.css",\r\n	"/sv-admin/css/color_font.css",\r\n	"/sv-admin/css/container.css",\r\n	"/sv-admin/css/fonts-min.css",\r\n	"/sv-admin/css/image.css",\r\n	"/sv-admin/css/layout.css",\r\n	"/sv-admin/css/lightbox.css",\r\n	"/sv-admin/css/menu.css",\r\n	"/sv-admin/css/slider.css",\r\n	"/sv-admin/css/style.css",\r\n	"/sv-admin/css/swfupload.css",\r\n	"/sv-admin/css/tabview.css",\r\n	"/sv-admin/css/treeview.css"\r\n)\r\n$v	=	array(\r\n	"Language" =&gt; array(\r\n	"id" =&gt; "2",\r\n	"locale" =&gt; "eng",\r\n	"name" =&gt; "English",\r\n	"charset" =&gt; "utf-8",\r\n	"map" =&gt; "en-us",\r\n	"img01" =&gt; "languages/en_us.gif",\r\n	"img02" =&gt; "",\r\n	"front" =&gt; "1",\r\n	"backend" =&gt; "1",\r\n	"is_default" =&gt; "0",\r\n	"google_translate_code" =&gt; "en",\r\n	"created" =&gt; "2008-01-01 00:00:00",\r\n	"modified" =&gt; "2009-08-10 03:26:07"\r\n)\r\n)\r\n$k	=	1\r\n$vv	=	array(\r\n	"Category" =&gt; array(\r\n	"id" =&gt; "12",\r\n	"parent_id" =&gt; "13",\r\n	"type" =&gt; "P",\r\n	"orderby" =&gt; "50",\r\n	"status" =&gt; "1",\r\n	"link" =&gt; "",\r\n	"img01" =&gt; "",\r\n	"img02" =&gt; "",\r\n	"created" =&gt; "2009-08-10 05:18:04",\r\n	"modified" =&gt; "2009-08-10 05:19:16"\r\n),\r\n	"CategoryI18n" =&gt; array(\r\n	"id" =&gt; "10",\r\n	"locale" =&gt; "chi",\r\n	"category_id" =&gt; "12",\r\n	"name" =&gt; "手机类型",\r\n	"meta_keywords" =&gt; "手机类型",\r\n	"meta_description" =&gt; "手机类型",\r\n	"detail" =&gt; "",\r\n	"img01" =&gt; "",\r\n	"img02" =&gt; "",\r\n	"img03" =&gt; null,\r\n	"created" =&gt; "2009-08-10 05:18:04",\r\n	"modified" =&gt; "2009-08-10 05:19:16"\r\n),\r\n	"SubCategory" =&gt; array(\r\n	array(),\r\n	array(),\r\n	array()\r\n)\r\n)\r\n$kk	=	0\r\n$vvv	=	array(\r\n	"Category" =&gt; array(\r\n	"id" =&gt; "12",\r\n	"parent_id" =&gt; "13",\r\n	"type" =&gt; "P",\r\n	"orderby" =&gt; "50",\r\n	"status" =&gt; "1",\r\n	"link" =&gt; "",\r\n	"img01" =&gt; "",\r\n	"img02" =&gt; "",\r\n	"created" =&gt; "2009-08-10 05:18:04",\r\n	"modified" =&gt; "2009-08-10 05:19:16"\r\n),\r\n	"CategoryI18n" =&gt; array(\r\n	"id" =&gt; "10",\r\n	"locale" =&gt; "chi",\r\n	"category_id" =&gt; "12",\r\n	"name" =&gt; "手机类型",\r\n	"meta_keywords" =&gt; "手机类型",\r\n	"meta_description" =&gt; "手机类型",\r\n	"detail" =&gt; "",\r\n	"img01" =&gt; "",\r\n	"img02" =&gt; "",\r\n	"img03" =&gt; null,\r\n	"created" =&gt; "2009-08-10 05:18:04",\r\n	"modified" =&gt; "2009-08-10 05:19:16"\r\n),\r\n	"SubCategory" =&gt; array(\r\n	array(),\r\n	array(),\r\n	array()\r\n)\r\n)\r\n$kkk	=	0</pre>\r\n<div id="CakeErrorCode1" class="cake-code-dump" style="display: none;">\r\n<pre><code><span style="color: #000000">&nbsp;&nbsp;&nbsp;&nbsp;&nbsp;&nbsp;&nbsp;&nbsp;&nbsp;&nbsp;<span style="color: #0000BB"><span style="color: #007700">if(isset(</span><span style="color: #0000BB">$languages</span><span style="color: #007700">)&nbsp;&amp;&amp;&nbsp;</span><span style="color: #0000BB">sizeof</span><span style="color: #007700">(</span><span style="color: #0000BB">$languages</span><span style="color: #007700">)&gt;</span><span style="color: #0000BB">0</span><span style="color: #007700">){foreach&nbsp;(</span><span style="color: #0000BB">$languages&nbsp;</span><span style="color: #007700">as&nbsp;</span><span style="color: #0000BB">$k&nbsp;</span><span style="color: #007700">=&gt;&nbsp;</span><span style="color: #0000BB">$v</span><span style="color: #007700">){</span><span style="color: #0000BB">?&gt;\r\n</span></span></span></code>\r\n<code><span style="color: #000000">&nbsp;&nbsp;&nbsp;&nbsp;&nbsp;&nbsp;&nbsp;&nbsp;&nbsp;&nbsp;<span style="color: #0000BB"><span style="color: #007700">echo&nbsp;</span><span style="color: #0000BB">$html</span><span style="color: #007700">-&gt;</span><span style="color: #0000BB">image</span><span style="color: #007700">(</span><span style="color: #0000BB">$v</span><span style="color: #007700">[</span><span style="color: #DD0000">''Language''</span><span style="color: #007700">][</span><span style="color: #DD0000">''img01''</span><span style="color: #007700">])</span><span style="color: #0000BB">?&gt;</span>\r\n</span></span></code>\r\n<span class="code-highlight"><code><span style="color: #000000">&nbsp;&nbsp;&nbsp;&nbsp;&nbsp;&nbsp;&nbsp;&nbsp;<span style="color: #0000BB"><span style="color: #007700">echo&nbsp;</span><span style="color: #0000BB">$v</span><span style="color: #007700">[</span><span style="color: #DD0000">''Language''</span><span style="color: #007700">][</span><span style="color: #DD0000">''locale''</span><span style="color: #007700">];</span><span style="color: #0000BB">?&gt;</span>"&nbsp;name="data[CategoryI18n][<span style="color: #0000BB"><span style="color: #007700">echo&nbsp;</span><span style="color: #0000BB">$k</span><span style="color: #007700">;</span><span style="color: #0000BB">?&gt;</span>][detail]"&nbsp;rows="15"&nbsp;cols="80"&nbsp;style="width:&nbsp;80%"&gt;<span style="color: #0000BB"><span style="color: #007700">echo&nbsp;</span><span style="color: #0000BB">$this</span><span style="color: #007700">-&gt;</span><span style="color: #0000BB">data</span><span style="color: #007700">[</span><span style="color: #DD0000">''CategoryI18n''</span><span style="color: #007700">][</span><span style="color: #0000BB">$v</span><span style="color: #007700">[</span><span style="color: #DD0000">''Language''</span><span style="color: #007700">][</span><span style="color: #DD0000">''locale''</span><span style="color: #007700">]][</span><span style="color: #DD0000">''detail''</span><span style="color: #007700">];</span><span style="color: #0000BB">?&gt;</span>\r\n</span></span></span></span></code></span>\r\n</pre>\r\n</div>\r\n<pre>include - F:\\seevia\\branches\\data\\libs\\sv-admin\\views\\categories\\edit.ctp, line 283\r\nView::_render() - F:\\seevia\\branches\\data\\libs\\cake\\libs\\view\\view.php, line 662\r\nView::render() - F:\\seevia\\branches\\data\\libs\\cake\\libs\\view\\view.php, line 376\r\nController::render() - F:\\seevia\\branches\\data\\libs\\cake\\libs\\controller\\controller.php, line 799\r\nDispatcher::_invoke() - F:\\seevia\\branches\\data\\libs\\cake\\dispatcher.php, line 230\r\nDispatcher::dispatch() - F:\\seevia\\branches\\data\\libs\\cake\\dispatcher.php, line 194\r\n[main] - F:\\seevia\\branches\\data\\sv-admin\\index.php, line 76</pre>\r\n</div>', '/img/product_categories/11/49b14bdb.jpg', NULL, '/img/product_categories/11/49b14bdb.jpg', NULL, NULL, NULL, '2009-08-10 05:23:06', '2009-09-07 07:47:36');
INSERT INTO `svcart_category_i18ns` (`id`, `locale`, `category_id`, `name`, `meta_keywords`, `meta_description`, `detail`, `img01`, `img01_link`, `img02`, `img02_link`, `img03`, `img03_link`, `created`, `modified`) VALUES
(25, 'chi', 19, '衬衫', '衬衫', '衬衫', '', '/img/product_categories/19/49b1acf3.jpg', NULL, '/img/product_categories/19/49b1acf3.jpg', NULL, NULL, NULL, '2009-08-10 05:23:57', '2009-09-07 07:47:43'),
(26, 'eng', 19, 'Shirts', 'Shirts', 'Shirts', '', '/img/product_categories/19/49b1acf3.jpg', NULL, '/img/product_categories/19/49b1acf3.jpg', NULL, NULL, NULL, '2009-08-10 05:23:57', '2009-09-07 07:47:43'),
(27, 'chi', 20, '裤子', '裤子', '裤子', '', '', NULL, '', NULL, NULL, NULL, '2009-08-10 05:24:37', '2009-08-13 03:41:04'),
(28, 'eng', 20, 'Trousers', 'Trousers', 'Trousers', '', '', NULL, '', NULL, NULL, NULL, '2009-08-10 05:24:37', '2009-08-13 03:41:04'),
(29, 'chi', 21, '鞋子', '鞋子', '鞋子', '', '', NULL, '', NULL, NULL, NULL, '2009-08-10 05:25:10', '2009-08-10 05:25:10'),
(30, 'eng', 21, 'Shoes', 'Shoes', 'Shoes', '', '', NULL, '', NULL, NULL, NULL, '2009-08-10 05:25:10', '2009-08-10 05:25:10'),
(31, 'chi', 24, '新手指南', '', '', '', '', NULL, '', NULL, NULL, NULL, '2009-07-28 09:54:10', '2009-09-04 06:49:37'),
(32, 'eng', 24, 'Newbie Guide', '', '', '', '', NULL, '', NULL, NULL, NULL, '2009-07-28 09:54:10', '2009-09-04 06:49:37'),
(33, 'chi', 25, '如何付款/退款', '', '', '', '', NULL, '', NULL, NULL, NULL, '2009-07-28 09:56:42', '2009-09-04 06:50:27'),
(34, 'eng', 25, 'Payment', '', '', '', '', NULL, '', NULL, NULL, NULL, '2009-07-28 09:56:42', '2009-09-04 06:50:27'),
(35, 'chi', 26, '配送方式', '', '', '', '', NULL, '', NULL, NULL, NULL, '2009-07-28 09:58:25', '2009-09-04 06:51:16'),
(36, 'eng', 26, 'Shipping', '', '', '', '', NULL, '', NULL, NULL, NULL, '2009-07-28 09:58:25', '2009-09-04 06:51:16'),
(37, 'chi', 27, '售后服务', '', '', '', '', NULL, '', NULL, NULL, NULL, '2009-07-28 10:01:14', '2009-09-04 06:51:43'),
(38, 'eng', 27, 'Service', '', '', '', '', NULL, '', NULL, NULL, NULL, '2009-07-28 10:01:14', '2009-09-04 06:51:43'),
(39, 'chi', 28, '帮助中心', '', '', '', '', NULL, '', NULL, NULL, NULL, '2009-07-28 10:01:46', '2009-09-04 06:52:08'),
(40, 'eng', 28, 'Help', '', '', '', '', NULL, '', NULL, NULL, NULL, '2009-07-28 10:01:46', '2009-09-04 06:52:08'),
(41, 'cht', 24, '新手指南', '', '', '', '', NULL, '', NULL, NULL, NULL, '2009-07-28 09:54:10', '2009-09-04 06:49:37'),
(42, 'cht', 20, '裤子', '裤子', '裤子', '', '', NULL, '', NULL, NULL, NULL, '2009-08-10 05:24:37', '2009-08-13 03:41:04'),
(43, 'cht', 21, '鞋子', '鞋子', '鞋子', '', '', NULL, '', NULL, NULL, NULL, '2009-08-10 05:25:10', '2009-08-10 05:25:10'),
(44, 'cht', 11, 'T恤', 'T恤', 'T恤', '', '/img/product_categories/11/49b14bdb.jpg', NULL, '/img/product_categories/11/49b14bdb.jpg', NULL, NULL, NULL, '2009-08-10 03:24:38', '2009-09-07 07:47:36'),
(45, 'cht', 12, '手机类型', '手机类型', '手机类型', '', '', NULL, '', NULL, NULL, NULL, '2009-08-10 05:18:04', '2009-08-19 06:51:37'),
(46, 'cht', 13, '数码产品', '数码产品', '数码产品', '', '/img/product_categories/13/49b6579a.jpg', NULL, '/img/product_categories/13/49b89cc1.jpg', NULL, NULL, NULL, '2009-08-10 05:18:51', '2009-08-10 10:15:50'),
(47, 'cht', 14, '3G手机', '3G手机', '3G手机', '', '', NULL, '', NULL, NULL, NULL, '2009-08-10 05:19:44', '2009-08-10 05:19:44'),
(48, 'cht', 15, 'CDMA手机', 'CDMA手机', 'CDMA手机', '', '', NULL, '', NULL, NULL, NULL, '2009-08-10 05:20:21', '2009-08-10 05:20:21'),
(49, 'cht', 16, 'GSM手机', 'GSM手机', 'GSM手机', '', '', NULL, '', NULL, NULL, NULL, '2009-08-10 05:21:05', '2009-08-10 05:21:05'),
(50, 'cht', 17, '皮包', '皮包', '皮包', '', '', NULL, '', NULL, NULL, NULL, '2009-08-10 05:21:47', '2009-08-10 05:21:47'),
(51, 'cht', 18, '衣服', '衣服', '衣服', '', '', NULL, '', NULL, NULL, NULL, '2009-08-10 05:22:32', '2009-09-08 02:08:35'),
(52, 'cht', 19, '衬衫', '衬衫', '衬衫', '', '/img/product_categories/19/49b1acf3.jpg', NULL, '/img/product_categories/19/49b1acf3.jpg', NULL, NULL, NULL, '2009-08-10 05:23:57', '2009-09-07 07:47:43'),
(53, 'cht', 10, '饰品与配件', '饰品与配件', '饰品与配件', '', '', NULL, '', NULL, NULL, NULL, '2009-03-16 05:02:27', '2009-04-23 05:21:56'),
(57, 'cht', 25, '如何付款/退款', '', '', '', '', NULL, '', NULL, NULL, NULL, '2009-07-28 09:56:42', '2009-09-04 06:50:27'),
(58, 'cht', 26, '配送方式', '', '', '', '', NULL, '', NULL, NULL, NULL, '2009-07-28 09:58:25', '2009-09-04 06:51:16'),
(59, 'cht', 27, '售后服务', '', '', '', '', NULL, '', NULL, NULL, NULL, '2009-07-28 10:01:14', '2009-09-04 06:51:43'),
(60, 'cht', 28, '帮助中心', '', '', '', '', NULL, '', NULL, NULL, NULL, '2009-07-28 10:01:46', '2009-09-04 06:52:08');

--
-- 导出表中的数据 `svcart_comments`
--

INSERT INTO `svcart_comments` (`id`, `type`, `type_id`, `email`, `name`, `title`, `parent_id`, `status`, `content`, `rank`, `ipaddr`, `user_id`, `created`, `modified`) VALUES
(1, 'P', 43, '163@162.com', '匿名用户', '', 0, '1', '非常不错', '5', '192.168.10.178', 0, '2009-08-11 01:51:45', '2009-08-11 01:51:45'),
(2, '', 0, 'info@seevia.cn', 'seevia', '', 1, '0', '谢谢你的购买 请多支持', '0', '192.168.10.178', 0, '2009-08-11 01:52:50', '2009-08-11 01:52:50'),
(3, 'P', 43, 'shenyunfeng@seevia.cn', '匿名用户', '', 0, '1', '送货速度非常快~~~~~~~~~~~~~~~~~~~~~~~~~', '4', '192.168.10.178', 0, '2009-08-13 07:57:06', '2009-08-13 07:57:06'),
(4, 'P', 43, 'shenyunfeng@seevia.cn', '匿名用户', '', 0, '1', '送货速度非常快~~~~~~~~~~~~~~~~~~~~~~~~~', '4', '192.168.10.178', 0, '2009-08-13 08:17:15', '2009-08-13 08:17:15'),
(5, 'P', 45, 'shenyunfeng@seevia.cn', 'ginsmap', '', 0, '1', '非常好啊。。。。。。。', '3', '192.168.10.178', 1, '2009-08-13 08:18:11', '2009-08-13 08:18:11'),
(6, 'P', 43, 'zhuyasha@99.cn', '匿名用户', '', 0, '1', '裤子版型很好~！', '5', '192.168.10.172', 0, '2009-08-17 06:11:37', '2009-08-17 06:11:37'),
(7, 'P', 43, 'zhuyasha@99.cn', '匿名用户', '', 0, '1', '裤子版型很好~！', '5', '192.168.10.172', 0, '2009-08-17 06:11:56', '2009-08-17 06:11:56'),
(8, 'P', 19, 'wren@hotmail.com', 'wren', '', 0, '1', '发货很快，手机很漂亮！', '5', '192.168.10.172', 3, '2009-08-17 06:42:11', '2009-08-17 06:42:11'),
(9, 'A', 3, 'www@sina.com', 'www.sina.com', '', 0, '1', 'Quality prescription...\n    EyeBuyDirect is able to create high quality, cheap eyeglasses because we are the manufacturer, supplier and retailer, so we are able to do every step of the process in our global prescription and manufacturing program. Buy glasses online with EyeBuyDirect, whether it’s reading glasses or designer eyewear, and we promise you the industry’s best quality and service.', '5', '192.168.10.151', 8, '2009-08-25 06:26:05', '2009-08-25 06:26:05'),
(10, 'A', 3, 'www@sina.com', 'www.sina.com', '', 0, '1', '#\n广告计划的编拟要点\n(2)广告计划的有关统计资料，以附录方式，编入于广告计划书内。 ... (1)若须将广告S.P、P.R等计划同时提出，则应先提示各计划的共同要点，借以提高客户的兴趣。 ...\nwww.cn21.com.cn/managetools/gzzd/gg/02091909.htm - 网页快照 - 类似结果\n#\n润豪牌牛仔裤年度广告计划\n因此，可见本品牌在众多同类产品中，显有其优异的地位，然而除了同级厂牌的竞争，其他如二级厂牌潜在压力(如5th STREET近期广告活动频繁)，变体裤的分化市场及伪品冲击 ...\nwww.cn21.com.cn/managetools/gzzd/gg/02091912.htm - 网页快照 - 类似结果\n#\n广告计划- MBA智库百科\n企业的广告计划是企业对于即将进行的广告活动的规划，它是从企业的营销计划中分离出来，并根据企业组织的生产与经营目标；营销策略和促销手段而制定的广告目标体系。 ...\nwiki.mbalib.com/wiki/广告计划 - 网页快照 - 类似结果\n#\n广告计划\n广告计划. Innobook目前主要接受公益广告，但我们并不排斥商业广告，且目前阶段商业广告的收入也将全部投入慈善事业。 欢迎文化、教育方面的公益项目与我们联系广告 ...\nwww.innobook.cn/adp - 网页快照 - 类似结果\n#\nFacebook广告计划\n但是我觉得自己有义务提供一些关于Facebook最新广告计划（Facebook Ads）的想法。这个计划到底是什么？在企业家们可以大展拳脚的纽约，Facebook向250 ...\ndigitalwatch.ogilvy.com.cn/cn/?p=120 - 网页快照 - 类似结果\n#\nGoogle报纸印刷广告计划未达预期将终止- 国际广告- 广告新闻资讯网 ...\n2009年1月22日 ... Google报纸印刷广告计划未达预期将终止,Advertise a news net,ad', '5', '192.168.10.151', 8, '2009-08-25 06:26:46', '2009-08-25 06:26:46'),
(11, 'A', 3, 'www@sina.com', 'www.sina.com', '', 0, '1', '广告计划的编拟要点\n(2)广告计划的有关统计资料，以附录方式，编入于广告计划书内。 ... (1)若须将广告S.P、P.R等计划同时提出，则应先提示各计划的共同要点，借以提高客户的兴趣。 ...\nwww.cn21.com.cn/managetools/gzzd/gg/02091909.htm - 网页快照 - 类似结果\n#\n润豪牌牛仔裤年度广告计划\n因此，可见本品牌在众多同类产品中，显有其优异的地位，然而除了同级厂牌的竞争，其他如二级厂牌潜在压力(如5th STREET近期广告活动频繁)，变体裤的分化市场及伪品冲击 ...\nwww.cn21.com.cn/managetools/gzzd/gg/02091912.htm - 网页快照 - 类似结果\n#\n广告计划- MBA智库百科\n企业的广告计划是企业对于即将进行的广告活动的规划，它是从企业的营销计划中分离出来，并根据企业组织的生产与经营目标；营销策略和促销手段而制定的广告目标体系。 ...\nwiki.mbalib.com/wiki/广告计划 - 网页快照 - 类似结果\n#\n广告计划\n广告计划. Innobook目前主要接受公益广告，但我们并不排斥商业广告，且目前阶段商业广告的收入也将全部投入慈善事业。 欢迎文化、教育方面的公益项目与我们联系广告 ...\nwww.innobook.cn/adp - 网页快照 - 类似结果\n#\nFacebook广告计划\n但是我觉得自己有义务提供一些关于Facebook最新广告计划（Facebook Ads）的想法。这个计划到底是什么？在企业家们可以大展拳脚的纽约，Facebook向250 ...\ndigitalwatch.ogilvy.com.cn/cn/?p=120 - 网页快照 - 类似结果\n#\nGoogle报纸印刷广告计划未达预期将终止- 国际广告- 广告新闻资讯网 ...\n2009年1月22日 ... Google报纸印刷广告计划未达预期将终止,Advertise a news net,ad', '3', '192.168.10.151', 8, '2009-08-25 06:27:16', '2009-08-25 06:27:16'),
(12, 'A', 7, 'shenyunfeng@seevia.cn', 'ginsmap', '', 0, '1', 'SV-Cart 非常好用 性能很强大', '5', '192.168.10.178', 1, '2009-09-08 02:56:35', '2009-09-08 02:56:35'),
(13, '', 0, 'info@seevia.cn', 'seevia', '', 12, '0', '谢谢你的支持', '0', '192.168.10.178', 0, '2009-09-08 02:57:47', '2009-09-08 02:57:47'),
(14, 'P', 16, '213091283@129.com', 'AnonymousUser', '', 0, '1', 'defhosidfjsd', '4', '192.168.10.172', 0, '2009-09-10 11:15:31', '2009-09-10 11:15:31'),
(15, 'A', 11, 'shenyunfeng@seevia.cn', 'ginsmap', '', 0, '1', 'SV-Cart  功能强大 使用方便  ~~~~~~~', '5', '192.168.10.178', 1, '2009-09-11 07:31:04', '2009-09-11 07:31:04'),
(16, '', 0, 'info@seevia.cn', 'seevia', '', 15, '0', '谢谢你的支持 ', '0', '192.168.10.178', 0, '2009-09-11 07:31:28', '2009-09-11 07:31:28'),
(17, 'P', 60, 'jiangqixun@seevia.cn', 'jiang', '', 0, '1', 'vfdvfd', '4', '192.168.10.154', 10, '2009-09-28 13:42:51', '2009-09-28 13:42:51');

--
-- 导出表中的数据 `svcart_configs`
--


--
-- 导出表中的数据 `svcart_config_i18ns`
--


--
-- 导出表中的数据 `svcart_contacts`
--


--
-- 导出表中的数据 `svcart_coupons`
--

INSERT INTO `svcart_coupons` (`id`, `coupon_type_id`, `sn_code`, `max_buy_quantity`, `max_use_quantity`, `order_amount_discount`, `user_id`, `used_time`, `order_id`, `emailed`, `created`, `modified`) VALUES
(1, 3, 'PR1000004840', 0, 0, 100, 1, '2009-08-12 10:00:05', 12, 0, '2009-08-12 09:57:29', '2009-08-12 09:57:29'),
(2, 3, 'PR1000000576', 0, 0, 100, 1, '2009-08-12 10:27:43', 1, 0, '2009-08-12 09:57:29', '2009-08-12 09:57:29'),
(3, 3, 'PR1000000547', 0, 0, 100, 2, '2009-08-13 08:14:11', 2, 0, '2009-08-12 09:57:29', '2009-08-12 09:57:29'),
(4, 3, 'PR1000008685', 0, 0, 100, 1, '2009-08-14 10:35:21', 3, 0, '2009-08-12 09:57:29', '2009-08-12 09:57:29'),
(5, 3, 'PR1000009038', 0, 0, 100, 1, '2009-09-08 04:46:31', 16, 0, '2009-08-12 09:57:29', '2009-08-12 09:57:29'),
(6, 2, 'OR1000005924', 0, 0, 100, 1, '2008-01-01 00:00:00', 0, 0, '2009-08-12 10:00:05', '2009-08-12 10:00:05'),
(7, 2, 'OR1000000042', 0, 0, 100, 1, '2008-01-01 00:00:00', 0, 0, '2009-08-12 10:27:43', '2009-08-12 10:27:43'),
(8, 1, 'RE1000005925', 0, 0, 100, 2, '2008-01-01 00:00:00', 0, 0, '2009-08-13 08:06:25', '2009-08-13 08:06:25'),
(9, 1, 'RE1000007606', 0, 0, 100, 3, '2008-01-01 00:00:00', 0, 0, '2009-08-17 06:35:30', '2009-08-17 06:35:30'),
(10, 1, 'RE1000004178', 0, 0, 100, 4, '2008-01-01 00:00:00', 0, 0, '2009-08-17 07:05:24', '2009-08-17 07:05:24'),
(11, 2, 'OR1000009212', 0, 0, 100, 1, '2008-01-01 00:00:00', 0, 0, '2009-08-19 02:36:43', '2009-08-19 02:36:43'),
(12, 2, 'OR1000008889', 0, 0, 100, 1, '2008-01-01 00:00:00', 0, 0, '2009-08-19 02:40:16', '2009-08-19 02:40:16'),
(13, 2, 'OR1000005234', 0, 0, 100, 1, '2008-01-01 00:00:00', 0, 0, '2009-08-19 02:40:30', '2009-08-19 02:40:30'),
(14, 1, 'RE1000009285', 0, 0, 100, 5, '2008-01-01 00:00:00', 0, 0, '2009-08-19 07:00:32', '2009-08-19 07:00:32'),
(15, 2, 'OR1000007116', 0, 0, 100, 3, '2008-01-01 00:00:00', 0, 0, '2009-08-19 07:12:32', '2009-08-19 07:12:32'),
(16, 1, 'RE1000009807', 0, 0, 100, 6, '2008-01-01 00:00:00', 0, 0, '2009-08-19 07:58:25', '2009-08-19 07:58:25'),
(17, 1, 'RE1000003142', 0, 0, 100, 7, '2008-01-01 00:00:00', 0, 0, '2009-08-20 02:59:40', '2009-08-20 02:59:40'),
(18, 2, 'OR1000003101', 0, 0, 100, 5, '2008-01-01 00:00:00', 0, 0, '2009-08-20 03:46:50', '2009-08-20 03:46:50'),
(19, 1, 'RE1000005564', 0, 0, 100, 8, '2008-01-01 00:00:00', 0, 0, '2009-08-24 10:27:28', '2009-08-24 10:27:28'),
(20, 4, 'AB1000008031', 0, 0, 100, 1, '2008-01-01 00:00:00', 0, 0, '2009-09-18 08:59:34', '2009-09-18 08:59:34'),
(21, 1, 'RE1000003782', 0, 0, 100, 9, '2008-01-01 00:00:00', 0, 0, '2009-09-18 10:16:15', '2009-09-18 10:16:15'),
(22, 1, 'RE1000004606', 0, 0, 100, 10, '2008-01-01 00:00:00', 0, 0, '2009-09-22 15:54:42', '2009-09-22 15:54:42'),
(23, 1, 'RE1000001788', 0, 0, 100, 11, '2008-01-01 00:00:00', 0, 0, '2009-09-27 18:42:48', '2009-09-27 18:42:48'),
(24, 2, 'OR1000007436', 0, 0, 100, 11, '2008-01-01 00:00:00', 0, 0, '2009-09-27 20:12:08', '2009-09-27 20:12:08'),
(25, 2, 'OR1000002480', 0, 0, 100, 11, '2008-01-01 00:00:00', 0, 0, '2009-09-27 20:12:31', '2009-09-27 20:12:31'),
(26, 2, 'OR1000001485', 0, 0, 100, 11, '2008-01-01 00:00:00', 0, 0, '2009-09-27 20:12:58', '2009-09-27 20:12:58'),
(27, 2, 'OR1000004014', 0, 0, 100, 11, '2008-01-01 00:00:00', 0, 0, '2009-09-27 20:13:28', '2009-09-27 20:13:28'),
(28, 2, 'OR1000002969', 0, 0, 100, 11, '2008-01-01 00:00:00', 0, 0, '2009-09-27 20:15:16', '2009-09-27 20:15:16'),
(29, 2, 'OR1000003424', 0, 0, 100, 11, '2008-01-01 00:00:00', 0, 0, '2009-09-27 20:16:29', '2009-09-27 20:16:29'),
(30, 2, 'OR1000000821', 0, 0, 100, 1, '2008-01-01 00:00:00', 0, 0, '2009-09-27 20:18:39', '2009-09-27 20:18:39'),
(31, 2, 'OR1000008423', 0, 0, 100, 11, '2008-01-01 00:00:00', 0, 0, '2009-09-28 16:57:05', '2009-09-28 16:57:05');

--
-- 导出表中的数据 `svcart_coupon_types`
--

INSERT INTO `svcart_coupon_types` (`id`, `money`, `send_type`, `prefix`, `min_amount`, `max_amount`, `min_products_amount`, `send_start_date`, `send_end_date`, `use_start_date`, `use_end_date`, `created`, `modified`) VALUES
(1, 10.00, 4, 'RE', 5.00, 0.00, 0.00, '2009-08-01 00:00:00', '2010-03-31 23:59:59', '2009-08-01 00:00:00', '2010-03-31 23:59:59', '2009-08-12 09:54:25', '2009-08-12 09:54:25'),
(2, 5.00, 2, 'OR', 5.00, 0.00, 50.00, '2009-08-01 00:00:00', '2010-01-30 23:59:59', '2009-08-01 00:00:00', '2010-01-31 23:59:59', '2009-08-12 09:55:59', '2009-08-12 09:55:59'),
(3, 20.00, 3, 'PR', 30.00, 0.00, 0.00, '2009-08-01 00:00:00', '2010-02-28 23:59:59', '2009-08-01 00:00:00', '2010-04-30 23:59:59', '2009-08-12 09:57:14', '2009-08-12 09:57:14'),
(4, 200.00, 0, 'AB', 1.00, 0.00, 1.00, '2008-09-01 00:00:00', '2010-02-28 23:59:59', '2008-08-01 00:00:00', '2010-01-30 23:59:59', '2009-08-19 12:12:05', '2009-09-18 08:58:01');

--
-- 导出表中的数据 `svcart_coupon_type_i18ns`
--

INSERT INTO `svcart_coupon_type_i18ns` (`id`, `locale`, `coupon_type_id`, `name`, `description`, `created`, `modified`) VALUES
(1, 'chi', 1, '注册送优惠券', '', '2009-08-12 09:54:25', '2009-08-12 09:54:25'),
(2, 'eng', 1, 'Coupon registration sent', '', '2009-08-12 09:54:25', '2009-08-12 09:54:25'),
(3, 'chi', 2, '满50就送5元优惠券', '', '2009-08-12 09:55:59', '2009-08-12 09:55:59'),
(4, 'eng', 2, 'Age of 50 send 5 yuan Coupon', '', '2009-08-12 09:55:59', '2009-08-12 09:55:59'),
(5, 'chi', 3, '新店开张优惠券', '', '2009-08-12 09:57:14', '2009-08-12 09:57:14'),
(6, 'eng', 3, 'New store openings Coupon', '', '2009-08-12 09:57:14', '2009-08-12 09:57:14'),
(7, 'chi', 4, '抵押200元', '抵押200元', '2009-08-19 12:12:05', '2009-09-18 08:58:01'),
(8, 'eng', 4, '抵押200元', '抵押200元', '2009-08-19 12:12:05', '2009-09-18 08:58:01'),
(9, 'cht', 2, '满50就送5元优惠券', '', '2009-08-12 09:55:59', '2009-08-12 09:55:59'),
(10, 'cht', 3, '新店开张优惠券', '', '2009-08-12 09:57:14', '2009-08-12 09:57:14'),
(11, 'cht', 1, '注册送优惠券', '', '2009-08-12 09:54:25', '2009-08-12 09:54:25'),
(12, 'cht', 4, '抵押200元', '抵押200元', '2009-08-19 12:12:05', '2009-09-18 08:58:01');

--
-- 导出表中的数据 `svcart_currencies`
--


--
-- 导出表中的数据 `svcart_currency_i18ns`
--


--
-- 导出表中的数据 `svcart_departments`
--

INSERT INTO `svcart_departments` (`id`, `contact_name`, `contact_email`, `contact_tele`, `contact_mobile`, `contact_fax`, `contact_remark`, `orderby`, `status`, `created`, `modified`) VALUES
(12, '购物部', '12345678@test.com', '12345678', '12345678', '', '购物部', 50, '1', '2009-09-20 07:11:15', '2009-09-20 07:11:15'),
(3, '信息部', '12345678@test.com', '12345678', '12345678', '', '信息部', 50, '1', '2009-09-20 02:53:11', '2009-09-20 03:58:22'),
(4, '市场部', '12345678@test.com', '12345678', '12345678', '', '市场部', 50, '1', '2009-09-20 02:55:02', '2009-09-20 03:57:00'),
(5, '客户部', '12345678@test.com', '12345678', '12345678', '', '客户部', 50, '1', '2009-09-20 03:59:20', '2009-09-20 03:59:20'),
(6, '库存部', '12345678@test.com', '12345678', '12345678', '', '库存部', 50, '1', '2009-09-20 03:59:47', '2009-09-20 03:59:47'),
(7, '产品部', '12345678@test.com', '12345678', '12345678', '', '产品部', 50, '1', '2009-09-20 04:00:13', '2009-09-20 04:00:13'),
(8, '采购部', '12345678@test.com', '12345678', '12345678', '', '采购部', 50, '1', '2009-09-20 04:00:39', '2009-09-20 04:00:39'),
(9, '供应商', '12345678@test.com', '12345678', '12345678', '', '供应商', 50, '1', '2009-09-20 04:01:08', '2009-09-20 04:01:08'),
(10, '技术部', '12345678@test.com', '12345678', '12345678', '', '技术部', 50, '1', '2009-09-20 04:01:36', '2009-09-20 04:01:36'),
(11, '人事部', '12345678@test.com', '12345678', '12345678', '', '人事部', 50, '1', '2009-09-20 04:02:14', '2009-09-20 04:02:14');

--
-- 导出表中的数据 `svcart_department_i18ns`
--

INSERT INTO `svcart_department_i18ns` (`id`, `locale`, `department_id`, `name`, `description`, `created`, `modified`) VALUES
(1, 'eng', 12, '购物部', '购物部', '2009-09-20 07:11:15', '2009-09-20 07:11:15'),
(2, 'cht', 12, '购物部', '购物部', '2009-09-20 07:11:15', '2009-09-20 07:11:15'),
(3, 'chi', 12, '购物部', '购物部', '2009-09-20 07:11:15', '2009-09-20 07:11:15'),
(4, 'chi', 3, '信息部', '信息部', '2009-09-20 02:53:11', '2009-09-20 03:58:22'),
(5, 'eng', 3, '信息部', '信息部', '2009-09-20 02:53:11', '2009-09-20 03:58:22'),
(6, 'cht', 11, '人事部', '人事部', '2009-09-20 04:02:14', '2009-09-20 04:02:14'),
(7, 'chi', 4, '市场部', '市场部', '2009-09-20 02:55:02', '2009-09-20 03:57:00'),
(8, 'eng', 4, '市场部', '市场部', '2009-09-20 02:55:02', '2009-09-20 03:57:00'),
(9, 'cht', 10, '技术部', '技术部', '2009-09-20 04:01:36', '2009-09-20 04:01:36'),
(10, 'chi', 5, '客户部', '客户部', '2009-09-20 03:59:20', '2009-09-20 03:59:20'),
(11, 'eng', 5, '客户部', '客户部', '2009-09-20 03:59:20', '2009-09-20 03:59:20'),
(12, 'cht', 9, '供应商', '供应商', '2009-09-20 04:01:08', '2009-09-20 04:01:08'),
(13, 'chi', 6, '库存部', '库存部', '2009-09-20 03:59:47', '2009-09-20 03:59:47'),
(14, 'eng', 6, '库存部', '库存部', '2009-09-20 03:59:47', '2009-09-20 03:59:47'),
(15, 'cht', 8, '采购部', '采购部', '2009-09-20 04:00:39', '2009-09-20 04:00:39'),
(16, 'chi', 7, '产品部', '产品部', '2009-09-20 04:00:13', '2009-09-20 04:00:13'),
(17, 'eng', 7, '产品部', '产品部', '2009-09-20 04:00:13', '2009-09-20 04:00:13'),
(18, 'cht', 7, '产品部', '产品部', '2009-09-20 04:00:13', '2009-09-20 04:00:13'),
(19, 'chi', 8, '采购部', '采购部', '2009-09-20 04:00:39', '2009-09-20 04:00:39'),
(20, 'eng', 8, '采购部', '采购部', '2009-09-20 04:00:39', '2009-09-20 04:00:39'),
(21, 'cht', 6, '库存部', '库存部', '2009-09-20 03:59:47', '2009-09-20 03:59:47'),
(22, 'chi', 9, '供应商', '供应商', '2009-09-20 04:01:08', '2009-09-20 04:01:08'),
(23, 'eng', 9, '供应商', '供应商', '2009-09-20 04:01:08', '2009-09-20 04:01:08'),
(24, 'cht', 5, '客户部', '客户部', '2009-09-20 03:59:20', '2009-09-20 03:59:20'),
(25, 'chi', 10, '技术部', '技术部', '2009-09-20 04:01:36', '2009-09-20 04:01:36'),
(26, 'eng', 10, '技术部', '技术部', '2009-09-20 04:01:36', '2009-09-20 04:01:36'),
(27, 'cht', 4, '市场部', '市场部', '2009-09-20 02:55:02', '2009-09-20 03:57:00'),
(28, 'chi', 11, '人事部', '人事部', '2009-09-20 04:02:14', '2009-09-20 04:02:14'),
(29, 'eng', 11, '人事部', '人事部', '2009-09-20 04:02:14', '2009-09-20 04:02:14'),
(30, 'cht', 3, '信息部', '信息部', '2009-09-20 02:53:11', '2009-09-20 03:58:22');

--
-- 导出表中的数据 `svcart_domains`
--


--
-- 导出表中的数据 `svcart_flashes`
--

INSERT INTO `svcart_flashes` (`id`, `type`, `type_id`, `roundcorner`, `autoplaytime`, `isheightquality`, `blendmode`, `transduration`, `windowopen`, `btnsetmargin`, `btndistance`, `titlebgcolor`, `titletextcolor`, `titlebgalpha`, `titlemoveduration`, `btnalpha`, `btntextcolor`, `btndefaultcolor`, `btnhovercolor`, `btnfocuscolor`, `changimagemode`, `isshowbtn`, `isshowtitle`, `scalemode`, `transform`, `isshowabout`, `titlefont`, `height`, `width`, `created`, `modified`) VALUES
(2, 'PC', 18, '9', '8', 'false', 'normal', '1', '_self', 'auto 5 5 auto', '20', '0xff6600', '0xffffff', '.75', '1', '.7', '0xffffff', '0x1B3433', '#41b73d', '#41b73d', 'click', 'true', 'true', 'noBorder', 'blur', 'true', '微软雅黑', 210, 741, '2008-01-01 00:00:00', '2009-08-10 10:10:13'),
(3, 'PC', 13, '9', '8', 'false', 'normal', '1', '_self', 'auto 5 5 auto', '20', '0xff6600', '0xffffff', '.75', '1', '.7', '0xffffff', '0x1B3433', '#41b73d', '#41b73d', 'click', 'true', 'true', 'noBorder', 'blur', 'true', '微软雅黑', 210, 741, '2008-01-01 00:00:00', '2009-08-10 10:10:13'),
(4, 'B', 2, '9', '8', 'false', 'normal', '1', '_self', 'auto 5 5 auto', '20', '0xff6600', '0xffffff', '.75', '1', '.7', '0xffffff', '0x1B3433', '#41b73d', '#41b73d', 'click', 'true', 'true', 'noBorder', 'blur', 'true', '微软雅黑', 210, 741, '2008-01-01 00:00:00', '2009-08-10 10:10:13'),
(5, 'P', 10, '8', '8', 'false', 'normal', '1', '_self', 'auto 5 5 auto', '20', '0xff6600', '0xffffff', '.75', '1', '.7', '0xffffff', '0x1B3433', '0x2EFF0E', '0x2EFF0E', 'click', 'true', 'true', 'noBorder', 'blur', 'true', '微软雅黑', 314, 914, '2009-07-03 05:57:01', '2009-05-15 19:43:05');

--
-- 导出表中的数据 `svcart_flash_images`
--

INSERT INTO `svcart_flash_images` (`id`, `locale`, `flash_id`, `orderby`, `image`, `title`, `description`, `url`, `status`, `created`, `modified`) VALUES
(9, 'chi', 0, 50, '/img/others/49b15c5e.jpg', '', '', '', '1', '2009-08-10 10:11:00', '2009-08-10 10:12:58'),
(10, 'chi', 2, 50, '/img/others/49bda544.jpg', '', '', '', '1', '2009-08-10 10:13:33', '2009-08-10 10:13:40'),
(11, 'chi', 3, 50, '/img/others/49b851df.jpg', '数码', '', '', '1', '2009-08-10 10:18:08', '2009-08-10 10:54:43'),
(12, 'chi', 4, 50, '/img/others/49b5866b.jpg', '诺基亚', '', 'http://www.nokia.com.cn/', '1', '2009-08-10 10:40:01', '2009-08-10 10:57:04'),
(13, 'eng', 4, 50, '/img/others/49bac85e.jpg', 'nokia', '', 'http://www.nokia.com', '1', '2009-08-10 10:44:53', '2009-08-10 11:03:39'),
(14, 'cht', 3, 50, '/img/others/49b851df.jpg', '数码', '', '', '1', '2009-08-10 10:18:08', '2009-08-10 10:54:43'),
(15, 'cht', 2, 50, '/img/others/49bda544.jpg', '', '', '', '1', '2009-08-10 10:13:33', '2009-08-10 10:13:40'),
(16, 'cht', 0, 50, '/img/others/49b15c5e.jpg', '', '', '', '1', '2009-08-10 10:11:00', '2009-08-10 10:12:58'),
(21, 'cht', 4, 50, '/img/others/49b5866b.jpg', '诺基亚', '', 'http://www.nokia.com.cn/', '1', '2009-08-10 10:40:01', '2009-08-10 10:57:04');

--
-- 导出表中的数据 `svcart_inbounds`
--


--
-- 导出表中的数据 `svcart_inbound_products`
--


--
-- 导出表中的数据 `svcart_information_resources`
--

INSERT INTO `svcart_information_resources` (`id`, `parent_id`, `code`, `information_value`, `status`, `orderby`, `created`, `modified`) VALUES
(14, 0, 'company_type', '', '1', 50, '2009-09-04 11:29:08', '2009-09-04 11:29:08'),
(2, 0, '1', '1', '1', 1, '2009-08-06 03:46:27', '2009-08-06 03:46:27'),
(3, 2, '', '', '1', 50, '2009-08-06 03:46:40', '2009-08-06 03:46:40'),
(4, 0, 'best_time', '', '1', 50, '2009-08-07 05:45:22', '2009-08-07 05:45:22'),
(5, 4, '', '3', '1', 1, '2009-08-07 05:47:25', '2009-08-07 06:07:54'),
(6, 4, '', '1', '1', 2, '2009-08-07 05:49:18', '2009-08-07 05:49:18'),
(7, 4, '', '2', '1', 3, '2009-08-07 05:49:44', '2009-08-07 05:51:47'),
(15, 14, '', '1', '1', 1, '2009-09-04 11:30:33', '2009-09-04 11:30:33'),
(10, 0, 'register_question', '', '1', 50, '2009-08-14 02:30:31', '2009-08-14 02:30:31'),
(11, 10, '', '1', '1', 50, '2009-08-14 02:31:20', '2009-08-14 02:31:20'),
(12, 10, '', '2', '1', 50, '2009-08-14 02:32:01', '2009-08-14 02:32:01'),
(13, 10, '', '3', '1', 50, '2009-08-14 02:33:29', '2009-08-14 02:33:46'),
(16, 14, '', '2', '1', 2, '2009-09-04 11:31:20', '2009-09-04 11:31:20'),
(17, 14, '', '3', '1', 3, '2009-09-04 11:31:53', '2009-09-04 11:31:53'),
(18, 0, 'from_type', '', '1', 50, '2009-09-17 06:42:52', '2009-09-17 07:09:54'),
(19, 18, '', '1', '1', 50, '2009-09-17 06:43:25', '2009-09-17 06:43:25'),
(20, 18, '', '2', '1', 2, '2009-09-17 06:43:44', '2009-09-17 06:43:44'),
(21, 18, '', '3', '1', 3, '2009-09-17 06:44:11', '2009-09-17 06:44:11'),
(22, 18, '', '4', '1', 4, '2009-09-17 06:44:39', '2009-09-17 06:44:39'),
(23, 18, '', '6', '1', 50, '2009-09-17 06:45:02', '2009-09-17 06:45:02'),
(24, 18, '', '5', '1', 5, '2009-09-17 06:45:28', '2009-09-17 06:45:28'),
(25, 18, '', '7', '1', 7, '2009-09-17 06:45:49', '2009-09-17 06:45:49'),
(26, 0, 'how_oos', '', '1', 50, '2009-09-17 02:18:27', '2009-09-17 02:18:27'),
(27, 26, '', '1', '1', 1, '2009-09-17 02:18:59', '2009-09-17 02:18:59'),
(28, 26, '', '2', '1', 2, '2009-09-17 02:19:25', '2009-09-17 02:19:25'),
(29, 26, '', '3', '1', 3, '2009-09-17 02:19:52', '2009-09-17 02:19:52');

--
-- 导出表中的数据 `svcart_information_resource_i18ns`
--

INSERT INTO `svcart_information_resource_i18ns` (`id`, `locale`, `information_resource_id`, `name`, `description`, `created`, `modified`) VALUES
(1, 'chi', 0, '资源名称', '资源名称', '2009-08-06 03:45:06', '2009-08-06 03:45:06'),
(2, 'eng', 0, '资源名称', '资源名称', '2009-08-06 03:45:06', '2009-08-06 03:45:06'),
(3, 'chi', 2, '资源名称', '资源名称', '2009-08-06 03:46:27', '2009-08-06 03:46:27'),
(4, 'eng', 2, '资源名称', '资源名称', '2009-08-06 03:46:27', '2009-08-06 03:46:27'),
(5, 'chi', 3, 'ssa', 's', '2009-08-06 03:46:40', '2009-08-06 03:46:40'),
(6, 'eng', 3, 'sasa', 'sa', '2009-08-06 03:46:40', '2009-08-06 03:46:40'),
(7, 'chi', 4, '配送最佳时间', '什么时候送货最佳', '2009-08-07 05:45:22', '2009-08-07 05:45:22'),
(8, 'eng', 4, '配送最佳时间', '什么时候送货最佳', '2009-08-07 05:45:22', '2009-08-07 05:45:22'),
(9, 'chi', 5, '工作日，双休日与节假日均可送货', '工作日，双休日与节假日均可送货', '2009-08-07 05:47:25', '2009-08-07 06:07:54'),
(10, 'eng', 5, '工作日，双休日与节假日均可送货', '工作日，双休日与节假日均可送货', '2009-08-07 05:47:25', '2009-08-07 06:07:54'),
(11, 'chi', 6, '只双休日,假日送货(工作日不用送)', '只双休日,假日送货(工作日不用送)', '2009-08-07 05:49:18', '2009-08-07 05:49:18'),
(12, 'eng', 6, '只双休日,假日送货(工作日不用送)', '只双休日,假日送货(工作日不用送)', '2009-08-07 05:49:18', '2009-08-07 05:49:18'),
(13, 'chi', 7, '只工作日送货(双休日,假日不用送)', '只工作日送货(双休日,假日不用送)', '2009-08-07 05:49:44', '2009-08-07 05:51:47'),
(14, 'eng', 7, '只工作日送货(双休日,假日不用送)', '只工作日送货(双休日,假日不用送)', '2009-08-07 05:49:44', '2009-08-07 05:51:47'),
(15, 'eng', 14, 'Industry', 'Industry', '2009-09-04 11:29:08', '2009-09-04 11:29:08'),
(16, 'chi', 14, '行业', '行业', '2009-09-04 11:29:08', '2009-09-04 11:29:08'),
(17, 'chi', 10, '密码保护问题', '密码保护问题', '2009-08-14 02:30:31', '2009-08-14 02:30:31'),
(18, 'eng', 10, 'Password protection', 'Password protection', '2009-08-14 02:30:31', '2009-08-14 02:30:31'),
(19, 'chi', 11, '我的姓名', '我的姓名', '2009-08-14 02:31:20', '2009-08-14 02:31:20'),
(20, 'eng', 11, 'My name', 'My name', '2009-08-14 02:31:20', '2009-08-14 02:31:20'),
(21, 'chi', 12, '我的生日', '我的生日', '2009-08-14 02:32:01', '2009-08-14 02:32:01'),
(22, 'eng', 12, 'My birthday', 'My birthday', '2009-08-14 02:32:01', '2009-08-14 02:32:01'),
(23, 'chi', 13, '最喜欢的颜色', '最喜欢的颜色', '2009-08-14 02:33:29', '2009-08-14 02:33:46'),
(24, 'eng', 13, 'Favorite color', 'Favorite color', '2009-08-14 02:33:29', '2009-08-14 02:33:46'),
(25, 'chi', 15, '农、林、牧、渔业', '农、林、牧、渔业', '2009-09-04 11:30:33', '2009-09-04 11:30:33'),
(26, 'eng', 15, 'Agriculture, forestry, animal husbandry and fishery', 'Agriculture, forestry, animal husbandry and fishery', '2009-09-04 11:30:33', '2009-09-04 11:30:33'),
(27, 'chi', 16, '采矿业', '采矿业', '2009-09-04 11:31:20', '2009-09-04 11:31:20'),
(28, 'eng', 16, 'Mining', 'Mining', '2009-09-04 11:31:20', '2009-09-04 11:31:20'),
(29, 'chi', 17, '制造业', '制造业', '2009-09-04 11:31:53', '2009-09-04 11:31:53'),
(30, 'eng', 17, 'Manufacturing', 'Manufacturing', '2009-09-04 11:31:53', '2009-09-04 11:31:53'),
(31, 'chi', 18, '您是如何获知我们的', '您是如何获知我们的', '2009-09-17 06:42:52', '2009-09-17 07:09:54'),
(32, 'eng', 18, 'How did you learn of our', 'How did you learn of our', '2009-09-17 06:42:52', '2009-09-17 07:09:54'),
(33, 'chi', 19, '朋友介绍', '朋友介绍', '2009-09-17 06:43:25', '2009-09-17 06:43:25'),
(34, 'eng', 19, '朋友介绍', '朋友介绍', '2009-09-17 06:43:25', '2009-09-17 06:43:25'),
(35, 'chi', 20, '门户网站', '门户网站', '2009-09-17 06:43:44', '2009-09-17 06:43:44'),
(36, 'eng', 20, '门户网站', '门户网站', '2009-09-17 06:43:44', '2009-09-17 06:43:44'),
(37, 'chi', 21, 'BBS论坛', 'BBS论坛', '2009-09-17 06:44:11', '2009-09-17 06:44:11'),
(38, 'eng', 21, 'BBS论坛', 'BBS论坛', '2009-09-17 06:44:11', '2009-09-17 06:44:11'),
(39, 'chi', 22, 'google', 'google', '2009-09-17 06:44:39', '2009-09-17 06:44:39'),
(40, 'eng', 22, 'google', 'google', '2009-09-17 06:44:39', '2009-09-17 06:44:39'),
(41, 'chi', 23, '阿里妈妈', '阿里妈妈', '2009-09-17 06:45:02', '2009-09-17 06:45:02'),
(42, 'eng', 23, '阿里妈妈', '阿里妈妈', '2009-09-17 06:45:02', '2009-09-17 06:45:02'),
(43, 'chi', 24, '百度', '百度', '2009-09-17 06:45:28', '2009-09-17 06:45:28'),
(44, 'eng', 24, '百度', '百度', '2009-09-17 06:45:28', '2009-09-17 06:45:28'),
(45, 'chi', 25, '其他', '其他', '2009-09-17 06:45:49', '2009-09-17 06:45:49'),
(46, 'eng', 25, '其他', '其他', '2009-09-17 06:45:49', '2009-09-17 06:45:49'),
(47, 'chi', 26, '缺货处理', '缺货处理', '2009-09-17 02:18:27', '2009-09-17 02:18:27'),
(48, 'eng', 26, '缺货处理', '缺货处理', '2009-09-17 02:18:27', '2009-09-17 02:18:27'),
(49, 'chi', 27, '等待所有商品备齐后再发', '等待所有商品备齐后再发', '2009-09-17 02:18:59', '2009-09-17 02:18:59'),
(50, 'eng', 27, '等待所有商品备齐后再发', '等待所有商品备齐后再发', '2009-09-17 02:18:59', '2009-09-17 02:18:59'),
(51, 'chi', 28, '取消订单', '取消订单', '2009-09-17 02:19:25', '2009-09-17 02:19:25'),
(52, 'eng', 28, '取消订单', '取消订单', '2009-09-17 02:19:25', '2009-09-17 02:19:25'),
(53, 'chi', 29, '与店主协商', '与店主协商', '2009-09-17 02:19:52', '2009-09-17 02:19:52'),
(54, 'eng', 29, '与店主协商', '与店主协商', '2009-09-17 02:19:52', '2009-09-17 02:19:52'),
(55, 'cht', 22, 'google', 'google', '2009-09-17 06:44:39', '2009-09-17 06:44:39'),
(56, 'cht', 21, 'BBS论坛', 'BBS论坛', '2009-09-17 06:44:11', '2009-09-17 06:44:11'),
(57, 'cht', 20, '门户网站', '门户网站', '2009-09-17 06:43:44', '2009-09-17 06:43:44'),
(58, 'cht', 19, '朋友介绍', '朋友介绍', '2009-09-17 06:43:25', '2009-09-17 06:43:25'),
(59, 'cht', 18, '您是如何获知我们的', '您是如何获知我们的', '2009-09-17 06:42:52', '2009-09-17 07:09:54'),
(60, 'cht', 17, '制造业', '制造业', '2009-09-04 11:31:53', '2009-09-04 11:31:53'),
(61, 'cht', 16, '采矿业', '采矿业', '2009-09-04 11:31:20', '2009-09-04 11:31:20'),
(62, 'cht', 15, '农、林、牧、渔业', '农、林、牧、渔业', '2009-09-04 11:30:33', '2009-09-04 11:30:33'),
(63, 'cht', 14, '行业', '行业', '2009-09-04 11:29:08', '2009-09-04 11:29:08'),
(64, 'cht', 12, '我的生日', '我的生日', '2009-08-14 02:32:01', '2009-08-14 02:32:01'),
(65, 'cht', 13, '最喜欢的颜色', '最喜欢的颜色', '2009-08-14 02:33:29', '2009-08-14 02:33:46'),
(66, 'cht', 11, '我的姓名', '我的姓名', '2009-08-14 02:31:20', '2009-08-14 02:31:20'),
(67, 'cht', 10, '密码保护问题', '密码保护问题', '2009-08-14 02:30:31', '2009-08-14 02:30:31'),
(68, 'cht', 7, '只工作日送货(双休日,假日不用送)', '只工作日送货(双休日,假日不用送)', '2009-08-07 05:49:44', '2009-08-07 05:51:47'),
(69, 'cht', 6, '只双休日,假日送货(工作日不用送)', '只双休日,假日送货(工作日不用送)', '2009-08-07 05:49:18', '2009-08-07 05:49:18'),
(70, 'cht', 5, '工作日，双休日与节假日均可送货', '工作日，双休日与节假日均可送货', '2009-08-07 05:47:25', '2009-08-07 06:07:54'),
(71, 'cht', 3, 'ssa', 's', '2009-08-06 03:46:40', '2009-08-06 03:46:40'),
(72, 'cht', 4, '配送最佳时间', '什么时候送货最佳', '2009-08-07 05:45:22', '2009-08-07 05:45:22'),
(73, 'cht', 2, '资源名称', '资源名称', '2009-08-06 03:46:27', '2009-08-06 03:46:27'),
(74, 'cht', 0, '资源名称', '资源名称', '2009-08-06 03:45:06', '2009-08-06 03:45:06'),
(75, 'cht', 23, '阿里妈妈', '阿里妈妈', '2009-09-17 06:45:02', '2009-09-17 06:45:02'),
(76, 'cht', 24, '百度', '百度', '2009-09-17 06:45:28', '2009-09-17 06:45:28'),
(77, 'cht', 25, '其他', '其他', '2009-09-17 06:45:49', '2009-09-17 06:45:49'),
(78, 'cht', 26, '缺货处理', '缺货处理', '2009-09-17 02:18:27', '2009-09-17 02:18:27'),
(79, 'cht', 27, '等待所有商品备齐后再发', '等待所有商品备齐后再发', '2009-09-17 02:18:59', '2009-09-17 02:18:59'),
(80, 'cht', 28, '取消订单', '取消订单', '2009-09-17 02:19:25', '2009-09-17 02:19:25'),
(81, 'cht', 29, '与店主协商', '与店主协商', '2009-09-17 02:19:52', '2009-09-17 02:19:52');

--
-- 导出表中的数据 `svcart_invoice_types`
--

INSERT INTO `svcart_invoice_types` (`id`, `tax_point`, `status`, `created`, `modified`) VALUES
(1, '0.05', '1', '2009-09-22 18:19:20', '2009-09-22 18:19:20'),
(2, '0.08', '1', '2009-09-22 18:19:39', '2009-09-22 18:19:39');

--
-- 导出表中的数据 `svcart_invoice_type_i18ns`
--

INSERT INTO `svcart_invoice_type_i18ns` (`id`, `invoice_type_id`, `locale`, `name`, `direction`, `created`, `modified`) VALUES
(1, 1, 'chi', '商业', '商业', '2009-09-22 18:19:20', '2009-09-22 18:19:20'),
(2, 1, 'eng', '商业', '商业', '2009-09-22 18:19:20', '2009-09-22 18:19:20'),
(3, 2, 'cht', '服务业', '服务业', '2009-09-22 18:19:39', '2009-09-22 18:19:39'),
(4, 2, 'chi', '服务业', '服务业', '2009-09-22 18:19:39', '2009-09-22 18:19:39'),
(5, 2, 'eng', '服务业', '服务业', '2009-09-22 18:19:39', '2009-09-22 18:19:39'),
(6, 1, 'cht', '商业', '商业', '2009-09-22 18:19:20', '2009-09-22 18:19:20');

--
-- 导出表中的数据 `svcart_languages`
--


--
-- 导出表中的数据 `svcart_language_dictionaries`
--


--
-- 导出表中的数据 `svcart_links`
--


--
-- 导出表中的数据 `svcart_link_i18ns`
--


--
-- 导出表中的数据 `svcart_mail_send_histories`
--

INSERT INTO `svcart_mail_send_histories` (`id`, `sender_name`, `receiver_email`, `cc_email`, `bcc_email`, `title`, `html_body`, `text_body`, `sendas`, `flag`, `created`, `modified`) VALUES
(1, 'SV-Cart演示网站', 'ginsmap;', ';', ';', 'SV-Cart演示网站 - 留言回复', '亲爱的 ginsmap ，你好！<br/>\r\n我们已经收到您于  2009-08-11 02:08:57  提交的留言。<br/>\r\n留言类型:询问 <br/>\r\n\r\n留言标题:洗后会缩水嘛？    <br/>   \r\n\r\n留言内容:洗后会缩水嘛？\n <br/>\r\n\r\n管理员回复:保证不会缩水  请放心购买 <br/>\r\n查看<a href=''url''>http://data.branches.seevia.cn//user/messages/<a> <br/>\r\nSV-Cart演示网站   <a href=''http://data.branches.seevia.cn/''>http://data.branches.seevia.cn/<a> <br/>\r\n2009-08-11 02:08:41', '亲爱的 ginsmap ，你好！\r\n我们已经收到您于  2009-08-11 02:08:57  提交的留言。\r\n留言类型:询问\r\n\r\n留言标题:洗后会缩水嘛？        \r\n\r\n留言内容:洗后会缩水嘛？\n\r\n\r\n管理员回复:保证不会缩水  请放心购买\r\n\r\n查看 http://data.branches.seevia.cn//user/messages/\r\nSV-Cart演示网站   http://data.branches.seevia.cn/\r\n2009-08-11 02:08:41\r\n', 'html', '0', '2009-08-11 02:09:41', '2009-08-11 02:09:41'),
(2, 'SV-Cart演示网站', 'ginsmap;', ';', ';', 'SV-Cart演示网站 - 留言回复', '亲爱的 ginsmap ，你好！<br/>\r\n我们已经收到您于  2009-08-19 05:02:17  提交的留言。<br/>\r\n留言类型:询问 <br/>\r\n\r\n留言标题:提问    <br/>   \r\n\r\n留言内容:等待回答 <br/>\r\n\r\n管理员回复:已经回答 <br/>\r\n查看<a href=''url''>http://data.branches.seevia.cn//user/messages/<a> <br/>\r\nSV-Cart演示网站   <a href=''http://data.branches.seevia.cn/''>http://data.branches.seevia.cn/<a> <br/>\r\n2009-08-19 05:08:08', '亲爱的 ginsmap ，你好！\r\n我们已经收到您于  2009-08-19 05:02:17  提交的留言。\r\n留言类型:询问\r\n\r\n留言标题:提问        \r\n\r\n留言内容:等待回答\r\n\r\n管理员回复:已经回答\r\n\r\n查看 http://data.branches.seevia.cn//user/messages/\r\nSV-Cart演示网站   http://data.branches.seevia.cn/\r\n2009-08-19 05:08:08\r\n', 'html', '0', '2009-08-19 05:03:08', '2009-08-19 05:03:08'),
(3, 'SV-Cart演示网站', 'ginsmap;shenyunfeng@seevia.cn', ';', ';', 'SV-Cart演示网站 - 发货通知', '亲爱的 ginsmap ， 你好  <br />\r\n我们已经收到您于 2009-08-19 02:40:30  提交的订单 并且已经发货。 <br />\r\n您的配送单号:   3 <br />\r\n\r\n订单的商品信息: <br />\r\n------------------------------------- <br />商品ID：18<br />商品名：诺基亚 5630XM<br />商品编号：SV000018<br />商品价格：1619.00 <br />购买数量：1<br />------------------------------------- <br />------------------------------------- <br />商品ID：48<br />商品名：欧式丝光舒适板鞋（女款） 黑色<br />商品编号：SV000048<br />商品价格：99.00 <br />购买数量：1<br />------------------------------------- <br />------------------------------------- <br />商品ID：33<br />商品名：诺基亚 N96<br />商品编号：SV000033<br />商品价格：3629.00 <br />购买数量：1<br />------------------------------------- <br />------------------------------------- <br />商品ID：19<br />商品名：诺基亚 5800<br />商品编号：SV000019<br />商品价格：2679.00 <br />购买数量：1<br />------------------------------------- <br />------------------------------------- <br />商品ID：5<br />商品名：Classical Oriental Jade earrings jade<br />商品编号：svcart000005<br />商品价格：3000.00 <br />购买数量：1<br />------------------------------------- <br />------------------------------------- <br />商品ID：25<br />商品名：诺基亚 E71<br />商品编号：SV000025<br />商品价格：2239.00 <br />购买数量：1<br />------------------------------------- <br />------------------------------------- <br />商品ID：34<br />商品名：诺基亚 N97<br />商品编号：SV000034<br />商品价格：5788.00 <br />购买数量：1<br />------------------------------------- <br />------------------------------------- <br />商品ID：31<br />商品名：诺基亚 N86<br />商品编号：SV000031<br />商品价格：3999.00 <br />购买数量：1<br />------------------------------------- <br />------------------------------------- <br />商品ID：7<br />商品名：观音玉坠<br />商品编号：svcart000007<br />商品价格：29999.00 <br />购买数量：1<br />------------------------------------- <br />------------------------------------- <br />商品ID：14<br />商品名：带帽长款条纹T恤 浅粉色<br />商品编号：SV000014<br />商品价格：88.00 <br />购买数量：1<br />------------------------------------- <br />\r\n\r\n\r\n该订单编号为： 2009081947684 请记住这个编号以便日后的查询。<br/>\r\n收货确认 <a href=''http://data.branches.seevia.cn/user/order_received/9/received''>http://data.branches.seevia.cn/user/order_received/9/received</a><br />\r\nSV-Cart演示网站 <a href=''http://data.branches.seevia.cn/''>http://data.branches.seevia.cn/</a><br />\r\n2009-08-19 07:08:54 <br />', '亲爱的 ginsmap ， 你好  \r\n我们已经收到您于 2009-08-19 02:40:30  提交的订单 并且已经发货。\r\n您的配送单号:   3\r\n\r\n订单的商品信息: \r\n------------------------------------- <br />商品ID：18<br />商品名：诺基亚 5630XM<br />商品编号：SV000018<br />商品价格：1619.00 <br />购买数量：1<br />------------------------------------- <br />------------------------------------- <br />商品ID：48<br />商品名：欧式丝光舒适板鞋（女款） 黑色<br />商品编号：SV000048<br />商品价格：99.00 <br />购买数量：1<br />------------------------------------- <br />------------------------------------- <br />商品ID：33<br />商品名：诺基亚 N96<br />商品编号：SV000033<br />商品价格：3629.00 <br />购买数量：1<br />------------------------------------- <br />------------------------------------- <br />商品ID：19<br />商品名：诺基亚 5800<br />商品编号：SV000019<br />商品价格：2679.00 <br />购买数量：1<br />------------------------------------- <br />------------------------------------- <br />商品ID：5<br />商品名：Classical Oriental Jade earrings jade<br />商品编号：svcart000005<br />商品价格：3000.00 <br />购买数量：1<br />------------------------------------- <br />------------------------------------- <br />商品ID：25<br />商品名：诺基亚 E71<br />商品编号：SV000025<br />商品价格：2239.00 <br />购买数量：1<br />------------------------------------- <br />------------------------------------- <br />商品ID：34<br />商品名：诺基亚 N97<br />商品编号：SV000034<br />商品价格：5788.00 <br />购买数量：1<br />------------------------------------- <br />------------------------------------- <br />商品ID：31<br />商品名：诺基亚 N86<br />商品编号：SV000031<br />商品价格：3999.00 <br />购买数量：1<br />------------------------------------- <br />------------------------------------- <br />商品ID：7<br />商品名：观音玉坠<br />商品编号：svcart000007<br />商品价格：29999.00 <br />购买数量：1<br />------------------------------------- <br />------------------------------------- <br />商品ID：14<br />商品名：带帽长款条纹T恤 浅粉色<br />商品编号：SV000014<br />商品价格：88.00 <br />购买数量：1<br />------------------------------------- <br />\r\n\r\n\r\n该订单编号为： 2009081947684 请记住这个编号以便日后的查询。\r\n收货确认 http://data.branches.seevia.cn/user/order_received/9/received\r\nSV-Cart演示网站 http://data.branches.seevia.cn/\r\n2009-08-19 07:08:54 ', 'html', '0', '2009-08-19 07:11:54', '2009-08-19 07:11:54'),
(4, 'SV-Cart演示网站', 'wren;wren@hotmail.com', ';', ';', 'SV-Cart演示网站 - 订单确认邮件', '亲爱的 wren  ，你好！<br />\r\n我们已经收到您于  2009-08-17 06:40:31  提交的订单。<br />\r\n\r\n订单的商品信息: <br />\r\n------------------------------------- <br />商品ID：19<br />商品名：诺基亚 5800<br />商品编号：SV000019<br />商品价格：2679.00 <br />购买数量：1<br />------------------------------------- <br />------------------------------------- <br />商品ID：6<br />商品名：中国柱状玉耳环<br />商品编号：svcart000006<br />商品价格：2000.00 <br />购买数量：1<br />------------------------------------- <br />------------------------------------- <br />商品ID：22<br />商品名：高级免烫全棉衬衫（尊贵款）<br />商品编号：SV000022<br />商品价格：888.00 <br />购买数量：1<br />------------------------------------- <br />------------------------------------- <br />商品ID：48<br />商品名：欧式丝光舒适板鞋（女款） 黑色<br />商品编号：SV000048<br />商品价格：99.00 <br />购买数量：1<br />------------------------------------- <br />\r\n\r\n\r\n该订单编号为： 2009081754008  请记住这个编号以便日后的查询。 <br />\r\nSV-Cart演示网站 <a href=''http://data.branches.seevia.cn/''>http://data.branches.seevia.cn/</a><br />\r\n2009-08-19 07:08:32', '亲爱的 wren  ，你好！\r\n我们已经收到您于  2009-08-17 06:40:31  提交的订单。\r\n\r\n订单的商品信息: \r\n------------------------------------- <br />商品ID：19<br />商品名：诺基亚 5800<br />商品编号：SV000019<br />商品价格：2679.00 <br />购买数量：1<br />------------------------------------- <br />------------------------------------- <br />商品ID：6<br />商品名：中国柱状玉耳环<br />商品编号：svcart000006<br />商品价格：2000.00 <br />购买数量：1<br />------------------------------------- <br />------------------------------------- <br />商品ID：22<br />商品名：高级免烫全棉衬衫（尊贵款）<br />商品编号：SV000022<br />商品价格：888.00 <br />购买数量：1<br />------------------------------------- <br />------------------------------------- <br />商品ID：48<br />商品名：欧式丝光舒适板鞋（女款） 黑色<br />商品编号：SV000048<br />商品价格：99.00 <br />购买数量：1<br />------------------------------------- <br />\r\n\r\n\r\n该订单编号为： 2009081754008  请记住这个编号以便日后的查询。\r\nSV-Cart演示网站 http://data.branches.seevia.cn/\r\n2009-08-19 07:08:32', 'html', '0', '2009-08-19 07:12:32', '2009-08-19 07:12:32'),
(5, 'SV-Cart演示网站', 'wren;wren@hotmail.com', ';', ';', 'SV-Cart演示网站 - 发货通知', '亲爱的 wren ， 你好  <br />\r\n我们已经收到您于 2009-08-17 06:40:31  提交的订单 并且已经发货。 <br />\r\n您的配送单号:   333 <br />\r\n\r\n订单的商品信息: <br />\r\n------------------------------------- <br />商品ID：19<br />商品名：诺基亚 5800<br />商品编号：SV000019<br />商品价格：2679.00 <br />购买数量：1<br />------------------------------------- <br />------------------------------------- <br />商品ID：6<br />商品名：中国柱状玉耳环<br />商品编号：svcart000006<br />商品价格：2000.00 <br />购买数量：1<br />------------------------------------- <br />------------------------------------- <br />商品ID：22<br />商品名：高级免烫全棉衬衫（尊贵款）<br />商品编号：SV000022<br />商品价格：888.00 <br />购买数量：1<br />------------------------------------- <br />------------------------------------- <br />商品ID：48<br />商品名：欧式丝光舒适板鞋（女款） 黑色<br />商品编号：SV000048<br />商品价格：99.00 <br />购买数量：1<br />------------------------------------- <br />\r\n\r\n\r\n该订单编号为： 2009081754008 请记住这个编号以便日后的查询。<br/>\r\n收货确认 <a href=''http://data.branches.seevia.cn/user/order_received/4/received''>http://data.branches.seevia.cn/user/order_received/4/received</a><br />\r\nSV-Cart演示网站 <a href=''http://data.branches.seevia.cn/''>http://data.branches.seevia.cn/</a><br />\r\n2009-08-19 07:08:42 <br />', '亲爱的 wren ， 你好  \r\n我们已经收到您于 2009-08-17 06:40:31  提交的订单 并且已经发货。\r\n您的配送单号:   333\r\n\r\n订单的商品信息: \r\n------------------------------------- <br />商品ID：19<br />商品名：诺基亚 5800<br />商品编号：SV000019<br />商品价格：2679.00 <br />购买数量：1<br />------------------------------------- <br />------------------------------------- <br />商品ID：6<br />商品名：中国柱状玉耳环<br />商品编号：svcart000006<br />商品价格：2000.00 <br />购买数量：1<br />------------------------------------- <br />------------------------------------- <br />商品ID：22<br />商品名：高级免烫全棉衬衫（尊贵款）<br />商品编号：SV000022<br />商品价格：888.00 <br />购买数量：1<br />------------------------------------- <br />------------------------------------- <br />商品ID：48<br />商品名：欧式丝光舒适板鞋（女款） 黑色<br />商品编号：SV000048<br />商品价格：99.00 <br />购买数量：1<br />------------------------------------- <br />\r\n\r\n\r\n该订单编号为： 2009081754008 请记住这个编号以便日后的查询。\r\n收货确认 http://data.branches.seevia.cn/user/order_received/4/received\r\nSV-Cart演示网站 http://data.branches.seevia.cn/\r\n2009-08-19 07:08:42 ', 'html', '0', '2009-08-19 07:12:42', '2009-08-19 07:12:42'),
(6, 'SV-Cart演示网站', 'leo.wanta;23148953@qq.com', ';', ';', 'SV-Cart演示网站 - 订单确认邮件', '亲爱的 leo.wanta  ，你好！<br />\r\n我们已经收到您于  2009-08-20 03:46:13  提交的订单。<br />\r\n\r\n订单的商品信息: <br />\r\n------------------------------------- <br />商品ID：54<br />商品名：三星SGH-F258<br />商品编号：SV000054<br />商品价格：2123.00 <br />购买数量：1<br />------------------------------------- <br />------------------------------------- <br />商品ID：40<br />商品名：全棉斜纹直筒卡其裤 藏青色<br />商品编号：SV000040<br />商品价格：199.00 <br />购买数量：1<br />------------------------------------- <br />\r\n\r\n\r\n该订单编号为： 2009082013890  请记住这个编号以便日后的查询。 <br />\r\nSV-Cart演示网站 <a href=''http://data.branches.seevia.cn/''>http://data.branches.seevia.cn/</a><br />\r\n2009-08-20 03:08:50', '亲爱的 leo.wanta  ，你好！\r\n我们已经收到您于  2009-08-20 03:46:13  提交的订单。\r\n\r\n订单的商品信息: \r\n------------------------------------- <br />商品ID：54<br />商品名：三星SGH-F258<br />商品编号：SV000054<br />商品价格：2123.00 <br />购买数量：1<br />------------------------------------- <br />------------------------------------- <br />商品ID：40<br />商品名：全棉斜纹直筒卡其裤 藏青色<br />商品编号：SV000040<br />商品价格：199.00 <br />购买数量：1<br />------------------------------------- <br />\r\n\r\n\r\n该订单编号为： 2009082013890  请记住这个编号以便日后的查询。\r\nSV-Cart演示网站 http://data.branches.seevia.cn/\r\n2009-08-20 03:08:50', 'html', '0', '2009-08-20 03:46:50', '2009-08-20 03:46:50'),
(7, 'SV-Cart演示网站', 'leo.wanta;23148953@qq.com', ';', ';', 'SV-Cart演示网站 - 发货通知', '亲爱的 leo.wanta ， 你好  <br />\r\n我们已经收到您于 2009-08-20 03:46:13  提交的订单 并且已经发货。 <br />\r\n您的配送单号:   放 <br />\r\n\r\n订单的商品信息: <br />\r\n------------------------------------- <br />商品ID：54<br />商品名：三星SGH-F258<br />商品编号：SV000054<br />商品价格：2123.00 <br />购买数量：1<br />------------------------------------- <br />------------------------------------- <br />商品ID：40<br />商品名：全棉斜纹直筒卡其裤 藏青色<br />商品编号：SV000040<br />商品价格：199.00 <br />购买数量：1<br />------------------------------------- <br />\r\n\r\n\r\n该订单编号为： 2009082013890 请记住这个编号以便日后的查询。<br/>\r\n收货确认 <a href=''http://data.branches.seevia.cn/user/order_received/12/received''>http://data.branches.seevia.cn/user/order_received/12/received</a><br />\r\nSV-Cart演示网站 <a href=''http://data.branches.seevia.cn/''>http://data.branches.seevia.cn/</a><br />\r\n2009-08-20 03:08:57 <br />', '亲爱的 leo.wanta ， 你好  \r\n我们已经收到您于 2009-08-20 03:46:13  提交的订单 并且已经发货。\r\n您的配送单号:   放\r\n\r\n订单的商品信息: \r\n------------------------------------- <br />商品ID：54<br />商品名：三星SGH-F258<br />商品编号：SV000054<br />商品价格：2123.00 <br />购买数量：1<br />------------------------------------- <br />------------------------------------- <br />商品ID：40<br />商品名：全棉斜纹直筒卡其裤 藏青色<br />商品编号：SV000040<br />商品价格：199.00 <br />购买数量：1<br />------------------------------------- <br />\r\n\r\n\r\n该订单编号为： 2009082013890 请记住这个编号以便日后的查询。\r\n收货确认 http://data.branches.seevia.cn/user/order_received/12/received\r\nSV-Cart演示网站 http://data.branches.seevia.cn/\r\n2009-08-20 03:08:57 ', 'html', '0', '2009-08-20 03:46:57', '2009-08-20 03:46:57'),
(8, 'SV-Cart演示网站', 'Seevia;Seevia@seevia.cn', ';', 'admin;', '', '', '', 'html', '0', '2009-09-18 09:18:58', '2009-09-18 09:18:58'),
(9, 'SV-Cart演示网站', 'Seevia;Seevia@seevia.cn', ';', 'admin;', '', '', '', 'html', '0', '2009-09-18 09:27:41', '2009-09-18 09:27:41'),
(10, 'SV-Cart演示网站', 'wateres;wateres@16333.comn', ';', ';', 'SV-Cart演示网站 - 订单确认邮件', '亲爱的 wateres  ，你好！<br />\r\n我们已经收到您于  2009-09-27 18:56:36  提交的订单。<br />\r\n\r\n订单的商品信息: <br />\r\n------------------------------------- <br />商品ID：60<br />商品名：花式墨镜<br />商品编号：t-2009<br />商品价格：6888.00 <br />购买数量：1<br />------------------------------------- <br />\r\n\r\n\r\n该订单编号为： 2009092762405  请记住这个编号以便日后的查询。 <br />\r\nSV-Cart演示网站 <a href=''http://data.branches.seevia.cn/''>http://data.branches.seevia.cn/</a><br />\r\n2009-09-27 20:09:08', '亲爱的 wateres  ，你好！\r\n我们已经收到您于  2009-09-27 18:56:36  提交的订单。\r\n\r\n订单的商品信息: \r\n------------------------------------- <br />商品ID：60<br />商品名：花式墨镜<br />商品编号：t-2009<br />商品价格：6888.00 <br />购买数量：1<br />------------------------------------- <br />\r\n\r\n\r\n该订单编号为： 2009092762405  请记住这个编号以便日后的查询。\r\nSV-Cart演示网站 http://data.branches.seevia.cn/\r\n2009-09-27 20:09:08', 'html', '0', '2009-09-27 20:12:08', '2009-09-27 20:12:08'),
(11, 'SV-Cart演示网站', 'ginsmap;', ';', ';', 'SV-Cart演示网站 - 留言回复', '亲爱的 ginsmap ，你好！<br/>\r\n我们已经收到您于  2009-08-11 02:08:57  提交的留言。<br/>\r\n留言类型:询问 <br/>\r\n\r\n留言标题:洗后会缩水嘛？    <br/>   \r\n\r\n留言内容:洗后会缩水嘛？\n <br/>\r\n\r\n管理员回复:保证不会缩水  请放心购买 <br/>\r\n查看<a href=''url''>http://data.branches.seevia.cn//user/messages/<a> <br/>\r\nSV-Cart演示网站   <a href=''http://data.branches.seevia.cn/''>http://data.branches.seevia.cn/<a> <br/>\r\n2009-08-11 02:08:41', '亲爱的 ginsmap ，你好！\r\n我们已经收到您于  2009-08-11 02:08:57  提交的留言。\r\n留言类型:询问\r\n\r\n留言标题:洗后会缩水嘛？        \r\n\r\n留言内容:洗后会缩水嘛？\n\r\n\r\n管理员回复:保证不会缩水  请放心购买\r\n\r\n查看 http://data.branches.seevia.cn//user/messages/\r\nSV-Cart演示网站   http://data.branches.seevia.cn/\r\n2009-08-11 02:08:41\r\n', 'html', '0', '2009-08-11 02:09:41', '2009-08-11 02:09:41'),
(12, 'SV-Cart演示网站', 'ginsmap;', ';', ';', 'SV-Cart演示网站 - 留言回复', '亲爱的 ginsmap ，你好！<br/>\r\n我们已经收到您于  2009-08-19 05:02:17  提交的留言。<br/>\r\n留言类型:询问 <br/>\r\n\r\n留言标题:提问    <br/>   \r\n\r\n留言内容:等待回答 <br/>\r\n\r\n管理员回复:已经回答 <br/>\r\n查看<a href=''url''>http://data.branches.seevia.cn//user/messages/<a> <br/>\r\nSV-Cart演示网站   <a href=''http://data.branches.seevia.cn/''>http://data.branches.seevia.cn/<a> <br/>\r\n2009-08-19 05:08:08', '亲爱的 ginsmap ，你好！\r\n我们已经收到您于  2009-08-19 05:02:17  提交的留言。\r\n留言类型:询问\r\n\r\n留言标题:提问        \r\n\r\n留言内容:等待回答\r\n\r\n管理员回复:已经回答\r\n\r\n查看 http://data.branches.seevia.cn//user/messages/\r\nSV-Cart演示网站   http://data.branches.seevia.cn/\r\n2009-08-19 05:08:08\r\n', 'html', '0', '2009-08-19 05:03:08', '2009-08-19 05:03:08'),
(13, 'SV-Cart演示网站', 'ginsmap;shenyunfeng@seevia.cn', ';', ';', 'SV-Cart演示网站 - 发货通知', '亲爱的 ginsmap ， 你好  <br />\r\n我们已经收到您于 2009-08-19 02:40:30  提交的订单 并且已经发货。 <br />\r\n您的配送单号:   3 <br />\r\n\r\n订单的商品信息: <br />\r\n------------------------------------- <br />商品ID：18<br />商品名：诺基亚 5630XM<br />商品编号：SV000018<br />商品价格：1619.00 <br />购买数量：1<br />------------------------------------- <br />------------------------------------- <br />商品ID：48<br />商品名：欧式丝光舒适板鞋（女款） 黑色<br />商品编号：SV000048<br />商品价格：99.00 <br />购买数量：1<br />------------------------------------- <br />------------------------------------- <br />商品ID：33<br />商品名：诺基亚 N96<br />商品编号：SV000033<br />商品价格：3629.00 <br />购买数量：1<br />------------------------------------- <br />------------------------------------- <br />商品ID：19<br />商品名：诺基亚 5800<br />商品编号：SV000019<br />商品价格：2679.00 <br />购买数量：1<br />------------------------------------- <br />------------------------------------- <br />商品ID：5<br />商品名：Classical Oriental Jade earrings jade<br />商品编号：svcart000005<br />商品价格：3000.00 <br />购买数量：1<br />------------------------------------- <br />------------------------------------- <br />商品ID：25<br />商品名：诺基亚 E71<br />商品编号：SV000025<br />商品价格：2239.00 <br />购买数量：1<br />------------------------------------- <br />------------------------------------- <br />商品ID：34<br />商品名：诺基亚 N97<br />商品编号：SV000034<br />商品价格：5788.00 <br />购买数量：1<br />------------------------------------- <br />------------------------------------- <br />商品ID：31<br />商品名：诺基亚 N86<br />商品编号：SV000031<br />商品价格：3999.00 <br />购买数量：1<br />------------------------------------- <br />------------------------------------- <br />商品ID：7<br />商品名：观音玉坠<br />商品编号：svcart000007<br />商品价格：29999.00 <br />购买数量：1<br />------------------------------------- <br />------------------------------------- <br />商品ID：14<br />商品名：带帽长款条纹T恤 浅粉色<br />商品编号：SV000014<br />商品价格：88.00 <br />购买数量：1<br />------------------------------------- <br />\r\n\r\n\r\n该订单编号为： 2009081947684 请记住这个编号以便日后的查询。<br/>\r\n收货确认 <a href=''http://data.branches.seevia.cn/user/order_received/9/received''>http://data.branches.seevia.cn/user/order_received/9/received</a><br />\r\nSV-Cart演示网站 <a href=''http://data.branches.seevia.cn/''>http://data.branches.seevia.cn/</a><br />\r\n2009-08-19 07:08:54 <br />', '亲爱的 ginsmap ， 你好  \r\n我们已经收到您于 2009-08-19 02:40:30  提交的订单 并且已经发货。\r\n您的配送单号:   3\r\n\r\n订单的商品信息: \r\n------------------------------------- <br />商品ID：18<br />商品名：诺基亚 5630XM<br />商品编号：SV000018<br />商品价格：1619.00 <br />购买数量：1<br />------------------------------------- <br />------------------------------------- <br />商品ID：48<br />商品名：欧式丝光舒适板鞋（女款） 黑色<br />商品编号：SV000048<br />商品价格：99.00 <br />购买数量：1<br />------------------------------------- <br />------------------------------------- <br />商品ID：33<br />商品名：诺基亚 N96<br />商品编号：SV000033<br />商品价格：3629.00 <br />购买数量：1<br />------------------------------------- <br />------------------------------------- <br />商品ID：19<br />商品名：诺基亚 5800<br />商品编号：SV000019<br />商品价格：2679.00 <br />购买数量：1<br />------------------------------------- <br />------------------------------------- <br />商品ID：5<br />商品名：Classical Oriental Jade earrings jade<br />商品编号：svcart000005<br />商品价格：3000.00 <br />购买数量：1<br />------------------------------------- <br />------------------------------------- <br />商品ID：25<br />商品名：诺基亚 E71<br />商品编号：SV000025<br />商品价格：2239.00 <br />购买数量：1<br />------------------------------------- <br />------------------------------------- <br />商品ID：34<br />商品名：诺基亚 N97<br />商品编号：SV000034<br />商品价格：5788.00 <br />购买数量：1<br />------------------------------------- <br />------------------------------------- <br />商品ID：31<br />商品名：诺基亚 N86<br />商品编号：SV000031<br />商品价格：3999.00 <br />购买数量：1<br />------------------------------------- <br />------------------------------------- <br />商品ID：7<br />商品名：观音玉坠<br />商品编号：svcart000007<br />商品价格：29999.00 <br />购买数量：1<br />------------------------------------- <br />------------------------------------- <br />商品ID：14<br />商品名：带帽长款条纹T恤 浅粉色<br />商品编号：SV000014<br />商品价格：88.00 <br />购买数量：1<br />------------------------------------- <br />\r\n\r\n\r\n该订单编号为： 2009081947684 请记住这个编号以便日后的查询。\r\n收货确认 http://data.branches.seevia.cn/user/order_received/9/received\r\nSV-Cart演示网站 http://data.branches.seevia.cn/\r\n2009-08-19 07:08:54 ', 'html', '0', '2009-08-19 07:11:54', '2009-08-19 07:11:54'),
(14, 'SV-Cart演示网站', 'wren;wren@hotmail.com', ';', ';', 'SV-Cart演示网站 - 订单确认邮件', '亲爱的 wren  ，你好！<br />\r\n我们已经收到您于  2009-08-17 06:40:31  提交的订单。<br />\r\n\r\n订单的商品信息: <br />\r\n------------------------------------- <br />商品ID：19<br />商品名：诺基亚 5800<br />商品编号：SV000019<br />商品价格：2679.00 <br />购买数量：1<br />------------------------------------- <br />------------------------------------- <br />商品ID：6<br />商品名：中国柱状玉耳环<br />商品编号：svcart000006<br />商品价格：2000.00 <br />购买数量：1<br />------------------------------------- <br />------------------------------------- <br />商品ID：22<br />商品名：高级免烫全棉衬衫（尊贵款）<br />商品编号：SV000022<br />商品价格：888.00 <br />购买数量：1<br />------------------------------------- <br />------------------------------------- <br />商品ID：48<br />商品名：欧式丝光舒适板鞋（女款） 黑色<br />商品编号：SV000048<br />商品价格：99.00 <br />购买数量：1<br />------------------------------------- <br />\r\n\r\n\r\n该订单编号为： 2009081754008  请记住这个编号以便日后的查询。 <br />\r\nSV-Cart演示网站 <a href=''http://data.branches.seevia.cn/''>http://data.branches.seevia.cn/</a><br />\r\n2009-08-19 07:08:32', '亲爱的 wren  ，你好！\r\n我们已经收到您于  2009-08-17 06:40:31  提交的订单。\r\n\r\n订单的商品信息: \r\n------------------------------------- <br />商品ID：19<br />商品名：诺基亚 5800<br />商品编号：SV000019<br />商品价格：2679.00 <br />购买数量：1<br />------------------------------------- <br />------------------------------------- <br />商品ID：6<br />商品名：中国柱状玉耳环<br />商品编号：svcart000006<br />商品价格：2000.00 <br />购买数量：1<br />------------------------------------- <br />------------------------------------- <br />商品ID：22<br />商品名：高级免烫全棉衬衫（尊贵款）<br />商品编号：SV000022<br />商品价格：888.00 <br />购买数量：1<br />------------------------------------- <br />------------------------------------- <br />商品ID：48<br />商品名：欧式丝光舒适板鞋（女款） 黑色<br />商品编号：SV000048<br />商品价格：99.00 <br />购买数量：1<br />------------------------------------- <br />\r\n\r\n\r\n该订单编号为： 2009081754008  请记住这个编号以便日后的查询。\r\nSV-Cart演示网站 http://data.branches.seevia.cn/\r\n2009-08-19 07:08:32', 'html', '0', '2009-08-19 07:12:32', '2009-08-19 07:12:32'),
(15, 'SV-Cart演示网站', 'wren;wren@hotmail.com', ';', ';', 'SV-Cart演示网站 - 发货通知', '亲爱的 wren ， 你好  <br />\r\n我们已经收到您于 2009-08-17 06:40:31  提交的订单 并且已经发货。 <br />\r\n您的配送单号:   333 <br />\r\n\r\n订单的商品信息: <br />\r\n------------------------------------- <br />商品ID：19<br />商品名：诺基亚 5800<br />商品编号：SV000019<br />商品价格：2679.00 <br />购买数量：1<br />------------------------------------- <br />------------------------------------- <br />商品ID：6<br />商品名：中国柱状玉耳环<br />商品编号：svcart000006<br />商品价格：2000.00 <br />购买数量：1<br />------------------------------------- <br />------------------------------------- <br />商品ID：22<br />商品名：高级免烫全棉衬衫（尊贵款）<br />商品编号：SV000022<br />商品价格：888.00 <br />购买数量：1<br />------------------------------------- <br />------------------------------------- <br />商品ID：48<br />商品名：欧式丝光舒适板鞋（女款） 黑色<br />商品编号：SV000048<br />商品价格：99.00 <br />购买数量：1<br />------------------------------------- <br />\r\n\r\n\r\n该订单编号为： 2009081754008 请记住这个编号以便日后的查询。<br/>\r\n收货确认 <a href=''http://data.branches.seevia.cn/user/order_received/4/received''>http://data.branches.seevia.cn/user/order_received/4/received</a><br />\r\nSV-Cart演示网站 <a href=''http://data.branches.seevia.cn/''>http://data.branches.seevia.cn/</a><br />\r\n2009-08-19 07:08:42 <br />', '亲爱的 wren ， 你好  \r\n我们已经收到您于 2009-08-17 06:40:31  提交的订单 并且已经发货。\r\n您的配送单号:   333\r\n\r\n订单的商品信息: \r\n------------------------------------- <br />商品ID：19<br />商品名：诺基亚 5800<br />商品编号：SV000019<br />商品价格：2679.00 <br />购买数量：1<br />------------------------------------- <br />------------------------------------- <br />商品ID：6<br />商品名：中国柱状玉耳环<br />商品编号：svcart000006<br />商品价格：2000.00 <br />购买数量：1<br />------------------------------------- <br />------------------------------------- <br />商品ID：22<br />商品名：高级免烫全棉衬衫（尊贵款）<br />商品编号：SV000022<br />商品价格：888.00 <br />购买数量：1<br />------------------------------------- <br />------------------------------------- <br />商品ID：48<br />商品名：欧式丝光舒适板鞋（女款） 黑色<br />商品编号：SV000048<br />商品价格：99.00 <br />购买数量：1<br />------------------------------------- <br />\r\n\r\n\r\n该订单编号为： 2009081754008 请记住这个编号以便日后的查询。\r\n收货确认 http://data.branches.seevia.cn/user/order_received/4/received\r\nSV-Cart演示网站 http://data.branches.seevia.cn/\r\n2009-08-19 07:08:42 ', 'html', '0', '2009-08-19 07:12:42', '2009-08-19 07:12:42'),
(16, 'SV-Cart演示网站', 'leo.wanta;23148953@qq.com', ';', ';', 'SV-Cart演示网站 - 订单确认邮件', '亲爱的 leo.wanta  ，你好！<br />\r\n我们已经收到您于  2009-08-20 03:46:13  提交的订单。<br />\r\n\r\n订单的商品信息: <br />\r\n------------------------------------- <br />商品ID：54<br />商品名：三星SGH-F258<br />商品编号：SV000054<br />商品价格：2123.00 <br />购买数量：1<br />------------------------------------- <br />------------------------------------- <br />商品ID：40<br />商品名：全棉斜纹直筒卡其裤 藏青色<br />商品编号：SV000040<br />商品价格：199.00 <br />购买数量：1<br />------------------------------------- <br />\r\n\r\n\r\n该订单编号为： 2009082013890  请记住这个编号以便日后的查询。 <br />\r\nSV-Cart演示网站 <a href=''http://data.branches.seevia.cn/''>http://data.branches.seevia.cn/</a><br />\r\n2009-08-20 03:08:50', '亲爱的 leo.wanta  ，你好！\r\n我们已经收到您于  2009-08-20 03:46:13  提交的订单。\r\n\r\n订单的商品信息: \r\n------------------------------------- <br />商品ID：54<br />商品名：三星SGH-F258<br />商品编号：SV000054<br />商品价格：2123.00 <br />购买数量：1<br />------------------------------------- <br />------------------------------------- <br />商品ID：40<br />商品名：全棉斜纹直筒卡其裤 藏青色<br />商品编号：SV000040<br />商品价格：199.00 <br />购买数量：1<br />------------------------------------- <br />\r\n\r\n\r\n该订单编号为： 2009082013890  请记住这个编号以便日后的查询。\r\nSV-Cart演示网站 http://data.branches.seevia.cn/\r\n2009-08-20 03:08:50', 'html', '0', '2009-08-20 03:46:50', '2009-08-20 03:46:50'),
(17, 'SV-Cart演示网站', 'leo.wanta;23148953@qq.com', ';', ';', 'SV-Cart演示网站 - 发货通知', '亲爱的 leo.wanta ， 你好  <br />\r\n我们已经收到您于 2009-08-20 03:46:13  提交的订单 并且已经发货。 <br />\r\n您的配送单号:   放 <br />\r\n\r\n订单的商品信息: <br />\r\n------------------------------------- <br />商品ID：54<br />商品名：三星SGH-F258<br />商品编号：SV000054<br />商品价格：2123.00 <br />购买数量：1<br />------------------------------------- <br />------------------------------------- <br />商品ID：40<br />商品名：全棉斜纹直筒卡其裤 藏青色<br />商品编号：SV000040<br />商品价格：199.00 <br />购买数量：1<br />------------------------------------- <br />\r\n\r\n\r\n该订单编号为： 2009082013890 请记住这个编号以便日后的查询。<br/>\r\n收货确认 <a href=''http://data.branches.seevia.cn/user/order_received/12/received''>http://data.branches.seevia.cn/user/order_received/12/received</a><br />\r\nSV-Cart演示网站 <a href=''http://data.branches.seevia.cn/''>http://data.branches.seevia.cn/</a><br />\r\n2009-08-20 03:08:57 <br />', '亲爱的 leo.wanta ， 你好  \r\n我们已经收到您于 2009-08-20 03:46:13  提交的订单 并且已经发货。\r\n您的配送单号:   放\r\n\r\n订单的商品信息: \r\n------------------------------------- <br />商品ID：54<br />商品名：三星SGH-F258<br />商品编号：SV000054<br />商品价格：2123.00 <br />购买数量：1<br />------------------------------------- <br />------------------------------------- <br />商品ID：40<br />商品名：全棉斜纹直筒卡其裤 藏青色<br />商品编号：SV000040<br />商品价格：199.00 <br />购买数量：1<br />------------------------------------- <br />\r\n\r\n\r\n该订单编号为： 2009082013890 请记住这个编号以便日后的查询。\r\n收货确认 http://data.branches.seevia.cn/user/order_received/12/received\r\nSV-Cart演示网站 http://data.branches.seevia.cn/\r\n2009-08-20 03:08:57 ', 'html', '0', '2009-08-20 03:46:57', '2009-08-20 03:46:57'),
(18, 'SV-Cart演示网站', 'Seevia;Seevia@seevia.cn', ';', 'admin;', '', '', '', 'html', '0', '2009-09-18 09:18:58', '2009-09-18 09:18:58'),
(19, 'SV-Cart演示网站', 'Seevia;Seevia@seevia.cn', ';', 'admin;', '', '', '', 'html', '0', '2009-09-18 09:27:41', '2009-09-18 09:27:41'),
(20, 'SV-Cart演示网站', 'wateres;wateres@16333.comn', ';', ';', 'SV-Cart演示网站 - 订单确认邮件', '亲爱的 wateres  ，你好！<br />\r\n我们已经收到您于  2009-09-27 18:56:36  提交的订单。<br />\r\n\r\n订单的商品信息: <br />\r\n------------------------------------- <br />商品ID：60<br />商品名：花式墨镜<br />商品编号：t-2009<br />商品价格：6888.00 <br />购买数量：1<br />------------------------------------- <br />\r\n\r\n\r\n该订单编号为： 2009092762405  请记住这个编号以便日后的查询。 <br />\r\nSV-Cart演示网站 <a href=''http://data.branches.seevia.cn/''>http://data.branches.seevia.cn/</a><br />\r\n2009-09-27 20:09:08', '亲爱的 wateres  ，你好！\r\n我们已经收到您于  2009-09-27 18:56:36  提交的订单。\r\n\r\n订单的商品信息: \r\n------------------------------------- <br />商品ID：60<br />商品名：花式墨镜<br />商品编号：t-2009<br />商品价格：6888.00 <br />购买数量：1<br />------------------------------------- <br />\r\n\r\n\r\n该订单编号为： 2009092762405  请记住这个编号以便日后的查询。\r\nSV-Cart演示网站 http://data.branches.seevia.cn/\r\n2009-09-27 20:09:08', 'html', '0', '2009-09-27 20:12:08', '2009-09-27 20:12:08'),
(21, 'SV-Cart演示网站', 'wateres;wateres@16333.comn', ';', ';', 'SV-Cart演示网站 - 订单确认邮件', '亲爱的 wateres  ，你好！<br />\r\n我们已经收到您于  2009-09-27 18:56:36  提交的订单。<br />\r\n\r\n订单的商品信息: <br />\r\n------------------------------------- <br />商品ID：60<br />商品名：花式墨镜<br />商品编号：t-2009<br />商品价格：6888.00 <br />购买数量：1<br />------------------------------------- <br />\r\n\r\n\r\n该订单编号为： 2009092762405  请记住这个编号以便日后的查询。 <br />\r\nSV-Cart演示网站 <a href=''http://data.branches.seevia.cn/''>http://data.branches.seevia.cn/</a><br />\r\n2009-09-27 20:09:31', '亲爱的 wateres  ，你好！\r\n我们已经收到您于  2009-09-27 18:56:36  提交的订单。\r\n\r\n订单的商品信息: \r\n------------------------------------- <br />商品ID：60<br />商品名：花式墨镜<br />商品编号：t-2009<br />商品价格：6888.00 <br />购买数量：1<br />------------------------------------- <br />\r\n\r\n\r\n该订单编号为： 2009092762405  请记住这个编号以便日后的查询。\r\nSV-Cart演示网站 http://data.branches.seevia.cn/\r\n2009-09-27 20:09:31', 'html', '0', '2009-09-27 20:12:31', '2009-09-27 20:12:31'),
(22, 'SV-Cart演示网站', 'ginsmap;', ';', ';', 'SV-Cart演示网站 - 留言回复', '亲爱的 ginsmap ，你好！<br/>\r\n我们已经收到您于  2009-08-11 02:08:57  提交的留言。<br/>\r\n留言类型:询问 <br/>\r\n\r\n留言标题:洗后会缩水嘛？    <br/>   \r\n\r\n留言内容:洗后会缩水嘛？\n <br/>\r\n\r\n管理员回复:保证不会缩水  请放心购买 <br/>\r\n查看<a href=''url''>http://data.branches.seevia.cn//user/messages/<a> <br/>\r\nSV-Cart演示网站   <a href=''http://data.branches.seevia.cn/''>http://data.branches.seevia.cn/<a> <br/>\r\n2009-08-11 02:08:41', '亲爱的 ginsmap ，你好！\r\n我们已经收到您于  2009-08-11 02:08:57  提交的留言。\r\n留言类型:询问\r\n\r\n留言标题:洗后会缩水嘛？        \r\n\r\n留言内容:洗后会缩水嘛？\n\r\n\r\n管理员回复:保证不会缩水  请放心购买\r\n\r\n查看 http://data.branches.seevia.cn//user/messages/\r\nSV-Cart演示网站   http://data.branches.seevia.cn/\r\n2009-08-11 02:08:41\r\n', 'html', '0', '2009-08-11 02:09:41', '2009-08-11 02:09:41'),
(23, 'SV-Cart演示网站', 'ginsmap;', ';', ';', 'SV-Cart演示网站 - 留言回复', '亲爱的 ginsmap ，你好！<br/>\r\n我们已经收到您于  2009-08-19 05:02:17  提交的留言。<br/>\r\n留言类型:询问 <br/>\r\n\r\n留言标题:提问    <br/>   \r\n\r\n留言内容:等待回答 <br/>\r\n\r\n管理员回复:已经回答 <br/>\r\n查看<a href=''url''>http://data.branches.seevia.cn//user/messages/<a> <br/>\r\nSV-Cart演示网站   <a href=''http://data.branches.seevia.cn/''>http://data.branches.seevia.cn/<a> <br/>\r\n2009-08-19 05:08:08', '亲爱的 ginsmap ，你好！\r\n我们已经收到您于  2009-08-19 05:02:17  提交的留言。\r\n留言类型:询问\r\n\r\n留言标题:提问        \r\n\r\n留言内容:等待回答\r\n\r\n管理员回复:已经回答\r\n\r\n查看 http://data.branches.seevia.cn//user/messages/\r\nSV-Cart演示网站   http://data.branches.seevia.cn/\r\n2009-08-19 05:08:08\r\n', 'html', '0', '2009-08-19 05:03:08', '2009-08-19 05:03:08'),
(24, 'SV-Cart演示网站', 'ginsmap;shenyunfeng@seevia.cn', ';', ';', 'SV-Cart演示网站 - 发货通知', '亲爱的 ginsmap ， 你好  <br />\r\n我们已经收到您于 2009-08-19 02:40:30  提交的订单 并且已经发货。 <br />\r\n您的配送单号:   3 <br />\r\n\r\n订单的商品信息: <br />\r\n------------------------------------- <br />商品ID：18<br />商品名：诺基亚 5630XM<br />商品编号：SV000018<br />商品价格：1619.00 <br />购买数量：1<br />------------------------------------- <br />------------------------------------- <br />商品ID：48<br />商品名：欧式丝光舒适板鞋（女款） 黑色<br />商品编号：SV000048<br />商品价格：99.00 <br />购买数量：1<br />------------------------------------- <br />------------------------------------- <br />商品ID：33<br />商品名：诺基亚 N96<br />商品编号：SV000033<br />商品价格：3629.00 <br />购买数量：1<br />------------------------------------- <br />------------------------------------- <br />商品ID：19<br />商品名：诺基亚 5800<br />商品编号：SV000019<br />商品价格：2679.00 <br />购买数量：1<br />------------------------------------- <br />------------------------------------- <br />商品ID：5<br />商品名：Classical Oriental Jade earrings jade<br />商品编号：svcart000005<br />商品价格：3000.00 <br />购买数量：1<br />------------------------------------- <br />------------------------------------- <br />商品ID：25<br />商品名：诺基亚 E71<br />商品编号：SV000025<br />商品价格：2239.00 <br />购买数量：1<br />------------------------------------- <br />------------------------------------- <br />商品ID：34<br />商品名：诺基亚 N97<br />商品编号：SV000034<br />商品价格：5788.00 <br />购买数量：1<br />------------------------------------- <br />------------------------------------- <br />商品ID：31<br />商品名：诺基亚 N86<br />商品编号：SV000031<br />商品价格：3999.00 <br />购买数量：1<br />------------------------------------- <br />------------------------------------- <br />商品ID：7<br />商品名：观音玉坠<br />商品编号：svcart000007<br />商品价格：29999.00 <br />购买数量：1<br />------------------------------------- <br />------------------------------------- <br />商品ID：14<br />商品名：带帽长款条纹T恤 浅粉色<br />商品编号：SV000014<br />商品价格：88.00 <br />购买数量：1<br />------------------------------------- <br />\r\n\r\n\r\n该订单编号为： 2009081947684 请记住这个编号以便日后的查询。<br/>\r\n收货确认 <a href=''http://data.branches.seevia.cn/user/order_received/9/received''>http://data.branches.seevia.cn/user/order_received/9/received</a><br />\r\nSV-Cart演示网站 <a href=''http://data.branches.seevia.cn/''>http://data.branches.seevia.cn/</a><br />\r\n2009-08-19 07:08:54 <br />', '亲爱的 ginsmap ， 你好  \r\n我们已经收到您于 2009-08-19 02:40:30  提交的订单 并且已经发货。\r\n您的配送单号:   3\r\n\r\n订单的商品信息: \r\n------------------------------------- <br />商品ID：18<br />商品名：诺基亚 5630XM<br />商品编号：SV000018<br />商品价格：1619.00 <br />购买数量：1<br />------------------------------------- <br />------------------------------------- <br />商品ID：48<br />商品名：欧式丝光舒适板鞋（女款） 黑色<br />商品编号：SV000048<br />商品价格：99.00 <br />购买数量：1<br />------------------------------------- <br />------------------------------------- <br />商品ID：33<br />商品名：诺基亚 N96<br />商品编号：SV000033<br />商品价格：3629.00 <br />购买数量：1<br />------------------------------------- <br />------------------------------------- <br />商品ID：19<br />商品名：诺基亚 5800<br />商品编号：SV000019<br />商品价格：2679.00 <br />购买数量：1<br />------------------------------------- <br />------------------------------------- <br />商品ID：5<br />商品名：Classical Oriental Jade earrings jade<br />商品编号：svcart000005<br />商品价格：3000.00 <br />购买数量：1<br />------------------------------------- <br />------------------------------------- <br />商品ID：25<br />商品名：诺基亚 E71<br />商品编号：SV000025<br />商品价格：2239.00 <br />购买数量：1<br />------------------------------------- <br />------------------------------------- <br />商品ID：34<br />商品名：诺基亚 N97<br />商品编号：SV000034<br />商品价格：5788.00 <br />购买数量：1<br />------------------------------------- <br />------------------------------------- <br />商品ID：31<br />商品名：诺基亚 N86<br />商品编号：SV000031<br />商品价格：3999.00 <br />购买数量：1<br />------------------------------------- <br />------------------------------------- <br />商品ID：7<br />商品名：观音玉坠<br />商品编号：svcart000007<br />商品价格：29999.00 <br />购买数量：1<br />------------------------------------- <br />------------------------------------- <br />商品ID：14<br />商品名：带帽长款条纹T恤 浅粉色<br />商品编号：SV000014<br />商品价格：88.00 <br />购买数量：1<br />------------------------------------- <br />\r\n\r\n\r\n该订单编号为： 2009081947684 请记住这个编号以便日后的查询。\r\n收货确认 http://data.branches.seevia.cn/user/order_received/9/received\r\nSV-Cart演示网站 http://data.branches.seevia.cn/\r\n2009-08-19 07:08:54 ', 'html', '0', '2009-08-19 07:11:54', '2009-08-19 07:11:54');
INSERT INTO `svcart_mail_send_histories` (`id`, `sender_name`, `receiver_email`, `cc_email`, `bcc_email`, `title`, `html_body`, `text_body`, `sendas`, `flag`, `created`, `modified`) VALUES
(25, 'SV-Cart演示网站', 'wren;wren@hotmail.com', ';', ';', 'SV-Cart演示网站 - 订单确认邮件', '亲爱的 wren  ，你好！<br />\r\n我们已经收到您于  2009-08-17 06:40:31  提交的订单。<br />\r\n\r\n订单的商品信息: <br />\r\n------------------------------------- <br />商品ID：19<br />商品名：诺基亚 5800<br />商品编号：SV000019<br />商品价格：2679.00 <br />购买数量：1<br />------------------------------------- <br />------------------------------------- <br />商品ID：6<br />商品名：中国柱状玉耳环<br />商品编号：svcart000006<br />商品价格：2000.00 <br />购买数量：1<br />------------------------------------- <br />------------------------------------- <br />商品ID：22<br />商品名：高级免烫全棉衬衫（尊贵款）<br />商品编号：SV000022<br />商品价格：888.00 <br />购买数量：1<br />------------------------------------- <br />------------------------------------- <br />商品ID：48<br />商品名：欧式丝光舒适板鞋（女款） 黑色<br />商品编号：SV000048<br />商品价格：99.00 <br />购买数量：1<br />------------------------------------- <br />\r\n\r\n\r\n该订单编号为： 2009081754008  请记住这个编号以便日后的查询。 <br />\r\nSV-Cart演示网站 <a href=''http://data.branches.seevia.cn/''>http://data.branches.seevia.cn/</a><br />\r\n2009-08-19 07:08:32', '亲爱的 wren  ，你好！\r\n我们已经收到您于  2009-08-17 06:40:31  提交的订单。\r\n\r\n订单的商品信息: \r\n------------------------------------- <br />商品ID：19<br />商品名：诺基亚 5800<br />商品编号：SV000019<br />商品价格：2679.00 <br />购买数量：1<br />------------------------------------- <br />------------------------------------- <br />商品ID：6<br />商品名：中国柱状玉耳环<br />商品编号：svcart000006<br />商品价格：2000.00 <br />购买数量：1<br />------------------------------------- <br />------------------------------------- <br />商品ID：22<br />商品名：高级免烫全棉衬衫（尊贵款）<br />商品编号：SV000022<br />商品价格：888.00 <br />购买数量：1<br />------------------------------------- <br />------------------------------------- <br />商品ID：48<br />商品名：欧式丝光舒适板鞋（女款） 黑色<br />商品编号：SV000048<br />商品价格：99.00 <br />购买数量：1<br />------------------------------------- <br />\r\n\r\n\r\n该订单编号为： 2009081754008  请记住这个编号以便日后的查询。\r\nSV-Cart演示网站 http://data.branches.seevia.cn/\r\n2009-08-19 07:08:32', 'html', '0', '2009-08-19 07:12:32', '2009-08-19 07:12:32'),
(26, 'SV-Cart演示网站', 'wren;wren@hotmail.com', ';', ';', 'SV-Cart演示网站 - 发货通知', '亲爱的 wren ， 你好  <br />\r\n我们已经收到您于 2009-08-17 06:40:31  提交的订单 并且已经发货。 <br />\r\n您的配送单号:   333 <br />\r\n\r\n订单的商品信息: <br />\r\n------------------------------------- <br />商品ID：19<br />商品名：诺基亚 5800<br />商品编号：SV000019<br />商品价格：2679.00 <br />购买数量：1<br />------------------------------------- <br />------------------------------------- <br />商品ID：6<br />商品名：中国柱状玉耳环<br />商品编号：svcart000006<br />商品价格：2000.00 <br />购买数量：1<br />------------------------------------- <br />------------------------------------- <br />商品ID：22<br />商品名：高级免烫全棉衬衫（尊贵款）<br />商品编号：SV000022<br />商品价格：888.00 <br />购买数量：1<br />------------------------------------- <br />------------------------------------- <br />商品ID：48<br />商品名：欧式丝光舒适板鞋（女款） 黑色<br />商品编号：SV000048<br />商品价格：99.00 <br />购买数量：1<br />------------------------------------- <br />\r\n\r\n\r\n该订单编号为： 2009081754008 请记住这个编号以便日后的查询。<br/>\r\n收货确认 <a href=''http://data.branches.seevia.cn/user/order_received/4/received''>http://data.branches.seevia.cn/user/order_received/4/received</a><br />\r\nSV-Cart演示网站 <a href=''http://data.branches.seevia.cn/''>http://data.branches.seevia.cn/</a><br />\r\n2009-08-19 07:08:42 <br />', '亲爱的 wren ， 你好  \r\n我们已经收到您于 2009-08-17 06:40:31  提交的订单 并且已经发货。\r\n您的配送单号:   333\r\n\r\n订单的商品信息: \r\n------------------------------------- <br />商品ID：19<br />商品名：诺基亚 5800<br />商品编号：SV000019<br />商品价格：2679.00 <br />购买数量：1<br />------------------------------------- <br />------------------------------------- <br />商品ID：6<br />商品名：中国柱状玉耳环<br />商品编号：svcart000006<br />商品价格：2000.00 <br />购买数量：1<br />------------------------------------- <br />------------------------------------- <br />商品ID：22<br />商品名：高级免烫全棉衬衫（尊贵款）<br />商品编号：SV000022<br />商品价格：888.00 <br />购买数量：1<br />------------------------------------- <br />------------------------------------- <br />商品ID：48<br />商品名：欧式丝光舒适板鞋（女款） 黑色<br />商品编号：SV000048<br />商品价格：99.00 <br />购买数量：1<br />------------------------------------- <br />\r\n\r\n\r\n该订单编号为： 2009081754008 请记住这个编号以便日后的查询。\r\n收货确认 http://data.branches.seevia.cn/user/order_received/4/received\r\nSV-Cart演示网站 http://data.branches.seevia.cn/\r\n2009-08-19 07:08:42 ', 'html', '0', '2009-08-19 07:12:42', '2009-08-19 07:12:42'),
(27, 'SV-Cart演示网站', 'leo.wanta;23148953@qq.com', ';', ';', 'SV-Cart演示网站 - 订单确认邮件', '亲爱的 leo.wanta  ，你好！<br />\r\n我们已经收到您于  2009-08-20 03:46:13  提交的订单。<br />\r\n\r\n订单的商品信息: <br />\r\n------------------------------------- <br />商品ID：54<br />商品名：三星SGH-F258<br />商品编号：SV000054<br />商品价格：2123.00 <br />购买数量：1<br />------------------------------------- <br />------------------------------------- <br />商品ID：40<br />商品名：全棉斜纹直筒卡其裤 藏青色<br />商品编号：SV000040<br />商品价格：199.00 <br />购买数量：1<br />------------------------------------- <br />\r\n\r\n\r\n该订单编号为： 2009082013890  请记住这个编号以便日后的查询。 <br />\r\nSV-Cart演示网站 <a href=''http://data.branches.seevia.cn/''>http://data.branches.seevia.cn/</a><br />\r\n2009-08-20 03:08:50', '亲爱的 leo.wanta  ，你好！\r\n我们已经收到您于  2009-08-20 03:46:13  提交的订单。\r\n\r\n订单的商品信息: \r\n------------------------------------- <br />商品ID：54<br />商品名：三星SGH-F258<br />商品编号：SV000054<br />商品价格：2123.00 <br />购买数量：1<br />------------------------------------- <br />------------------------------------- <br />商品ID：40<br />商品名：全棉斜纹直筒卡其裤 藏青色<br />商品编号：SV000040<br />商品价格：199.00 <br />购买数量：1<br />------------------------------------- <br />\r\n\r\n\r\n该订单编号为： 2009082013890  请记住这个编号以便日后的查询。\r\nSV-Cart演示网站 http://data.branches.seevia.cn/\r\n2009-08-20 03:08:50', 'html', '0', '2009-08-20 03:46:50', '2009-08-20 03:46:50'),
(28, 'SV-Cart演示网站', 'leo.wanta;23148953@qq.com', ';', ';', 'SV-Cart演示网站 - 发货通知', '亲爱的 leo.wanta ， 你好  <br />\r\n我们已经收到您于 2009-08-20 03:46:13  提交的订单 并且已经发货。 <br />\r\n您的配送单号:   放 <br />\r\n\r\n订单的商品信息: <br />\r\n------------------------------------- <br />商品ID：54<br />商品名：三星SGH-F258<br />商品编号：SV000054<br />商品价格：2123.00 <br />购买数量：1<br />------------------------------------- <br />------------------------------------- <br />商品ID：40<br />商品名：全棉斜纹直筒卡其裤 藏青色<br />商品编号：SV000040<br />商品价格：199.00 <br />购买数量：1<br />------------------------------------- <br />\r\n\r\n\r\n该订单编号为： 2009082013890 请记住这个编号以便日后的查询。<br/>\r\n收货确认 <a href=''http://data.branches.seevia.cn/user/order_received/12/received''>http://data.branches.seevia.cn/user/order_received/12/received</a><br />\r\nSV-Cart演示网站 <a href=''http://data.branches.seevia.cn/''>http://data.branches.seevia.cn/</a><br />\r\n2009-08-20 03:08:57 <br />', '亲爱的 leo.wanta ， 你好  \r\n我们已经收到您于 2009-08-20 03:46:13  提交的订单 并且已经发货。\r\n您的配送单号:   放\r\n\r\n订单的商品信息: \r\n------------------------------------- <br />商品ID：54<br />商品名：三星SGH-F258<br />商品编号：SV000054<br />商品价格：2123.00 <br />购买数量：1<br />------------------------------------- <br />------------------------------------- <br />商品ID：40<br />商品名：全棉斜纹直筒卡其裤 藏青色<br />商品编号：SV000040<br />商品价格：199.00 <br />购买数量：1<br />------------------------------------- <br />\r\n\r\n\r\n该订单编号为： 2009082013890 请记住这个编号以便日后的查询。\r\n收货确认 http://data.branches.seevia.cn/user/order_received/12/received\r\nSV-Cart演示网站 http://data.branches.seevia.cn/\r\n2009-08-20 03:08:57 ', 'html', '0', '2009-08-20 03:46:57', '2009-08-20 03:46:57'),
(29, 'SV-Cart演示网站', 'Seevia;Seevia@seevia.cn', ';', 'admin;', '', '', '', 'html', '0', '2009-09-18 09:18:58', '2009-09-18 09:18:58'),
(30, 'SV-Cart演示网站', 'Seevia;Seevia@seevia.cn', ';', 'admin;', '', '', '', 'html', '0', '2009-09-18 09:27:41', '2009-09-18 09:27:41'),
(31, 'SV-Cart演示网站', 'wateres;wateres@16333.comn', ';', ';', 'SV-Cart演示网站 - 订单确认邮件', '亲爱的 wateres  ，你好！<br />\r\n我们已经收到您于  2009-09-27 18:56:36  提交的订单。<br />\r\n\r\n订单的商品信息: <br />\r\n------------------------------------- <br />商品ID：60<br />商品名：花式墨镜<br />商品编号：t-2009<br />商品价格：6888.00 <br />购买数量：1<br />------------------------------------- <br />\r\n\r\n\r\n该订单编号为： 2009092762405  请记住这个编号以便日后的查询。 <br />\r\nSV-Cart演示网站 <a href=''http://data.branches.seevia.cn/''>http://data.branches.seevia.cn/</a><br />\r\n2009-09-27 20:09:08', '亲爱的 wateres  ，你好！\r\n我们已经收到您于  2009-09-27 18:56:36  提交的订单。\r\n\r\n订单的商品信息: \r\n------------------------------------- <br />商品ID：60<br />商品名：花式墨镜<br />商品编号：t-2009<br />商品价格：6888.00 <br />购买数量：1<br />------------------------------------- <br />\r\n\r\n\r\n该订单编号为： 2009092762405  请记住这个编号以便日后的查询。\r\nSV-Cart演示网站 http://data.branches.seevia.cn/\r\n2009-09-27 20:09:08', 'html', '0', '2009-09-27 20:12:08', '2009-09-27 20:12:08'),
(32, 'SV-Cart演示网站', 'wateres;wateres@16333.comn', ';', ';', 'SV-Cart演示网站 - 订单确认邮件', '亲爱的 wateres  ，你好！<br />\r\n我们已经收到您于  2009-09-27 18:56:36  提交的订单。<br />\r\n\r\n订单的商品信息: <br />\r\n------------------------------------- <br />商品ID：60<br />商品名：花式墨镜<br />商品编号：t-2009<br />商品价格：6888.00 <br />购买数量：1<br />------------------------------------- <br />\r\n\r\n\r\n该订单编号为： 2009092762405  请记住这个编号以便日后的查询。 <br />\r\nSV-Cart演示网站 <a href=''http://data.branches.seevia.cn/''>http://data.branches.seevia.cn/</a><br />\r\n2009-09-27 20:09:58', '亲爱的 wateres  ，你好！\r\n我们已经收到您于  2009-09-27 18:56:36  提交的订单。\r\n\r\n订单的商品信息: \r\n------------------------------------- <br />商品ID：60<br />商品名：花式墨镜<br />商品编号：t-2009<br />商品价格：6888.00 <br />购买数量：1<br />------------------------------------- <br />\r\n\r\n\r\n该订单编号为： 2009092762405  请记住这个编号以便日后的查询。\r\nSV-Cart演示网站 http://data.branches.seevia.cn/\r\n2009-09-27 20:09:58', 'html', '0', '2009-09-27 20:12:58', '2009-09-27 20:12:58'),
(33, 'SV-Cart演示网站', 'wateres;wateres@16333.comn', ';', ';', 'SV-Cart演示网站 - 订单确认邮件', '亲爱的 wateres  ，你好！<br />\r\n我们已经收到您于  2009-09-27 18:56:36  提交的订单。<br />\r\n\r\n订单的商品信息: <br />\r\n------------------------------------- <br />商品ID：60<br />商品名：花式墨镜<br />商品编号：t-2009<br />商品价格：6888.00 <br />购买数量：1<br />------------------------------------- <br />\r\n\r\n\r\n该订单编号为： 2009092762405  请记住这个编号以便日后的查询。 <br />\r\nSV-Cart演示网站 <a href=''http://data.branches.seevia.cn/''>http://data.branches.seevia.cn/</a><br />\r\n2009-09-27 20:09:31', '亲爱的 wateres  ，你好！\r\n我们已经收到您于  2009-09-27 18:56:36  提交的订单。\r\n\r\n订单的商品信息: \r\n------------------------------------- <br />商品ID：60<br />商品名：花式墨镜<br />商品编号：t-2009<br />商品价格：6888.00 <br />购买数量：1<br />------------------------------------- <br />\r\n\r\n\r\n该订单编号为： 2009092762405  请记住这个编号以便日后的查询。\r\nSV-Cart演示网站 http://data.branches.seevia.cn/\r\n2009-09-27 20:09:31', 'html', '0', '2009-09-27 20:12:31', '2009-09-27 20:12:31'),
(34, 'SV-Cart演示网站', 'ginsmap;', ';', ';', 'SV-Cart演示网站 - 留言回复', '亲爱的 ginsmap ，你好！<br/>\r\n我们已经收到您于  2009-08-11 02:08:57  提交的留言。<br/>\r\n留言类型:询问 <br/>\r\n\r\n留言标题:洗后会缩水嘛？    <br/>   \r\n\r\n留言内容:洗后会缩水嘛？\n <br/>\r\n\r\n管理员回复:保证不会缩水  请放心购买 <br/>\r\n查看<a href=''url''>http://data.branches.seevia.cn//user/messages/<a> <br/>\r\nSV-Cart演示网站   <a href=''http://data.branches.seevia.cn/''>http://data.branches.seevia.cn/<a> <br/>\r\n2009-08-11 02:08:41', '亲爱的 ginsmap ，你好！\r\n我们已经收到您于  2009-08-11 02:08:57  提交的留言。\r\n留言类型:询问\r\n\r\n留言标题:洗后会缩水嘛？        \r\n\r\n留言内容:洗后会缩水嘛？\n\r\n\r\n管理员回复:保证不会缩水  请放心购买\r\n\r\n查看 http://data.branches.seevia.cn//user/messages/\r\nSV-Cart演示网站   http://data.branches.seevia.cn/\r\n2009-08-11 02:08:41\r\n', 'html', '0', '2009-08-11 02:09:41', '2009-08-11 02:09:41'),
(35, 'SV-Cart演示网站', 'ginsmap;', ';', ';', 'SV-Cart演示网站 - 留言回复', '亲爱的 ginsmap ，你好！<br/>\r\n我们已经收到您于  2009-08-19 05:02:17  提交的留言。<br/>\r\n留言类型:询问 <br/>\r\n\r\n留言标题:提问    <br/>   \r\n\r\n留言内容:等待回答 <br/>\r\n\r\n管理员回复:已经回答 <br/>\r\n查看<a href=''url''>http://data.branches.seevia.cn//user/messages/<a> <br/>\r\nSV-Cart演示网站   <a href=''http://data.branches.seevia.cn/''>http://data.branches.seevia.cn/<a> <br/>\r\n2009-08-19 05:08:08', '亲爱的 ginsmap ，你好！\r\n我们已经收到您于  2009-08-19 05:02:17  提交的留言。\r\n留言类型:询问\r\n\r\n留言标题:提问        \r\n\r\n留言内容:等待回答\r\n\r\n管理员回复:已经回答\r\n\r\n查看 http://data.branches.seevia.cn//user/messages/\r\nSV-Cart演示网站   http://data.branches.seevia.cn/\r\n2009-08-19 05:08:08\r\n', 'html', '0', '2009-08-19 05:03:08', '2009-08-19 05:03:08'),
(36, 'SV-Cart演示网站', 'ginsmap;shenyunfeng@seevia.cn', ';', ';', 'SV-Cart演示网站 - 发货通知', '亲爱的 ginsmap ， 你好  <br />\r\n我们已经收到您于 2009-08-19 02:40:30  提交的订单 并且已经发货。 <br />\r\n您的配送单号:   3 <br />\r\n\r\n订单的商品信息: <br />\r\n------------------------------------- <br />商品ID：18<br />商品名：诺基亚 5630XM<br />商品编号：SV000018<br />商品价格：1619.00 <br />购买数量：1<br />------------------------------------- <br />------------------------------------- <br />商品ID：48<br />商品名：欧式丝光舒适板鞋（女款） 黑色<br />商品编号：SV000048<br />商品价格：99.00 <br />购买数量：1<br />------------------------------------- <br />------------------------------------- <br />商品ID：33<br />商品名：诺基亚 N96<br />商品编号：SV000033<br />商品价格：3629.00 <br />购买数量：1<br />------------------------------------- <br />------------------------------------- <br />商品ID：19<br />商品名：诺基亚 5800<br />商品编号：SV000019<br />商品价格：2679.00 <br />购买数量：1<br />------------------------------------- <br />------------------------------------- <br />商品ID：5<br />商品名：Classical Oriental Jade earrings jade<br />商品编号：svcart000005<br />商品价格：3000.00 <br />购买数量：1<br />------------------------------------- <br />------------------------------------- <br />商品ID：25<br />商品名：诺基亚 E71<br />商品编号：SV000025<br />商品价格：2239.00 <br />购买数量：1<br />------------------------------------- <br />------------------------------------- <br />商品ID：34<br />商品名：诺基亚 N97<br />商品编号：SV000034<br />商品价格：5788.00 <br />购买数量：1<br />------------------------------------- <br />------------------------------------- <br />商品ID：31<br />商品名：诺基亚 N86<br />商品编号：SV000031<br />商品价格：3999.00 <br />购买数量：1<br />------------------------------------- <br />------------------------------------- <br />商品ID：7<br />商品名：观音玉坠<br />商品编号：svcart000007<br />商品价格：29999.00 <br />购买数量：1<br />------------------------------------- <br />------------------------------------- <br />商品ID：14<br />商品名：带帽长款条纹T恤 浅粉色<br />商品编号：SV000014<br />商品价格：88.00 <br />购买数量：1<br />------------------------------------- <br />\r\n\r\n\r\n该订单编号为： 2009081947684 请记住这个编号以便日后的查询。<br/>\r\n收货确认 <a href=''http://data.branches.seevia.cn/user/order_received/9/received''>http://data.branches.seevia.cn/user/order_received/9/received</a><br />\r\nSV-Cart演示网站 <a href=''http://data.branches.seevia.cn/''>http://data.branches.seevia.cn/</a><br />\r\n2009-08-19 07:08:54 <br />', '亲爱的 ginsmap ， 你好  \r\n我们已经收到您于 2009-08-19 02:40:30  提交的订单 并且已经发货。\r\n您的配送单号:   3\r\n\r\n订单的商品信息: \r\n------------------------------------- <br />商品ID：18<br />商品名：诺基亚 5630XM<br />商品编号：SV000018<br />商品价格：1619.00 <br />购买数量：1<br />------------------------------------- <br />------------------------------------- <br />商品ID：48<br />商品名：欧式丝光舒适板鞋（女款） 黑色<br />商品编号：SV000048<br />商品价格：99.00 <br />购买数量：1<br />------------------------------------- <br />------------------------------------- <br />商品ID：33<br />商品名：诺基亚 N96<br />商品编号：SV000033<br />商品价格：3629.00 <br />购买数量：1<br />------------------------------------- <br />------------------------------------- <br />商品ID：19<br />商品名：诺基亚 5800<br />商品编号：SV000019<br />商品价格：2679.00 <br />购买数量：1<br />------------------------------------- <br />------------------------------------- <br />商品ID：5<br />商品名：Classical Oriental Jade earrings jade<br />商品编号：svcart000005<br />商品价格：3000.00 <br />购买数量：1<br />------------------------------------- <br />------------------------------------- <br />商品ID：25<br />商品名：诺基亚 E71<br />商品编号：SV000025<br />商品价格：2239.00 <br />购买数量：1<br />------------------------------------- <br />------------------------------------- <br />商品ID：34<br />商品名：诺基亚 N97<br />商品编号：SV000034<br />商品价格：5788.00 <br />购买数量：1<br />------------------------------------- <br />------------------------------------- <br />商品ID：31<br />商品名：诺基亚 N86<br />商品编号：SV000031<br />商品价格：3999.00 <br />购买数量：1<br />------------------------------------- <br />------------------------------------- <br />商品ID：7<br />商品名：观音玉坠<br />商品编号：svcart000007<br />商品价格：29999.00 <br />购买数量：1<br />------------------------------------- <br />------------------------------------- <br />商品ID：14<br />商品名：带帽长款条纹T恤 浅粉色<br />商品编号：SV000014<br />商品价格：88.00 <br />购买数量：1<br />------------------------------------- <br />\r\n\r\n\r\n该订单编号为： 2009081947684 请记住这个编号以便日后的查询。\r\n收货确认 http://data.branches.seevia.cn/user/order_received/9/received\r\nSV-Cart演示网站 http://data.branches.seevia.cn/\r\n2009-08-19 07:08:54 ', 'html', '0', '2009-08-19 07:11:54', '2009-08-19 07:11:54'),
(37, 'SV-Cart演示网站', 'wren;wren@hotmail.com', ';', ';', 'SV-Cart演示网站 - 订单确认邮件', '亲爱的 wren  ，你好！<br />\r\n我们已经收到您于  2009-08-17 06:40:31  提交的订单。<br />\r\n\r\n订单的商品信息: <br />\r\n------------------------------------- <br />商品ID：19<br />商品名：诺基亚 5800<br />商品编号：SV000019<br />商品价格：2679.00 <br />购买数量：1<br />------------------------------------- <br />------------------------------------- <br />商品ID：6<br />商品名：中国柱状玉耳环<br />商品编号：svcart000006<br />商品价格：2000.00 <br />购买数量：1<br />------------------------------------- <br />------------------------------------- <br />商品ID：22<br />商品名：高级免烫全棉衬衫（尊贵款）<br />商品编号：SV000022<br />商品价格：888.00 <br />购买数量：1<br />------------------------------------- <br />------------------------------------- <br />商品ID：48<br />商品名：欧式丝光舒适板鞋（女款） 黑色<br />商品编号：SV000048<br />商品价格：99.00 <br />购买数量：1<br />------------------------------------- <br />\r\n\r\n\r\n该订单编号为： 2009081754008  请记住这个编号以便日后的查询。 <br />\r\nSV-Cart演示网站 <a href=''http://data.branches.seevia.cn/''>http://data.branches.seevia.cn/</a><br />\r\n2009-08-19 07:08:32', '亲爱的 wren  ，你好！\r\n我们已经收到您于  2009-08-17 06:40:31  提交的订单。\r\n\r\n订单的商品信息: \r\n------------------------------------- <br />商品ID：19<br />商品名：诺基亚 5800<br />商品编号：SV000019<br />商品价格：2679.00 <br />购买数量：1<br />------------------------------------- <br />------------------------------------- <br />商品ID：6<br />商品名：中国柱状玉耳环<br />商品编号：svcart000006<br />商品价格：2000.00 <br />购买数量：1<br />------------------------------------- <br />------------------------------------- <br />商品ID：22<br />商品名：高级免烫全棉衬衫（尊贵款）<br />商品编号：SV000022<br />商品价格：888.00 <br />购买数量：1<br />------------------------------------- <br />------------------------------------- <br />商品ID：48<br />商品名：欧式丝光舒适板鞋（女款） 黑色<br />商品编号：SV000048<br />商品价格：99.00 <br />购买数量：1<br />------------------------------------- <br />\r\n\r\n\r\n该订单编号为： 2009081754008  请记住这个编号以便日后的查询。\r\nSV-Cart演示网站 http://data.branches.seevia.cn/\r\n2009-08-19 07:08:32', 'html', '0', '2009-08-19 07:12:32', '2009-08-19 07:12:32'),
(38, 'SV-Cart演示网站', 'wren;wren@hotmail.com', ';', ';', 'SV-Cart演示网站 - 发货通知', '亲爱的 wren ， 你好  <br />\r\n我们已经收到您于 2009-08-17 06:40:31  提交的订单 并且已经发货。 <br />\r\n您的配送单号:   333 <br />\r\n\r\n订单的商品信息: <br />\r\n------------------------------------- <br />商品ID：19<br />商品名：诺基亚 5800<br />商品编号：SV000019<br />商品价格：2679.00 <br />购买数量：1<br />------------------------------------- <br />------------------------------------- <br />商品ID：6<br />商品名：中国柱状玉耳环<br />商品编号：svcart000006<br />商品价格：2000.00 <br />购买数量：1<br />------------------------------------- <br />------------------------------------- <br />商品ID：22<br />商品名：高级免烫全棉衬衫（尊贵款）<br />商品编号：SV000022<br />商品价格：888.00 <br />购买数量：1<br />------------------------------------- <br />------------------------------------- <br />商品ID：48<br />商品名：欧式丝光舒适板鞋（女款） 黑色<br />商品编号：SV000048<br />商品价格：99.00 <br />购买数量：1<br />------------------------------------- <br />\r\n\r\n\r\n该订单编号为： 2009081754008 请记住这个编号以便日后的查询。<br/>\r\n收货确认 <a href=''http://data.branches.seevia.cn/user/order_received/4/received''>http://data.branches.seevia.cn/user/order_received/4/received</a><br />\r\nSV-Cart演示网站 <a href=''http://data.branches.seevia.cn/''>http://data.branches.seevia.cn/</a><br />\r\n2009-08-19 07:08:42 <br />', '亲爱的 wren ， 你好  \r\n我们已经收到您于 2009-08-17 06:40:31  提交的订单 并且已经发货。\r\n您的配送单号:   333\r\n\r\n订单的商品信息: \r\n------------------------------------- <br />商品ID：19<br />商品名：诺基亚 5800<br />商品编号：SV000019<br />商品价格：2679.00 <br />购买数量：1<br />------------------------------------- <br />------------------------------------- <br />商品ID：6<br />商品名：中国柱状玉耳环<br />商品编号：svcart000006<br />商品价格：2000.00 <br />购买数量：1<br />------------------------------------- <br />------------------------------------- <br />商品ID：22<br />商品名：高级免烫全棉衬衫（尊贵款）<br />商品编号：SV000022<br />商品价格：888.00 <br />购买数量：1<br />------------------------------------- <br />------------------------------------- <br />商品ID：48<br />商品名：欧式丝光舒适板鞋（女款） 黑色<br />商品编号：SV000048<br />商品价格：99.00 <br />购买数量：1<br />------------------------------------- <br />\r\n\r\n\r\n该订单编号为： 2009081754008 请记住这个编号以便日后的查询。\r\n收货确认 http://data.branches.seevia.cn/user/order_received/4/received\r\nSV-Cart演示网站 http://data.branches.seevia.cn/\r\n2009-08-19 07:08:42 ', 'html', '0', '2009-08-19 07:12:42', '2009-08-19 07:12:42'),
(39, 'SV-Cart演示网站', 'leo.wanta;23148953@qq.com', ';', ';', 'SV-Cart演示网站 - 订单确认邮件', '亲爱的 leo.wanta  ，你好！<br />\r\n我们已经收到您于  2009-08-20 03:46:13  提交的订单。<br />\r\n\r\n订单的商品信息: <br />\r\n------------------------------------- <br />商品ID：54<br />商品名：三星SGH-F258<br />商品编号：SV000054<br />商品价格：2123.00 <br />购买数量：1<br />------------------------------------- <br />------------------------------------- <br />商品ID：40<br />商品名：全棉斜纹直筒卡其裤 藏青色<br />商品编号：SV000040<br />商品价格：199.00 <br />购买数量：1<br />------------------------------------- <br />\r\n\r\n\r\n该订单编号为： 2009082013890  请记住这个编号以便日后的查询。 <br />\r\nSV-Cart演示网站 <a href=''http://data.branches.seevia.cn/''>http://data.branches.seevia.cn/</a><br />\r\n2009-08-20 03:08:50', '亲爱的 leo.wanta  ，你好！\r\n我们已经收到您于  2009-08-20 03:46:13  提交的订单。\r\n\r\n订单的商品信息: \r\n------------------------------------- <br />商品ID：54<br />商品名：三星SGH-F258<br />商品编号：SV000054<br />商品价格：2123.00 <br />购买数量：1<br />------------------------------------- <br />------------------------------------- <br />商品ID：40<br />商品名：全棉斜纹直筒卡其裤 藏青色<br />商品编号：SV000040<br />商品价格：199.00 <br />购买数量：1<br />------------------------------------- <br />\r\n\r\n\r\n该订单编号为： 2009082013890  请记住这个编号以便日后的查询。\r\nSV-Cart演示网站 http://data.branches.seevia.cn/\r\n2009-08-20 03:08:50', 'html', '0', '2009-08-20 03:46:50', '2009-08-20 03:46:50'),
(40, 'SV-Cart演示网站', 'leo.wanta;23148953@qq.com', ';', ';', 'SV-Cart演示网站 - 发货通知', '亲爱的 leo.wanta ， 你好  <br />\r\n我们已经收到您于 2009-08-20 03:46:13  提交的订单 并且已经发货。 <br />\r\n您的配送单号:   放 <br />\r\n\r\n订单的商品信息: <br />\r\n------------------------------------- <br />商品ID：54<br />商品名：三星SGH-F258<br />商品编号：SV000054<br />商品价格：2123.00 <br />购买数量：1<br />------------------------------------- <br />------------------------------------- <br />商品ID：40<br />商品名：全棉斜纹直筒卡其裤 藏青色<br />商品编号：SV000040<br />商品价格：199.00 <br />购买数量：1<br />------------------------------------- <br />\r\n\r\n\r\n该订单编号为： 2009082013890 请记住这个编号以便日后的查询。<br/>\r\n收货确认 <a href=''http://data.branches.seevia.cn/user/order_received/12/received''>http://data.branches.seevia.cn/user/order_received/12/received</a><br />\r\nSV-Cart演示网站 <a href=''http://data.branches.seevia.cn/''>http://data.branches.seevia.cn/</a><br />\r\n2009-08-20 03:08:57 <br />', '亲爱的 leo.wanta ， 你好  \r\n我们已经收到您于 2009-08-20 03:46:13  提交的订单 并且已经发货。\r\n您的配送单号:   放\r\n\r\n订单的商品信息: \r\n------------------------------------- <br />商品ID：54<br />商品名：三星SGH-F258<br />商品编号：SV000054<br />商品价格：2123.00 <br />购买数量：1<br />------------------------------------- <br />------------------------------------- <br />商品ID：40<br />商品名：全棉斜纹直筒卡其裤 藏青色<br />商品编号：SV000040<br />商品价格：199.00 <br />购买数量：1<br />------------------------------------- <br />\r\n\r\n\r\n该订单编号为： 2009082013890 请记住这个编号以便日后的查询。\r\n收货确认 http://data.branches.seevia.cn/user/order_received/12/received\r\nSV-Cart演示网站 http://data.branches.seevia.cn/\r\n2009-08-20 03:08:57 ', 'html', '0', '2009-08-20 03:46:57', '2009-08-20 03:46:57'),
(41, 'SV-Cart演示网站', 'Seevia;Seevia@seevia.cn', ';', 'admin;', '', '', '', 'html', '0', '2009-09-18 09:18:58', '2009-09-18 09:18:58'),
(42, 'SV-Cart演示网站', 'Seevia;Seevia@seevia.cn', ';', 'admin;', '', '', '', 'html', '0', '2009-09-18 09:27:41', '2009-09-18 09:27:41'),
(43, 'SV-Cart演示网站', 'wateres;wateres@16333.comn', ';', ';', 'SV-Cart演示网站 - 订单确认邮件', '亲爱的 wateres  ，你好！<br />\r\n我们已经收到您于  2009-09-27 18:56:36  提交的订单。<br />\r\n\r\n订单的商品信息: <br />\r\n------------------------------------- <br />商品ID：60<br />商品名：花式墨镜<br />商品编号：t-2009<br />商品价格：6888.00 <br />购买数量：1<br />------------------------------------- <br />\r\n\r\n\r\n该订单编号为： 2009092762405  请记住这个编号以便日后的查询。 <br />\r\nSV-Cart演示网站 <a href=''http://data.branches.seevia.cn/''>http://data.branches.seevia.cn/</a><br />\r\n2009-09-27 20:09:28', '亲爱的 wateres  ，你好！\r\n我们已经收到您于  2009-09-27 18:56:36  提交的订单。\r\n\r\n订单的商品信息: \r\n------------------------------------- <br />商品ID：60<br />商品名：花式墨镜<br />商品编号：t-2009<br />商品价格：6888.00 <br />购买数量：1<br />------------------------------------- <br />\r\n\r\n\r\n该订单编号为： 2009092762405  请记住这个编号以便日后的查询。\r\nSV-Cart演示网站 http://data.branches.seevia.cn/\r\n2009-09-27 20:09:28', 'html', '0', '2009-09-27 20:13:28', '2009-09-27 20:13:28'),
(44, 'SV-Cart演示网站', 'wateres;wateres@16333.comn', ';', ';', 'SV-Cart演示网站 - 订单确认邮件', '亲爱的 wateres  ，你好！<br />\r\n我们已经收到您于  2009-09-27 18:56:36  提交的订单。<br />\r\n\r\n订单的商品信息: <br />\r\n------------------------------------- <br />商品ID：60<br />商品名：花式墨镜<br />商品编号：t-2009<br />商品价格：6888.00 <br />购买数量：1<br />------------------------------------- <br />\r\n\r\n\r\n该订单编号为： 2009092762405  请记住这个编号以便日后的查询。 <br />\r\nSV-Cart演示网站 <a href=''http://data.branches.seevia.cn/''>http://data.branches.seevia.cn/</a><br />\r\n2009-09-27 20:09:08', '亲爱的 wateres  ，你好！\r\n我们已经收到您于  2009-09-27 18:56:36  提交的订单。\r\n\r\n订单的商品信息: \r\n------------------------------------- <br />商品ID：60<br />商品名：花式墨镜<br />商品编号：t-2009<br />商品价格：6888.00 <br />购买数量：1<br />------------------------------------- <br />\r\n\r\n\r\n该订单编号为： 2009092762405  请记住这个编号以便日后的查询。\r\nSV-Cart演示网站 http://data.branches.seevia.cn/\r\n2009-09-27 20:09:08', 'html', '0', '2009-09-27 20:12:08', '2009-09-27 20:12:08'),
(45, 'SV-Cart演示网站', 'wateres;wateres@16333.comn', ';', ';', 'SV-Cart演示网站 - 订单确认邮件', '亲爱的 wateres  ，你好！<br />\r\n我们已经收到您于  2009-09-27 18:56:36  提交的订单。<br />\r\n\r\n订单的商品信息: <br />\r\n------------------------------------- <br />商品ID：60<br />商品名：花式墨镜<br />商品编号：t-2009<br />商品价格：6888.00 <br />购买数量：1<br />------------------------------------- <br />\r\n\r\n\r\n该订单编号为： 2009092762405  请记住这个编号以便日后的查询。 <br />\r\nSV-Cart演示网站 <a href=''http://data.branches.seevia.cn/''>http://data.branches.seevia.cn/</a><br />\r\n2009-09-27 20:09:58', '亲爱的 wateres  ，你好！\r\n我们已经收到您于  2009-09-27 18:56:36  提交的订单。\r\n\r\n订单的商品信息: \r\n------------------------------------- <br />商品ID：60<br />商品名：花式墨镜<br />商品编号：t-2009<br />商品价格：6888.00 <br />购买数量：1<br />------------------------------------- <br />\r\n\r\n\r\n该订单编号为： 2009092762405  请记住这个编号以便日后的查询。\r\nSV-Cart演示网站 http://data.branches.seevia.cn/\r\n2009-09-27 20:09:58', 'html', '0', '2009-09-27 20:12:58', '2009-09-27 20:12:58'),
(46, 'SV-Cart演示网站', 'wateres;wateres@16333.comn', ';', ';', 'SV-Cart演示网站 - 订单确认邮件', '亲爱的 wateres  ，你好！<br />\r\n我们已经收到您于  2009-09-27 18:56:36  提交的订单。<br />\r\n\r\n订单的商品信息: <br />\r\n------------------------------------- <br />商品ID：60<br />商品名：花式墨镜<br />商品编号：t-2009<br />商品价格：6888.00 <br />购买数量：1<br />------------------------------------- <br />\r\n\r\n\r\n该订单编号为： 2009092762405  请记住这个编号以便日后的查询。 <br />\r\nSV-Cart演示网站 <a href=''http://data.branches.seevia.cn/''>http://data.branches.seevia.cn/</a><br />\r\n2009-09-27 20:09:31', '亲爱的 wateres  ，你好！\r\n我们已经收到您于  2009-09-27 18:56:36  提交的订单。\r\n\r\n订单的商品信息: \r\n------------------------------------- <br />商品ID：60<br />商品名：花式墨镜<br />商品编号：t-2009<br />商品价格：6888.00 <br />购买数量：1<br />------------------------------------- <br />\r\n\r\n\r\n该订单编号为： 2009092762405  请记住这个编号以便日后的查询。\r\nSV-Cart演示网站 http://data.branches.seevia.cn/\r\n2009-09-27 20:09:31', 'html', '0', '2009-09-27 20:12:31', '2009-09-27 20:12:31'),
(47, 'SV-Cart演示网站', 'ginsmap;', ';', ';', 'SV-Cart演示网站 - 留言回复', '亲爱的 ginsmap ，你好！<br/>\r\n我们已经收到您于  2009-08-11 02:08:57  提交的留言。<br/>\r\n留言类型:询问 <br/>\r\n\r\n留言标题:洗后会缩水嘛？    <br/>   \r\n\r\n留言内容:洗后会缩水嘛？\n <br/>\r\n\r\n管理员回复:保证不会缩水  请放心购买 <br/>\r\n查看<a href=''url''>http://data.branches.seevia.cn//user/messages/<a> <br/>\r\nSV-Cart演示网站   <a href=''http://data.branches.seevia.cn/''>http://data.branches.seevia.cn/<a> <br/>\r\n2009-08-11 02:08:41', '亲爱的 ginsmap ，你好！\r\n我们已经收到您于  2009-08-11 02:08:57  提交的留言。\r\n留言类型:询问\r\n\r\n留言标题:洗后会缩水嘛？        \r\n\r\n留言内容:洗后会缩水嘛？\n\r\n\r\n管理员回复:保证不会缩水  请放心购买\r\n\r\n查看 http://data.branches.seevia.cn//user/messages/\r\nSV-Cart演示网站   http://data.branches.seevia.cn/\r\n2009-08-11 02:08:41\r\n', 'html', '0', '2009-08-11 02:09:41', '2009-08-11 02:09:41'),
(48, 'SV-Cart演示网站', 'ginsmap;', ';', ';', 'SV-Cart演示网站 - 留言回复', '亲爱的 ginsmap ，你好！<br/>\r\n我们已经收到您于  2009-08-19 05:02:17  提交的留言。<br/>\r\n留言类型:询问 <br/>\r\n\r\n留言标题:提问    <br/>   \r\n\r\n留言内容:等待回答 <br/>\r\n\r\n管理员回复:已经回答 <br/>\r\n查看<a href=''url''>http://data.branches.seevia.cn//user/messages/<a> <br/>\r\nSV-Cart演示网站   <a href=''http://data.branches.seevia.cn/''>http://data.branches.seevia.cn/<a> <br/>\r\n2009-08-19 05:08:08', '亲爱的 ginsmap ，你好！\r\n我们已经收到您于  2009-08-19 05:02:17  提交的留言。\r\n留言类型:询问\r\n\r\n留言标题:提问        \r\n\r\n留言内容:等待回答\r\n\r\n管理员回复:已经回答\r\n\r\n查看 http://data.branches.seevia.cn//user/messages/\r\nSV-Cart演示网站   http://data.branches.seevia.cn/\r\n2009-08-19 05:08:08\r\n', 'html', '0', '2009-08-19 05:03:08', '2009-08-19 05:03:08'),
(49, 'SV-Cart演示网站', 'ginsmap;shenyunfeng@seevia.cn', ';', ';', 'SV-Cart演示网站 - 发货通知', '亲爱的 ginsmap ， 你好  <br />\r\n我们已经收到您于 2009-08-19 02:40:30  提交的订单 并且已经发货。 <br />\r\n您的配送单号:   3 <br />\r\n\r\n订单的商品信息: <br />\r\n------------------------------------- <br />商品ID：18<br />商品名：诺基亚 5630XM<br />商品编号：SV000018<br />商品价格：1619.00 <br />购买数量：1<br />------------------------------------- <br />------------------------------------- <br />商品ID：48<br />商品名：欧式丝光舒适板鞋（女款） 黑色<br />商品编号：SV000048<br />商品价格：99.00 <br />购买数量：1<br />------------------------------------- <br />------------------------------------- <br />商品ID：33<br />商品名：诺基亚 N96<br />商品编号：SV000033<br />商品价格：3629.00 <br />购买数量：1<br />------------------------------------- <br />------------------------------------- <br />商品ID：19<br />商品名：诺基亚 5800<br />商品编号：SV000019<br />商品价格：2679.00 <br />购买数量：1<br />------------------------------------- <br />------------------------------------- <br />商品ID：5<br />商品名：Classical Oriental Jade earrings jade<br />商品编号：svcart000005<br />商品价格：3000.00 <br />购买数量：1<br />------------------------------------- <br />------------------------------------- <br />商品ID：25<br />商品名：诺基亚 E71<br />商品编号：SV000025<br />商品价格：2239.00 <br />购买数量：1<br />------------------------------------- <br />------------------------------------- <br />商品ID：34<br />商品名：诺基亚 N97<br />商品编号：SV000034<br />商品价格：5788.00 <br />购买数量：1<br />------------------------------------- <br />------------------------------------- <br />商品ID：31<br />商品名：诺基亚 N86<br />商品编号：SV000031<br />商品价格：3999.00 <br />购买数量：1<br />------------------------------------- <br />------------------------------------- <br />商品ID：7<br />商品名：观音玉坠<br />商品编号：svcart000007<br />商品价格：29999.00 <br />购买数量：1<br />------------------------------------- <br />------------------------------------- <br />商品ID：14<br />商品名：带帽长款条纹T恤 浅粉色<br />商品编号：SV000014<br />商品价格：88.00 <br />购买数量：1<br />------------------------------------- <br />\r\n\r\n\r\n该订单编号为： 2009081947684 请记住这个编号以便日后的查询。<br/>\r\n收货确认 <a href=''http://data.branches.seevia.cn/user/order_received/9/received''>http://data.branches.seevia.cn/user/order_received/9/received</a><br />\r\nSV-Cart演示网站 <a href=''http://data.branches.seevia.cn/''>http://data.branches.seevia.cn/</a><br />\r\n2009-08-19 07:08:54 <br />', '亲爱的 ginsmap ， 你好  \r\n我们已经收到您于 2009-08-19 02:40:30  提交的订单 并且已经发货。\r\n您的配送单号:   3\r\n\r\n订单的商品信息: \r\n------------------------------------- <br />商品ID：18<br />商品名：诺基亚 5630XM<br />商品编号：SV000018<br />商品价格：1619.00 <br />购买数量：1<br />------------------------------------- <br />------------------------------------- <br />商品ID：48<br />商品名：欧式丝光舒适板鞋（女款） 黑色<br />商品编号：SV000048<br />商品价格：99.00 <br />购买数量：1<br />------------------------------------- <br />------------------------------------- <br />商品ID：33<br />商品名：诺基亚 N96<br />商品编号：SV000033<br />商品价格：3629.00 <br />购买数量：1<br />------------------------------------- <br />------------------------------------- <br />商品ID：19<br />商品名：诺基亚 5800<br />商品编号：SV000019<br />商品价格：2679.00 <br />购买数量：1<br />------------------------------------- <br />------------------------------------- <br />商品ID：5<br />商品名：Classical Oriental Jade earrings jade<br />商品编号：svcart000005<br />商品价格：3000.00 <br />购买数量：1<br />------------------------------------- <br />------------------------------------- <br />商品ID：25<br />商品名：诺基亚 E71<br />商品编号：SV000025<br />商品价格：2239.00 <br />购买数量：1<br />------------------------------------- <br />------------------------------------- <br />商品ID：34<br />商品名：诺基亚 N97<br />商品编号：SV000034<br />商品价格：5788.00 <br />购买数量：1<br />------------------------------------- <br />------------------------------------- <br />商品ID：31<br />商品名：诺基亚 N86<br />商品编号：SV000031<br />商品价格：3999.00 <br />购买数量：1<br />------------------------------------- <br />------------------------------------- <br />商品ID：7<br />商品名：观音玉坠<br />商品编号：svcart000007<br />商品价格：29999.00 <br />购买数量：1<br />------------------------------------- <br />------------------------------------- <br />商品ID：14<br />商品名：带帽长款条纹T恤 浅粉色<br />商品编号：SV000014<br />商品价格：88.00 <br />购买数量：1<br />------------------------------------- <br />\r\n\r\n\r\n该订单编号为： 2009081947684 请记住这个编号以便日后的查询。\r\n收货确认 http://data.branches.seevia.cn/user/order_received/9/received\r\nSV-Cart演示网站 http://data.branches.seevia.cn/\r\n2009-08-19 07:08:54 ', 'html', '0', '2009-08-19 07:11:54', '2009-08-19 07:11:54'),
(50, 'SV-Cart演示网站', 'wren;wren@hotmail.com', ';', ';', 'SV-Cart演示网站 - 订单确认邮件', '亲爱的 wren  ，你好！<br />\r\n我们已经收到您于  2009-08-17 06:40:31  提交的订单。<br />\r\n\r\n订单的商品信息: <br />\r\n------------------------------------- <br />商品ID：19<br />商品名：诺基亚 5800<br />商品编号：SV000019<br />商品价格：2679.00 <br />购买数量：1<br />------------------------------------- <br />------------------------------------- <br />商品ID：6<br />商品名：中国柱状玉耳环<br />商品编号：svcart000006<br />商品价格：2000.00 <br />购买数量：1<br />------------------------------------- <br />------------------------------------- <br />商品ID：22<br />商品名：高级免烫全棉衬衫（尊贵款）<br />商品编号：SV000022<br />商品价格：888.00 <br />购买数量：1<br />------------------------------------- <br />------------------------------------- <br />商品ID：48<br />商品名：欧式丝光舒适板鞋（女款） 黑色<br />商品编号：SV000048<br />商品价格：99.00 <br />购买数量：1<br />------------------------------------- <br />\r\n\r\n\r\n该订单编号为： 2009081754008  请记住这个编号以便日后的查询。 <br />\r\nSV-Cart演示网站 <a href=''http://data.branches.seevia.cn/''>http://data.branches.seevia.cn/</a><br />\r\n2009-08-19 07:08:32', '亲爱的 wren  ，你好！\r\n我们已经收到您于  2009-08-17 06:40:31  提交的订单。\r\n\r\n订单的商品信息: \r\n------------------------------------- <br />商品ID：19<br />商品名：诺基亚 5800<br />商品编号：SV000019<br />商品价格：2679.00 <br />购买数量：1<br />------------------------------------- <br />------------------------------------- <br />商品ID：6<br />商品名：中国柱状玉耳环<br />商品编号：svcart000006<br />商品价格：2000.00 <br />购买数量：1<br />------------------------------------- <br />------------------------------------- <br />商品ID：22<br />商品名：高级免烫全棉衬衫（尊贵款）<br />商品编号：SV000022<br />商品价格：888.00 <br />购买数量：1<br />------------------------------------- <br />------------------------------------- <br />商品ID：48<br />商品名：欧式丝光舒适板鞋（女款） 黑色<br />商品编号：SV000048<br />商品价格：99.00 <br />购买数量：1<br />------------------------------------- <br />\r\n\r\n\r\n该订单编号为： 2009081754008  请记住这个编号以便日后的查询。\r\nSV-Cart演示网站 http://data.branches.seevia.cn/\r\n2009-08-19 07:08:32', 'html', '0', '2009-08-19 07:12:32', '2009-08-19 07:12:32');
INSERT INTO `svcart_mail_send_histories` (`id`, `sender_name`, `receiver_email`, `cc_email`, `bcc_email`, `title`, `html_body`, `text_body`, `sendas`, `flag`, `created`, `modified`) VALUES
(51, 'SV-Cart演示网站', 'wren;wren@hotmail.com', ';', ';', 'SV-Cart演示网站 - 发货通知', '亲爱的 wren ， 你好  <br />\r\n我们已经收到您于 2009-08-17 06:40:31  提交的订单 并且已经发货。 <br />\r\n您的配送单号:   333 <br />\r\n\r\n订单的商品信息: <br />\r\n------------------------------------- <br />商品ID：19<br />商品名：诺基亚 5800<br />商品编号：SV000019<br />商品价格：2679.00 <br />购买数量：1<br />------------------------------------- <br />------------------------------------- <br />商品ID：6<br />商品名：中国柱状玉耳环<br />商品编号：svcart000006<br />商品价格：2000.00 <br />购买数量：1<br />------------------------------------- <br />------------------------------------- <br />商品ID：22<br />商品名：高级免烫全棉衬衫（尊贵款）<br />商品编号：SV000022<br />商品价格：888.00 <br />购买数量：1<br />------------------------------------- <br />------------------------------------- <br />商品ID：48<br />商品名：欧式丝光舒适板鞋（女款） 黑色<br />商品编号：SV000048<br />商品价格：99.00 <br />购买数量：1<br />------------------------------------- <br />\r\n\r\n\r\n该订单编号为： 2009081754008 请记住这个编号以便日后的查询。<br/>\r\n收货确认 <a href=''http://data.branches.seevia.cn/user/order_received/4/received''>http://data.branches.seevia.cn/user/order_received/4/received</a><br />\r\nSV-Cart演示网站 <a href=''http://data.branches.seevia.cn/''>http://data.branches.seevia.cn/</a><br />\r\n2009-08-19 07:08:42 <br />', '亲爱的 wren ， 你好  \r\n我们已经收到您于 2009-08-17 06:40:31  提交的订单 并且已经发货。\r\n您的配送单号:   333\r\n\r\n订单的商品信息: \r\n------------------------------------- <br />商品ID：19<br />商品名：诺基亚 5800<br />商品编号：SV000019<br />商品价格：2679.00 <br />购买数量：1<br />------------------------------------- <br />------------------------------------- <br />商品ID：6<br />商品名：中国柱状玉耳环<br />商品编号：svcart000006<br />商品价格：2000.00 <br />购买数量：1<br />------------------------------------- <br />------------------------------------- <br />商品ID：22<br />商品名：高级免烫全棉衬衫（尊贵款）<br />商品编号：SV000022<br />商品价格：888.00 <br />购买数量：1<br />------------------------------------- <br />------------------------------------- <br />商品ID：48<br />商品名：欧式丝光舒适板鞋（女款） 黑色<br />商品编号：SV000048<br />商品价格：99.00 <br />购买数量：1<br />------------------------------------- <br />\r\n\r\n\r\n该订单编号为： 2009081754008 请记住这个编号以便日后的查询。\r\n收货确认 http://data.branches.seevia.cn/user/order_received/4/received\r\nSV-Cart演示网站 http://data.branches.seevia.cn/\r\n2009-08-19 07:08:42 ', 'html', '0', '2009-08-19 07:12:42', '2009-08-19 07:12:42'),
(52, 'SV-Cart演示网站', 'leo.wanta;23148953@qq.com', ';', ';', 'SV-Cart演示网站 - 订单确认邮件', '亲爱的 leo.wanta  ，你好！<br />\r\n我们已经收到您于  2009-08-20 03:46:13  提交的订单。<br />\r\n\r\n订单的商品信息: <br />\r\n------------------------------------- <br />商品ID：54<br />商品名：三星SGH-F258<br />商品编号：SV000054<br />商品价格：2123.00 <br />购买数量：1<br />------------------------------------- <br />------------------------------------- <br />商品ID：40<br />商品名：全棉斜纹直筒卡其裤 藏青色<br />商品编号：SV000040<br />商品价格：199.00 <br />购买数量：1<br />------------------------------------- <br />\r\n\r\n\r\n该订单编号为： 2009082013890  请记住这个编号以便日后的查询。 <br />\r\nSV-Cart演示网站 <a href=''http://data.branches.seevia.cn/''>http://data.branches.seevia.cn/</a><br />\r\n2009-08-20 03:08:50', '亲爱的 leo.wanta  ，你好！\r\n我们已经收到您于  2009-08-20 03:46:13  提交的订单。\r\n\r\n订单的商品信息: \r\n------------------------------------- <br />商品ID：54<br />商品名：三星SGH-F258<br />商品编号：SV000054<br />商品价格：2123.00 <br />购买数量：1<br />------------------------------------- <br />------------------------------------- <br />商品ID：40<br />商品名：全棉斜纹直筒卡其裤 藏青色<br />商品编号：SV000040<br />商品价格：199.00 <br />购买数量：1<br />------------------------------------- <br />\r\n\r\n\r\n该订单编号为： 2009082013890  请记住这个编号以便日后的查询。\r\nSV-Cart演示网站 http://data.branches.seevia.cn/\r\n2009-08-20 03:08:50', 'html', '0', '2009-08-20 03:46:50', '2009-08-20 03:46:50'),
(53, 'SV-Cart演示网站', 'leo.wanta;23148953@qq.com', ';', ';', 'SV-Cart演示网站 - 发货通知', '亲爱的 leo.wanta ， 你好  <br />\r\n我们已经收到您于 2009-08-20 03:46:13  提交的订单 并且已经发货。 <br />\r\n您的配送单号:   放 <br />\r\n\r\n订单的商品信息: <br />\r\n------------------------------------- <br />商品ID：54<br />商品名：三星SGH-F258<br />商品编号：SV000054<br />商品价格：2123.00 <br />购买数量：1<br />------------------------------------- <br />------------------------------------- <br />商品ID：40<br />商品名：全棉斜纹直筒卡其裤 藏青色<br />商品编号：SV000040<br />商品价格：199.00 <br />购买数量：1<br />------------------------------------- <br />\r\n\r\n\r\n该订单编号为： 2009082013890 请记住这个编号以便日后的查询。<br/>\r\n收货确认 <a href=''http://data.branches.seevia.cn/user/order_received/12/received''>http://data.branches.seevia.cn/user/order_received/12/received</a><br />\r\nSV-Cart演示网站 <a href=''http://data.branches.seevia.cn/''>http://data.branches.seevia.cn/</a><br />\r\n2009-08-20 03:08:57 <br />', '亲爱的 leo.wanta ， 你好  \r\n我们已经收到您于 2009-08-20 03:46:13  提交的订单 并且已经发货。\r\n您的配送单号:   放\r\n\r\n订单的商品信息: \r\n------------------------------------- <br />商品ID：54<br />商品名：三星SGH-F258<br />商品编号：SV000054<br />商品价格：2123.00 <br />购买数量：1<br />------------------------------------- <br />------------------------------------- <br />商品ID：40<br />商品名：全棉斜纹直筒卡其裤 藏青色<br />商品编号：SV000040<br />商品价格：199.00 <br />购买数量：1<br />------------------------------------- <br />\r\n\r\n\r\n该订单编号为： 2009082013890 请记住这个编号以便日后的查询。\r\n收货确认 http://data.branches.seevia.cn/user/order_received/12/received\r\nSV-Cart演示网站 http://data.branches.seevia.cn/\r\n2009-08-20 03:08:57 ', 'html', '0', '2009-08-20 03:46:57', '2009-08-20 03:46:57'),
(54, 'SV-Cart演示网站', 'wateres;wateres@16333.comn', ';', ';', 'SV-Cart演示网站 - 订单确认邮件', '亲爱的 wateres  ，你好！<br />\r\n我们已经收到您于  2009-09-27 18:56:36  提交的订单。<br />\r\n\r\n订单的商品信息: <br />\r\n------------------------------------- <br />商品ID：60<br />商品名：花式墨镜<br />商品编号：t-2009<br />商品价格：6888.00 <br />购买数量：1<br />------------------------------------- <br />\r\n\r\n\r\n该订单编号为： 2009092762405  请记住这个编号以便日后的查询。 <br />\r\nSV-Cart演示网站 <a href=''http://data.branches.seevia.cn/''>http://data.branches.seevia.cn/</a><br />\r\n2009-09-27 20:09:16', '亲爱的 wateres  ，你好！\r\n我们已经收到您于  2009-09-27 18:56:36  提交的订单。\r\n\r\n订单的商品信息: \r\n------------------------------------- <br />商品ID：60<br />商品名：花式墨镜<br />商品编号：t-2009<br />商品价格：6888.00 <br />购买数量：1<br />------------------------------------- <br />\r\n\r\n\r\n该订单编号为： 2009092762405  请记住这个编号以便日后的查询。\r\nSV-Cart演示网站 http://data.branches.seevia.cn/\r\n2009-09-27 20:09:16', 'html', '0', '2009-09-27 20:15:16', '2009-09-27 20:15:16'),
(55, 'SV-Cart演示网站', 'Seevia;Seevia@seevia.cn', ';', 'admin;', '', '', '', 'html', '0', '2009-09-18 09:18:58', '2009-09-18 09:18:58'),
(56, 'SV-Cart演示网站', 'Seevia;Seevia@seevia.cn', ';', 'admin;', '', '', '', 'html', '0', '2009-09-18 09:27:41', '2009-09-18 09:27:41'),
(57, 'SV-Cart演示网站', 'wateres;wateres@16333.comn', ';', ';', 'SV-Cart演示网站 - 订单确认邮件', '亲爱的 wateres  ，你好！<br />\r\n我们已经收到您于  2009-09-27 18:56:36  提交的订单。<br />\r\n\r\n订单的商品信息: <br />\r\n------------------------------------- <br />商品ID：60<br />商品名：花式墨镜<br />商品编号：t-2009<br />商品价格：6888.00 <br />购买数量：1<br />------------------------------------- <br />\r\n\r\n\r\n该订单编号为： 2009092762405  请记住这个编号以便日后的查询。 <br />\r\nSV-Cart演示网站 <a href=''http://data.branches.seevia.cn/''>http://data.branches.seevia.cn/</a><br />\r\n2009-09-27 20:09:28', '亲爱的 wateres  ，你好！\r\n我们已经收到您于  2009-09-27 18:56:36  提交的订单。\r\n\r\n订单的商品信息: \r\n------------------------------------- <br />商品ID：60<br />商品名：花式墨镜<br />商品编号：t-2009<br />商品价格：6888.00 <br />购买数量：1<br />------------------------------------- <br />\r\n\r\n\r\n该订单编号为： 2009092762405  请记住这个编号以便日后的查询。\r\nSV-Cart演示网站 http://data.branches.seevia.cn/\r\n2009-09-27 20:09:28', 'html', '0', '2009-09-27 20:13:28', '2009-09-27 20:13:28'),
(58, 'SV-Cart演示网站', 'wateres;wateres@16333.comn', ';', ';', 'SV-Cart演示网站 - 订单确认邮件', '亲爱的 wateres  ，你好！<br />\r\n我们已经收到您于  2009-09-27 18:56:36  提交的订单。<br />\r\n\r\n订单的商品信息: <br />\r\n------------------------------------- <br />商品ID：60<br />商品名：花式墨镜<br />商品编号：t-2009<br />商品价格：6888.00 <br />购买数量：1<br />------------------------------------- <br />\r\n\r\n\r\n该订单编号为： 2009092762405  请记住这个编号以便日后的查询。 <br />\r\nSV-Cart演示网站 <a href=''http://data.branches.seevia.cn/''>http://data.branches.seevia.cn/</a><br />\r\n2009-09-27 20:09:08', '亲爱的 wateres  ，你好！\r\n我们已经收到您于  2009-09-27 18:56:36  提交的订单。\r\n\r\n订单的商品信息: \r\n------------------------------------- <br />商品ID：60<br />商品名：花式墨镜<br />商品编号：t-2009<br />商品价格：6888.00 <br />购买数量：1<br />------------------------------------- <br />\r\n\r\n\r\n该订单编号为： 2009092762405  请记住这个编号以便日后的查询。\r\nSV-Cart演示网站 http://data.branches.seevia.cn/\r\n2009-09-27 20:09:08', 'html', '0', '2009-09-27 20:12:08', '2009-09-27 20:12:08'),
(59, 'SV-Cart演示网站', 'wateres;wateres@16333.comn', ';', ';', 'SV-Cart演示网站 - 订单确认邮件', '亲爱的 wateres  ，你好！<br />\r\n我们已经收到您于  2009-09-27 18:56:36  提交的订单。<br />\r\n\r\n订单的商品信息: <br />\r\n------------------------------------- <br />商品ID：60<br />商品名：花式墨镜<br />商品编号：t-2009<br />商品价格：6888.00 <br />购买数量：1<br />------------------------------------- <br />\r\n\r\n\r\n该订单编号为： 2009092762405  请记住这个编号以便日后的查询。 <br />\r\nSV-Cart演示网站 <a href=''http://data.branches.seevia.cn/''>http://data.branches.seevia.cn/</a><br />\r\n2009-09-27 20:09:58', '亲爱的 wateres  ，你好！\r\n我们已经收到您于  2009-09-27 18:56:36  提交的订单。\r\n\r\n订单的商品信息: \r\n------------------------------------- <br />商品ID：60<br />商品名：花式墨镜<br />商品编号：t-2009<br />商品价格：6888.00 <br />购买数量：1<br />------------------------------------- <br />\r\n\r\n\r\n该订单编号为： 2009092762405  请记住这个编号以便日后的查询。\r\nSV-Cart演示网站 http://data.branches.seevia.cn/\r\n2009-09-27 20:09:58', 'html', '0', '2009-09-27 20:12:58', '2009-09-27 20:12:58'),
(60, 'SV-Cart演示网站', 'wateres;wateres@16333.comn', ';', ';', 'SV-Cart演示网站 - 订单确认邮件', '亲爱的 wateres  ，你好！<br />\r\n我们已经收到您于  2009-09-27 18:56:36  提交的订单。<br />\r\n\r\n订单的商品信息: <br />\r\n------------------------------------- <br />商品ID：60<br />商品名：花式墨镜<br />商品编号：t-2009<br />商品价格：6888.00 <br />购买数量：1<br />------------------------------------- <br />\r\n\r\n\r\n该订单编号为： 2009092762405  请记住这个编号以便日后的查询。 <br />\r\nSV-Cart演示网站 <a href=''http://data.branches.seevia.cn/''>http://data.branches.seevia.cn/</a><br />\r\n2009-09-27 20:09:31', '亲爱的 wateres  ，你好！\r\n我们已经收到您于  2009-09-27 18:56:36  提交的订单。\r\n\r\n订单的商品信息: \r\n------------------------------------- <br />商品ID：60<br />商品名：花式墨镜<br />商品编号：t-2009<br />商品价格：6888.00 <br />购买数量：1<br />------------------------------------- <br />\r\n\r\n\r\n该订单编号为： 2009092762405  请记住这个编号以便日后的查询。\r\nSV-Cart演示网站 http://data.branches.seevia.cn/\r\n2009-09-27 20:09:31', 'html', '0', '2009-09-27 20:12:31', '2009-09-27 20:12:31'),
(61, 'SV-Cart演示网站', 'wateres;wateres@16333.comn', ';', ';', 'SV-Cart演示网站 - 订单确认邮件', '亲爱的 wateres  ，你好！<br />\r\n我们已经收到您于  2009-09-27 18:56:36  提交的订单。<br />\r\n\r\n订单的商品信息: <br />\r\n------------------------------------- <br />商品ID：60<br />商品名：花式墨镜<br />商品编号：t-2009<br />商品价格：6888.00 <br />购买数量：1<br />------------------------------------- <br />\r\n\r\n\r\n该订单编号为： 2009092762405  请记住这个编号以便日后的查询。 <br />\r\nSV-Cart演示网站 <a href=''http://data.branches.seevia.cn/''>http://data.branches.seevia.cn/</a><br />\r\n2009-09-27 20:09:29', '亲爱的 wateres  ，你好！\r\n我们已经收到您于  2009-09-27 18:56:36  提交的订单。\r\n\r\n订单的商品信息: \r\n------------------------------------- <br />商品ID：60<br />商品名：花式墨镜<br />商品编号：t-2009<br />商品价格：6888.00 <br />购买数量：1<br />------------------------------------- <br />\r\n\r\n\r\n该订单编号为： 2009092762405  请记住这个编号以便日后的查询。\r\nSV-Cart演示网站 http://data.branches.seevia.cn/\r\n2009-09-27 20:09:29', 'html', '0', '2009-09-27 20:16:29', '2009-09-27 20:16:29'),
(62, 'SV-Cart演示网站', 'wateres;wateres@16333.comn', ';', ';', 'SV-Cart演示网站 - 订单确认邮件', '亲爱的 wateres  ，你好！<br />\r\n我们已经收到您于  2009-09-27 18:56:36  提交的订单。<br />\r\n\r\n订单的商品信息: <br />\r\n------------------------------------- <br />商品ID：60<br />商品名：花式墨镜<br />商品编号：t-2009<br />商品价格：6888.00 <br />购买数量：1<br />------------------------------------- <br />\r\n\r\n\r\n该订单编号为： 2009092762405  请记住这个编号以便日后的查询。 <br />\r\nSV-Cart演示网站 <a href=''http://data.branches.seevia.cn/''>http://data.branches.seevia.cn/</a><br />\r\n2009-09-27 20:09:16', '亲爱的 wateres  ，你好！\r\n我们已经收到您于  2009-09-27 18:56:36  提交的订单。\r\n\r\n订单的商品信息: \r\n------------------------------------- <br />商品ID：60<br />商品名：花式墨镜<br />商品编号：t-2009<br />商品价格：6888.00 <br />购买数量：1<br />------------------------------------- <br />\r\n\r\n\r\n该订单编号为： 2009092762405  请记住这个编号以便日后的查询。\r\nSV-Cart演示网站 http://data.branches.seevia.cn/\r\n2009-09-27 20:09:16', 'html', '0', '2009-09-27 20:15:16', '2009-09-27 20:15:16'),
(63, 'SV-Cart演示网站', 'wateres;wateres@16333.comn', ';', ';', 'SV-Cart演示网站 - 订单确认邮件', '亲爱的 wateres  ，你好！<br />\r\n我们已经收到您于  2009-09-27 18:56:36  提交的订单。<br />\r\n\r\n订单的商品信息: <br />\r\n------------------------------------- <br />商品ID：60<br />商品名：花式墨镜<br />商品编号：t-2009<br />商品价格：6888.00 <br />购买数量：1<br />------------------------------------- <br />\r\n\r\n\r\n该订单编号为： 2009092762405  请记住这个编号以便日后的查询。 <br />\r\nSV-Cart演示网站 <a href=''http://data.branches.seevia.cn/''>http://data.branches.seevia.cn/</a><br />\r\n2009-09-27 20:09:28', '亲爱的 wateres  ，你好！\r\n我们已经收到您于  2009-09-27 18:56:36  提交的订单。\r\n\r\n订单的商品信息: \r\n------------------------------------- <br />商品ID：60<br />商品名：花式墨镜<br />商品编号：t-2009<br />商品价格：6888.00 <br />购买数量：1<br />------------------------------------- <br />\r\n\r\n\r\n该订单编号为： 2009092762405  请记住这个编号以便日后的查询。\r\nSV-Cart演示网站 http://data.branches.seevia.cn/\r\n2009-09-27 20:09:28', 'html', '0', '2009-09-27 20:13:28', '2009-09-27 20:13:28'),
(64, 'SV-Cart演示网站', 'wateres;wateres@16333.comn', ';', ';', 'SV-Cart演示网站 - 订单确认邮件', '亲爱的 wateres  ，你好！<br />\r\n我们已经收到您于  2009-09-27 18:56:36  提交的订单。<br />\r\n\r\n订单的商品信息: <br />\r\n------------------------------------- <br />商品ID：60<br />商品名：花式墨镜<br />商品编号：t-2009<br />商品价格：6888.00 <br />购买数量：1<br />------------------------------------- <br />\r\n\r\n\r\n该订单编号为： 2009092762405  请记住这个编号以便日后的查询。 <br />\r\nSV-Cart演示网站 <a href=''http://data.branches.seevia.cn/''>http://data.branches.seevia.cn/</a><br />\r\n2009-09-27 20:09:58', '亲爱的 wateres  ，你好！\r\n我们已经收到您于  2009-09-27 18:56:36  提交的订单。\r\n\r\n订单的商品信息: \r\n------------------------------------- <br />商品ID：60<br />商品名：花式墨镜<br />商品编号：t-2009<br />商品价格：6888.00 <br />购买数量：1<br />------------------------------------- <br />\r\n\r\n\r\n该订单编号为： 2009092762405  请记住这个编号以便日后的查询。\r\nSV-Cart演示网站 http://data.branches.seevia.cn/\r\n2009-09-27 20:09:58', 'html', '0', '2009-09-27 20:12:58', '2009-09-27 20:12:58'),
(65, 'SV-Cart演示网站', 'wateres;wateres@16333.comn', ';', ';', 'SV-Cart演示网站 - 订单确认邮件', '亲爱的 wateres  ，你好！<br />\r\n我们已经收到您于  2009-09-27 18:56:36  提交的订单。<br />\r\n\r\n订单的商品信息: <br />\r\n------------------------------------- <br />商品ID：60<br />商品名：花式墨镜<br />商品编号：t-2009<br />商品价格：6888.00 <br />购买数量：1<br />------------------------------------- <br />\r\n\r\n\r\n该订单编号为： 2009092762405  请记住这个编号以便日后的查询。 <br />\r\nSV-Cart演示网站 <a href=''http://data.branches.seevia.cn/''>http://data.branches.seevia.cn/</a><br />\r\n2009-09-27 20:09:31', '亲爱的 wateres  ，你好！\r\n我们已经收到您于  2009-09-27 18:56:36  提交的订单。\r\n\r\n订单的商品信息: \r\n------------------------------------- <br />商品ID：60<br />商品名：花式墨镜<br />商品编号：t-2009<br />商品价格：6888.00 <br />购买数量：1<br />------------------------------------- <br />\r\n\r\n\r\n该订单编号为： 2009092762405  请记住这个编号以便日后的查询。\r\nSV-Cart演示网站 http://data.branches.seevia.cn/\r\n2009-09-27 20:09:31', 'html', '0', '2009-09-27 20:12:31', '2009-09-27 20:12:31'),
(66, 'SV-Cart演示网站', 'ginsmap;shenyunfeng@seevia.cn', ';', ';', 'SV-Cart演示网站 - 订单确认邮件', '亲爱的 ginsmap  ，你好！<br />\r\n我们已经收到您于  2009-09-24 16:04:34  提交的订单。<br />\r\n\r\n订单的商品信息: <br />\r\n------------------------------------- <br />商品ID：31<br />商品名：诺基亚 N86<br />商品编号：SV000031<br />商品价格：3999.00 <br />购买数量：1<br />------------------------------------- <br />------------------------------------- <br />商品ID：3<br />商品名：传统玻璃手镯<br />商品编号：svcart000003<br />商品价格：10000.00 <br />购买数量：1<br />------------------------------------- <br />------------------------------------- <br />商品ID：25<br />商品名：诺基亚 E71<br />商品编号：SV000025<br />商品价格：2239.00 <br />购买数量：1<br />------------------------------------- <br />------------------------------------- <br />商品ID：45<br />商品名：商务休闲裤（标准款）深卡其<br />商品编号：SV000045<br />商品价格：79.00 <br />购买数量：2<br />------------------------------------- <br />------------------------------------- <br />商品ID：34<br />商品名：诺基亚 N97<br />商品编号：SV000034<br />商品价格：5788.00 <br />购买数量：1<br />------------------------------------- <br />------------------------------------- <br />商品ID：5<br />商品名：Classical Oriental Jade earrings jade<br />商品编号：svcart000005<br />商品价格：3000.00 <br />购买数量：1<br />------------------------------------- <br />------------------------------------- <br />商品ID：19<br />商品名：诺基亚 5800<br />商品编号：SV000019<br />商品价格：2679.00 <br />购买数量：1<br />------------------------------------- <br />------------------------------------- <br />商品ID：33<br />商品名：诺基亚 N96<br />商品编号：SV000033<br />商品价格：3629.00 <br />购买数量：1<br />------------------------------------- <br />------------------------------------- <br />商品ID：48<br />商品名：欧式丝光舒适板鞋（女款） 黑色<br />商品编号：SV000048<br />商品价格：99.00 <br />购买数量：1<br />------------------------------------- <br />------------------------------------- <br />商品ID：18<br />商品名：诺基亚 5630XM<br />商品编号：SV000018<br />商品价格：1619.00 <br />购买数量：1<br />------------------------------------- <br />------------------------------------- <br />商品ID：7<br />商品名：观音玉坠<br />商品编号：svcart000007<br />商品价格：29999.00 <br />购买数量：1<br />------------------------------------- <br />------------------------------------- <br />商品ID：14<br />商品名：带帽长款条纹T恤 浅粉色<br />商品编号：SV000014<br />商品价格：88.00 <br />购买数量：1<br />------------------------------------- <br />------------------------------------- <br />商品ID：6<br />商品名：中国柱状玉耳环<br />商品编号：svcart000006<br />商品价格：2000.00 <br />购买数量：1<br />------------------------------------- <br />------------------------------------- <br />商品ID：47<br />商品名：欧式丝光舒适板鞋（女款） 蓝色<br />商品编号：SV000047<br />商品价格：99.00 <br />购买数量：1<br />------------------------------------- <br />------------------------------------- <br />商品ID：43<br />商品名：商务休闲裤（标准款） 黑色<br />商品编号：SV000043<br />商品价格：79.00 <br />购买数量：1<br />------------------------------------- <br />------------------------------------- <br />商品ID：44<br />商品名：商务休闲裤（标准款） 浅卡其<br />商品编号：SV000044<br />商品价格：79.00 <br />购买数量：1<br />------------------------------------- <br />------------------------------------- <br />商品ID：16<br />商品名：速干圆领印花T恤sea life 中国红<br />商品编号：SV000016<br />商品价格：59.00 <br />购买数量：2<br />------------------------------------- <br />------------------------------------- <br />商品ID：51<br />商品名：欧式丝光舒适板鞋（女款） 灰色<br />商品编号：SV000051<br />商品价格：99.00 <br />购买数量：1<br />------------------------------------- <br />------------------------------------- <br />商品ID：52<br />商品名：欧式丝光舒适板鞋（女款） 紫色<br />商品编号：SV000052<br />商品价格：99.00 <br />购买数量：1<br />------------------------------------- <br />\r\n\r\n\r\n该订单编号为： 2009092453563  请记住这个编号以便日后的查询。 <br />\r\nSV-Cart演示网站 <a href=''http://data.branches.seevia.cn/''>http://data.branches.seevia.cn/</a><br />\r\n2009-09-27 20:09:39', '亲爱的 ginsmap  ，你好！\r\n我们已经收到您于  2009-09-24 16:04:34  提交的订单。\r\n\r\n订单的商品信息: \r\n------------------------------------- <br />商品ID：31<br />商品名：诺基亚 N86<br />商品编号：SV000031<br />商品价格：3999.00 <br />购买数量：1<br />------------------------------------- <br />------------------------------------- <br />商品ID：3<br />商品名：传统玻璃手镯<br />商品编号：svcart000003<br />商品价格：10000.00 <br />购买数量：1<br />------------------------------------- <br />------------------------------------- <br />商品ID：25<br />商品名：诺基亚 E71<br />商品编号：SV000025<br />商品价格：2239.00 <br />购买数量：1<br />------------------------------------- <br />------------------------------------- <br />商品ID：45<br />商品名：商务休闲裤（标准款）深卡其<br />商品编号：SV000045<br />商品价格：79.00 <br />购买数量：2<br />------------------------------------- <br />------------------------------------- <br />商品ID：34<br />商品名：诺基亚 N97<br />商品编号：SV000034<br />商品价格：5788.00 <br />购买数量：1<br />------------------------------------- <br />------------------------------------- <br />商品ID：5<br />商品名：Classical Oriental Jade earrings jade<br />商品编号：svcart000005<br />商品价格：3000.00 <br />购买数量：1<br />------------------------------------- <br />------------------------------------- <br />商品ID：19<br />商品名：诺基亚 5800<br />商品编号：SV000019<br />商品价格：2679.00 <br />购买数量：1<br />------------------------------------- <br />------------------------------------- <br />商品ID：33<br />商品名：诺基亚 N96<br />商品编号：SV000033<br />商品价格：3629.00 <br />购买数量：1<br />------------------------------------- <br />------------------------------------- <br />商品ID：48<br />商品名：欧式丝光舒适板鞋（女款） 黑色<br />商品编号：SV000048<br />商品价格：99.00 <br />购买数量：1<br />------------------------------------- <br />------------------------------------- <br />商品ID：18<br />商品名：诺基亚 5630XM<br />商品编号：SV000018<br />商品价格：1619.00 <br />购买数量：1<br />------------------------------------- <br />------------------------------------- <br />商品ID：7<br />商品名：观音玉坠<br />商品编号：svcart000007<br />商品价格：29999.00 <br />购买数量：1<br />------------------------------------- <br />------------------------------------- <br />商品ID：14<br />商品名：带帽长款条纹T恤 浅粉色<br />商品编号：SV000014<br />商品价格：88.00 <br />购买数量：1<br />------------------------------------- <br />------------------------------------- <br />商品ID：6<br />商品名：中国柱状玉耳环<br />商品编号：svcart000006<br />商品价格：2000.00 <br />购买数量：1<br />------------------------------------- <br />------------------------------------- <br />商品ID：47<br />商品名：欧式丝光舒适板鞋（女款） 蓝色<br />商品编号：SV000047<br />商品价格：99.00 <br />购买数量：1<br />------------------------------------- <br />------------------------------------- <br />商品ID：43<br />商品名：商务休闲裤（标准款） 黑色<br />商品编号：SV000043<br />商品价格：79.00 <br />购买数量：1<br />------------------------------------- <br />------------------------------------- <br />商品ID：44<br />商品名：商务休闲裤（标准款） 浅卡其<br />商品编号：SV000044<br />商品价格：79.00 <br />购买数量：1<br />------------------------------------- <br />------------------------------------- <br />商品ID：16<br />商品名：速干圆领印花T恤sea life 中国红<br />商品编号：SV000016<br />商品价格：59.00 <br />购买数量：2<br />------------------------------------- <br />------------------------------------- <br />商品ID：51<br />商品名：欧式丝光舒适板鞋（女款） 灰色<br />商品编号：SV000051<br />商品价格：99.00 <br />购买数量：1<br />------------------------------------- <br />------------------------------------- <br />商品ID：52<br />商品名：欧式丝光舒适板鞋（女款） 紫色<br />商品编号：SV000052<br />商品价格：99.00 <br />购买数量：1<br />------------------------------------- <br />\r\n\r\n\r\n该订单编号为： 2009092453563  请记住这个编号以便日后的查询。\r\nSV-Cart演示网站 http://data.branches.seevia.cn/\r\n2009-09-27 20:09:39', 'html', '0', '2009-09-27 20:18:39', '2009-09-27 20:18:39'),
(67, 'SV-Cart演示网站', 'wateres;wateres@16333.comn', ';', ';', 'SV-Cart演示网站 - 订单确认邮件', '亲爱的 wateres  ，你好！<br />\r\n我们已经收到您于  2009-09-27 18:56:36  提交的订单。<br />\r\n\r\n订单的商品信息: <br />\r\n------------------------------------- <br />商品ID：60<br />商品名：花式墨镜<br />商品编号：t-2009<br />商品价格：6888.00 <br />购买数量：1<br />------------------------------------- <br />\r\n\r\n\r\n该订单编号为： 2009092762405  请记住这个编号以便日后的查询。 <br />\r\nSV-Cart演示网站 <a href=''http://data.branches.seevia.cn/''>http://data.branches.seevia.cn/</a><br />\r\n2009-09-27 20:09:29', '亲爱的 wateres  ，你好！\r\n我们已经收到您于  2009-09-27 18:56:36  提交的订单。\r\n\r\n订单的商品信息: \r\n------------------------------------- <br />商品ID：60<br />商品名：花式墨镜<br />商品编号：t-2009<br />商品价格：6888.00 <br />购买数量：1<br />------------------------------------- <br />\r\n\r\n\r\n该订单编号为： 2009092762405  请记住这个编号以便日后的查询。\r\nSV-Cart演示网站 http://data.branches.seevia.cn/\r\n2009-09-27 20:09:29', 'html', '0', '2009-09-27 20:16:29', '2009-09-27 20:16:29'),
(68, 'SV-Cart演示网站', 'wateres;wateres@16333.comn', ';', ';', 'SV-Cart演示网站 - 订单确认邮件', '亲爱的 wateres  ，你好！<br />\r\n我们已经收到您于  2009-09-27 18:56:36  提交的订单。<br />\r\n\r\n订单的商品信息: <br />\r\n------------------------------------- <br />商品ID：60<br />商品名：花式墨镜<br />商品编号：t-2009<br />商品价格：6888.00 <br />购买数量：1<br />------------------------------------- <br />\r\n\r\n\r\n该订单编号为： 2009092762405  请记住这个编号以便日后的查询。 <br />\r\nSV-Cart演示网站 <a href=''http://data.branches.seevia.cn/''>http://data.branches.seevia.cn/</a><br />\r\n2009-09-27 20:09:16', '亲爱的 wateres  ，你好！\r\n我们已经收到您于  2009-09-27 18:56:36  提交的订单。\r\n\r\n订单的商品信息: \r\n------------------------------------- <br />商品ID：60<br />商品名：花式墨镜<br />商品编号：t-2009<br />商品价格：6888.00 <br />购买数量：1<br />------------------------------------- <br />\r\n\r\n\r\n该订单编号为： 2009092762405  请记住这个编号以便日后的查询。\r\nSV-Cart演示网站 http://data.branches.seevia.cn/\r\n2009-09-27 20:09:16', 'html', '0', '2009-09-27 20:15:16', '2009-09-27 20:15:16'),
(69, 'SV-Cart演示网站', 'wateres;wateres@16333.comn', ';', ';', 'SV-Cart演示网站 - 订单确认邮件', '亲爱的 wateres  ，你好！<br />\r\n我们已经收到您于  2009-09-27 18:56:36  提交的订单。<br />\r\n\r\n订单的商品信息: <br />\r\n------------------------------------- <br />商品ID：60<br />商品名：花式墨镜<br />商品编号：t-2009<br />商品价格：6888.00 <br />购买数量：1<br />------------------------------------- <br />\r\n\r\n\r\n该订单编号为： 2009092762405  请记住这个编号以便日后的查询。 <br />\r\nSV-Cart演示网站 <a href=''http://data.branches.seevia.cn/''>http://data.branches.seevia.cn/</a><br />\r\n2009-09-27 20:09:28', '亲爱的 wateres  ，你好！\r\n我们已经收到您于  2009-09-27 18:56:36  提交的订单。\r\n\r\n订单的商品信息: \r\n------------------------------------- <br />商品ID：60<br />商品名：花式墨镜<br />商品编号：t-2009<br />商品价格：6888.00 <br />购买数量：1<br />------------------------------------- <br />\r\n\r\n\r\n该订单编号为： 2009092762405  请记住这个编号以便日后的查询。\r\nSV-Cart演示网站 http://data.branches.seevia.cn/\r\n2009-09-27 20:09:28', 'html', '0', '2009-09-27 20:13:28', '2009-09-27 20:13:28'),
(70, 'SV-Cart演示网站', 'wateres;wateres@16333.comn', ';', ';', 'SV-Cart演示网站 - 订单确认邮件', '亲爱的 wateres  ，你好！<br />\r\n我们已经收到您于  2009-09-27 18:56:36  提交的订单。<br />\r\n\r\n订单的商品信息: <br />\r\n------------------------------------- <br />商品ID：60<br />商品名：花式墨镜<br />商品编号：t-2009<br />商品价格：6888.00 <br />购买数量：1<br />------------------------------------- <br />\r\n\r\n\r\n该订单编号为： 2009092762405  请记住这个编号以便日后的查询。 <br />\r\nSV-Cart演示网站 <a href=''http://data.branches.seevia.cn/''>http://data.branches.seevia.cn/</a><br />\r\n2009-09-27 20:09:58', '亲爱的 wateres  ，你好！\r\n我们已经收到您于  2009-09-27 18:56:36  提交的订单。\r\n\r\n订单的商品信息: \r\n------------------------------------- <br />商品ID：60<br />商品名：花式墨镜<br />商品编号：t-2009<br />商品价格：6888.00 <br />购买数量：1<br />------------------------------------- <br />\r\n\r\n\r\n该订单编号为： 2009092762405  请记住这个编号以便日后的查询。\r\nSV-Cart演示网站 http://data.branches.seevia.cn/\r\n2009-09-27 20:09:58', 'html', '0', '2009-09-27 20:12:58', '2009-09-27 20:12:58'),
(71, 'SV-Cart演示网站', 'ginsmap;shenyunfeng@seevia.cn', ';', ';', 'SV-Cart演示网站 - 订单确认邮件', '亲爱的 ginsmap  ，你好！<br />\r\n我们已经收到您于  2009-09-24 16:04:34  提交的订单。<br />\r\n\r\n订单的商品信息: <br />\r\n------------------------------------- <br />商品ID：31<br />商品名：诺基亚 N86<br />商品编号：SV000031<br />商品价格：3999.00 <br />购买数量：1<br />------------------------------------- <br />------------------------------------- <br />商品ID：3<br />商品名：传统玻璃手镯<br />商品编号：svcart000003<br />商品价格：10000.00 <br />购买数量：1<br />------------------------------------- <br />------------------------------------- <br />商品ID：25<br />商品名：诺基亚 E71<br />商品编号：SV000025<br />商品价格：2239.00 <br />购买数量：1<br />------------------------------------- <br />------------------------------------- <br />商品ID：45<br />商品名：商务休闲裤（标准款）深卡其<br />商品编号：SV000045<br />商品价格：79.00 <br />购买数量：2<br />------------------------------------- <br />------------------------------------- <br />商品ID：34<br />商品名：诺基亚 N97<br />商品编号：SV000034<br />商品价格：5788.00 <br />购买数量：1<br />------------------------------------- <br />------------------------------------- <br />商品ID：5<br />商品名：Classical Oriental Jade earrings jade<br />商品编号：svcart000005<br />商品价格：3000.00 <br />购买数量：1<br />------------------------------------- <br />------------------------------------- <br />商品ID：19<br />商品名：诺基亚 5800<br />商品编号：SV000019<br />商品价格：2679.00 <br />购买数量：1<br />------------------------------------- <br />------------------------------------- <br />商品ID：33<br />商品名：诺基亚 N96<br />商品编号：SV000033<br />商品价格：3629.00 <br />购买数量：1<br />------------------------------------- <br />------------------------------------- <br />商品ID：48<br />商品名：欧式丝光舒适板鞋（女款） 黑色<br />商品编号：SV000048<br />商品价格：99.00 <br />购买数量：1<br />------------------------------------- <br />------------------------------------- <br />商品ID：18<br />商品名：诺基亚 5630XM<br />商品编号：SV000018<br />商品价格：1619.00 <br />购买数量：1<br />------------------------------------- <br />------------------------------------- <br />商品ID：7<br />商品名：观音玉坠<br />商品编号：svcart000007<br />商品价格：29999.00 <br />购买数量：1<br />------------------------------------- <br />------------------------------------- <br />商品ID：14<br />商品名：带帽长款条纹T恤 浅粉色<br />商品编号：SV000014<br />商品价格：88.00 <br />购买数量：1<br />------------------------------------- <br />------------------------------------- <br />商品ID：6<br />商品名：中国柱状玉耳环<br />商品编号：svcart000006<br />商品价格：2000.00 <br />购买数量：1<br />------------------------------------- <br />------------------------------------- <br />商品ID：47<br />商品名：欧式丝光舒适板鞋（女款） 蓝色<br />商品编号：SV000047<br />商品价格：99.00 <br />购买数量：1<br />------------------------------------- <br />------------------------------------- <br />商品ID：43<br />商品名：商务休闲裤（标准款） 黑色<br />商品编号：SV000043<br />商品价格：79.00 <br />购买数量：1<br />------------------------------------- <br />------------------------------------- <br />商品ID：44<br />商品名：商务休闲裤（标准款） 浅卡其<br />商品编号：SV000044<br />商品价格：79.00 <br />购买数量：1<br />------------------------------------- <br />------------------------------------- <br />商品ID：16<br />商品名：速干圆领印花T恤sea life 中国红<br />商品编号：SV000016<br />商品价格：59.00 <br />购买数量：2<br />------------------------------------- <br />------------------------------------- <br />商品ID：51<br />商品名：欧式丝光舒适板鞋（女款） 灰色<br />商品编号：SV000051<br />商品价格：99.00 <br />购买数量：1<br />------------------------------------- <br />------------------------------------- <br />商品ID：52<br />商品名：欧式丝光舒适板鞋（女款） 紫色<br />商品编号：SV000052<br />商品价格：99.00 <br />购买数量：1<br />------------------------------------- <br />\r\n\r\n\r\n该订单编号为： 2009092453563  请记住这个编号以便日后的查询。 <br />\r\nSV-Cart演示网站 <a href=''http://data.branches.seevia.cn/''>http://data.branches.seevia.cn/</a><br />\r\n2009-09-27 20:09:39', '亲爱的 ginsmap  ，你好！\r\n我们已经收到您于  2009-09-24 16:04:34  提交的订单。\r\n\r\n订单的商品信息: \r\n------------------------------------- <br />商品ID：31<br />商品名：诺基亚 N86<br />商品编号：SV000031<br />商品价格：3999.00 <br />购买数量：1<br />------------------------------------- <br />------------------------------------- <br />商品ID：3<br />商品名：传统玻璃手镯<br />商品编号：svcart000003<br />商品价格：10000.00 <br />购买数量：1<br />------------------------------------- <br />------------------------------------- <br />商品ID：25<br />商品名：诺基亚 E71<br />商品编号：SV000025<br />商品价格：2239.00 <br />购买数量：1<br />------------------------------------- <br />------------------------------------- <br />商品ID：45<br />商品名：商务休闲裤（标准款）深卡其<br />商品编号：SV000045<br />商品价格：79.00 <br />购买数量：2<br />------------------------------------- <br />------------------------------------- <br />商品ID：34<br />商品名：诺基亚 N97<br />商品编号：SV000034<br />商品价格：5788.00 <br />购买数量：1<br />------------------------------------- <br />------------------------------------- <br />商品ID：5<br />商品名：Classical Oriental Jade earrings jade<br />商品编号：svcart000005<br />商品价格：3000.00 <br />购买数量：1<br />------------------------------------- <br />------------------------------------- <br />商品ID：19<br />商品名：诺基亚 5800<br />商品编号：SV000019<br />商品价格：2679.00 <br />购买数量：1<br />------------------------------------- <br />------------------------------------- <br />商品ID：33<br />商品名：诺基亚 N96<br />商品编号：SV000033<br />商品价格：3629.00 <br />购买数量：1<br />------------------------------------- <br />------------------------------------- <br />商品ID：48<br />商品名：欧式丝光舒适板鞋（女款） 黑色<br />商品编号：SV000048<br />商品价格：99.00 <br />购买数量：1<br />------------------------------------- <br />------------------------------------- <br />商品ID：18<br />商品名：诺基亚 5630XM<br />商品编号：SV000018<br />商品价格：1619.00 <br />购买数量：1<br />------------------------------------- <br />------------------------------------- <br />商品ID：7<br />商品名：观音玉坠<br />商品编号：svcart000007<br />商品价格：29999.00 <br />购买数量：1<br />------------------------------------- <br />------------------------------------- <br />商品ID：14<br />商品名：带帽长款条纹T恤 浅粉色<br />商品编号：SV000014<br />商品价格：88.00 <br />购买数量：1<br />------------------------------------- <br />------------------------------------- <br />商品ID：6<br />商品名：中国柱状玉耳环<br />商品编号：svcart000006<br />商品价格：2000.00 <br />购买数量：1<br />------------------------------------- <br />------------------------------------- <br />商品ID：47<br />商品名：欧式丝光舒适板鞋（女款） 蓝色<br />商品编号：SV000047<br />商品价格：99.00 <br />购买数量：1<br />------------------------------------- <br />------------------------------------- <br />商品ID：43<br />商品名：商务休闲裤（标准款） 黑色<br />商品编号：SV000043<br />商品价格：79.00 <br />购买数量：1<br />------------------------------------- <br />------------------------------------- <br />商品ID：44<br />商品名：商务休闲裤（标准款） 浅卡其<br />商品编号：SV000044<br />商品价格：79.00 <br />购买数量：1<br />------------------------------------- <br />------------------------------------- <br />商品ID：16<br />商品名：速干圆领印花T恤sea life 中国红<br />商品编号：SV000016<br />商品价格：59.00 <br />购买数量：2<br />------------------------------------- <br />------------------------------------- <br />商品ID：51<br />商品名：欧式丝光舒适板鞋（女款） 灰色<br />商品编号：SV000051<br />商品价格：99.00 <br />购买数量：1<br />------------------------------------- <br />------------------------------------- <br />商品ID：52<br />商品名：欧式丝光舒适板鞋（女款） 紫色<br />商品编号：SV000052<br />商品价格：99.00 <br />购买数量：1<br />------------------------------------- <br />\r\n\r\n\r\n该订单编号为： 2009092453563  请记住这个编号以便日后的查询。\r\nSV-Cart演示网站 http://data.branches.seevia.cn/\r\n2009-09-27 20:09:39', 'html', '0', '2009-09-27 20:18:39', '2009-09-27 20:18:39'),
(72, 'SV-Cart演示网站', 'leo.wanta;23148953@qq.com', ';', ';', 'SV-Cart演示网站 - 到货通知', '亲爱的 leo.wanta ， 你好  \r\n您所登记商品 诺基亚N85 已到货\r\n点击下面地址查看\r\nhttp://data.branches.seevia.cn//products/55 \r\nSV-Cart演示网站 http://data.branches.seevia.cn/\r\n2009-09-27 20:09:23 ', '亲爱的 leo.wanta ， 你好  \r\n您所登记商品 诺基亚N85 已到货\r\n点击下面地址查看\r\nhttp://data.branches.seevia.cn//products/55 \r\nSV-Cart演示网站 http://data.branches.seevia.cn/\r\n2009-09-27 20:09:23 ', 'html', '0', '2009-09-27 20:21:23', '2009-09-27 20:21:23'),
(73, 'SV-Cart演示网站', 'wateres;wateres@16333.comn', ';', ';', 'SV-Cart演示网站 - 订单确认邮件', '亲爱的 wateres  ，你好！<br />\r\n我们已经收到您于  2009-09-27 18:56:36  提交的订单。<br />\r\n\r\n订单的商品信息: <br />\r\n------------------------------------- <br />商品ID：60<br />商品名：花式墨镜<br />商品编号：t-2009<br />商品价格：6888.00 <br />购买数量：1<br />------------------------------------- <br />\r\n\r\n\r\n该订单编号为： 2009092762405  请记住这个编号以便日后的查询。 <br />\r\nSV-Cart演示网站 <a href=''http://data.branches.seevia.cn/''>http://data.branches.seevia.cn/</a><br />\r\n2009-09-27 20:09:29', '亲爱的 wateres  ，你好！\r\n我们已经收到您于  2009-09-27 18:56:36  提交的订单。\r\n\r\n订单的商品信息: \r\n------------------------------------- <br />商品ID：60<br />商品名：花式墨镜<br />商品编号：t-2009<br />商品价格：6888.00 <br />购买数量：1<br />------------------------------------- <br />\r\n\r\n\r\n该订单编号为： 2009092762405  请记住这个编号以便日后的查询。\r\nSV-Cart演示网站 http://data.branches.seevia.cn/\r\n2009-09-27 20:09:29', 'html', '0', '2009-09-27 20:16:29', '2009-09-27 20:16:29'),
(74, 'SV-Cart演示网站', 'wateres;wateres@16333.comn', ';', ';', 'SV-Cart演示网站 - 订单确认邮件', '亲爱的 wateres  ，你好！<br />\r\n我们已经收到您于  2009-09-27 18:56:36  提交的订单。<br />\r\n\r\n订单的商品信息: <br />\r\n------------------------------------- <br />商品ID：60<br />商品名：花式墨镜<br />商品编号：t-2009<br />商品价格：6888.00 <br />购买数量：1<br />------------------------------------- <br />\r\n\r\n\r\n该订单编号为： 2009092762405  请记住这个编号以便日后的查询。 <br />\r\nSV-Cart演示网站 <a href=''http://data.branches.seevia.cn/''>http://data.branches.seevia.cn/</a><br />\r\n2009-09-27 20:09:16', '亲爱的 wateres  ，你好！\r\n我们已经收到您于  2009-09-27 18:56:36  提交的订单。\r\n\r\n订单的商品信息: \r\n------------------------------------- <br />商品ID：60<br />商品名：花式墨镜<br />商品编号：t-2009<br />商品价格：6888.00 <br />购买数量：1<br />------------------------------------- <br />\r\n\r\n\r\n该订单编号为： 2009092762405  请记住这个编号以便日后的查询。\r\nSV-Cart演示网站 http://data.branches.seevia.cn/\r\n2009-09-27 20:09:16', 'html', '0', '2009-09-27 20:15:16', '2009-09-27 20:15:16'),
(75, 'SV-Cart演示网站', 'wateres;wateres@16333.comn', ';', ';', 'SV-Cart演示网站 - 订单确认邮件', '亲爱的 wateres  ，你好！<br />\r\n我们已经收到您于  2009-09-27 18:56:36  提交的订单。<br />\r\n\r\n订单的商品信息: <br />\r\n------------------------------------- <br />商品ID：60<br />商品名：花式墨镜<br />商品编号：t-2009<br />商品价格：6888.00 <br />购买数量：1<br />------------------------------------- <br />\r\n\r\n\r\n该订单编号为： 2009092762405  请记住这个编号以便日后的查询。 <br />\r\nSV-Cart演示网站 <a href=''http://data.branches.seevia.cn/''>http://data.branches.seevia.cn/</a><br />\r\n2009-09-27 20:09:28', '亲爱的 wateres  ，你好！\r\n我们已经收到您于  2009-09-27 18:56:36  提交的订单。\r\n\r\n订单的商品信息: \r\n------------------------------------- <br />商品ID：60<br />商品名：花式墨镜<br />商品编号：t-2009<br />商品价格：6888.00 <br />购买数量：1<br />------------------------------------- <br />\r\n\r\n\r\n该订单编号为： 2009092762405  请记住这个编号以便日后的查询。\r\nSV-Cart演示网站 http://data.branches.seevia.cn/\r\n2009-09-27 20:09:28', 'html', '0', '2009-09-27 20:13:28', '2009-09-27 20:13:28');
INSERT INTO `svcart_mail_send_histories` (`id`, `sender_name`, `receiver_email`, `cc_email`, `bcc_email`, `title`, `html_body`, `text_body`, `sendas`, `flag`, `created`, `modified`) VALUES
(76, 'SV-Cart演示网站', 'ginsmap;shenyunfeng@seevia.cn', ';', ';', 'SV-Cart演示网站 - 订单确认邮件', '亲爱的 ginsmap  ，你好！<br />\r\n我们已经收到您于  2009-09-24 16:04:34  提交的订单。<br />\r\n\r\n订单的商品信息: <br />\r\n------------------------------------- <br />商品ID：31<br />商品名：诺基亚 N86<br />商品编号：SV000031<br />商品价格：3999.00 <br />购买数量：1<br />------------------------------------- <br />------------------------------------- <br />商品ID：3<br />商品名：传统玻璃手镯<br />商品编号：svcart000003<br />商品价格：10000.00 <br />购买数量：1<br />------------------------------------- <br />------------------------------------- <br />商品ID：25<br />商品名：诺基亚 E71<br />商品编号：SV000025<br />商品价格：2239.00 <br />购买数量：1<br />------------------------------------- <br />------------------------------------- <br />商品ID：45<br />商品名：商务休闲裤（标准款）深卡其<br />商品编号：SV000045<br />商品价格：79.00 <br />购买数量：2<br />------------------------------------- <br />------------------------------------- <br />商品ID：34<br />商品名：诺基亚 N97<br />商品编号：SV000034<br />商品价格：5788.00 <br />购买数量：1<br />------------------------------------- <br />------------------------------------- <br />商品ID：5<br />商品名：Classical Oriental Jade earrings jade<br />商品编号：svcart000005<br />商品价格：3000.00 <br />购买数量：1<br />------------------------------------- <br />------------------------------------- <br />商品ID：19<br />商品名：诺基亚 5800<br />商品编号：SV000019<br />商品价格：2679.00 <br />购买数量：1<br />------------------------------------- <br />------------------------------------- <br />商品ID：33<br />商品名：诺基亚 N96<br />商品编号：SV000033<br />商品价格：3629.00 <br />购买数量：1<br />------------------------------------- <br />------------------------------------- <br />商品ID：48<br />商品名：欧式丝光舒适板鞋（女款） 黑色<br />商品编号：SV000048<br />商品价格：99.00 <br />购买数量：1<br />------------------------------------- <br />------------------------------------- <br />商品ID：18<br />商品名：诺基亚 5630XM<br />商品编号：SV000018<br />商品价格：1619.00 <br />购买数量：1<br />------------------------------------- <br />------------------------------------- <br />商品ID：7<br />商品名：观音玉坠<br />商品编号：svcart000007<br />商品价格：29999.00 <br />购买数量：1<br />------------------------------------- <br />------------------------------------- <br />商品ID：14<br />商品名：带帽长款条纹T恤 浅粉色<br />商品编号：SV000014<br />商品价格：88.00 <br />购买数量：1<br />------------------------------------- <br />------------------------------------- <br />商品ID：6<br />商品名：中国柱状玉耳环<br />商品编号：svcart000006<br />商品价格：2000.00 <br />购买数量：1<br />------------------------------------- <br />------------------------------------- <br />商品ID：47<br />商品名：欧式丝光舒适板鞋（女款） 蓝色<br />商品编号：SV000047<br />商品价格：99.00 <br />购买数量：1<br />------------------------------------- <br />------------------------------------- <br />商品ID：43<br />商品名：商务休闲裤（标准款） 黑色<br />商品编号：SV000043<br />商品价格：79.00 <br />购买数量：1<br />------------------------------------- <br />------------------------------------- <br />商品ID：44<br />商品名：商务休闲裤（标准款） 浅卡其<br />商品编号：SV000044<br />商品价格：79.00 <br />购买数量：1<br />------------------------------------- <br />------------------------------------- <br />商品ID：16<br />商品名：速干圆领印花T恤sea life 中国红<br />商品编号：SV000016<br />商品价格：59.00 <br />购买数量：2<br />------------------------------------- <br />------------------------------------- <br />商品ID：51<br />商品名：欧式丝光舒适板鞋（女款） 灰色<br />商品编号：SV000051<br />商品价格：99.00 <br />购买数量：1<br />------------------------------------- <br />------------------------------------- <br />商品ID：52<br />商品名：欧式丝光舒适板鞋（女款） 紫色<br />商品编号：SV000052<br />商品价格：99.00 <br />购买数量：1<br />------------------------------------- <br />\r\n\r\n\r\n该订单编号为： 2009092453563  请记住这个编号以便日后的查询。 <br />\r\nSV-Cart演示网站 <a href=''http://data.branches.seevia.cn/''>http://data.branches.seevia.cn/</a><br />\r\n2009-09-27 20:09:39', '亲爱的 ginsmap  ，你好！\r\n我们已经收到您于  2009-09-24 16:04:34  提交的订单。\r\n\r\n订单的商品信息: \r\n------------------------------------- <br />商品ID：31<br />商品名：诺基亚 N86<br />商品编号：SV000031<br />商品价格：3999.00 <br />购买数量：1<br />------------------------------------- <br />------------------------------------- <br />商品ID：3<br />商品名：传统玻璃手镯<br />商品编号：svcart000003<br />商品价格：10000.00 <br />购买数量：1<br />------------------------------------- <br />------------------------------------- <br />商品ID：25<br />商品名：诺基亚 E71<br />商品编号：SV000025<br />商品价格：2239.00 <br />购买数量：1<br />------------------------------------- <br />------------------------------------- <br />商品ID：45<br />商品名：商务休闲裤（标准款）深卡其<br />商品编号：SV000045<br />商品价格：79.00 <br />购买数量：2<br />------------------------------------- <br />------------------------------------- <br />商品ID：34<br />商品名：诺基亚 N97<br />商品编号：SV000034<br />商品价格：5788.00 <br />购买数量：1<br />------------------------------------- <br />------------------------------------- <br />商品ID：5<br />商品名：Classical Oriental Jade earrings jade<br />商品编号：svcart000005<br />商品价格：3000.00 <br />购买数量：1<br />------------------------------------- <br />------------------------------------- <br />商品ID：19<br />商品名：诺基亚 5800<br />商品编号：SV000019<br />商品价格：2679.00 <br />购买数量：1<br />------------------------------------- <br />------------------------------------- <br />商品ID：33<br />商品名：诺基亚 N96<br />商品编号：SV000033<br />商品价格：3629.00 <br />购买数量：1<br />------------------------------------- <br />------------------------------------- <br />商品ID：48<br />商品名：欧式丝光舒适板鞋（女款） 黑色<br />商品编号：SV000048<br />商品价格：99.00 <br />购买数量：1<br />------------------------------------- <br />------------------------------------- <br />商品ID：18<br />商品名：诺基亚 5630XM<br />商品编号：SV000018<br />商品价格：1619.00 <br />购买数量：1<br />------------------------------------- <br />------------------------------------- <br />商品ID：7<br />商品名：观音玉坠<br />商品编号：svcart000007<br />商品价格：29999.00 <br />购买数量：1<br />------------------------------------- <br />------------------------------------- <br />商品ID：14<br />商品名：带帽长款条纹T恤 浅粉色<br />商品编号：SV000014<br />商品价格：88.00 <br />购买数量：1<br />------------------------------------- <br />------------------------------------- <br />商品ID：6<br />商品名：中国柱状玉耳环<br />商品编号：svcart000006<br />商品价格：2000.00 <br />购买数量：1<br />------------------------------------- <br />------------------------------------- <br />商品ID：47<br />商品名：欧式丝光舒适板鞋（女款） 蓝色<br />商品编号：SV000047<br />商品价格：99.00 <br />购买数量：1<br />------------------------------------- <br />------------------------------------- <br />商品ID：43<br />商品名：商务休闲裤（标准款） 黑色<br />商品编号：SV000043<br />商品价格：79.00 <br />购买数量：1<br />------------------------------------- <br />------------------------------------- <br />商品ID：44<br />商品名：商务休闲裤（标准款） 浅卡其<br />商品编号：SV000044<br />商品价格：79.00 <br />购买数量：1<br />------------------------------------- <br />------------------------------------- <br />商品ID：16<br />商品名：速干圆领印花T恤sea life 中国红<br />商品编号：SV000016<br />商品价格：59.00 <br />购买数量：2<br />------------------------------------- <br />------------------------------------- <br />商品ID：51<br />商品名：欧式丝光舒适板鞋（女款） 灰色<br />商品编号：SV000051<br />商品价格：99.00 <br />购买数量：1<br />------------------------------------- <br />------------------------------------- <br />商品ID：52<br />商品名：欧式丝光舒适板鞋（女款） 紫色<br />商品编号：SV000052<br />商品价格：99.00 <br />购买数量：1<br />------------------------------------- <br />\r\n\r\n\r\n该订单编号为： 2009092453563  请记住这个编号以便日后的查询。\r\nSV-Cart演示网站 http://data.branches.seevia.cn/\r\n2009-09-27 20:09:39', 'html', '0', '2009-09-27 20:18:39', '2009-09-27 20:18:39'),
(77, 'SV-Cart演示网站', 'leo.wanta;23148953@qq.com', ';', ';', 'SV-Cart演示网站 - 到货通知', '亲爱的 leo.wanta ， 你好  \r\n您所登记商品 诺基亚N85 已到货\r\n点击下面地址查看\r\nhttp://data.branches.seevia.cn//products/55 \r\nSV-Cart演示网站 http://data.branches.seevia.cn/\r\n2009-09-27 20:09:23 ', '亲爱的 leo.wanta ， 你好  \r\n您所登记商品 诺基亚N85 已到货\r\n点击下面地址查看\r\nhttp://data.branches.seevia.cn//products/55 \r\nSV-Cart演示网站 http://data.branches.seevia.cn/\r\n2009-09-27 20:09:23 ', 'html', '0', '2009-09-27 20:21:23', '2009-09-27 20:21:23'),
(78, 'SV-Cart演示网站', 'leo.wanta;23148953@qq.com', ';', ';', 'SV-Cart演示网站 - 到货通知', '亲爱的 leo.wanta ， 你好  \r\n您所登记商品 诺基亚N85 已到货\r\n点击下面地址查看\r\nhttp://data.branches.seevia.cn//products/55 \r\nSV-Cart演示网站 http://data.branches.seevia.cn/\r\n2009-09-27 20:09:58 ', '亲爱的 leo.wanta ， 你好  \r\n您所登记商品 诺基亚N85 已到货\r\n点击下面地址查看\r\nhttp://data.branches.seevia.cn//products/55 \r\nSV-Cart演示网站 http://data.branches.seevia.cn/\r\n2009-09-27 20:09:58 ', 'html', '0', '2009-09-27 20:21:58', '2009-09-27 20:21:58'),
(79, 'SV-Cart演示网站', 'wateres;wateres@16333.comn', ';', ';', 'SV-Cart演示网站 - 订单确认邮件', '亲爱的 wateres  ，你好！<br />\r\n我们已经收到您于  2009-09-27 18:56:36  提交的订单。<br />\r\n\r\n订单的商品信息: <br />\r\n------------------------------------- <br />商品ID：60<br />商品名：花式墨镜<br />商品编号：t-2009<br />商品价格：6888.00 <br />购买数量：1<br />------------------------------------- <br />\r\n\r\n\r\n该订单编号为： 2009092762405  请记住这个编号以便日后的查询。 <br />\r\nSV-Cart演示网站 <a href=''http://data.branches.seevia.cn/''>http://data.branches.seevia.cn/</a><br />\r\n2009-09-27 20:09:29', '亲爱的 wateres  ，你好！\r\n我们已经收到您于  2009-09-27 18:56:36  提交的订单。\r\n\r\n订单的商品信息: \r\n------------------------------------- <br />商品ID：60<br />商品名：花式墨镜<br />商品编号：t-2009<br />商品价格：6888.00 <br />购买数量：1<br />------------------------------------- <br />\r\n\r\n\r\n该订单编号为： 2009092762405  请记住这个编号以便日后的查询。\r\nSV-Cart演示网站 http://data.branches.seevia.cn/\r\n2009-09-27 20:09:29', 'html', '0', '2009-09-27 20:16:29', '2009-09-27 20:16:29'),
(80, 'SV-Cart演示网站', 'wateres;wateres@16333.comn', ';', ';', 'SV-Cart演示网站 - 订单确认邮件', '亲爱的 wateres  ，你好！<br />\r\n我们已经收到您于  2009-09-27 18:56:36  提交的订单。<br />\r\n\r\n订单的商品信息: <br />\r\n------------------------------------- <br />商品ID：60<br />商品名：花式墨镜<br />商品编号：t-2009<br />商品价格：6888.00 <br />购买数量：1<br />------------------------------------- <br />\r\n\r\n\r\n该订单编号为： 2009092762405  请记住这个编号以便日后的查询。 <br />\r\nSV-Cart演示网站 <a href=''http://data.branches.seevia.cn/''>http://data.branches.seevia.cn/</a><br />\r\n2009-09-27 20:09:16', '亲爱的 wateres  ，你好！\r\n我们已经收到您于  2009-09-27 18:56:36  提交的订单。\r\n\r\n订单的商品信息: \r\n------------------------------------- <br />商品ID：60<br />商品名：花式墨镜<br />商品编号：t-2009<br />商品价格：6888.00 <br />购买数量：1<br />------------------------------------- <br />\r\n\r\n\r\n该订单编号为： 2009092762405  请记住这个编号以便日后的查询。\r\nSV-Cart演示网站 http://data.branches.seevia.cn/\r\n2009-09-27 20:09:16', 'html', '0', '2009-09-27 20:15:16', '2009-09-27 20:15:16'),
(81, 'SV-Cart演示网站', 'ginsmap;shenyunfeng@seevia.cn', ';', ';', 'SV-Cart演示网站 - 订单确认邮件', '亲爱的 ginsmap  ，你好！<br />\r\n我们已经收到您于  2009-09-24 16:04:34  提交的订单。<br />\r\n\r\n订单的商品信息: <br />\r\n------------------------------------- <br />商品ID：31<br />商品名：诺基亚 N86<br />商品编号：SV000031<br />商品价格：3999.00 <br />购买数量：1<br />------------------------------------- <br />------------------------------------- <br />商品ID：3<br />商品名：传统玻璃手镯<br />商品编号：svcart000003<br />商品价格：10000.00 <br />购买数量：1<br />------------------------------------- <br />------------------------------------- <br />商品ID：25<br />商品名：诺基亚 E71<br />商品编号：SV000025<br />商品价格：2239.00 <br />购买数量：1<br />------------------------------------- <br />------------------------------------- <br />商品ID：45<br />商品名：商务休闲裤（标准款）深卡其<br />商品编号：SV000045<br />商品价格：79.00 <br />购买数量：2<br />------------------------------------- <br />------------------------------------- <br />商品ID：34<br />商品名：诺基亚 N97<br />商品编号：SV000034<br />商品价格：5788.00 <br />购买数量：1<br />------------------------------------- <br />------------------------------------- <br />商品ID：5<br />商品名：Classical Oriental Jade earrings jade<br />商品编号：svcart000005<br />商品价格：3000.00 <br />购买数量：1<br />------------------------------------- <br />------------------------------------- <br />商品ID：19<br />商品名：诺基亚 5800<br />商品编号：SV000019<br />商品价格：2679.00 <br />购买数量：1<br />------------------------------------- <br />------------------------------------- <br />商品ID：33<br />商品名：诺基亚 N96<br />商品编号：SV000033<br />商品价格：3629.00 <br />购买数量：1<br />------------------------------------- <br />------------------------------------- <br />商品ID：48<br />商品名：欧式丝光舒适板鞋（女款） 黑色<br />商品编号：SV000048<br />商品价格：99.00 <br />购买数量：1<br />------------------------------------- <br />------------------------------------- <br />商品ID：18<br />商品名：诺基亚 5630XM<br />商品编号：SV000018<br />商品价格：1619.00 <br />购买数量：1<br />------------------------------------- <br />------------------------------------- <br />商品ID：7<br />商品名：观音玉坠<br />商品编号：svcart000007<br />商品价格：29999.00 <br />购买数量：1<br />------------------------------------- <br />------------------------------------- <br />商品ID：14<br />商品名：带帽长款条纹T恤 浅粉色<br />商品编号：SV000014<br />商品价格：88.00 <br />购买数量：1<br />------------------------------------- <br />------------------------------------- <br />商品ID：6<br />商品名：中国柱状玉耳环<br />商品编号：svcart000006<br />商品价格：2000.00 <br />购买数量：1<br />------------------------------------- <br />------------------------------------- <br />商品ID：47<br />商品名：欧式丝光舒适板鞋（女款） 蓝色<br />商品编号：SV000047<br />商品价格：99.00 <br />购买数量：1<br />------------------------------------- <br />------------------------------------- <br />商品ID：43<br />商品名：商务休闲裤（标准款） 黑色<br />商品编号：SV000043<br />商品价格：79.00 <br />购买数量：1<br />------------------------------------- <br />------------------------------------- <br />商品ID：44<br />商品名：商务休闲裤（标准款） 浅卡其<br />商品编号：SV000044<br />商品价格：79.00 <br />购买数量：1<br />------------------------------------- <br />------------------------------------- <br />商品ID：16<br />商品名：速干圆领印花T恤sea life 中国红<br />商品编号：SV000016<br />商品价格：59.00 <br />购买数量：2<br />------------------------------------- <br />------------------------------------- <br />商品ID：51<br />商品名：欧式丝光舒适板鞋（女款） 灰色<br />商品编号：SV000051<br />商品价格：99.00 <br />购买数量：1<br />------------------------------------- <br />------------------------------------- <br />商品ID：52<br />商品名：欧式丝光舒适板鞋（女款） 紫色<br />商品编号：SV000052<br />商品价格：99.00 <br />购买数量：1<br />------------------------------------- <br />\r\n\r\n\r\n该订单编号为： 2009092453563  请记住这个编号以便日后的查询。 <br />\r\nSV-Cart演示网站 <a href=''http://data.branches.seevia.cn/''>http://data.branches.seevia.cn/</a><br />\r\n2009-09-27 20:09:39', '亲爱的 ginsmap  ，你好！\r\n我们已经收到您于  2009-09-24 16:04:34  提交的订单。\r\n\r\n订单的商品信息: \r\n------------------------------------- <br />商品ID：31<br />商品名：诺基亚 N86<br />商品编号：SV000031<br />商品价格：3999.00 <br />购买数量：1<br />------------------------------------- <br />------------------------------------- <br />商品ID：3<br />商品名：传统玻璃手镯<br />商品编号：svcart000003<br />商品价格：10000.00 <br />购买数量：1<br />------------------------------------- <br />------------------------------------- <br />商品ID：25<br />商品名：诺基亚 E71<br />商品编号：SV000025<br />商品价格：2239.00 <br />购买数量：1<br />------------------------------------- <br />------------------------------------- <br />商品ID：45<br />商品名：商务休闲裤（标准款）深卡其<br />商品编号：SV000045<br />商品价格：79.00 <br />购买数量：2<br />------------------------------------- <br />------------------------------------- <br />商品ID：34<br />商品名：诺基亚 N97<br />商品编号：SV000034<br />商品价格：5788.00 <br />购买数量：1<br />------------------------------------- <br />------------------------------------- <br />商品ID：5<br />商品名：Classical Oriental Jade earrings jade<br />商品编号：svcart000005<br />商品价格：3000.00 <br />购买数量：1<br />------------------------------------- <br />------------------------------------- <br />商品ID：19<br />商品名：诺基亚 5800<br />商品编号：SV000019<br />商品价格：2679.00 <br />购买数量：1<br />------------------------------------- <br />------------------------------------- <br />商品ID：33<br />商品名：诺基亚 N96<br />商品编号：SV000033<br />商品价格：3629.00 <br />购买数量：1<br />------------------------------------- <br />------------------------------------- <br />商品ID：48<br />商品名：欧式丝光舒适板鞋（女款） 黑色<br />商品编号：SV000048<br />商品价格：99.00 <br />购买数量：1<br />------------------------------------- <br />------------------------------------- <br />商品ID：18<br />商品名：诺基亚 5630XM<br />商品编号：SV000018<br />商品价格：1619.00 <br />购买数量：1<br />------------------------------------- <br />------------------------------------- <br />商品ID：7<br />商品名：观音玉坠<br />商品编号：svcart000007<br />商品价格：29999.00 <br />购买数量：1<br />------------------------------------- <br />------------------------------------- <br />商品ID：14<br />商品名：带帽长款条纹T恤 浅粉色<br />商品编号：SV000014<br />商品价格：88.00 <br />购买数量：1<br />------------------------------------- <br />------------------------------------- <br />商品ID：6<br />商品名：中国柱状玉耳环<br />商品编号：svcart000006<br />商品价格：2000.00 <br />购买数量：1<br />------------------------------------- <br />------------------------------------- <br />商品ID：47<br />商品名：欧式丝光舒适板鞋（女款） 蓝色<br />商品编号：SV000047<br />商品价格：99.00 <br />购买数量：1<br />------------------------------------- <br />------------------------------------- <br />商品ID：43<br />商品名：商务休闲裤（标准款） 黑色<br />商品编号：SV000043<br />商品价格：79.00 <br />购买数量：1<br />------------------------------------- <br />------------------------------------- <br />商品ID：44<br />商品名：商务休闲裤（标准款） 浅卡其<br />商品编号：SV000044<br />商品价格：79.00 <br />购买数量：1<br />------------------------------------- <br />------------------------------------- <br />商品ID：16<br />商品名：速干圆领印花T恤sea life 中国红<br />商品编号：SV000016<br />商品价格：59.00 <br />购买数量：2<br />------------------------------------- <br />------------------------------------- <br />商品ID：51<br />商品名：欧式丝光舒适板鞋（女款） 灰色<br />商品编号：SV000051<br />商品价格：99.00 <br />购买数量：1<br />------------------------------------- <br />------------------------------------- <br />商品ID：52<br />商品名：欧式丝光舒适板鞋（女款） 紫色<br />商品编号：SV000052<br />商品价格：99.00 <br />购买数量：1<br />------------------------------------- <br />\r\n\r\n\r\n该订单编号为： 2009092453563  请记住这个编号以便日后的查询。\r\nSV-Cart演示网站 http://data.branches.seevia.cn/\r\n2009-09-27 20:09:39', 'html', '0', '2009-09-27 20:18:39', '2009-09-27 20:18:39'),
(82, 'SV-Cart演示网站', 'leo.wanta;23148953@qq.com', ';', ';', 'SV-Cart演示网站 - 到货通知', '亲爱的 leo.wanta ， 你好  \r\n您所登记商品 诺基亚N85 已到货\r\n点击下面地址查看\r\nhttp://data.branches.seevia.cn//products/55 \r\nSV-Cart演示网站 http://data.branches.seevia.cn/\r\n2009-09-27 20:09:23 ', '亲爱的 leo.wanta ， 你好  \r\n您所登记商品 诺基亚N85 已到货\r\n点击下面地址查看\r\nhttp://data.branches.seevia.cn//products/55 \r\nSV-Cart演示网站 http://data.branches.seevia.cn/\r\n2009-09-27 20:09:23 ', 'html', '0', '2009-09-27 20:21:23', '2009-09-27 20:21:23'),
(83, 'SV-Cart演示网站', 'leo.wanta;23148953@qq.com', ';', ';', 'SV-Cart演示网站 - 到货通知', '亲爱的 leo.wanta ， 你好  \r\n您所登记商品 诺基亚N85 已到货\r\n点击下面地址查看\r\nhttp://data.branches.seevia.cn//products/55 \r\nSV-Cart演示网站 http://data.branches.seevia.cn/\r\n2009-09-27 20:09:58 ', '亲爱的 leo.wanta ， 你好  \r\n您所登记商品 诺基亚N85 已到货\r\n点击下面地址查看\r\nhttp://data.branches.seevia.cn//products/55 \r\nSV-Cart演示网站 http://data.branches.seevia.cn/\r\n2009-09-27 20:09:58 ', 'html', '0', '2009-09-27 20:21:58', '2009-09-27 20:21:58'),
(84, 'SV-Cart演示网站', 'leo.wanta;23148953@qq.com', ';', ';', 'SV-Cart演示网站 - 到货通知', '亲爱的 leo.wanta ， 你好  \r\n您所登记商品 诺基亚N85 已到货\r\n点击下面地址查看\r\nhttp://data.branches.seevia.cn//products/55 \r\nSV-Cart演示网站 http://data.branches.seevia.cn/\r\n2009-09-28 16:09:32 ', '亲爱的 leo.wanta ， 你好  \r\n您所登记商品 诺基亚N85 已到货\r\n点击下面地址查看\r\nhttp://data.branches.seevia.cn//products/55 \r\nSV-Cart演示网站 http://data.branches.seevia.cn/\r\n2009-09-28 16:09:32 ', 'html', '0', '2009-09-28 16:44:32', '2009-09-28 16:44:32'),
(85, 'SV-Cart演示网站', 'wateres;wateres@16333.comn', ';', ';', 'SV-Cart演示网站 - 订单确认邮件', '亲爱的 wateres  ，你好！<br />\r\n我们已经收到您于  2009-09-27 18:56:36  提交的订单。<br />\r\n\r\n订单的商品信息: <br />\r\n------------------------------------- <br />商品ID：60<br />商品名：花式墨镜<br />商品编号：t-2009<br />商品价格：6888.00 <br />购买数量：1<br />------------------------------------- <br />\r\n\r\n\r\n该订单编号为： 2009092762405  请记住这个编号以便日后的查询。 <br />\r\nSV-Cart演示网站 <a href=''http://data.branches.seevia.cn/''>http://data.branches.seevia.cn/</a><br />\r\n2009-09-27 20:09:29', '亲爱的 wateres  ，你好！\r\n我们已经收到您于  2009-09-27 18:56:36  提交的订单。\r\n\r\n订单的商品信息: \r\n------------------------------------- <br />商品ID：60<br />商品名：花式墨镜<br />商品编号：t-2009<br />商品价格：6888.00 <br />购买数量：1<br />------------------------------------- <br />\r\n\r\n\r\n该订单编号为： 2009092762405  请记住这个编号以便日后的查询。\r\nSV-Cart演示网站 http://data.branches.seevia.cn/\r\n2009-09-27 20:09:29', 'html', '0', '2009-09-27 20:16:29', '2009-09-27 20:16:29'),
(86, 'SV-Cart演示网站', 'ginsmap;shenyunfeng@seevia.cn', ';', ';', 'SV-Cart演示网站 - 订单确认邮件', '亲爱的 ginsmap  ，你好！<br />\r\n我们已经收到您于  2009-09-24 16:04:34  提交的订单。<br />\r\n\r\n订单的商品信息: <br />\r\n------------------------------------- <br />商品ID：31<br />商品名：诺基亚 N86<br />商品编号：SV000031<br />商品价格：3999.00 <br />购买数量：1<br />------------------------------------- <br />------------------------------------- <br />商品ID：3<br />商品名：传统玻璃手镯<br />商品编号：svcart000003<br />商品价格：10000.00 <br />购买数量：1<br />------------------------------------- <br />------------------------------------- <br />商品ID：25<br />商品名：诺基亚 E71<br />商品编号：SV000025<br />商品价格：2239.00 <br />购买数量：1<br />------------------------------------- <br />------------------------------------- <br />商品ID：45<br />商品名：商务休闲裤（标准款）深卡其<br />商品编号：SV000045<br />商品价格：79.00 <br />购买数量：2<br />------------------------------------- <br />------------------------------------- <br />商品ID：34<br />商品名：诺基亚 N97<br />商品编号：SV000034<br />商品价格：5788.00 <br />购买数量：1<br />------------------------------------- <br />------------------------------------- <br />商品ID：5<br />商品名：Classical Oriental Jade earrings jade<br />商品编号：svcart000005<br />商品价格：3000.00 <br />购买数量：1<br />------------------------------------- <br />------------------------------------- <br />商品ID：19<br />商品名：诺基亚 5800<br />商品编号：SV000019<br />商品价格：2679.00 <br />购买数量：1<br />------------------------------------- <br />------------------------------------- <br />商品ID：33<br />商品名：诺基亚 N96<br />商品编号：SV000033<br />商品价格：3629.00 <br />购买数量：1<br />------------------------------------- <br />------------------------------------- <br />商品ID：48<br />商品名：欧式丝光舒适板鞋（女款） 黑色<br />商品编号：SV000048<br />商品价格：99.00 <br />购买数量：1<br />------------------------------------- <br />------------------------------------- <br />商品ID：18<br />商品名：诺基亚 5630XM<br />商品编号：SV000018<br />商品价格：1619.00 <br />购买数量：1<br />------------------------------------- <br />------------------------------------- <br />商品ID：7<br />商品名：观音玉坠<br />商品编号：svcart000007<br />商品价格：29999.00 <br />购买数量：1<br />------------------------------------- <br />------------------------------------- <br />商品ID：14<br />商品名：带帽长款条纹T恤 浅粉色<br />商品编号：SV000014<br />商品价格：88.00 <br />购买数量：1<br />------------------------------------- <br />------------------------------------- <br />商品ID：6<br />商品名：中国柱状玉耳环<br />商品编号：svcart000006<br />商品价格：2000.00 <br />购买数量：1<br />------------------------------------- <br />------------------------------------- <br />商品ID：47<br />商品名：欧式丝光舒适板鞋（女款） 蓝色<br />商品编号：SV000047<br />商品价格：99.00 <br />购买数量：1<br />------------------------------------- <br />------------------------------------- <br />商品ID：43<br />商品名：商务休闲裤（标准款） 黑色<br />商品编号：SV000043<br />商品价格：79.00 <br />购买数量：1<br />------------------------------------- <br />------------------------------------- <br />商品ID：44<br />商品名：商务休闲裤（标准款） 浅卡其<br />商品编号：SV000044<br />商品价格：79.00 <br />购买数量：1<br />------------------------------------- <br />------------------------------------- <br />商品ID：16<br />商品名：速干圆领印花T恤sea life 中国红<br />商品编号：SV000016<br />商品价格：59.00 <br />购买数量：2<br />------------------------------------- <br />------------------------------------- <br />商品ID：51<br />商品名：欧式丝光舒适板鞋（女款） 灰色<br />商品编号：SV000051<br />商品价格：99.00 <br />购买数量：1<br />------------------------------------- <br />------------------------------------- <br />商品ID：52<br />商品名：欧式丝光舒适板鞋（女款） 紫色<br />商品编号：SV000052<br />商品价格：99.00 <br />购买数量：1<br />------------------------------------- <br />\r\n\r\n\r\n该订单编号为： 2009092453563  请记住这个编号以便日后的查询。 <br />\r\nSV-Cart演示网站 <a href=''http://data.branches.seevia.cn/''>http://data.branches.seevia.cn/</a><br />\r\n2009-09-27 20:09:39', '亲爱的 ginsmap  ，你好！\r\n我们已经收到您于  2009-09-24 16:04:34  提交的订单。\r\n\r\n订单的商品信息: \r\n------------------------------------- <br />商品ID：31<br />商品名：诺基亚 N86<br />商品编号：SV000031<br />商品价格：3999.00 <br />购买数量：1<br />------------------------------------- <br />------------------------------------- <br />商品ID：3<br />商品名：传统玻璃手镯<br />商品编号：svcart000003<br />商品价格：10000.00 <br />购买数量：1<br />------------------------------------- <br />------------------------------------- <br />商品ID：25<br />商品名：诺基亚 E71<br />商品编号：SV000025<br />商品价格：2239.00 <br />购买数量：1<br />------------------------------------- <br />------------------------------------- <br />商品ID：45<br />商品名：商务休闲裤（标准款）深卡其<br />商品编号：SV000045<br />商品价格：79.00 <br />购买数量：2<br />------------------------------------- <br />------------------------------------- <br />商品ID：34<br />商品名：诺基亚 N97<br />商品编号：SV000034<br />商品价格：5788.00 <br />购买数量：1<br />------------------------------------- <br />------------------------------------- <br />商品ID：5<br />商品名：Classical Oriental Jade earrings jade<br />商品编号：svcart000005<br />商品价格：3000.00 <br />购买数量：1<br />------------------------------------- <br />------------------------------------- <br />商品ID：19<br />商品名：诺基亚 5800<br />商品编号：SV000019<br />商品价格：2679.00 <br />购买数量：1<br />------------------------------------- <br />------------------------------------- <br />商品ID：33<br />商品名：诺基亚 N96<br />商品编号：SV000033<br />商品价格：3629.00 <br />购买数量：1<br />------------------------------------- <br />------------------------------------- <br />商品ID：48<br />商品名：欧式丝光舒适板鞋（女款） 黑色<br />商品编号：SV000048<br />商品价格：99.00 <br />购买数量：1<br />------------------------------------- <br />------------------------------------- <br />商品ID：18<br />商品名：诺基亚 5630XM<br />商品编号：SV000018<br />商品价格：1619.00 <br />购买数量：1<br />------------------------------------- <br />------------------------------------- <br />商品ID：7<br />商品名：观音玉坠<br />商品编号：svcart000007<br />商品价格：29999.00 <br />购买数量：1<br />------------------------------------- <br />------------------------------------- <br />商品ID：14<br />商品名：带帽长款条纹T恤 浅粉色<br />商品编号：SV000014<br />商品价格：88.00 <br />购买数量：1<br />------------------------------------- <br />------------------------------------- <br />商品ID：6<br />商品名：中国柱状玉耳环<br />商品编号：svcart000006<br />商品价格：2000.00 <br />购买数量：1<br />------------------------------------- <br />------------------------------------- <br />商品ID：47<br />商品名：欧式丝光舒适板鞋（女款） 蓝色<br />商品编号：SV000047<br />商品价格：99.00 <br />购买数量：1<br />------------------------------------- <br />------------------------------------- <br />商品ID：43<br />商品名：商务休闲裤（标准款） 黑色<br />商品编号：SV000043<br />商品价格：79.00 <br />购买数量：1<br />------------------------------------- <br />------------------------------------- <br />商品ID：44<br />商品名：商务休闲裤（标准款） 浅卡其<br />商品编号：SV000044<br />商品价格：79.00 <br />购买数量：1<br />------------------------------------- <br />------------------------------------- <br />商品ID：16<br />商品名：速干圆领印花T恤sea life 中国红<br />商品编号：SV000016<br />商品价格：59.00 <br />购买数量：2<br />------------------------------------- <br />------------------------------------- <br />商品ID：51<br />商品名：欧式丝光舒适板鞋（女款） 灰色<br />商品编号：SV000051<br />商品价格：99.00 <br />购买数量：1<br />------------------------------------- <br />------------------------------------- <br />商品ID：52<br />商品名：欧式丝光舒适板鞋（女款） 紫色<br />商品编号：SV000052<br />商品价格：99.00 <br />购买数量：1<br />------------------------------------- <br />\r\n\r\n\r\n该订单编号为： 2009092453563  请记住这个编号以便日后的查询。\r\nSV-Cart演示网站 http://data.branches.seevia.cn/\r\n2009-09-27 20:09:39', 'html', '0', '2009-09-27 20:18:39', '2009-09-27 20:18:39'),
(87, 'SV-Cart演示网站', 'leo.wanta;23148953@qq.com', ';', ';', 'SV-Cart演示网站 - 到货通知', '亲爱的 leo.wanta ， 你好  \r\n您所登记商品 诺基亚N85 已到货\r\n点击下面地址查看\r\nhttp://data.branches.seevia.cn//products/55 \r\nSV-Cart演示网站 http://data.branches.seevia.cn/\r\n2009-09-27 20:09:23 ', '亲爱的 leo.wanta ， 你好  \r\n您所登记商品 诺基亚N85 已到货\r\n点击下面地址查看\r\nhttp://data.branches.seevia.cn//products/55 \r\nSV-Cart演示网站 http://data.branches.seevia.cn/\r\n2009-09-27 20:09:23 ', 'html', '0', '2009-09-27 20:21:23', '2009-09-27 20:21:23'),
(88, 'SV-Cart演示网站', 'leo.wanta;23148953@qq.com', ';', ';', 'SV-Cart演示网站 - 到货通知', '亲爱的 leo.wanta ， 你好  \r\n您所登记商品 诺基亚N85 已到货\r\n点击下面地址查看\r\nhttp://data.branches.seevia.cn//products/55 \r\nSV-Cart演示网站 http://data.branches.seevia.cn/\r\n2009-09-27 20:09:58 ', '亲爱的 leo.wanta ， 你好  \r\n您所登记商品 诺基亚N85 已到货\r\n点击下面地址查看\r\nhttp://data.branches.seevia.cn//products/55 \r\nSV-Cart演示网站 http://data.branches.seevia.cn/\r\n2009-09-27 20:09:58 ', 'html', '0', '2009-09-27 20:21:58', '2009-09-27 20:21:58'),
(89, 'SV-Cart演示网站', 'leo.wanta;23148953@qq.com', ';', ';', 'SV-Cart演示网站 - 到货通知', '亲爱的 leo.wanta ， 你好  \r\n您所登记商品 诺基亚N85 已到货\r\n点击下面地址查看\r\nhttp://data.branches.seevia.cn//products/55 \r\nSV-Cart演示网站 http://data.branches.seevia.cn/\r\n2009-09-28 16:09:32 ', '亲爱的 leo.wanta ， 你好  \r\n您所登记商品 诺基亚N85 已到货\r\n点击下面地址查看\r\nhttp://data.branches.seevia.cn//products/55 \r\nSV-Cart演示网站 http://data.branches.seevia.cn/\r\n2009-09-28 16:09:32 ', 'html', '0', '2009-09-28 16:44:32', '2009-09-28 16:44:32'),
(90, 'SV-Cart演示网站', 'leo.wanta;23148953@qq.com', ';', ';', 'SV-Cart演示网站 - 到货通知', '亲爱的 leo.wanta ， 你好  \r\n您所登记商品 诺基亚N85 已到货\r\n点击下面地址查看\r\nhttp://data.branches.seevia.cn//products/55 \r\nSV-Cart演示网站 http://data.branches.seevia.cn/\r\n2009-09-28 16:09:54 ', '亲爱的 leo.wanta ， 你好  \r\n您所登记商品 诺基亚N85 已到货\r\n点击下面地址查看\r\nhttp://data.branches.seevia.cn//products/55 \r\nSV-Cart演示网站 http://data.branches.seevia.cn/\r\n2009-09-28 16:09:54 ', 'html', '0', '2009-09-28 16:44:54', '2009-09-28 16:44:54'),
(91, 'SV-Cart演示网站', 'leo.wanta;23148953@qq.com', ';', ';', 'SV-Cart演示网站 - 到货通知', '亲爱的 leo.wanta ， 你好  \r\n您所登记商品 诺基亚N85 已到货\r\n点击下面地址查看\r\nhttp://data.branches.seevia.cn//products/55 \r\nSV-Cart演示网站 http://data.branches.seevia.cn/\r\n2009-09-27 20:09:23 ', '亲爱的 leo.wanta ， 你好  \r\n您所登记商品 诺基亚N85 已到货\r\n点击下面地址查看\r\nhttp://data.branches.seevia.cn//products/55 \r\nSV-Cart演示网站 http://data.branches.seevia.cn/\r\n2009-09-27 20:09:23 ', 'html', '0', '2009-09-27 20:21:23', '2009-09-27 20:21:23'),
(92, 'SV-Cart演示网站', 'leo.wanta;23148953@qq.com', ';', ';', 'SV-Cart演示网站 - 到货通知', '亲爱的 leo.wanta ， 你好  \r\n您所登记商品 诺基亚N85 已到货\r\n点击下面地址查看\r\nhttp://data.branches.seevia.cn//products/55 \r\nSV-Cart演示网站 http://data.branches.seevia.cn/\r\n2009-09-27 20:09:58 ', '亲爱的 leo.wanta ， 你好  \r\n您所登记商品 诺基亚N85 已到货\r\n点击下面地址查看\r\nhttp://data.branches.seevia.cn//products/55 \r\nSV-Cart演示网站 http://data.branches.seevia.cn/\r\n2009-09-27 20:09:58 ', 'html', '0', '2009-09-27 20:21:58', '2009-09-27 20:21:58'),
(93, 'SV-Cart演示网站', 'leo.wanta;23148953@qq.com', ';', ';', 'SV-Cart演示网站 - 到货通知', '亲爱的 leo.wanta ， 你好  \r\n您所登记商品 诺基亚N85 已到货\r\n点击下面地址查看\r\nhttp://data.branches.seevia.cn//products/55 \r\nSV-Cart演示网站 http://data.branches.seevia.cn/\r\n2009-09-28 16:09:32 ', '亲爱的 leo.wanta ， 你好  \r\n您所登记商品 诺基亚N85 已到货\r\n点击下面地址查看\r\nhttp://data.branches.seevia.cn//products/55 \r\nSV-Cart演示网站 http://data.branches.seevia.cn/\r\n2009-09-28 16:09:32 ', 'html', '0', '2009-09-28 16:44:32', '2009-09-28 16:44:32'),
(94, 'SV-Cart演示网站', 'leo.wanta;23148953@qq.com', ';', ';', 'SV-Cart演示网站 - 到货通知', '亲爱的 leo.wanta ， 你好  \r\n您所登记商品 诺基亚N85 已到货\r\n点击下面地址查看\r\nhttp://data.branches.seevia.cn//products/55 \r\nSV-Cart演示网站 http://data.branches.seevia.cn/\r\n2009-09-28 16:09:54 ', '亲爱的 leo.wanta ， 你好  \r\n您所登记商品 诺基亚N85 已到货\r\n点击下面地址查看\r\nhttp://data.branches.seevia.cn//products/55 \r\nSV-Cart演示网站 http://data.branches.seevia.cn/\r\n2009-09-28 16:09:54 ', 'html', '0', '2009-09-28 16:44:54', '2009-09-28 16:44:54'),
(95, 'SV-Cart演示网站', 'leo.wanta;23148953@qq.com', ';', ';', 'SV-Cart演示网站 - 到货通知', '亲爱的 leo.wanta ， 你好  \r\n您所登记商品 诺基亚N85 已到货\r\n点击下面地址查看\r\nhttp://data.branches.seevia.cn//products/55 \r\nSV-Cart演示网站 http://data.branches.seevia.cn/\r\n2009-09-28 16:09:45 ', '亲爱的 leo.wanta ， 你好  \r\n您所登记商品 诺基亚N85 已到货\r\n点击下面地址查看\r\nhttp://data.branches.seevia.cn//products/55 \r\nSV-Cart演示网站 http://data.branches.seevia.cn/\r\n2009-09-28 16:09:45 ', 'html', '0', '2009-09-28 16:45:46', '2009-09-28 16:45:46'),
(96, 'SV-Cart演示网站', 'leo.wanta;23148953@qq.com', ';', ';', 'SV-Cart演示网站 - 到货通知', '亲爱的 leo.wanta ， 你好  \r\n您所登记商品 诺基亚N85 已到货\r\n点击下面地址查看\r\nhttp://data.branches.seevia.cn//products/55 \r\nSV-Cart演示网站 http://data.branches.seevia.cn/\r\n2009-09-27 20:09:58 ', '亲爱的 leo.wanta ， 你好  \r\n您所登记商品 诺基亚N85 已到货\r\n点击下面地址查看\r\nhttp://data.branches.seevia.cn//products/55 \r\nSV-Cart演示网站 http://data.branches.seevia.cn/\r\n2009-09-27 20:09:58 ', 'html', '0', '2009-09-27 20:21:58', '2009-09-27 20:21:58'),
(97, 'SV-Cart演示网站', 'leo.wanta;23148953@qq.com', ';', ';', 'SV-Cart演示网站 - 到货通知', '亲爱的 leo.wanta ， 你好  \r\n您所登记商品 诺基亚N85 已到货\r\n点击下面地址查看\r\nhttp://data.branches.seevia.cn//products/55 \r\nSV-Cart演示网站 http://data.branches.seevia.cn/\r\n2009-09-28 16:09:32 ', '亲爱的 leo.wanta ， 你好  \r\n您所登记商品 诺基亚N85 已到货\r\n点击下面地址查看\r\nhttp://data.branches.seevia.cn//products/55 \r\nSV-Cart演示网站 http://data.branches.seevia.cn/\r\n2009-09-28 16:09:32 ', 'html', '0', '2009-09-28 16:44:32', '2009-09-28 16:44:32'),
(98, 'SV-Cart演示网站', 'leo.wanta;23148953@qq.com', ';', ';', 'SV-Cart演示网站 - 到货通知', '亲爱的 leo.wanta ， 你好  \r\n您所登记商品 诺基亚N85 已到货\r\n点击下面地址查看\r\nhttp://data.branches.seevia.cn//products/55 \r\nSV-Cart演示网站 http://data.branches.seevia.cn/\r\n2009-09-28 16:09:54 ', '亲爱的 leo.wanta ， 你好  \r\n您所登记商品 诺基亚N85 已到货\r\n点击下面地址查看\r\nhttp://data.branches.seevia.cn//products/55 \r\nSV-Cart演示网站 http://data.branches.seevia.cn/\r\n2009-09-28 16:09:54 ', 'html', '0', '2009-09-28 16:44:54', '2009-09-28 16:44:54'),
(99, 'SV-Cart演示网站', 'leo.wanta;23148953@qq.com', ';', ';', 'SV-Cart演示网站 - 到货通知', '亲爱的 leo.wanta ， 你好  \r\n您所登记商品 诺基亚N85 已到货\r\n点击下面地址查看\r\nhttp://data.branches.seevia.cn//products/55 \r\nSV-Cart演示网站 http://data.branches.seevia.cn/\r\n2009-09-28 16:09:45 ', '亲爱的 leo.wanta ， 你好  \r\n您所登记商品 诺基亚N85 已到货\r\n点击下面地址查看\r\nhttp://data.branches.seevia.cn//products/55 \r\nSV-Cart演示网站 http://data.branches.seevia.cn/\r\n2009-09-28 16:09:45 ', 'html', '0', '2009-09-28 16:45:46', '2009-09-28 16:45:46'),
(100, 'SV-Cart演示网站', 'leo.wanta;23148953@qq.com', ';', ';', 'SV-Cart演示网站 - 到货通知', '亲爱的 leo.wanta ， 你好  \r\n您所登记商品 诺基亚N85 已到货\r\n点击下面地址查看\r\nhttp://data.branches.seevia.cn//products/55 \r\nSV-Cart演示网站 http://data.branches.seevia.cn/\r\n2009-09-28 16:09:46 ', '亲爱的 leo.wanta ， 你好  \r\n您所登记商品 诺基亚N85 已到货\r\n点击下面地址查看\r\nhttp://data.branches.seevia.cn//products/55 \r\nSV-Cart演示网站 http://data.branches.seevia.cn/\r\n2009-09-28 16:09:46 ', 'html', '0', '2009-09-28 16:46:46', '2009-09-28 16:46:46'),
(101, 'SV-Cart演示网站', 'leo.wanta;23148953@qq.com', ';', ';', 'SV-Cart演示网站 - 到货通知', '亲爱的 leo.wanta ， 你好  \r\n您所登记商品 诺基亚N85 已到货\r\n点击下面地址查看\r\nhttp://data.branches.seevia.cn//products/55 \r\nSV-Cart演示网站 http://data.branches.seevia.cn/\r\n2009-09-28 16:09:32 ', '亲爱的 leo.wanta ， 你好  \r\n您所登记商品 诺基亚N85 已到货\r\n点击下面地址查看\r\nhttp://data.branches.seevia.cn//products/55 \r\nSV-Cart演示网站 http://data.branches.seevia.cn/\r\n2009-09-28 16:09:32 ', 'html', '0', '2009-09-28 16:44:32', '2009-09-28 16:44:32'),
(102, 'SV-Cart演示网站', 'leo.wanta;23148953@qq.com', ';', ';', 'SV-Cart演示网站 - 到货通知', '亲爱的 leo.wanta ， 你好  \r\n您所登记商品 诺基亚N85 已到货\r\n点击下面地址查看\r\nhttp://data.branches.seevia.cn//products/55 \r\nSV-Cart演示网站 http://data.branches.seevia.cn/\r\n2009-09-28 16:09:54 ', '亲爱的 leo.wanta ， 你好  \r\n您所登记商品 诺基亚N85 已到货\r\n点击下面地址查看\r\nhttp://data.branches.seevia.cn//products/55 \r\nSV-Cart演示网站 http://data.branches.seevia.cn/\r\n2009-09-28 16:09:54 ', 'html', '0', '2009-09-28 16:44:54', '2009-09-28 16:44:54'),
(103, 'SV-Cart演示网站', 'leo.wanta;23148953@qq.com', ';', ';', 'SV-Cart演示网站 - 到货通知', '亲爱的 leo.wanta ， 你好  \r\n您所登记商品 诺基亚N85 已到货\r\n点击下面地址查看\r\nhttp://data.branches.seevia.cn//products/55 \r\nSV-Cart演示网站 http://data.branches.seevia.cn/\r\n2009-09-28 16:09:45 ', '亲爱的 leo.wanta ， 你好  \r\n您所登记商品 诺基亚N85 已到货\r\n点击下面地址查看\r\nhttp://data.branches.seevia.cn//products/55 \r\nSV-Cart演示网站 http://data.branches.seevia.cn/\r\n2009-09-28 16:09:45 ', 'html', '0', '2009-09-28 16:45:46', '2009-09-28 16:45:46'),
(104, 'SV-Cart演示网站', 'leo.wanta;23148953@qq.com', ';', ';', 'SV-Cart演示网站 - 到货通知', '亲爱的 leo.wanta ， 你好  \r\n您所登记商品 诺基亚N85 已到货\r\n点击下面地址查看\r\nhttp://data.branches.seevia.cn//products/55 \r\nSV-Cart演示网站 http://data.branches.seevia.cn/\r\n2009-09-28 16:09:46 ', '亲爱的 leo.wanta ， 你好  \r\n您所登记商品 诺基亚N85 已到货\r\n点击下面地址查看\r\nhttp://data.branches.seevia.cn//products/55 \r\nSV-Cart演示网站 http://data.branches.seevia.cn/\r\n2009-09-28 16:09:46 ', 'html', '0', '2009-09-28 16:46:46', '2009-09-28 16:46:46'),
(105, 'SV-Cart演示网站', 'leo.wanta;23148953@qq.com', ';', ';', 'SV-Cart演示网站 - 到货通知', '亲爱的 leo.wanta ， 你好  \r\n您所登记商品 诺基亚N85 已到货\r\n点击下面地址查看\r\nhttp://data.branches.seevia.cn//products/55 \r\nSV-Cart演示网站 http://data.branches.seevia.cn/\r\n2009-09-28 16:09:04 ', '亲爱的 leo.wanta ， 你好  \r\n您所登记商品 诺基亚N85 已到货\r\n点击下面地址查看\r\nhttp://data.branches.seevia.cn//products/55 \r\nSV-Cart演示网站 http://data.branches.seevia.cn/\r\n2009-09-28 16:09:04 ', 'html', '0', '2009-09-28 16:48:04', '2009-09-28 16:48:04'),
(106, 'SV-Cart演示网站', 'leo.wanta;23148953@qq.com', ';', ';', 'SV-Cart演示网站 - 到货通知', '亲爱的 leo.wanta ， 你好  \r\n您所登记商品 诺基亚N85 已到货\r\n点击下面地址查看\r\nhttp://data.branches.seevia.cn//products/55 \r\nSV-Cart演示网站 http://data.branches.seevia.cn/\r\n2009-09-28 16:09:54 ', '亲爱的 leo.wanta ， 你好  \r\n您所登记商品 诺基亚N85 已到货\r\n点击下面地址查看\r\nhttp://data.branches.seevia.cn//products/55 \r\nSV-Cart演示网站 http://data.branches.seevia.cn/\r\n2009-09-28 16:09:54 ', 'html', '0', '2009-09-28 16:44:54', '2009-09-28 16:44:54'),
(107, 'SV-Cart演示网站', 'leo.wanta;23148953@qq.com', ';', ';', 'SV-Cart演示网站 - 到货通知', '亲爱的 leo.wanta ， 你好  \r\n您所登记商品 诺基亚N85 已到货\r\n点击下面地址查看\r\nhttp://data.branches.seevia.cn//products/55 \r\nSV-Cart演示网站 http://data.branches.seevia.cn/\r\n2009-09-28 16:09:45 ', '亲爱的 leo.wanta ， 你好  \r\n您所登记商品 诺基亚N85 已到货\r\n点击下面地址查看\r\nhttp://data.branches.seevia.cn//products/55 \r\nSV-Cart演示网站 http://data.branches.seevia.cn/\r\n2009-09-28 16:09:45 ', 'html', '0', '2009-09-28 16:45:46', '2009-09-28 16:45:46');
INSERT INTO `svcart_mail_send_histories` (`id`, `sender_name`, `receiver_email`, `cc_email`, `bcc_email`, `title`, `html_body`, `text_body`, `sendas`, `flag`, `created`, `modified`) VALUES
(108, 'SV-Cart演示网站', 'leo.wanta;23148953@qq.com', ';', ';', 'SV-Cart演示网站 - 到货通知', '亲爱的 leo.wanta ， 你好  \r\n您所登记商品 诺基亚N85 已到货\r\n点击下面地址查看\r\nhttp://data.branches.seevia.cn//products/55 \r\nSV-Cart演示网站 http://data.branches.seevia.cn/\r\n2009-09-28 16:09:46 ', '亲爱的 leo.wanta ， 你好  \r\n您所登记商品 诺基亚N85 已到货\r\n点击下面地址查看\r\nhttp://data.branches.seevia.cn//products/55 \r\nSV-Cart演示网站 http://data.branches.seevia.cn/\r\n2009-09-28 16:09:46 ', 'html', '0', '2009-09-28 16:46:46', '2009-09-28 16:46:46'),
(109, 'SV-Cart演示网站', 'leo.wanta;23148953@qq.com', ';', ';', 'SV-Cart演示网站 - 到货通知', '亲爱的 leo.wanta ， 你好  \r\n您所登记商品 诺基亚N85 已到货\r\n点击下面地址查看\r\nhttp://data.branches.seevia.cn//products/55 \r\nSV-Cart演示网站 http://data.branches.seevia.cn/\r\n2009-09-28 16:09:04 ', '亲爱的 leo.wanta ， 你好  \r\n您所登记商品 诺基亚N85 已到货\r\n点击下面地址查看\r\nhttp://data.branches.seevia.cn//products/55 \r\nSV-Cart演示网站 http://data.branches.seevia.cn/\r\n2009-09-28 16:09:04 ', 'html', '0', '2009-09-28 16:48:04', '2009-09-28 16:48:04'),
(110, 'SV-Cart演示网站', 'leo.wanta;23148953@qq.com', ';', ';', 'SV-Cart演示网站 - 到货通知', '亲爱的 leo.wanta ， 你好  \r\n您所登记商品 诺基亚N85 已到货\r\n点击下面地址查看\r\nhttp://data.branches.seevia.cn//products/55 \r\nSV-Cart演示网站 http://data.branches.seevia.cn/\r\n2009-09-28 16:09:41 ', '亲爱的 leo.wanta ， 你好  \r\n您所登记商品 诺基亚N85 已到货\r\n点击下面地址查看\r\nhttp://data.branches.seevia.cn//products/55 \r\nSV-Cart演示网站 http://data.branches.seevia.cn/\r\n2009-09-28 16:09:41 ', 'html', '0', '2009-09-28 16:48:41', '2009-09-28 16:48:41'),
(111, 'SV-Cart演示网站', 'leo.wanta;23148953@qq.com', ';', ';', 'SV-Cart演示网站 - 到货通知', '亲爱的 leo.wanta ， 你好  \r\n您所登记商品 诺基亚N85 已到货\r\n点击下面地址查看\r\nhttp://data.branches.seevia.cn//products/55 \r\nSV-Cart演示网站 http://data.branches.seevia.cn/\r\n2009-09-28 16:09:45 ', '亲爱的 leo.wanta ， 你好  \r\n您所登记商品 诺基亚N85 已到货\r\n点击下面地址查看\r\nhttp://data.branches.seevia.cn//products/55 \r\nSV-Cart演示网站 http://data.branches.seevia.cn/\r\n2009-09-28 16:09:45 ', 'html', '0', '2009-09-28 16:45:46', '2009-09-28 16:45:46'),
(112, 'SV-Cart演示网站', 'leo.wanta;23148953@qq.com', ';', ';', 'SV-Cart演示网站 - 到货通知', '亲爱的 leo.wanta ， 你好  \r\n您所登记商品 诺基亚N85 已到货\r\n点击下面地址查看\r\nhttp://data.branches.seevia.cn//products/55 \r\nSV-Cart演示网站 http://data.branches.seevia.cn/\r\n2009-09-28 16:09:46 ', '亲爱的 leo.wanta ， 你好  \r\n您所登记商品 诺基亚N85 已到货\r\n点击下面地址查看\r\nhttp://data.branches.seevia.cn//products/55 \r\nSV-Cart演示网站 http://data.branches.seevia.cn/\r\n2009-09-28 16:09:46 ', 'html', '0', '2009-09-28 16:46:46', '2009-09-28 16:46:46'),
(113, 'SV-Cart演示网站', 'leo.wanta;23148953@qq.com', ';', ';', 'SV-Cart演示网站 - 到货通知', '亲爱的 leo.wanta ， 你好  \r\n您所登记商品 诺基亚N85 已到货\r\n点击下面地址查看\r\nhttp://data.branches.seevia.cn//products/55 \r\nSV-Cart演示网站 http://data.branches.seevia.cn/\r\n2009-09-28 16:09:04 ', '亲爱的 leo.wanta ， 你好  \r\n您所登记商品 诺基亚N85 已到货\r\n点击下面地址查看\r\nhttp://data.branches.seevia.cn//products/55 \r\nSV-Cart演示网站 http://data.branches.seevia.cn/\r\n2009-09-28 16:09:04 ', 'html', '0', '2009-09-28 16:48:04', '2009-09-28 16:48:04'),
(114, 'SV-Cart演示网站', 'leo.wanta;23148953@qq.com', ';', ';', 'SV-Cart演示网站 - 到货通知', '亲爱的 leo.wanta ， 你好  \r\n您所登记商品 诺基亚N85 已到货\r\n点击下面地址查看\r\nhttp://data.branches.seevia.cn//products/55 \r\nSV-Cart演示网站 http://data.branches.seevia.cn/\r\n2009-09-28 16:09:41 ', '亲爱的 leo.wanta ， 你好  \r\n您所登记商品 诺基亚N85 已到货\r\n点击下面地址查看\r\nhttp://data.branches.seevia.cn//products/55 \r\nSV-Cart演示网站 http://data.branches.seevia.cn/\r\n2009-09-28 16:09:41 ', 'html', '0', '2009-09-28 16:48:41', '2009-09-28 16:48:41'),
(115, 'SV-Cart演示网站', 'leo.wanta;23148953@qq.com', ';', ';', 'SV-Cart演示网站 - 到货通知', '亲爱的 leo.wanta ， 你好  \r\n您所登记商品 诺基亚N85 已到货\r\n点击下面地址查看\r\nhttp://data.branches.seevia.cn//products/55 \r\nSV-Cart演示网站 http://data.branches.seevia.cn/\r\n2009-09-28 16:09:04 ', '亲爱的 leo.wanta ， 你好  \r\n您所登记商品 诺基亚N85 已到货\r\n点击下面地址查看\r\nhttp://data.branches.seevia.cn//products/55 \r\nSV-Cart演示网站 http://data.branches.seevia.cn/\r\n2009-09-28 16:09:04 ', 'html', '0', '2009-09-28 16:49:04', '2009-09-28 16:49:04'),
(116, 'SV-Cart演示网站', 'leo.wanta;23148953@qq.com', ';', ';', 'SV-Cart演示网站 - 到货通知', '亲爱的 leo.wanta ， 你好  \r\n您所登记商品 诺基亚N85 已到货\r\n点击下面地址查看\r\nhttp://data.branches.seevia.cn//products/55 \r\nSV-Cart演示网站 http://data.branches.seevia.cn/\r\n2009-09-28 16:09:46 ', '亲爱的 leo.wanta ， 你好  \r\n您所登记商品 诺基亚N85 已到货\r\n点击下面地址查看\r\nhttp://data.branches.seevia.cn//products/55 \r\nSV-Cart演示网站 http://data.branches.seevia.cn/\r\n2009-09-28 16:09:46 ', 'html', '0', '2009-09-28 16:46:46', '2009-09-28 16:46:46'),
(117, 'SV-Cart演示网站', 'leo.wanta;23148953@qq.com', ';', ';', 'SV-Cart演示网站 - 到货通知', '亲爱的 leo.wanta ， 你好  \r\n您所登记商品 诺基亚N85 已到货\r\n点击下面地址查看\r\nhttp://data.branches.seevia.cn//products/55 \r\nSV-Cart演示网站 http://data.branches.seevia.cn/\r\n2009-09-28 16:09:04 ', '亲爱的 leo.wanta ， 你好  \r\n您所登记商品 诺基亚N85 已到货\r\n点击下面地址查看\r\nhttp://data.branches.seevia.cn//products/55 \r\nSV-Cart演示网站 http://data.branches.seevia.cn/\r\n2009-09-28 16:09:04 ', 'html', '0', '2009-09-28 16:48:04', '2009-09-28 16:48:04'),
(118, 'SV-Cart演示网站', 'leo.wanta;23148953@qq.com', ';', ';', 'SV-Cart演示网站 - 到货通知', '亲爱的 leo.wanta ， 你好  \r\n您所登记商品 诺基亚N85 已到货\r\n点击下面地址查看\r\nhttp://data.branches.seevia.cn//products/55 \r\nSV-Cart演示网站 http://data.branches.seevia.cn/\r\n2009-09-28 16:09:41 ', '亲爱的 leo.wanta ， 你好  \r\n您所登记商品 诺基亚N85 已到货\r\n点击下面地址查看\r\nhttp://data.branches.seevia.cn//products/55 \r\nSV-Cart演示网站 http://data.branches.seevia.cn/\r\n2009-09-28 16:09:41 ', 'html', '0', '2009-09-28 16:48:41', '2009-09-28 16:48:41'),
(119, 'SV-Cart演示网站', 'leo.wanta;23148953@qq.com', ';', ';', 'SV-Cart演示网站 - 到货通知', '亲爱的 leo.wanta ， 你好  \r\n您所登记商品 诺基亚N85 已到货\r\n点击下面地址查看\r\nhttp://data.branches.seevia.cn//products/55 \r\nSV-Cart演示网站 http://data.branches.seevia.cn/\r\n2009-09-28 16:09:04 ', '亲爱的 leo.wanta ， 你好  \r\n您所登记商品 诺基亚N85 已到货\r\n点击下面地址查看\r\nhttp://data.branches.seevia.cn//products/55 \r\nSV-Cart演示网站 http://data.branches.seevia.cn/\r\n2009-09-28 16:09:04 ', 'html', '0', '2009-09-28 16:49:04', '2009-09-28 16:49:04'),
(120, 'SV-Cart演示网站', 'leo.wanta;23148953@qq.com', ';', ';', 'SV-Cart演示网站 - 到货通知', '亲爱的 leo.wanta ， 你好  \r\n您所登记商品 诺基亚N85 已到货\r\n点击下面地址查看\r\nhttp://data.branches.seevia.cn//products/55 \r\nSV-Cart演示网站 http://data.branches.seevia.cn/\r\n2009-09-28 16:09:18 ', '亲爱的 leo.wanta ， 你好  \r\n您所登记商品 诺基亚N85 已到货\r\n点击下面地址查看\r\nhttp://data.branches.seevia.cn//products/55 \r\nSV-Cart演示网站 http://data.branches.seevia.cn/\r\n2009-09-28 16:09:18 ', 'html', '0', '2009-09-28 16:49:18', '2009-09-28 16:49:18'),
(121, 'SV-Cart演示网站', 'leo.wanta;23148953@qq.com', ';', ';', 'SV-Cart演示网站 - 到货通知', '亲爱的 leo.wanta ， 你好  \r\n您所登记商品 诺基亚N85 已到货\r\n点击下面地址查看\r\nhttp://data.branches.seevia.cn//products/55 \r\nSV-Cart演示网站 http://data.branches.seevia.cn/\r\n2009-09-28 16:09:04 ', '亲爱的 leo.wanta ， 你好  \r\n您所登记商品 诺基亚N85 已到货\r\n点击下面地址查看\r\nhttp://data.branches.seevia.cn//products/55 \r\nSV-Cart演示网站 http://data.branches.seevia.cn/\r\n2009-09-28 16:09:04 ', 'html', '0', '2009-09-28 16:48:04', '2009-09-28 16:48:04'),
(122, 'SV-Cart演示网站', 'leo.wanta;23148953@qq.com', ';', ';', 'SV-Cart演示网站 - 到货通知', '亲爱的 leo.wanta ， 你好  \r\n您所登记商品 诺基亚N85 已到货\r\n点击下面地址查看\r\nhttp://data.branches.seevia.cn//products/55 \r\nSV-Cart演示网站 http://data.branches.seevia.cn/\r\n2009-09-28 16:09:41 ', '亲爱的 leo.wanta ， 你好  \r\n您所登记商品 诺基亚N85 已到货\r\n点击下面地址查看\r\nhttp://data.branches.seevia.cn//products/55 \r\nSV-Cart演示网站 http://data.branches.seevia.cn/\r\n2009-09-28 16:09:41 ', 'html', '0', '2009-09-28 16:48:41', '2009-09-28 16:48:41'),
(123, 'SV-Cart演示网站', 'leo.wanta;23148953@qq.com', ';', ';', 'SV-Cart演示网站 - 到货通知', '亲爱的 leo.wanta ， 你好  \r\n您所登记商品 诺基亚N85 已到货\r\n点击下面地址查看\r\nhttp://data.branches.seevia.cn//products/55 \r\nSV-Cart演示网站 http://data.branches.seevia.cn/\r\n2009-09-28 16:09:04 ', '亲爱的 leo.wanta ， 你好  \r\n您所登记商品 诺基亚N85 已到货\r\n点击下面地址查看\r\nhttp://data.branches.seevia.cn//products/55 \r\nSV-Cart演示网站 http://data.branches.seevia.cn/\r\n2009-09-28 16:09:04 ', 'html', '0', '2009-09-28 16:49:04', '2009-09-28 16:49:04'),
(124, 'SV-Cart演示网站', 'leo.wanta;23148953@qq.com', ';', ';', 'SV-Cart演示网站 - 到货通知', '亲爱的 leo.wanta ， 你好  \r\n您所登记商品 诺基亚N85 已到货\r\n点击下面地址查看\r\nhttp://data.branches.seevia.cn//products/55 \r\nSV-Cart演示网站 http://data.branches.seevia.cn/\r\n2009-09-28 16:09:18 ', '亲爱的 leo.wanta ， 你好  \r\n您所登记商品 诺基亚N85 已到货\r\n点击下面地址查看\r\nhttp://data.branches.seevia.cn//products/55 \r\nSV-Cart演示网站 http://data.branches.seevia.cn/\r\n2009-09-28 16:09:18 ', 'html', '0', '2009-09-28 16:49:18', '2009-09-28 16:49:18'),
(125, 'SV-Cart演示网站', 'leo.wanta;23148953@qq.com', ';', ';', 'SV-Cart演示网站 - 到货通知', '亲爱的 leo.wanta ， 你好  \r\n您所登记商品 诺基亚N85 已到货\r\n点击下面地址查看\r\nhttp://data.branches.seevia.cn//products/55 \r\nSV-Cart演示网站 http://data.branches.seevia.cn/\r\n2009-09-28 16:09:45 ', '亲爱的 leo.wanta ， 你好  \r\n您所登记商品 诺基亚N85 已到货\r\n点击下面地址查看\r\nhttp://data.branches.seevia.cn//products/55 \r\nSV-Cart演示网站 http://data.branches.seevia.cn/\r\n2009-09-28 16:09:45 ', 'html', '0', '2009-09-28 16:49:45', '2009-09-28 16:49:45'),
(126, 'SV-Cart演示网站', 'leo.wanta;23148953@qq.com', ';', ';', 'SV-Cart演示网站 - 到货通知', '亲爱的 leo.wanta ， 你好  \r\n您所登记商品 诺基亚N85 已到货\r\n点击下面地址查看\r\nhttp://data.branches.seevia.cn//products/55 \r\nSV-Cart演示网站 http://data.branches.seevia.cn/\r\n2009-09-28 16:09:41 ', '亲爱的 leo.wanta ， 你好  \r\n您所登记商品 诺基亚N85 已到货\r\n点击下面地址查看\r\nhttp://data.branches.seevia.cn//products/55 \r\nSV-Cart演示网站 http://data.branches.seevia.cn/\r\n2009-09-28 16:09:41 ', 'html', '0', '2009-09-28 16:48:41', '2009-09-28 16:48:41'),
(127, 'SV-Cart演示网站', 'leo.wanta;23148953@qq.com', ';', ';', 'SV-Cart演示网站 - 到货通知', '亲爱的 leo.wanta ， 你好  \r\n您所登记商品 诺基亚N85 已到货\r\n点击下面地址查看\r\nhttp://data.branches.seevia.cn//products/55 \r\nSV-Cart演示网站 http://data.branches.seevia.cn/\r\n2009-09-28 16:09:04 ', '亲爱的 leo.wanta ， 你好  \r\n您所登记商品 诺基亚N85 已到货\r\n点击下面地址查看\r\nhttp://data.branches.seevia.cn//products/55 \r\nSV-Cart演示网站 http://data.branches.seevia.cn/\r\n2009-09-28 16:09:04 ', 'html', '0', '2009-09-28 16:49:04', '2009-09-28 16:49:04'),
(128, 'SV-Cart演示网站', 'leo.wanta;23148953@qq.com', ';', ';', 'SV-Cart演示网站 - 到货通知', '亲爱的 leo.wanta ， 你好  \r\n您所登记商品 诺基亚N85 已到货\r\n点击下面地址查看\r\nhttp://data.branches.seevia.cn//products/55 \r\nSV-Cart演示网站 http://data.branches.seevia.cn/\r\n2009-09-28 16:09:18 ', '亲爱的 leo.wanta ， 你好  \r\n您所登记商品 诺基亚N85 已到货\r\n点击下面地址查看\r\nhttp://data.branches.seevia.cn//products/55 \r\nSV-Cart演示网站 http://data.branches.seevia.cn/\r\n2009-09-28 16:09:18 ', 'html', '0', '2009-09-28 16:49:18', '2009-09-28 16:49:18'),
(129, 'SV-Cart演示网站', 'leo.wanta;23148953@qq.com', ';', ';', 'SV-Cart演示网站 - 到货通知', '亲爱的 leo.wanta ， 你好  \r\n您所登记商品 诺基亚N85 已到货\r\n点击下面地址查看\r\nhttp://data.branches.seevia.cn//products/55 \r\nSV-Cart演示网站 http://data.branches.seevia.cn/\r\n2009-09-28 16:09:45 ', '亲爱的 leo.wanta ， 你好  \r\n您所登记商品 诺基亚N85 已到货\r\n点击下面地址查看\r\nhttp://data.branches.seevia.cn//products/55 \r\nSV-Cart演示网站 http://data.branches.seevia.cn/\r\n2009-09-28 16:09:45 ', 'html', '0', '2009-09-28 16:49:45', '2009-09-28 16:49:45'),
(130, 'SV-Cart演示网站', 'leo.wanta;23148953@qq.com', ';', ';', 'SV-Cart演示网站 - 到货通知', '亲爱的 leo.wanta ， 你好  \r\n您所登记商品 诺基亚N85 已到货\r\n点击下面地址查看\r\nhttp://data.branches.seevia.cn//products/55 \r\nSV-Cart演示网站 http://data.branches.seevia.cn/\r\n2009-09-28 16:09:10 ', '亲爱的 leo.wanta ， 你好  \r\n您所登记商品 诺基亚N85 已到货\r\n点击下面地址查看\r\nhttp://data.branches.seevia.cn//products/55 \r\nSV-Cart演示网站 http://data.branches.seevia.cn/\r\n2009-09-28 16:09:10 ', 'html', '0', '2009-09-28 16:50:10', '2009-09-28 16:50:10'),
(131, 'SV-Cart演示网站', 'leo.wanta;23148953@qq.com', ';', ';', 'SV-Cart演示网站 - 到货通知', '亲爱的 leo.wanta ， 你好  \r\n您所登记商品 诺基亚N85 已到货\r\n点击下面地址查看\r\nhttp://data.branches.seevia.cn//products/55 \r\nSV-Cart演示网站 http://data.branches.seevia.cn/\r\n2009-09-28 16:09:04 ', '亲爱的 leo.wanta ， 你好  \r\n您所登记商品 诺基亚N85 已到货\r\n点击下面地址查看\r\nhttp://data.branches.seevia.cn//products/55 \r\nSV-Cart演示网站 http://data.branches.seevia.cn/\r\n2009-09-28 16:09:04 ', 'html', '0', '2009-09-28 16:49:04', '2009-09-28 16:49:04'),
(132, 'SV-Cart演示网站', 'leo.wanta;23148953@qq.com', ';', ';', 'SV-Cart演示网站 - 到货通知', '亲爱的 leo.wanta ， 你好  \r\n您所登记商品 诺基亚N85 已到货\r\n点击下面地址查看\r\nhttp://data.branches.seevia.cn//products/55 \r\nSV-Cart演示网站 http://data.branches.seevia.cn/\r\n2009-09-28 16:09:18 ', '亲爱的 leo.wanta ， 你好  \r\n您所登记商品 诺基亚N85 已到货\r\n点击下面地址查看\r\nhttp://data.branches.seevia.cn//products/55 \r\nSV-Cart演示网站 http://data.branches.seevia.cn/\r\n2009-09-28 16:09:18 ', 'html', '0', '2009-09-28 16:49:18', '2009-09-28 16:49:18'),
(133, 'SV-Cart演示网站', 'leo.wanta;23148953@qq.com', ';', ';', 'SV-Cart演示网站 - 到货通知', '亲爱的 leo.wanta ， 你好  \r\n您所登记商品 诺基亚N85 已到货\r\n点击下面地址查看\r\nhttp://data.branches.seevia.cn//products/55 \r\nSV-Cart演示网站 http://data.branches.seevia.cn/\r\n2009-09-28 16:09:45 ', '亲爱的 leo.wanta ， 你好  \r\n您所登记商品 诺基亚N85 已到货\r\n点击下面地址查看\r\nhttp://data.branches.seevia.cn//products/55 \r\nSV-Cart演示网站 http://data.branches.seevia.cn/\r\n2009-09-28 16:09:45 ', 'html', '0', '2009-09-28 16:49:45', '2009-09-28 16:49:45'),
(134, 'SV-Cart演示网站', 'leo.wanta;23148953@qq.com', ';', ';', 'SV-Cart演示网站 - 到货通知', '亲爱的 leo.wanta ， 你好  \r\n您所登记商品 诺基亚N85 已到货\r\n点击下面地址查看\r\nhttp://data.branches.seevia.cn//products/55 \r\nSV-Cart演示网站 http://data.branches.seevia.cn/\r\n2009-09-28 16:09:10 ', '亲爱的 leo.wanta ， 你好  \r\n您所登记商品 诺基亚N85 已到货\r\n点击下面地址查看\r\nhttp://data.branches.seevia.cn//products/55 \r\nSV-Cart演示网站 http://data.branches.seevia.cn/\r\n2009-09-28 16:09:10 ', 'html', '0', '2009-09-28 16:50:10', '2009-09-28 16:50:10'),
(135, 'SV-Cart演示网站', 'leo.wanta;23148953@qq.com', ';', ';', 'SV-Cart演示网站 - 到货通知', '亲爱的 leo.wanta ， 你好  \r\n您所登记商品 诺基亚N85 已到货\r\n点击下面地址查看\r\nhttp://data.branches.seevia.cn//products/55 \r\nSV-Cart演示网站 http://data.branches.seevia.cn/\r\n2009-09-28 16:09:52 ', '亲爱的 leo.wanta ， 你好  \r\n您所登记商品 诺基亚N85 已到货\r\n点击下面地址查看\r\nhttp://data.branches.seevia.cn//products/55 \r\nSV-Cart演示网站 http://data.branches.seevia.cn/\r\n2009-09-28 16:09:52 ', 'html', '0', '2009-09-28 16:51:52', '2009-09-28 16:51:52'),
(136, 'SV-Cart演示网站', 'leo.wanta;23148953@qq.com', ';', ';', 'SV-Cart演示网站 - 到货通知', '亲爱的 leo.wanta ， 你好  \r\n您所登记商品 诺基亚N85 已到货\r\n点击下面地址查看\r\nhttp://data.branches.seevia.cn//products/55 \r\nSV-Cart演示网站 http://data.branches.seevia.cn/\r\n2009-09-28 16:09:18 ', '亲爱的 leo.wanta ， 你好  \r\n您所登记商品 诺基亚N85 已到货\r\n点击下面地址查看\r\nhttp://data.branches.seevia.cn//products/55 \r\nSV-Cart演示网站 http://data.branches.seevia.cn/\r\n2009-09-28 16:09:18 ', 'html', '0', '2009-09-28 16:49:18', '2009-09-28 16:49:18'),
(137, 'SV-Cart演示网站', 'leo.wanta;23148953@qq.com', ';', ';', 'SV-Cart演示网站 - 到货通知', '亲爱的 leo.wanta ， 你好  \r\n您所登记商品 诺基亚N85 已到货\r\n点击下面地址查看\r\nhttp://data.branches.seevia.cn//products/55 \r\nSV-Cart演示网站 http://data.branches.seevia.cn/\r\n2009-09-28 16:09:45 ', '亲爱的 leo.wanta ， 你好  \r\n您所登记商品 诺基亚N85 已到货\r\n点击下面地址查看\r\nhttp://data.branches.seevia.cn//products/55 \r\nSV-Cart演示网站 http://data.branches.seevia.cn/\r\n2009-09-28 16:09:45 ', 'html', '0', '2009-09-28 16:49:45', '2009-09-28 16:49:45'),
(138, 'SV-Cart演示网站', 'leo.wanta;23148953@qq.com', ';', ';', 'SV-Cart演示网站 - 到货通知', '亲爱的 leo.wanta ， 你好  \r\n您所登记商品 诺基亚N85 已到货\r\n点击下面地址查看\r\nhttp://data.branches.seevia.cn//products/55 \r\nSV-Cart演示网站 http://data.branches.seevia.cn/\r\n2009-09-28 16:09:10 ', '亲爱的 leo.wanta ， 你好  \r\n您所登记商品 诺基亚N85 已到货\r\n点击下面地址查看\r\nhttp://data.branches.seevia.cn//products/55 \r\nSV-Cart演示网站 http://data.branches.seevia.cn/\r\n2009-09-28 16:09:10 ', 'html', '0', '2009-09-28 16:50:10', '2009-09-28 16:50:10'),
(139, 'SV-Cart演示网站', 'leo.wanta;23148953@qq.com', ';', ';', 'SV-Cart演示网站 - 到货通知', '亲爱的 leo.wanta ， 你好  \r\n您所登记商品 诺基亚N85 已到货\r\n点击下面地址查看\r\nhttp://data.branches.seevia.cn//products/55 \r\nSV-Cart演示网站 http://data.branches.seevia.cn/\r\n2009-09-28 16:09:52 ', '亲爱的 leo.wanta ， 你好  \r\n您所登记商品 诺基亚N85 已到货\r\n点击下面地址查看\r\nhttp://data.branches.seevia.cn//products/55 \r\nSV-Cart演示网站 http://data.branches.seevia.cn/\r\n2009-09-28 16:09:52 ', 'html', '0', '2009-09-28 16:51:52', '2009-09-28 16:51:52'),
(140, 'SV-Cart演示网站', 'wateres;wateres@16333.comn', ';', ';', 'SV-Cart演示网站 - 订单确认邮件', '亲爱的 wateres  ，你好！<br />\r\n我们已经收到您于  2009-09-27 18:56:36  提交的订单。<br />\r\n\r\n订单的商品信息: <br />\r\n------------------------------------- <br />商品ID：60<br />商品名：花式墨镜<br />商品编号：t-2009<br />商品价格：6888.00 <br />购买数量：1<br />------------------------------------- <br />\r\n\r\n\r\n该订单编号为： 2009092762405  请记住这个编号以便日后的查询。 <br />\r\nSV-Cart演示网站 <a href=''http://data.branches.seevia.cn/''>http://data.branches.seevia.cn/</a><br />\r\n2009-09-28 16:09:05', '亲爱的 wateres  ，你好！\r\n我们已经收到您于  2009-09-27 18:56:36  提交的订单。\r\n\r\n订单的商品信息: \r\n------------------------------------- <br />商品ID：60<br />商品名：花式墨镜<br />商品编号：t-2009<br />商品价格：6888.00 <br />购买数量：1<br />------------------------------------- <br />\r\n\r\n\r\n该订单编号为： 2009092762405  请记住这个编号以便日后的查询。\r\nSV-Cart演示网站 http://data.branches.seevia.cn/\r\n2009-09-28 16:09:05', 'html', '0', '2009-09-28 16:57:05', '2009-09-28 16:57:05');

--
-- 导出表中的数据 `svcart_mail_send_queues`
--

INSERT INTO `svcart_mail_send_queues` (`id`, `sender_name`, `receiver_email`, `cc_email`, `bcc_email`, `title`, `html_body`, `text_body`, `sendas`, `flag`, `pri`, `created`, `modified`) VALUES
(166, 'SV-Cart演示网站', 'leo.wanta;23148953@qq.com', ';', ';', 'SV-Cart演示网站 - 到货通知', '亲爱的 leo.wanta ， 你好  \r\n您所登记商品 诺基亚N85 已到货\r\n点击下面地址查看\r\nhttp://data.branches.seevia.cn//products/55 \r\nSV-Cart演示网站 http://data.branches.seevia.cn/\r\n2009-09-28 16:09:18 ', '亲爱的 leo.wanta ， 你好  \r\n您所登记商品 诺基亚N85 已到货\r\n点击下面地址查看\r\nhttp://data.branches.seevia.cn//products/55 \r\nSV-Cart演示网站 http://data.branches.seevia.cn/\r\n2009-09-28 16:09:18 ', 'html', '5', '0', '2009-09-28 16:49:18', '2009-09-28 16:49:18'),
(167, 'SV-Cart演示网站', 'leo.wanta;23148953@qq.com', ';', ';', 'SV-Cart演示网站 - 到货通知', '亲爱的 leo.wanta ， 你好  \r\n您所登记商品 诺基亚N85 已到货\r\n点击下面地址查看\r\nhttp://data.branches.seevia.cn//products/55 \r\nSV-Cart演示网站 http://data.branches.seevia.cn/\r\n2009-09-28 16:09:45 ', '亲爱的 leo.wanta ， 你好  \r\n您所登记商品 诺基亚N85 已到货\r\n点击下面地址查看\r\nhttp://data.branches.seevia.cn//products/55 \r\nSV-Cart演示网站 http://data.branches.seevia.cn/\r\n2009-09-28 16:09:45 ', 'html', '4', '0', '2009-09-28 16:49:45', '2009-09-28 16:49:45'),
(168, 'SV-Cart演示网站', 'leo.wanta;23148953@qq.com', ';', ';', 'SV-Cart演示网站 - 到货通知', '亲爱的 leo.wanta ， 你好  \r\n您所登记商品 诺基亚N85 已到货\r\n点击下面地址查看\r\nhttp://data.branches.seevia.cn//products/55 \r\nSV-Cart演示网站 http://data.branches.seevia.cn/\r\n2009-09-28 16:09:10 ', '亲爱的 leo.wanta ， 你好  \r\n您所登记商品 诺基亚N85 已到货\r\n点击下面地址查看\r\nhttp://data.branches.seevia.cn//products/55 \r\nSV-Cart演示网站 http://data.branches.seevia.cn/\r\n2009-09-28 16:09:10 ', 'html', '3', '0', '2009-09-28 16:50:10', '2009-09-28 16:50:10'),
(169, 'SV-Cart演示网站', 'leo.wanta;23148953@qq.com', ';', ';', 'SV-Cart演示网站 - 到货通知', '亲爱的 leo.wanta ， 你好  \r\n您所登记商品 诺基亚N85 已到货\r\n点击下面地址查看\r\nhttp://data.branches.seevia.cn//products/55 \r\nSV-Cart演示网站 http://data.branches.seevia.cn/\r\n2009-09-28 16:09:52 ', '亲爱的 leo.wanta ， 你好  \r\n您所登记商品 诺基亚N85 已到货\r\n点击下面地址查看\r\nhttp://data.branches.seevia.cn//products/55 \r\nSV-Cart演示网站 http://data.branches.seevia.cn/\r\n2009-09-28 16:09:52 ', 'html', '2', '0', '2009-09-28 16:51:52', '2009-09-28 16:51:52'),
(170, 'SV-Cart演示网站', 'wateres;wateres@16333.comn', ';', ';', 'SV-Cart演示网站 - 订单确认邮件', '亲爱的 wateres  ，你好！<br />\r\n我们已经收到您于  2009-09-27 18:56:36  提交的订单。<br />\r\n\r\n订单的商品信息: <br />\r\n------------------------------------- <br />商品ID：60<br />商品名：花式墨镜<br />商品编号：t-2009<br />商品价格：6888.00 <br />购买数量：1<br />------------------------------------- <br />\r\n\r\n\r\n该订单编号为： 2009092762405  请记住这个编号以便日后的查询。 <br />\r\nSV-Cart演示网站 <a href=''http://data.branches.seevia.cn/''>http://data.branches.seevia.cn/</a><br />\r\n2009-09-28 16:09:05', '亲爱的 wateres  ，你好！\r\n我们已经收到您于  2009-09-27 18:56:36  提交的订单。\r\n\r\n订单的商品信息: \r\n------------------------------------- <br />商品ID：60<br />商品名：花式墨镜<br />商品编号：t-2009<br />商品价格：6888.00 <br />购买数量：1<br />------------------------------------- <br />\r\n\r\n\r\n该订单编号为： 2009092762405  请记住这个编号以便日后的查询。\r\nSV-Cart演示网站 http://data.branches.seevia.cn/\r\n2009-09-28 16:09:05', 'html', '1', '0', '2009-09-28 16:57:05', '2009-09-28 16:57:05');

--
-- 导出表中的数据 `svcart_mail_templates`
--


--
-- 导出表中的数据 `svcart_mail_template_i18ns`
--


--
-- 导出表中的数据 `svcart_navigations`
--

INSERT INTO `svcart_navigations` (`id`, `parent_id`, `type`, `orderby`, `status`, `icon`, `target`, `controller`, `created`, `modified`) VALUES
(9, 0, 'B', 40, '1', '', '_self', 'pages', '2009-08-10 03:10:01', '2009-08-10 03:10:42'),
(10, 0, 'B', 50, '1', '', '_self', 'pages', '2009-08-10 03:10:23', '2009-08-10 03:10:23'),
(11, 0, 'B', 15, '1', '', '_blank', 'pages', '2009-08-10 11:05:03', '2009-09-21 01:37:12'),
(12, 0, 'B', 20, '1', '', '_blank', 'pages', '2009-08-10 11:06:03', '2009-09-21 01:37:20'),
(13, 0, 'T', 50, '1', '', '_blank', 'pages', '2009-08-11 02:00:41', '2009-08-18 06:12:36'),
(14, 0, 'T', 50, '1', '', '_blank', 'pages', '2009-08-11 02:01:29', '2009-08-11 02:01:29');

--
-- 导出表中的数据 `svcart_navigation_i18ns`
--

INSERT INTO `svcart_navigation_i18ns` (`id`, `locale`, `navigation_id`, `name`, `url`, `description`, `created`, `modified`) VALUES
(13, 'cht', 11, '所有相册', '/products/user_gallery/', '', '2009-08-10 11:05:03', '2009-09-21 01:37:12'),
(14, 'cht', 10, '邮件订阅', 'javascript:add_newsletter();', '', '2009-08-10 03:10:23', '2009-08-10 03:10:23'),
(15, 'chi', 9, '订单状态跟踪', 'javascript:search_order();', '', '2009-08-10 03:10:01', '2009-08-10 03:10:42'),
(16, 'chi', 10, '邮件订阅', 'javascript:add_newsletter();', '', '2009-08-10 03:10:23', '2009-08-10 03:10:23'),
(17, 'chi', 11, '所有相册', '/products/user_gallery/', '', '2009-08-10 11:05:03', '2009-09-21 01:37:12'),
(18, 'eng', 11, 'Gallery', '/products/user_gallery/', '', '2009-08-10 11:05:03', '2009-09-21 01:37:12'),
(19, 'chi', 12, '所有评论', '/comments/', '', '2009-08-10 11:06:03', '2009-09-21 01:37:20'),
(20, 'eng', 12, 'Comment', '/comments/', '', '2009-08-10 11:06:03', '2009-09-21 01:37:20'),
(21, 'chi', 13, '积分商城', '/exchanges/', '', '2009-08-11 02:00:41', '2009-08-18 06:12:36'),
(22, 'eng', 13, 'Point Exchange', '/exchanges/', '', '2009-08-11 02:00:41', '2009-08-18 06:12:36'),
(23, 'chi', 14, '专题', '/topics/', '', '2009-08-11 02:01:29', '2009-08-11 02:01:29'),
(24, 'eng', 14, 'Topic', '/topics/', '', '2009-08-11 02:01:29', '2009-08-11 02:01:29'),
(25, 'eng', 9, 'Order Tracking', 'javascript:search_order();', '', '2009-08-10 03:10:01', '2009-08-10 03:10:42'),
(26, 'eng', 10, 'Newsletters', 'javascript:add_newsletter();', '', '2009-08-10 03:10:23', '2009-08-10 03:10:23'),
(27, 'cht', 9, '订单状态跟踪', 'javascript:search_order();', '', '2009-08-10 03:10:01', '2009-08-10 03:10:42'),
(34, 'cht', 12, '所有评论', '/comments/', '', '2009-08-10 11:06:03', '2009-09-21 01:37:20'),
(35, 'cht', 13, '积分商城', '/exchanges/', '', '2009-08-11 02:00:41', '2009-08-18 06:12:36'),
(36, 'cht', 14, '专题', '/topics/', '', '2009-08-11 02:01:29', '2009-08-11 02:01:29');

--
-- 导出表中的数据 `svcart_newsletter_lists`
--


--
-- 导出表中的数据 `svcart_operators`
--


--
-- 导出表中的数据 `svcart_operator_actions`
--


--
-- 导出表中的数据 `svcart_operator_action_i18ns`
--


--
-- 导出表中的数据 `svcart_operator_logs`
--

INSERT INTO `svcart_operator_logs` (`id`, `operator_id`, `ipaddress`, `action_url`, `info`, `remark`, `type`, `created`, `modified`) VALUES
(1, 1, '192.168.10.178', 'http://data.branches.seevia.cn/sv-admin/configvalues/edit', '操作员seevia 修改商店设置', NULL, '1', '2009-08-14 10:37:53', '2009-08-14 10:37:53'),
(2, 1, '192.168.10.178', 'http://data.branches.seevia.cn/sv-admin/configvalues/edit', '操作员seevia 修改商店设置', NULL, '1', '2009-08-14 10:38:43', '2009-08-14 10:38:43'),
(3, 1, '192.168.10.178', 'http://data.branches.seevia.cn/sv-admin/products/43', '操作员seevia 编辑商品:商务休闲裤（标准款） 黑色相册', NULL, '1', '2009-08-17 02:13:24', '2009-08-17 02:13:24'),
(4, 1, '192.168.10.178', 'http://data.branches.seevia.cn/sv-admin/categories/edit/A/26', '操作员seevia 编辑文章分类:配送方式', NULL, '1', '2009-08-18 06:07:33', '2009-08-18 06:07:33'),
(5, 1, '192.168.10.178', 'http://data.branches.seevia.cn/sv-admin/categories/edit/A/27', '操作员seevia 编辑文章分类:售后服务', NULL, '1', '2009-08-18 06:07:53', '2009-08-18 06:07:53'),
(6, 1, '192.168.10.178', 'http://data.branches.seevia.cn/sv-admin/categories/edit/A/28', '操作员seevia 编辑文章分类:帮助中心', NULL, '1', '2009-08-18 06:09:28', '2009-08-18 06:09:28'),
(7, 1, '192.168.10.178', 'http://data.branches.seevia.cn/sv-admin/navigations/edit/13', '操作员seevia 编辑导航设置:积分商城', NULL, '1', '2009-08-18 06:12:36', '2009-08-18 06:12:36'),
(8, 1, '192.168.10.178', 'http://data.branches.seevia.cn/sv-admin/navigations/edit/11', '操作员seevia 编辑导航设置:所有相册', NULL, '1', '2009-08-18 06:13:04', '2009-08-18 06:13:04'),
(9, 1, '192.168.10.178', 'http://data.branches.seevia.cn/sv-admin/navigations/edit/12', '操作员seevia 编辑导航设置:所有评论', NULL, '1', '2009-08-18 06:19:59', '2009-08-18 06:19:59'),
(10, 1, '192.168.10.151', 'http://data.branches.seevia.cn/sv-admin/configvalues/edit', '操作员seevia 修改商店设置', NULL, '1', '2009-08-18 07:08:07', '2009-08-18 07:08:07'),
(11, 1, '192.168.10.179', 'http://data.branches.seevia.cn/sv-admin/languages/edit/14', '操作员seevia 编辑语言:中文繁体', NULL, '1', '2009-08-18 11:34:27', '2009-08-18 11:34:27'),
(12, 1, '192.168.10.179', 'http://data.branches.seevia.cn/sv-admin/configvalues/edit', '操作员seevia 修改商店设置', NULL, '1', '2009-08-18 11:49:13', '2009-08-18 11:49:13'),
(13, 1, '192.168.10.178', 'http://data.branches.seevia.cn/sv-admin/languages/edit/1', '操作员seevia 编辑语言:简体中文', NULL, '1', '2009-08-19 02:05:28', '2009-08-19 02:05:28'),
(14, 1, '192.168.10.178', 'http://data.branches.seevia.cn/sv-admin/configvalues/edit', '操作员seevia 修改商店设置', NULL, '1', '2009-08-19 02:23:55', '2009-08-19 02:23:55'),
(15, 1, '192.168.10.178', 'http://data.branches.seevia.cn/sv-admin/configvalues/edit', '操作员seevia 修改商店设置', NULL, '1', '2009-08-19 02:25:50', '2009-08-19 02:25:50'),
(16, 1, '192.168.10.178', 'http://data.branches.seevia.cn/sv-admin/brands/add', '操作员seevia 增加品牌:戴尔', NULL, '1', '2009-08-19 02:49:56', '2009-08-19 02:49:56'),
(17, 1, '192.168.10.178', 'http://data.branches.seevia.cn/sv-admin/memberlevels/edit/1', '操作员seevia 编辑会员等级:贵宾', NULL, '1', '2009-08-19 04:56:58', '2009-08-19 04:56:58'),
(18, 1, '192.168.10.178', 'http://data.branches.seevia.cn/sv-admin/messages/product_view/6', '操作员seevia 回复留言:提问', NULL, '1', '2009-08-19 05:03:08', '2009-08-19 05:03:08'),
(19, 1, '192.168.10.178', 'http://data.branches.seevia.cn/sv-admin/articles/edit/9', '操作员seevia 编辑文章:如何办理退换货', NULL, '1', '2009-08-19 05:12:32', '2009-08-19 05:12:32'),
(20, 1, '192.168.10.178', 'http://data.branches.seevia.cn/sv-admin/articles/edit/13', '操作员seevia 编辑文章:发票制度说明', NULL, '1', '2009-08-19 05:12:48', '2009-08-19 05:12:48'),
(21, 1, '192.168.10.178', 'http://data.branches.seevia.cn/sv-admin/articles/edit/16', '操作员seevia 编辑文章:投诉与建议', NULL, '1', '2009-08-19 05:19:15', '2009-08-19 05:19:15'),
(22, 1, '192.168.10.178', 'http://data.branches.seevia.cn/sv-admin/articles/edit/12', '操作员seevia 编辑文章:注册新用户', NULL, '1', '2009-08-19 05:19:38', '2009-08-19 05:19:38'),
(23, 1, '192.168.10.179', 'http://data.branches.seevia.cn/sv-admin/flashes/flashe/?type=H&type_id=0', '操作员seevia 更改Flash设置', NULL, '1', '2009-08-19 05:27:27', '2009-08-19 05:27:27'),
(24, 1, '192.168.10.179', 'http://data.branches.seevia.cn/sv-admin/flashes/flashe/?type=H&type_id=0', '操作员seevia 更改Flash设置', NULL, '1', '2009-08-19 05:29:36', '2009-08-19 05:29:36'),
(25, 1, '192.168.10.179', 'http://data.branches.seevia.cn/sv-admin/configvalues/edit', '操作员seevia 修改商店设置', NULL, '1', '2009-08-19 05:37:09', '2009-08-19 05:37:09'),
(26, 1, '192.168.10.179', 'http://data.branches.seevia.cn/sv-admin/flashes/flashe/?type=H&type_id=0', '操作员seevia 更改Flash设置', NULL, '1', '2009-08-19 06:05:07', '2009-08-19 06:05:07'),
(27, 1, '192.168.10.179', 'http://data.branches.seevia.cn/sv-admin/links/edit/85', '操作员seevia 编辑友情链接:Seevia', NULL, '1', '2009-08-19 06:10:48', '2009-08-19 06:10:48'),
(28, 1, '192.168.10.179', 'http://data.branches.seevia.cn/sv-admin/flashes/flashe/?type=H&type_id=0', '操作员seevia 更改Flash设置', NULL, '1', '2009-08-19 06:15:02', '2009-08-19 06:15:02'),
(29, 1, '192.168.10.179', 'http://data.branches.seevia.cn/sv-admin/flashes/flashe/?type=H&type_id=0', '操作员seevia 更改Flash设置', NULL, '1', '2009-08-19 06:17:58', '2009-08-19 06:17:58'),
(30, 1, '192.168.10.179', 'http://data.branches.seevia.cn/sv-admin/flashes/flashe/?type=H&type_id=0', '操作员seevia 更改Flash设置', NULL, '1', '2009-08-19 06:18:15', '2009-08-19 06:18:15'),
(31, 1, '192.168.10.179', 'http://data.branches.seevia.cn/sv-admin/flashes/flashe/?type=H&type_id=0', '操作员seevia 更改Flash设置', NULL, '1', '2009-08-19 06:18:22', '2009-08-19 06:18:22'),
(32, 1, '192.168.10.179', 'http://data.branches.seevia.cn/sv-admin/flashes/add', '操作员seevia 添加Flash', NULL, '1', '2009-08-19 06:20:18', '2009-08-19 06:20:18'),
(33, 1, '192.168.10.179', 'http://data.branches.seevia.cn/sv-admin/flashes/flashe/?type=H&type_id=0', '操作员seevia 更改Flash设置', NULL, '1', '2009-08-19 06:20:23', '2009-08-19 06:20:23'),
(34, 1, '192.168.10.179', 'http://data.branches.seevia.cn/sv-admin/flashes/add', '操作员seevia 添加Flash', NULL, '1', '2009-08-19 06:20:50', '2009-08-19 06:20:50'),
(35, 1, '192.168.10.179', 'http://data.branches.seevia.cn/sv-admin/flashes/flashe/?type=H&type_id=0', '操作员seevia 更改Flash设置', NULL, '1', '2009-08-19 06:21:02', '2009-08-19 06:21:02'),
(36, 1, '192.168.10.179', 'http://data.branches.seevia.cn/sv-admin/flashes/add', '操作员seevia 添加Flash', NULL, '1', '2009-08-19 06:21:29', '2009-08-19 06:21:29'),
(37, 1, '192.168.10.179', 'http://data.branches.seevia.cn/sv-admin/flashes/flashe/?type=H&type_id=0', '操作员seevia 更改Flash设置', NULL, '1', '2009-08-19 06:21:38', '2009-08-19 06:21:38'),
(38, 1, '192.168.10.179', 'http://data.branches.seevia.cn/sv-admin/flashes/add', '操作员seevia 添加Flash', NULL, '1', '2009-08-19 06:21:57', '2009-08-19 06:21:57'),
(39, 1, '192.168.10.179', 'http://data.branches.seevia.cn/sv-admin/flashes/flashe/?type=H&type_id=0', '操作员seevia 更改Flash设置', NULL, '1', '2009-08-19 06:22:05', '2009-08-19 06:22:05'),
(40, 1, '192.168.10.179', 'http://data.branches.seevia.cn/sv-admin/flashes/add', '操作员seevia 添加Flash', NULL, '1', '2009-08-19 06:27:36', '2009-08-19 06:27:36'),
(41, 1, '192.168.10.179', 'http://data.branches.seevia.cn/sv-admin/flashes/flashe/?type=H&type_id=0', '操作员seevia 更改Flash设置', NULL, '1', '2009-08-19 06:27:41', '2009-08-19 06:27:41'),
(42, 1, '192.168.10.179', 'http://data.branches.seevia.cn/sv-admin/flashes/add', '操作员seevia 添加Flash', NULL, '1', '2009-08-19 06:28:04', '2009-08-19 06:28:04'),
(43, 1, '192.168.10.179', 'http://data.branches.seevia.cn/sv-admin/links/edit/85', '操作员seevia 编辑友情链接:Seevia', NULL, '1', '2009-08-19 06:29:33', '2009-08-19 06:29:33'),
(44, 1, '192.168.10.179', 'http://data.branches.seevia.cn/sv-admin/flashes/flashe/?type=H&type_id=0', '操作员seevia 更改Flash设置', NULL, '1', '2009-08-19 06:30:23', '2009-08-19 06:30:23'),
(45, 1, '192.168.10.155', 'http://data.branches.seevia.cn/sv-admin/products/add', '操作员seevia 添加商品:三星SGH-F258', NULL, '1', '2009-08-19 06:44:36', '2009-08-19 06:44:36'),
(46, 1, '192.168.10.155', 'http://data.branches.seevia.cn/sv-admin/products/54', '操作员seevia 编辑商品:三星SGH-F258通用信息', NULL, '1', '2009-08-19 06:45:18', '2009-08-19 06:45:18'),
(47, 1, '192.168.10.155', 'http://data.branches.seevia.cn/sv-admin/products/54', '操作员seevia 编辑商品:三星SGH-F258通用信息', NULL, '1', '2009-08-19 06:46:31', '2009-08-19 06:46:31'),
(48, 1, '192.168.10.155', 'http://data.branches.seevia.cn/sv-admin/products/add', '操作员seevia 添加商品:诺基亚N85', NULL, '1', '2009-08-19 06:50:15', '2009-08-19 06:50:15'),
(49, 1, '192.168.10.155', 'http://data.branches.seevia.cn/sv-admin/products/55', '操作员seevia 编辑商品:诺基亚N85通用信息', NULL, '1', '2009-08-19 06:50:32', '2009-08-19 06:50:32'),
(50, 1, '192.168.10.155', 'http://data.branches.seevia.cn/sv-admin/products/54', '操作员seevia 编辑商品:三星SGH-F258相册', NULL, '1', '2009-08-19 06:51:23', '2009-08-19 06:51:23'),
(51, 1, '192.168.10.179', 'http://data.branches.seevia.cn/sv-admin/categories/edit/P/12', '操作员seevia 编辑商品分类:手机类型', NULL, '1', '2009-08-19 06:51:37', '2009-08-19 06:51:37'),
(52, 1, '192.168.10.155', 'http://data.branches.seevia.cn/sv-admin/products/55', '操作员seevia 编辑商品:诺基亚N85相册', NULL, '1', '2009-08-19 06:51:48', '2009-08-19 06:51:48'),
(53, 1, '192.168.10.155', 'http://data.branches.seevia.cn/sv-admin/products/54', '操作员seevia 编辑商品:三星SGH-F258相册', NULL, '1', '2009-08-19 06:52:57', '2009-08-19 06:52:57'),
(54, 1, '192.168.10.155', 'http://data.branches.seevia.cn/sv-admin/products/55', '操作员seevia 编辑商品:诺基亚N85相册', NULL, '1', '2009-08-19 06:53:13', '2009-08-19 06:53:13'),
(55, 1, '192.168.10.155', 'http://data.branches.seevia.cn/sv-admin/products/add', '操作员seevia 添加商品:诺基亚N96', NULL, '1', '2009-08-19 06:57:45', '2009-08-19 06:57:45'),
(56, 1, '192.168.10.155', 'http://data.branches.seevia.cn/sv-admin/products/56', '操作员seevia 编辑商品:诺基亚N96相册', NULL, '1', '2009-08-19 06:58:23', '2009-08-19 06:58:23'),
(57, 1, '192.168.10.155', 'http://data.branches.seevia.cn/sv-admin/products/56', '操作员seevia 编辑商品:诺基亚N96通用信息', NULL, '1', '2009-08-19 06:58:45', '2009-08-19 06:58:45'),
(58, 1, '192.168.10.155', 'http://data.branches.seevia.cn/sv-admin/system_resources/add', '操作员seevia 添加系统资源:打印状态', NULL, '1', '2009-08-19 07:08:07', '2009-08-19 07:08:07'),
(59, 1, '192.168.10.155', 'http://data.branches.seevia.cn/sv-admin/system_resources/add', '操作员seevia 添加系统资源:未打印', NULL, '1', '2009-08-19 07:09:55', '2009-08-19 07:09:55'),
(60, 1, '192.168.10.155', 'http://data.branches.seevia.cn/sv-admin/system_resources/add', '操作员seevia 添加系统资源:已打印', NULL, '1', '2009-08-19 07:10:27', '2009-08-19 07:10:27'),
(61, 1, '192.168.10.155', 'http://data.branches.seevia.cn/sv-admin/system_resources/edit/61/61', '操作员seevia 编辑系统资源:配送单打印状态', NULL, '1', '2009-08-19 07:10:49', '2009-08-19 07:10:49'),
(62, 1, '192.168.10.155', 'http://data.branches.seevia.cn/sv-admin/orders/order_operate/', '操作员seevia 订单2009081947684已发货', NULL, '1', '2009-08-19 07:11:54', '2009-08-19 07:11:54'),
(63, 1, '192.168.10.155', 'http://data.branches.seevia.cn/sv-admin/orders/order_operate/', '操作员seevia 订单2009081947684已退回', NULL, '1', '2009-08-19 07:11:59', '2009-08-19 07:11:59'),
(64, 1, '192.168.10.155', 'http://data.branches.seevia.cn/sv-admin/orders/order_operate/', '操作员seevia 订单2009081754008已确认', NULL, '1', '2009-08-19 07:12:25', '2009-08-19 07:12:25'),
(65, 1, '192.168.10.155', 'http://data.branches.seevia.cn/sv-admin/orders/order_operate/', '操作员seevia 订单2009081754008已付款', NULL, '1', '2009-08-19 07:12:32', '2009-08-19 07:12:32'),
(66, 1, '192.168.10.155', 'http://data.branches.seevia.cn/sv-admin/orders/order_operate/', '操作员seevia 订单2009081754008已发货', NULL, '1', '2009-08-19 07:12:42', '2009-08-19 07:12:42'),
(67, 1, '192.168.10.155', 'http://data.branches.seevia.cn/sv-admin/orders/order_operate/', '操作员seevia 订单2009081754008已退回', NULL, '1', '2009-08-19 07:12:50', '2009-08-19 07:12:50'),
(68, 1, '192.168.10.178', 'http://data.branches.seevia.cn/sv-admin/configvalues/edit', '操作员seevia 修改商店设置', NULL, '1', '2009-08-19 08:35:45', '2009-08-19 08:35:45'),
(69, 1, '192.168.10.155', 'http://data.branches.seevia.cn/sv-admin/system_resources/add', '操作员seevia 添加系统资源:分成类型', NULL, '1', '2009-08-19 08:36:25', '2009-08-19 08:36:25'),
(70, 1, '192.168.10.155', 'http://data.branches.seevia.cn/sv-admin/system_resources/add', '操作员seevia 添加系统资源:推荐注册分成', NULL, '1', '2009-08-19 08:36:55', '2009-08-19 08:36:55'),
(71, 1, '192.168.10.155', 'http://data.branches.seevia.cn/sv-admin/system_resources/add', '操作员seevia 添加系统资源:推荐订单分成', NULL, '1', '2009-08-19 08:37:18', '2009-08-19 08:37:18'),
(72, 1, '192.168.10.155', 'http://data.branches.seevia.cn/sv-admin/system_resources/add', '操作员seevia 添加系统资源:推荐订单分成', NULL, '1', '2009-08-19 08:37:57', '2009-08-19 08:37:57'),
(73, 1, '192.168.10.155', 'http://data.branches.seevia.cn/sv-admin/system_resources/add', '操作员seevia 添加系统资源:推荐注册分成', NULL, '1', '2009-08-19 08:38:36', '2009-08-19 08:38:36'),
(74, 1, '192.168.10.155', 'http://data.branches.seevia.cn/sv-admin/system_resources/add', '操作员seevia 添加系统资源:分成操作状态', NULL, '1', '2009-08-19 08:39:54', '2009-08-19 08:39:54'),
(75, 1, '192.168.10.155', 'http://data.branches.seevia.cn/sv-admin/system_resources/add', '操作员seevia 添加系统资源:等待处理', NULL, '1', '2009-08-19 08:40:34', '2009-08-19 08:40:34'),
(76, 1, '192.168.10.155', 'http://data.branches.seevia.cn/sv-admin/system_resources/add', '操作员seevia 添加系统资源:已分成', NULL, '1', '2009-08-19 08:41:10', '2009-08-19 08:41:10'),
(77, 1, '192.168.10.155', 'http://data.branches.seevia.cn/sv-admin/system_resources/add', '操作员seevia 添加系统资源:取消分成', NULL, '1', '2009-08-19 08:41:39', '2009-08-19 08:41:39'),
(78, 1, '192.168.10.155', 'http://data.branches.seevia.cn/sv-admin/system_resources/edit/69/69', '操作员seevia 编辑系统资源:分成操作状态', NULL, '1', '2009-08-19 08:41:53', '2009-08-19 08:41:53'),
(79, 1, '192.168.10.179', 'http://data.branches.seevia.cn/sv-admin/flashes/flashe/?type=H&type_id=0', '操作员seevia 更改Flash设置', NULL, '1', '2009-08-19 11:15:31', '2009-08-19 11:15:31'),
(80, 1, '192.168.10.179', 'http://data.branches.seevia.cn/sv-admin/flashes/edit/1', '操作员seevia 编辑Flash', NULL, '1', '2009-08-19 11:15:51', '2009-08-19 11:15:51'),
(81, 1, '192.168.10.179', 'http://data.branches.seevia.cn/sv-admin/flashes/flashe/?type=H&type_id=0', '操作员seevia 更改Flash设置', NULL, '1', '2009-08-19 11:15:55', '2009-08-19 11:15:55'),
(82, 1, '192.168.10.179', 'http://data.branches.seevia.cn/sv-admin/flashes/edit/29', '操作员seevia 编辑Flash', NULL, '1', '2009-08-19 11:16:07', '2009-08-19 11:16:07'),
(83, 1, '192.168.10.179', 'http://data.branches.seevia.cn/sv-admin/flashes/flashe/?type=H&type_id=0', '操作员seevia 更改Flash设置', NULL, '1', '2009-08-19 11:16:11', '2009-08-19 11:16:11'),
(84, 1, '192.168.10.179', 'http://data.branches.seevia.cn/sv-admin/flashes/edit/2', '操作员seevia 编辑Flash', NULL, '1', '2009-08-19 11:16:25', '2009-08-19 11:16:25'),
(85, 1, '192.168.10.179', 'http://data.branches.seevia.cn/sv-admin/flashes/flashe/?type=H&type_id=0', '操作员seevia 更改Flash设置', NULL, '1', '2009-08-19 11:16:29', '2009-08-19 11:16:29'),
(86, 1, '192.168.10.155', 'http://data.branches.seevia.cn/sv-admin/departments/add', '操作员seevia 添加部门:部门1', NULL, '1', '2009-08-19 12:07:27', '2009-08-19 12:07:27'),
(87, 1, '192.168.10.155', 'http://data.branches.seevia.cn/sv-admin/advertisement_positions/add', '操作员seevia 添加广告位:广告位1', NULL, '1', '2009-08-19 12:07:54', '2009-08-19 12:07:54'),
(88, 1, '192.168.10.155', 'http://data.branches.seevia.cn/sv-admin/flashes/flashe/?type=H&type_id=0', '操作员seevia 更改Flash设置', NULL, '1', '2009-08-19 12:08:05', '2009-08-19 12:08:05'),
(89, 1, '192.168.10.155', 'http://data.branches.seevia.cn/sv-admin/advertisements/add', '操作员seevia 添加广告:广告1', NULL, '1', '2009-08-19 12:08:23', '2009-08-19 12:08:23'),
(90, 1, '192.168.10.155', 'http://data.branches.seevia.cn/sv-admin/advertisements/add', '操作员seevia 添加广告:广告1', NULL, '1', '2009-08-19 12:08:34', '2009-08-19 12:08:34'),
(91, 1, '192.168.10.155', 'http://data.branches.seevia.cn/sv-admin/providers/add', '操作员seevia 添加供应商:供应商1', NULL, '1', '2009-08-19 12:09:03', '2009-08-19 12:09:03'),
(92, 1, '192.168.10.155', 'http://data.branches.seevia.cn/sv-admin/coupons/add', '操作员seevia 添加电子优惠券:抵押200元', NULL, '1', '2009-08-19 12:12:05', '2009-08-19 12:12:05'),
(93, 1, '192.168.10.155', 'http://data.branches.seevia.cn/sv-admin/virtual_cards/add', '操作员seevia 添加虚拟卡:移动100元充值卡', NULL, '1', '2009-08-19 12:19:45', '2009-08-19 12:19:45'),
(94, 1, '192.168.10.155', 'http://data.branches.seevia.cn/sv-admin/virtual_cards/57', '操作员seevia 编辑虚拟卡:移动100元充值卡 的相册', NULL, '1', '2009-08-19 12:20:15', '2009-08-19 12:20:15'),
(95, 1, '192.168.10.155', 'http://data.branches.seevia.cn/sv-admin/virtual_cards/57', '操作员seevia 编辑虚拟卡:移动100元充值卡 的相册', NULL, '1', '2009-08-19 12:20:31', '2009-08-19 12:20:31'),
(96, 1, '192.168.10.155', 'http://data.branches.seevia.cn/sv-admin/virtual_cards/card_add/57', '操作员seevia 对虚拟卡:移动100元充值卡补货', NULL, '1', '2009-08-19 12:20:58', '2009-08-19 12:20:58'),
(97, 1, '192.168.10.155', 'http://data.branches.seevia.cn/sv-admin/product_services/add', '操作员seevia 添加服务商品:服务1', NULL, '1', '2009-08-19 12:22:18', '2009-08-19 12:22:18'),
(98, 1, '192.168.10.155', 'http://data.branches.seevia.cn/sv-admin/product_services/58', '操作员seevia 添加服务商品:服务1 的相册', NULL, '1', '2009-08-19 12:22:35', '2009-08-19 12:22:35'),
(99, 1, '192.168.10.155', 'http://data.branches.seevia.cn/sv-admin/product_downloads/add', '操作员seevia 添加下载商品:下载1', NULL, '1', '2009-08-19 12:24:05', '2009-08-19 12:24:05'),
(100, 1, '192.168.10.155', 'http://data.branches.seevia.cn/sv-admin/flashes/flashe/?type=H&type_id=0', '操作员seevia 更改Flash设置', NULL, '1', '2009-08-19 12:24:39', '2009-08-19 12:24:39'),
(101, 1, '192.168.10.178', 'http://data.branches.seevia.cn/sv-admin/links/edit/85', '操作员seevia 编辑友情链接:Seevia', NULL, '1', '2009-08-20 02:42:13', '2009-08-20 02:42:13'),
(102, 1, '192.168.10.155', 'http://data.branches.seevia.cn/sv-admin/userinformations/add', '操作员seevia 添加用户信息:MSN', NULL, '1', '2009-08-20 02:44:37', '2009-08-20 02:44:37'),
(103, 1, '192.168.10.155', 'http://data.branches.seevia.cn/sv-admin/userinformations/add', '操作员seevia 添加用户信息:QQ', NULL, '1', '2009-08-20 02:45:01', '2009-08-20 02:45:01'),
(104, 1, '192.168.10.155', 'http://data.branches.seevia.cn/sv-admin/userinformations/add', '操作员seevia 添加用户信息:注册IP', NULL, '1', '2009-08-20 02:45:31', '2009-08-20 02:45:31'),
(105, 1, '192.168.10.155', 'http://data.branches.seevia.cn/sv-admin/userconfigs/add', '操作员seevia 添加用户设置:备用email地址', NULL, '1', '2009-08-20 02:46:17', '2009-08-20 02:46:17'),
(106, 1, '192.168.10.178', 'http://data.branches.seevia.cn/sv-admin/articles/edit/13', '操作员seevia 编辑文章:发票制度说明', NULL, '1', '2009-08-20 02:57:27', '2009-08-20 02:57:27'),
(107, 1, '192.168.10.178', 'http://data.branches.seevia.cn/sv-admin/articles/edit/9', '操作员seevia 编辑文章:如何办理退换货', NULL, '1', '2009-08-20 02:57:32', '2009-08-20 02:57:32'),
(108, 1, '192.168.10.155', 'http://data.branches.seevia.cn/sv-admin/operators/add', '操作员seevia 添加操作员:zhengli', NULL, '1', '2009-08-20 03:09:14', '2009-08-20 03:09:14'),
(109, 1, '192.168.10.155', 'http://data.branches.seevia.cn/sv-admin/roles/add', '操作员seevia 添加角色:leo.wanta', NULL, '1', '2009-08-20 03:09:48', '2009-08-20 03:09:48'),
(110, 1, '192.168.10.155', 'http://data.branches.seevia.cn/sv-admin/roles/add', '操作员seevia 添加角色:test', NULL, '1', '2009-08-20 03:11:04', '2009-08-20 03:11:04'),
(111, 1, '192.168.10.155', 'http://data.branches.seevia.cn/sv-admin/departments/edit/1', '操作员seevia 编辑部门:财物部', NULL, '1', '2009-08-20 03:12:15', '2009-08-20 03:12:15'),
(112, 1, '192.168.10.155', 'http://data.branches.seevia.cn/sv-admin/departments/add', '操作员seevia 添加部门:营销部', NULL, '1', '2009-08-20 03:15:45', '2009-08-20 03:15:45'),
(113, 1, '192.168.10.155', 'http://data.branches.seevia.cn/sv-admin/stores/add', '操作员seevia 添加店铺:浦东德平店', NULL, '1', '2009-08-20 03:17:53', '2009-08-20 03:17:53'),
(114, 1, '192.168.10.155', 'http://data.branches.seevia.cn/sv-admin/stores/edit/1', '操作员seevia 编辑店铺:浦东德平店', NULL, '1', '2009-08-20 03:19:30', '2009-08-20 03:19:30'),
(115, 1, '192.168.10.155', 'http://data.branches.seevia.cn/sv-admin/stores/edit/1', '操作员seevia 编辑店铺:浦东德平店', NULL, '1', '2009-08-20 03:19:43', '2009-08-20 03:19:43'),
(116, 1, '192.168.10.155', 'http://data.branches.seevia.cn/sv-admin/stores/edit/1', '操作员seevia 编辑店铺:浦东德平店', NULL, '1', '2009-08-20 03:22:04', '2009-08-20 03:22:04'),
(117, 1, '192.168.10.155', 'http://data.branches.seevia.cn/sv-admin/flashes/flashe/?type=H&type_id=0', '操作员seevia 更改Flash设置', NULL, '1', '2009-08-20 03:23:51', '2009-08-20 03:23:51'),
(118, 1, '192.168.10.155', 'http://data.branches.seevia.cn/sv-admin/flashes/flashe/?type=H&type_id=0', '操作员seevia 更改Flash设置', NULL, '1', '2009-08-20 03:25:40', '2009-08-20 03:25:40'),
(119, 1, '192.168.10.155', 'http://data.branches.seevia.cn/sv-admin/flashes/flashe/?type=H&type_id=0', '操作员seevia 更改Flash设置', NULL, '1', '2009-08-20 03:25:57', '2009-08-20 03:25:57'),
(120, 1, '192.168.10.155', 'http://data.branches.seevia.cn/sv-admin/providers/edit/1', '操作员seevia 编辑供应商:手机供应商', NULL, '1', '2009-08-20 03:30:19', '2009-08-20 03:30:19'),
(121, 1, '192.168.10.155', 'http://data.branches.seevia.cn/sv-admin/providers/add', '操作员seevia 添加供应商:裤子', NULL, '1', '2009-08-20 03:30:31', '2009-08-20 03:30:31'),
(122, 1, '192.168.10.155', 'http://data.branches.seevia.cn/sv-admin/products/50', '操作员seevia 编辑商品:欧式丝光舒适板鞋（女款） 白色通用信息', NULL, '1', '2009-08-20 03:31:38', '2009-08-20 03:31:38'),
(123, 1, '192.168.10.155', 'http://data.branches.seevia.cn/sv-admin/products/40', '操作员seevia 编辑商品:全棉斜纹直筒卡其裤 藏青色通用信息', NULL, '1', '2009-08-20 03:32:09', '2009-08-20 03:32:09'),
(124, 1, '192.168.10.178', 'http://data.branches.seevia.cn/sv-admin/payments/edit/9', '操作员seevia 编辑支付方式:余额支付', NULL, '1', '2009-08-20 03:33:29', '2009-08-20 03:33:29'),
(125, 1, '192.168.10.155', 'http://data.branches.seevia.cn/sv-admin/virtual_cards/card_edit/1/57', '操作员seevia 编辑虚拟卡:移动100元充值卡', NULL, '1', '2009-08-20 03:38:05', '2009-08-20 03:38:05'),
(126, 1, '192.168.10.155', 'http://data.branches.seevia.cn/sv-admin/tags/edit', '操作员seevia 编辑标签:非主流', NULL, '1', '2009-08-20 03:40:05', '2009-08-20 03:40:05'),
(127, 1, '192.168.10.155', 'http://data.branches.seevia.cn/sv-admin/trash/com_delete/49', '操作员seevia 删除商品:', NULL, '1', '2009-08-20 03:40:28', '2009-08-20 03:40:28'),
(128, 1, '192.168.10.155', 'http://data.branches.seevia.cn/sv-admin/memberlevels/add', '操作员seevia 添加会员等级:注册用户', NULL, '1', '2009-08-20 03:41:40', '2009-08-20 03:41:40'),
(129, 1, '192.168.10.155', 'http://data.branches.seevia.cn/sv-admin/memberlevels/add', '操作员seevia 添加会员等级:代销用户', NULL, '1', '2009-08-20 03:41:57', '2009-08-20 03:41:57'),
(130, 1, '192.168.10.155', 'http://data.branches.seevia.cn/sv-admin/orders/order_operate/', '操作员seevia 订单2009082013890已确认', NULL, '1', '2009-08-20 03:46:46', '2009-08-20 03:46:46'),
(131, 1, '192.168.10.155', 'http://data.branches.seevia.cn/sv-admin/orders/order_operate/', '操作员seevia 订单2009082013890已付款', NULL, '1', '2009-08-20 03:46:50', '2009-08-20 03:46:50'),
(132, 1, '192.168.10.155', 'http://data.branches.seevia.cn/sv-admin/orders/order_operate/', '操作员seevia 订单2009082013890已发货', NULL, '1', '2009-08-20 03:46:57', '2009-08-20 03:46:57'),
(133, 1, '192.168.10.155', 'http://data.branches.seevia.cn/sv-admin/orders/order_operate/', '操作员seevia 订单2009082013890已收货', NULL, '1', '2009-08-20 03:47:01', '2009-08-20 03:47:01'),
(134, 1, '192.168.10.155', 'http://data.branches.seevia.cn/sv-admin/roles/edit/2', '操作员seevia 编辑角色:test', NULL, '1', '2009-08-20 05:41:46', '2009-08-20 05:41:46'),
(135, 1, '192.168.10.155', 'http://data.branches.seevia.cn/sv-admin/roles/edit/1', '操作员seevia 编辑角色:leo.wanta', NULL, '1', '2009-08-20 05:42:13', '2009-08-20 05:42:13'),
(136, 1, '192.168.10.155', 'http://data.branches.seevia.cn/sv-admin/virtual_cards/card_add/57', '操作员seevia 对虚拟卡:移动100元充值卡补货', NULL, '1', '2009-08-20 09:12:30', '2009-08-20 09:12:30'),
(137, 1, '192.168.10.155', 'http://data.branches.seevia.cn/sv-admin/orders/edit_order_info/?status=1', '操作员seevia 插入商品服务1至订单:', NULL, '1', '2009-08-20 09:17:05', '2009-08-20 09:17:05'),
(138, 1, '192.168.10.151', 'http://data.branches.seevia.cn/sv-admin/users/8', '操作员seevia 编辑会员:www.sina.com', NULL, '1', '2009-08-26 05:08:58', '2009-08-26 05:08:58'),
(139, 1, '192.168.10.151', 'http://data.branches.seevia.cn/sv-admin/users/8', '操作员seevia 会员:www.sina.com 的可用资金增加100047', NULL, '1', '2009-08-26 05:08:58', '2009-08-26 05:08:58'),
(140, 1, '192.168.10.151', 'http://data.branches.seevia.cn/sv-admin/users/8', '操作员seevia 会员:www.sina.com 的冻结资金增加5', NULL, '1', '2009-08-26 05:08:58', '2009-08-26 05:08:58'),
(141, 1, '192.168.10.151', 'http://data.branches.seevia.cn/sv-admin/users/8', '操作员seevia 会员:www.sina.com 的消费积分增加52', NULL, '1', '2009-08-26 05:08:58', '2009-08-26 05:08:58'),
(142, 1, '192.168.10.151', 'http://data.branches.seevia.cn/sv-admin/users/8', '操作员seevia 编辑会员:www.sina.com', NULL, '1', '2009-08-26 05:08:58', '2009-08-26 05:08:58'),
(143, 1, '192.168.10.179', 'http://data.branches.seevia.cn/sv-admin/categories/edit/A/24', '操作员seevia 编辑文章分类:新手指南', NULL, '1', '2009-09-04 06:49:37', '2009-09-04 06:49:37'),
(144, 1, '192.168.10.179', 'http://data.branches.seevia.cn/sv-admin/categories/edit/A/25', '操作员seevia 编辑文章分类:如何付款/退款', NULL, '1', '2009-09-04 06:50:27', '2009-09-04 06:50:27'),
(145, 1, '192.168.10.179', 'http://data.branches.seevia.cn/sv-admin/categories/edit/A/26', '操作员seevia 编辑文章分类:配送方式', NULL, '1', '2009-09-04 06:51:16', '2009-09-04 06:51:16'),
(146, 1, '192.168.10.179', 'http://data.branches.seevia.cn/sv-admin/categories/edit/A/27', '操作员seevia 编辑文章分类:售后服务', NULL, '1', '2009-09-04 06:51:43', '2009-09-04 06:51:43'),
(147, 1, '192.168.10.179', 'http://data.branches.seevia.cn/sv-admin/categories/edit/A/28', '操作员seevia 编辑文章分类:帮助中心', NULL, '1', '2009-09-04 06:52:08', '2009-09-04 06:52:08'),
(148, 1, '192.168.10.179', 'http://data.branches.seevia.cn/sv-admin/brands/add', '操作员seevia 增加品牌:联想', NULL, '1', '2009-09-07 03:11:57', '2009-09-07 03:11:57'),
(149, 1, '192.168.10.179', 'http://data.branches.seevia.cn/sv-admin/brands/4', '操作员seevia 编辑品牌:戴尔', NULL, '1', '2009-09-07 03:12:47', '2009-09-07 03:12:47'),
(150, 1, '192.168.10.179', 'http://data.branches.seevia.cn/sv-admin/brands/5', '操作员seevia 编辑品牌:联想', NULL, '1', '2009-09-07 05:42:00', '2009-09-07 05:42:00'),
(151, 1, '192.168.10.179', 'http://data.branches.seevia.cn/sv-admin/brands/add', '操作员seevia 增加品牌:惠普', NULL, '1', '2009-09-07 05:46:18', '2009-09-07 05:46:18'),
(152, 1, '192.168.10.179', 'http://data.branches.seevia.cn/sv-admin/brands/add', '操作员seevia 增加品牌:华硕', NULL, '1', '2009-09-07 05:48:15', '2009-09-07 05:48:15'),
(153, 1, '192.168.10.179', 'http://data.branches.seevia.cn/sv-admin/brands/5', '操作员seevia 编辑品牌:联想', NULL, '1', '2009-09-07 05:48:36', '2009-09-07 05:48:36'),
(154, 1, '192.168.10.179', 'http://data.branches.seevia.cn/sv-admin/brands/4', '操作员seevia 编辑品牌:戴尔', NULL, '1', '2009-09-07 05:48:57', '2009-09-07 05:48:57'),
(155, 1, '192.168.10.179', 'http://data.branches.seevia.cn/sv-admin/brands/add', '操作员seevia 增加品牌:索爱', NULL, '1', '2009-09-07 05:50:46', '2009-09-07 05:50:46'),
(156, 1, '192.168.10.179', 'http://data.branches.seevia.cn/sv-admin/brands/add', '操作员seevia 增加品牌:三星', NULL, '1', '2009-09-07 05:52:34', '2009-09-07 05:52:34'),
(157, 1, '192.168.10.179', 'http://data.branches.seevia.cn/sv-admin/brands/add', '操作员seevia 增加品牌:耐克', NULL, '1', '2009-09-07 05:54:03', '2009-09-07 05:54:03'),
(158, 1, '192.168.10.179', 'http://data.branches.seevia.cn/sv-admin/brands/add', '操作员seevia 增加品牌:阿迪达斯', NULL, '1', '2009-09-07 05:55:35', '2009-09-07 05:55:35'),
(159, 1, '192.168.10.179', 'http://data.branches.seevia.cn/sv-admin/brands/add', '操作员seevia 增加品牌:李宁', NULL, '1', '2009-09-07 05:57:46', '2009-09-07 05:57:46'),
(160, 1, '192.168.10.179', 'http://data.branches.seevia.cn/sv-admin/brands/3', '操作员seevia 编辑品牌:摩托罗拉', NULL, '1', '2009-09-07 06:01:27', '2009-09-07 06:01:27'),
(161, 1, '192.168.10.179', 'http://data.branches.seevia.cn/sv-admin/brands/2', '操作员seevia 编辑品牌:诺基亚', NULL, '1', '2009-09-07 06:04:56', '2009-09-07 06:04:56'),
(162, 1, '192.168.10.179', 'http://data.branches.seevia.cn/sv-admin/brands/3', '操作员seevia 编辑品牌:摩托罗拉', NULL, '1', '2009-09-07 06:05:11', '2009-09-07 06:05:11'),
(163, 1, '192.168.10.178', 'http://data.branches.seevia.cn/sv-admin/categories/edit/P/11', '操作员seevia 编辑商品分类:T恤', NULL, '1', '2009-09-07 07:46:14', '2009-09-07 07:46:14'),
(164, 1, '192.168.10.178', 'http://data.branches.seevia.cn/sv-admin/categories/edit/P/19', '操作员seevia 编辑商品分类:衬衫', NULL, '1', '2009-09-07 07:46:26', '2009-09-07 07:46:26'),
(165, 1, '192.168.10.178', 'http://data.branches.seevia.cn/sv-admin/categories/edit/P/11', '操作员seevia 编辑商品分类:T恤', NULL, '1', '2009-09-07 07:47:37', '2009-09-07 07:47:37'),
(166, 1, '192.168.10.178', 'http://data.branches.seevia.cn/sv-admin/categories/edit/P/19', '操作员seevia 编辑商品分类:衬衫', NULL, '1', '2009-09-07 07:47:43', '2009-09-07 07:47:43'),
(167, 1, '192.168.10.178', 'http://data.branches.seevia.cn/sv-admin/advertisements/edit/10', '操作员seevia 编辑广告:sv-cart', NULL, '1', '2009-09-07 08:52:31', '2009-09-07 08:52:31'),
(168, 1, '192.168.10.178', 'http://data.branches.seevia.cn/sv-admin/advertisements/edit/9', '操作员seevia 编辑广告:sv-cart ', NULL, '1', '2009-09-07 08:53:26', '2009-09-07 08:53:26'),
(169, 1, '192.168.10.178', 'http://data.branches.seevia.cn/sv-admin/products/43', '操作员seevia 编辑商品:商务休闲裤（标准款） 黑色通用信息', NULL, '1', '2009-09-07 09:09:59', '2009-09-07 09:09:59'),
(170, 1, '192.168.10.178', 'http://data.branches.seevia.cn/sv-admin/brands/add', '操作员seevia 增加品牌:七匹狼', NULL, '1', '2009-09-08 01:46:09', '2009-09-08 01:46:09'),
(171, 1, '192.168.10.178', 'http://data.branches.seevia.cn/sv-admin/products/43', '操作员seevia 编辑商品:商务休闲裤（标准款） 黑色通用信息', NULL, '1', '2009-09-08 01:46:33', '2009-09-08 01:46:33'),
(172, 1, '192.168.10.178', 'http://data.branches.seevia.cn/sv-admin/configvalues/edit', '操作员seevia 修改商店设置', NULL, '1', '2009-09-08 01:49:49', '2009-09-08 01:49:49'),
(173, 1, '192.168.10.178', 'http://data.branches.seevia.cn/sv-admin/themes/installthemed/?status=1', '操作员seevia 安装模板:SV_SIMPLE', NULL, '1', '2009-09-08 01:57:49', '2009-09-08 01:57:49'),
(174, 1, '192.168.10.178', 'http://data.branches.seevia.cn/sv-admin/categories/edit/P/18', '操作员seevia 编辑商品分类:衣服', NULL, '1', '2009-09-08 02:08:35', '2009-09-08 02:08:35'),
(175, 1, '192.168.10.178', 'http://data.branches.seevia.cn/sv-admin/articles/edit/7', '操作员seevia 编辑文章:常见热点问题', NULL, '1', '2009-09-08 02:39:50', '2009-09-08 02:39:50'),
(176, 1, '192.168.10.178', 'http://data.branches.seevia.cn/sv-admin/articles/edit/3', '操作员seevia 编辑文章:SV-Cart电子商务平台 v1.0 正式版发布了', NULL, '1', '2009-09-08 02:40:20', '2009-09-08 02:40:20'),
(177, 1, '192.168.10.178', 'http://data.branches.seevia.cn/sv-admin/configvalues/edit', '操作员seevia 修改商店设置', NULL, '1', '2009-09-08 02:55:25', '2009-09-08 02:55:25'),
(178, 1, '192.168.10.178', 'http://data.branches.seevia.cn/sv-admin/comments/edit/12', '操作员seevia 回复评论', NULL, '1', '2009-09-08 02:57:47', '2009-09-08 02:57:47'),
(179, 1, '192.168.10.178', 'http://data.branches.seevia.cn/sv-admin/articles/edit/7', '操作员seevia 编辑文章:常见热点问题', NULL, '1', '2009-09-08 02:58:42', '2009-09-08 02:58:42'),
(180, 1, '192.168.10.178', 'http://data.branches.seevia.cn/sv-admin/articles/edit/7', '操作员seevia 编辑文章:常见热点问题', NULL, '1', '2009-09-08 02:59:16', '2009-09-08 02:59:16'),
(181, 1, '192.168.10.178', 'http://data.branches.seevia.cn/sv-admin/advertisements/edit/10', '操作员seevia 编辑广告:SV-Cart 电子商务平台 多语言多货币网店系统', NULL, '1', '2009-09-08 03:04:11', '2009-09-08 03:04:11'),
(182, 1, '192.168.10.178', 'http://data.branches.seevia.cn/sv-admin/advertisements/edit/9', '操作员seevia 编辑广告:SV-Cart 电子商务平台 多语言多货币网店系统', NULL, '1', '2009-09-08 03:04:57', '2009-09-08 03:04:57'),
(183, 1, '192.168.10.178', 'http://data.branches.seevia.cn/sv-admin/products/43', '操作员seevia 编辑商品:商务休闲裤（标准款） 黑色通用信息', NULL, '1', '2009-09-08 03:57:56', '2009-09-08 03:57:56'),
(184, 1, '192.168.10.178', 'http://data.branches.seevia.cn/sv-admin/products/43', '操作员seevia 编辑商品:商务休闲裤（标准款） 黑色通用信息', NULL, '1', '2009-09-08 04:36:49', '2009-09-08 04:36:49'),
(185, 1, '192.168.10.178', 'http://data.branches.seevia.cn/sv-admin/products/43', '操作员seevia 编辑商品:商务休闲裤（标准款） 黑色通用信息', NULL, '1', '2009-09-08 04:41:05', '2009-09-08 04:41:05'),
(186, 1, '192.168.10.179', 'http://data.branches.seevia.cn/sv-admin/advertisement_positions/remove/1', '操作员seevia 删除广告位:广告位1', NULL, '1', '2009-09-09 02:36:35', '2009-09-09 02:36:35'),
(187, 1, '192.168.10.179', 'http://data.branches.seevia.cn/sv-admin/advertisements/remove/2', '操作员seevia 删除广告:广告1', NULL, '1', '2009-09-09 02:37:17', '2009-09-09 02:37:17'),
(188, 1, '192.168.10.179', 'http://data.branches.seevia.cn/sv-admin/advertisements/remove/1', '操作员seevia 删除广告:广告1', NULL, '1', '2009-09-09 02:37:22', '2009-09-09 02:37:22'),
(189, 1, '192.168.10.178', 'http://data.branches.seevia.cn/sv-admin/articles/edit/5', '操作员seevia 编辑文章:用户注册协议', NULL, '1', '2009-09-11 07:10:10', '2009-09-11 07:10:10'),
(190, 1, '192.168.10.178', 'http://data.branches.seevia.cn/sv-admin/articles/edit/5', '操作员seevia 编辑文章:用户注册协议', NULL, '1', '2009-09-11 07:10:40', '2009-09-11 07:10:40'),
(191, 1, '192.168.10.178', 'http://data.branches.seevia.cn/sv-admin/articles/edit/11', '操作员seevia 编辑文章:网站订购流程', NULL, '1', '2009-09-11 07:30:05', '2009-09-11 07:30:05'),
(192, 1, '192.168.10.178', 'http://data.branches.seevia.cn/sv-admin/comments/edit/15', '操作员seevia 回复评论', NULL, '1', '2009-09-11 07:31:28', '2009-09-11 07:31:28'),
(193, 1, '192.168.10.178', 'http://data.branches.seevia.cn/sv-admin/articles/edit/11', '操作员seevia 编辑文章:网站订购流程', NULL, '1', '2009-09-11 07:32:46', '2009-09-11 07:32:46'),
(194, 1, '192.168.10.178', 'http://data.branches.seevia.cn/sv-admin/articles/edit/12', '操作员seevia 编辑文章:注册新用户', NULL, '1', '2009-09-11 07:33:00', '2009-09-11 07:33:00'),
(195, 1, '192.168.10.178', 'http://data.branches.seevia.cn/sv-admin/topics/add', '操作员seevia 添加专题:SV-Cart专题', NULL, '1', '2009-09-11 07:35:20', '2009-09-11 07:35:20'),
(196, 1, '192.168.10.178', 'http://data.branches.seevia.cn/sv-admin/topics/add', '操作员seevia 添加专题:SV-Cart专题', NULL, '1', '2009-09-11 07:35:23', '2009-09-11 07:35:23'),
(197, 1, '192.168.10.178', 'http://data.branches.seevia.cn/sv-admin/topics/add', '操作员seevia 添加专题:SV-Cart专题', NULL, '1', '2009-09-11 07:35:28', '2009-09-11 07:35:28'),
(198, 1, '192.168.10.178', 'http://data.branches.seevia.cn/sv-admin/topics/add', '操作员seevia 添加专题:SV-Cart专题', NULL, '1', '2009-09-11 07:35:30', '2009-09-11 07:35:30'),
(199, 1, '192.168.10.178', 'http://data.branches.seevia.cn/sv-admin/topics/add', '操作员seevia 添加专题:SV-Cart专题', NULL, '1', '2009-09-11 07:35:32', '2009-09-11 07:35:32'),
(200, 1, '192.168.10.178', 'http://data.branches.seevia.cn/sv-admin/topics/add', '操作员seevia 添加专题:SV-Cart专题', NULL, '1', '2009-09-11 07:35:34', '2009-09-11 07:35:34'),
(201, 1, '192.168.10.178', 'http://data.branches.seevia.cn/sv-admin/topics/add', '操作员seevia 添加专题:SV-Cart专题', NULL, '1', '2009-09-11 07:35:36', '2009-09-11 07:35:36'),
(202, 1, '192.168.10.178', 'http://data.branches.seevia.cn/sv-admin/topics/add', '操作员seevia 添加专题:SV-Cart专题', NULL, '1', '2009-09-11 07:35:39', '2009-09-11 07:35:39'),
(203, 1, '192.168.10.178', 'http://data.branches.seevia.cn/sv-admin/topics/add', '操作员seevia 添加专题:SV-Cart专题', NULL, '1', '2009-09-11 07:35:41', '2009-09-11 07:35:41'),
(204, 1, '192.168.10.178', 'http://data.branches.seevia.cn/sv-admin/topics/add', '操作员seevia 添加专题:SV-Cart专题', NULL, '1', '2009-09-11 07:35:43', '2009-09-11 07:35:43'),
(205, 1, '192.168.10.178', 'http://data.branches.seevia.cn/sv-admin/topics/add', '操作员seevia 添加专题:SV-Cart专题', NULL, '1', '2009-09-11 07:35:45', '2009-09-11 07:35:45'),
(206, 1, '192.168.10.178', 'http://data.branches.seevia.cn/sv-admin/topics/add', '操作员seevia 添加专题:SV-Cart专题', NULL, '1', '2009-09-11 07:35:49', '2009-09-11 07:35:49'),
(207, 1, '192.168.10.178', 'http://data.branches.seevia.cn/sv-admin/articles/add', '操作员seevia 增加文章:精彩专题', NULL, '1', '2009-09-16 08:49:40', '2009-09-16 08:49:40'),
(208, 1, '192.168.10.178', 'http://data.branches.seevia.cn/sv-admin/articles/add', '操作员seevia 增加文章:活动看板', NULL, '1', '2009-09-16 08:50:01', '2009-09-16 08:50:01'),
(209, 1, '192.168.10.179', 'http://data.branches.seevia.cn/sv-admin/userinformations/edit/1', '操作员seevia 编辑用户信息:MSN', NULL, '1', '2009-09-17 08:36:21', '2009-09-17 08:36:21'),
(210, 1, '192.168.10.179', 'http://data.branches.seevia.cn/sv-admin/userinformations/edit/2', '操作员seevia 编辑用户信息:QQ', NULL, '1', '2009-09-17 08:36:33', '2009-09-17 08:36:33'),
(211, 1, '192.168.10.179', 'http://data.branches.seevia.cn/sv-admin/userinformations/edit/3', '操作员seevia 编辑用户信息:注册IP', NULL, '1', '2009-09-17 08:36:46', '2009-09-17 08:36:46'),
(212, 1, '192.168.10.178', 'http://data.branches.seevia.cn/sv-admin/coupons/edit/4', '操作员seevia 编辑电子优惠券:抵押200元', NULL, '1', '2009-09-18 08:58:01', '2009-09-18 08:58:01'),
(213, 1, '192.168.10.178', 'http://data.branches.seevia.cn/sv-admin/productstypes/lookedit/4/1', '操作员seevia 编辑商品属性: 尺码 Size 尺码', 'post|a:3:{s:7:"_method";s:4:"POST";s:4:"data";a:2:{s:20:"ProductTypeAttribute";a:8:{s:2:"id";s:1:"4";s:4:"code";s:3:"buy";s:15:"product_type_id";s:1:"1";s:9:"attr_type";s:1:"1";s:15:"attr_input_type";s:1:"1";s:10:"attr_value";s:43:"S\r\nM\r\nX\r\nXL\r\n37\r\n38\r\n39\r\n40\r\n41\r\n42\r\n43\r\n44";s:6:"status";s:1:"1";s:7:"orderby";s:1:"4";}s:24:"ProductTypeAttributeI18n";a:3:{i:0;a:2:{s:4:"name";s:6:"尺码";s:6:"locale";s:3:"chi";}i:1;a:2:{s:4:"name";s:4:"Size";s:6:"locale";s:3:"eng";}i:2;a:2:{s:4:"name";s:6:"尺码";s:6:"locale";s:3:"cht";}}}s:7:"back_id";s:1:"1";}get|a:1:{s:3:"url";s:26:"productstypes/lookedit/4/1";}', '1', '2009-09-18 09:30:11', '2009-09-18 09:30:11'),
(214, 1, '192.168.10.178', 'http://data.branches.seevia.cn/sv-admin/productstypes/lookedit/2/1', '操作员seevia 编辑商品属性: 成分 Composition 成分', 'post|a:3:{s:7:"_method";s:4:"POST";s:4:"data";a:2:{s:20:"ProductTypeAttribute";a:8:{s:2:"id";s:1:"2";s:4:"code";s:5:"basic";s:15:"product_type_id";s:1:"1";s:9:"attr_type";s:1:"1";s:15:"attr_input_type";s:1:"0";s:10:"attr_value";s:19:"65%涤纶+35%粘胶";s:6:"status";s:1:"1";s:7:"orderby";s:1:"2";}s:24:"ProductTypeAttributeI18n";a:3:{i:0;a:2:{s:4:"name";s:6:"成分";s:6:"locale";s:3:"chi";}i:1;a:2:{s:4:"name";s:11:"Composition";s:6:"locale";s:3:"eng";}i:2;a:2:{s:4:"name";s:6:"成分";s:6:"locale";s:3:"cht";}}}s:7:"back_id";s:1:"1";}get|a:1:{s:3:"url";s:26:"productstypes/lookedit/2/1";}', '1', '2009-09-18 09:30:38', '2009-09-18 09:30:38'),
(215, 1, '192.168.10.178', 'http://data.branches.seevia.cn/sv-admin/productstypes/lookedit/1/1', '操作员seevia 编辑商品属性: 剪裁 Tailoring 剪裁', 'post|a:3:{s:7:"_method";s:4:"POST";s:4:"data";a:2:{s:20:"ProductTypeAttribute";a:8:{s:2:"id";s:1:"1";s:4:"code";s:7:"special";s:15:"product_type_id";s:1:"1";s:9:"attr_type";s:1:"1";s:15:"attr_input_type";s:1:"1";s:10:"attr_value";s:27:"修身剪裁 \r\n正规剪裁";s:6:"status";s:1:"1";s:7:"orderby";s:1:"1";}s:24:"ProductTypeAttributeI18n";a:3:{i:0;a:2:{s:4:"name";s:6:"剪裁";s:6:"locale";s:3:"chi";}i:1;a:2:{s:4:"name";s:9:"Tailoring";s:6:"locale";s:3:"eng";}i:2;a:2:{s:4:"name";s:6:"剪裁";s:6:"locale";s:3:"cht";}}}s:7:"back_id";s:1:"1";}get|a:1:{s:3:"url";s:26:"productstypes/lookedit/1/1";}', '1', '2009-09-18 09:33:17', '2009-09-18 09:33:17'),
(216, 1, '192.168.10.178', 'http://data.branches.seevia.cn/sv-admin/productstypes/lookedit/3/1', '操作员seevia 编辑商品属性: 花色 Color 花色', 'post|a:3:{s:7:"_method";s:4:"POST";s:4:"data";a:2:{s:20:"ProductTypeAttribute";a:8:{s:2:"id";s:1:"3";s:4:"code";s:3:"buy";s:15:"product_type_id";s:1:"1";s:9:"attr_type";s:1:"1";s:15:"attr_input_type";s:1:"0";s:10:"attr_value";s:7:"条纹 ";s:6:"status";s:1:"1";s:7:"orderby";s:1:"3";}s:24:"ProductTypeAttributeI18n";a:3:{i:0;a:2:{s:4:"name";s:6:"花色";s:6:"locale";s:3:"chi";}i:1;a:2:{s:4:"name";s:5:"Color";s:6:"locale";s:3:"eng";}i:2;a:2:{s:4:"name";s:6:"花色";s:6:"locale";s:3:"cht";}}}s:7:"back_id";s:1:"1";}get|a:1:{s:3:"url";s:26:"productstypes/lookedit/3/1";}', '1', '2009-09-18 09:33:41', '2009-09-18 09:33:41'),
(217, 1, '192.168.10.178', 'http://data.branches.seevia.cn/sv-admin/productstypes/lookedit/5/1', '操作员seevia 编辑商品属性: 袖型 Sleeve type 袖型', 'post|a:3:{s:7:"_method";s:4:"POST";s:4:"data";a:2:{s:20:"ProductTypeAttribute";a:8:{s:2:"id";s:1:"5";s:4:"code";s:7:"special";s:15:"product_type_id";s:1:"1";s:9:"attr_type";s:1:"1";s:15:"attr_input_type";s:1:"1";s:10:"attr_value";s:22:"长袖\r\n短袖\r\n无袖";s:6:"status";s:1:"1";s:7:"orderby";s:1:"5";}s:24:"ProductTypeAttributeI18n";a:3:{i:0;a:2:{s:4:"name";s:6:"袖型";s:6:"locale";s:3:"chi";}i:1;a:2:{s:4:"name";s:11:"Sleeve type";s:6:"locale";s:3:"eng";}i:2;a:2:{s:4:"name";s:6:"袖型";s:6:"locale";s:3:"cht";}}}s:7:"back_id";s:1:"1";}get|a:1:{s:3:"url";s:26:"productstypes/lookedit/5/1";}', '1', '2009-09-18 09:33:51', '2009-09-18 09:33:51'),
(218, 1, '192.168.10.178', 'http://data.branches.seevia.cn/sv-admin/productstypes/lookedit/6/1', '操作员seevia 编辑商品属性: 细节 Details 细节', 'post|a:3:{s:7:"_method";s:4:"POST";s:4:"data";a:2:{s:20:"ProductTypeAttribute";a:8:{s:2:"id";s:1:"6";s:4:"code";s:7:"special";s:15:"product_type_id";s:1:"1";s:9:"attr_type";s:1:"1";s:15:"attr_input_type";s:1:"0";s:10:"attr_value";s:0:"";s:6:"status";s:1:"1";s:7:"orderby";s:1:"6";}s:24:"ProductTypeAttributeI18n";a:3:{i:0;a:2:{s:4:"name";s:6:"细节";s:6:"locale";s:3:"chi";}i:1;a:2:{s:4:"name";s:7:"Details";s:6:"locale";s:3:"eng";}i:2;a:2:{s:4:"name";s:6:"细节";s:6:"locale";s:3:"cht";}}}s:7:"back_id";s:1:"1";}get|a:1:{s:3:"url";s:26:"productstypes/lookedit/6/1";}', '1', '2009-09-18 09:33:59', '2009-09-18 09:33:59'),
(219, 1, '192.168.10.178', 'http://data.branches.seevia.cn/sv-admin/productstypes/lookedit/8/1', '操作员seevia 编辑商品属性: 领型 Link type 领型', 'post|a:3:{s:7:"_method";s:4:"POST";s:4:"data";a:2:{s:20:"ProductTypeAttribute";a:8:{s:2:"id";s:1:"8";s:4:"code";s:5:"basic";s:15:"product_type_id";s:1:"1";s:9:"attr_type";s:1:"1";s:15:"attr_input_type";s:1:"1";s:10:"attr_value";s:31:"小方领\r\n小圆领\r\n领尖扣";s:6:"status";s:1:"1";s:7:"orderby";s:1:"8";}s:24:"ProductTypeAttributeI18n";a:3:{i:0;a:2:{s:4:"name";s:6:"领型";s:6:"locale";s:3:"chi";}i:1;a:2:{s:4:"name";s:9:"Link type";s:6:"locale";s:3:"eng";}i:2;a:2:{s:4:"name";s:6:"领型";s:6:"locale";s:3:"cht";}}}s:7:"back_id";s:1:"1";}get|a:1:{s:3:"url";s:26:"productstypes/lookedit/8/1";}', '1', '2009-09-18 09:34:05', '2009-09-18 09:34:05'),
(220, 1, '192.168.10.178', 'http://data.branches.seevia.cn/sv-admin/productstypes/lookedit/7/1', '操作员seevia 编辑商品属性: 面料 Fabric 面料', 'post|a:3:{s:7:"_method";s:4:"POST";s:4:"data";a:2:{s:20:"ProductTypeAttribute";a:8:{s:2:"id";s:1:"7";s:4:"code";s:5:"basic";s:15:"product_type_id";s:1:"1";s:9:"attr_type";s:1:"1";s:15:"attr_input_type";s:1:"1";s:10:"attr_value";s:42:"80支高支棉\r\n牛津纺\r\n双面斜纹布";s:6:"status";s:1:"1";s:7:"orderby";s:1:"7";}s:24:"ProductTypeAttributeI18n";a:3:{i:0;a:2:{s:4:"name";s:6:"面料";s:6:"locale";s:3:"chi";}i:1;a:2:{s:4:"name";s:6:"Fabric";s:6:"locale";s:3:"eng";}i:2;a:2:{s:4:"name";s:6:"面料";s:6:"locale";s:3:"cht";}}}s:7:"back_id";s:1:"1";}get|a:1:{s:3:"url";s:26:"productstypes/lookedit/7/1";}', '1', '2009-09-18 09:34:11', '2009-09-18 09:34:11'),
(221, 1, '192.168.10.178', 'http://data.branches.seevia.cn/sv-admin/productstypes/lookedit/9/1', '操作员seevia 编辑商品属性: 裤长 Long pants 裤长', 'post|a:3:{s:7:"_method";s:4:"POST";s:4:"data";a:2:{s:20:"ProductTypeAttribute";a:8:{s:2:"id";s:1:"9";s:4:"code";s:5:"basic";s:15:"product_type_id";s:1:"1";s:9:"attr_type";s:1:"1";s:15:"attr_input_type";s:1:"1";s:10:"attr_value";s:14:"长裤\r\n短裤";s:6:"status";s:1:"1";s:7:"orderby";s:1:"9";}s:24:"ProductTypeAttributeI18n";a:3:{i:0;a:2:{s:4:"name";s:6:"裤长";s:6:"locale";s:3:"chi";}i:1;a:2:{s:4:"name";s:10:"Long pants";s:6:"locale";s:3:"eng";}i:2;a:2:{s:4:"name";s:6:"裤长";s:6:"locale";s:3:"cht";}}}s:7:"back_id";s:1:"1";}get|a:1:{s:3:"url";s:26:"productstypes/lookedit/9/1";}', '1', '2009-09-18 09:34:20', '2009-09-18 09:34:20'),
(222, 1, '192.168.10.178', 'http://data.branches.seevia.cn/sv-admin/productstypes/lookedit/10/1', '操作员seevia 编辑商品属性: 款式 Style 款式', 'post|a:3:{s:7:"_method";s:4:"POST";s:4:"data";a:2:{s:20:"ProductTypeAttribute";a:8:{s:2:"id";s:2:"10";s:4:"code";s:7:"special";s:15:"product_type_id";s:1:"1";s:9:"attr_type";s:1:"1";s:15:"attr_input_type";s:1:"1";s:10:"attr_value";s:15:"运动休闲款";s:6:"status";s:1:"1";s:7:"orderby";s:2:"10";}s:24:"ProductTypeAttributeI18n";a:3:{i:0;a:2:{s:4:"name";s:6:"款式";s:6:"locale";s:3:"chi";}i:1;a:2:{s:4:"name";s:5:"Style";s:6:"locale";s:3:"eng";}i:2;a:2:{s:4:"name";s:6:"款式";s:6:"locale";s:3:"cht";}}}s:7:"back_id";s:1:"1";}get|a:1:{s:3:"url";s:27:"productstypes/lookedit/10/1";}', '1', '2009-09-18 09:34:29', '2009-09-18 09:34:29'),
(223, 1, '192.168.10.178', 'http://data.branches.seevia.cn/sv-admin/productstypes/lookedit/11/1', '操作员seevia 编辑商品属性: 材质 Material 材质', 'post|a:3:{s:7:"_method";s:4:"POST";s:4:"data";a:2:{s:20:"ProductTypeAttribute";a:8:{s:2:"id";s:2:"11";s:4:"code";s:5:"basic";s:15:"product_type_id";s:1:"1";s:9:"attr_type";s:1:"1";s:15:"attr_input_type";s:1:"1";s:10:"attr_value";s:51:"鞋面：丝光帆布面料 鞋底：天然橡胶\r\n";s:6:"status";s:1:"1";s:7:"orderby";s:2:"11";}s:24:"ProductTypeAttributeI18n";a:3:{i:0;a:2:{s:4:"name";s:6:"材质";s:6:"locale";s:3:"chi";}i:1;a:2:{s:4:"name";s:8:"Material";s:6:"locale";s:3:"eng";}i:2;a:2:{s:4:"name";s:6:"材质";s:6:"locale";s:3:"cht";}}}s:7:"back_id";s:1:"1";}get|a:1:{s:3:"url";s:27:"productstypes/lookedit/11/1";}', '1', '2009-09-18 09:34:35', '2009-09-18 09:34:35');
INSERT INTO `svcart_operator_logs` (`id`, `operator_id`, `ipaddress`, `action_url`, `info`, `remark`, `type`, `created`, `modified`) VALUES
(224, 1, '192.168.10.178', 'http://data.branches.seevia.cn/sv-admin/productstypes/lookedit/12/2', '操作员seevia 编辑商品属性: 网络制式 网络制式 网络制式', 'post|a:3:{s:7:"_method";s:4:"POST";s:4:"data";a:2:{s:20:"ProductTypeAttribute";a:8:{s:2:"id";s:2:"12";s:4:"code";s:5:"basic";s:15:"product_type_id";s:1:"2";s:9:"attr_type";s:1:"1";s:15:"attr_input_type";s:1:"0";s:10:"attr_value";s:0:"";s:6:"status";s:1:"1";s:7:"orderby";s:2:"50";}s:24:"ProductTypeAttributeI18n";a:3:{i:0;a:2:{s:4:"name";s:12:"网络制式";s:6:"locale";s:3:"chi";}i:1;a:2:{s:4:"name";s:12:"网络制式";s:6:"locale";s:3:"eng";}i:2;a:2:{s:4:"name";s:12:"网络制式";s:6:"locale";s:3:"cht";}}}s:7:"back_id";s:1:"2";}get|a:1:{s:3:"url";s:27:"productstypes/lookedit/12/2";}', '1', '2009-09-18 09:35:37', '2009-09-18 09:35:37'),
(225, 1, '192.168.10.178', 'http://data.branches.seevia.cn/sv-admin/productstypes/lookedit/13/2', '操作员seevia 编辑商品属性: 支持频率/网络频率 支持频率/网络频率 支持频率/网络频率', 'post|a:3:{s:7:"_method";s:4:"POST";s:4:"data";a:2:{s:20:"ProductTypeAttribute";a:8:{s:2:"id";s:2:"13";s:4:"code";s:5:"basic";s:15:"product_type_id";s:1:"2";s:9:"attr_type";s:1:"1";s:15:"attr_input_type";s:1:"0";s:10:"attr_value";s:0:"";s:6:"status";s:1:"1";s:7:"orderby";s:2:"50";}s:24:"ProductTypeAttributeI18n";a:3:{i:0;a:2:{s:4:"name";s:25:"支持频率/网络频率";s:6:"locale";s:3:"chi";}i:1;a:2:{s:4:"name";s:25:"支持频率/网络频率";s:6:"locale";s:3:"eng";}i:2;a:2:{s:4:"name";s:25:"支持频率/网络频率";s:6:"locale";s:3:"cht";}}}s:7:"back_id";s:1:"2";}get|a:1:{s:3:"url";s:27:"productstypes/lookedit/13/2";}', '1', '2009-09-18 09:35:44', '2009-09-18 09:35:44'),
(226, 1, '192.168.10.178', 'http://data.branches.seevia.cn/sv-admin/productstypes/lookedit/14/2', '操作员seevia 编辑商品属性: 尺寸体积 尺寸体积 尺寸体积', 'post|a:3:{s:7:"_method";s:4:"POST";s:4:"data";a:2:{s:20:"ProductTypeAttribute";a:8:{s:2:"id";s:2:"14";s:4:"code";s:5:"basic";s:15:"product_type_id";s:1:"2";s:9:"attr_type";s:1:"1";s:15:"attr_input_type";s:1:"0";s:10:"attr_value";s:0:"";s:6:"status";s:1:"1";s:7:"orderby";s:2:"50";}s:24:"ProductTypeAttributeI18n";a:3:{i:0;a:2:{s:4:"name";s:12:"尺寸体积";s:6:"locale";s:3:"chi";}i:1;a:2:{s:4:"name";s:12:"尺寸体积";s:6:"locale";s:3:"eng";}i:2;a:2:{s:4:"name";s:12:"尺寸体积";s:6:"locale";s:3:"cht";}}}s:7:"back_id";s:1:"2";}get|a:1:{s:3:"url";s:27:"productstypes/lookedit/14/2";}', '1', '2009-09-18 09:35:50', '2009-09-18 09:35:50'),
(227, 1, '192.168.10.178', 'http://data.branches.seevia.cn/sv-admin/productstypes/lookedit/15/2', '操作员seevia 编辑商品属性: 外观样式/手机类型 外观样式/手机类型 外观样式/手机类型', 'post|a:3:{s:7:"_method";s:4:"POST";s:4:"data";a:2:{s:20:"ProductTypeAttribute";a:8:{s:2:"id";s:2:"15";s:4:"code";s:5:"basic";s:15:"product_type_id";s:1:"2";s:9:"attr_type";s:1:"1";s:15:"attr_input_type";s:1:"1";s:10:"attr_value";s:38:"翻盖\r\n滑盖\r\n直板\r\n折叠\r\n手写";s:6:"status";s:1:"1";s:7:"orderby";s:2:"50";}s:24:"ProductTypeAttributeI18n";a:3:{i:0;a:2:{s:4:"name";s:25:"外观样式/手机类型";s:6:"locale";s:3:"chi";}i:1;a:2:{s:4:"name";s:25:"外观样式/手机类型";s:6:"locale";s:3:"eng";}i:2;a:2:{s:4:"name";s:25:"外观样式/手机类型";s:6:"locale";s:3:"cht";}}}s:7:"back_id";s:1:"2";}get|a:1:{s:3:"url";s:27:"productstypes/lookedit/15/2";}', '1', '2009-09-18 09:35:59', '2009-09-18 09:35:59'),
(228, 1, '192.168.10.178', 'http://data.branches.seevia.cn/sv-admin/productstypes/lookedit/16/2', '操作员seevia 编辑商品属性: 主屏参数/内屏参数 主屏参数/内屏参数 主屏参数/内屏参数', 'post|a:3:{s:7:"_method";s:4:"POST";s:4:"data";a:2:{s:20:"ProductTypeAttribute";a:8:{s:2:"id";s:2:"16";s:4:"code";s:5:"basic";s:15:"product_type_id";s:1:"2";s:9:"attr_type";s:1:"1";s:15:"attr_input_type";s:1:"0";s:10:"attr_value";s:0:"";s:6:"status";s:1:"1";s:7:"orderby";s:2:"50";}s:24:"ProductTypeAttributeI18n";a:3:{i:0;a:2:{s:4:"name";s:25:"主屏参数/内屏参数";s:6:"locale";s:3:"chi";}i:1;a:2:{s:4:"name";s:25:"主屏参数/内屏参数";s:6:"locale";s:3:"eng";}i:2;a:2:{s:4:"name";s:25:"主屏参数/内屏参数";s:6:"locale";s:3:"cht";}}}s:7:"back_id";s:1:"2";}get|a:1:{s:3:"url";s:27:"productstypes/lookedit/16/2";}', '1', '2009-09-18 09:36:06', '2009-09-18 09:36:06'),
(229, 1, '192.168.10.178', 'http://data.branches.seevia.cn/sv-admin/productstypes/lookedit/17/2', '操作员seevia 编辑商品属性: 副屏参数/外屏参数 副屏参数/外屏参数 副屏参数/外屏参数', 'post|a:3:{s:7:"_method";s:4:"POST";s:4:"data";a:2:{s:20:"ProductTypeAttribute";a:8:{s:2:"id";s:2:"17";s:4:"code";s:5:"basic";s:15:"product_type_id";s:1:"2";s:9:"attr_type";s:1:"1";s:15:"attr_input_type";s:1:"0";s:10:"attr_value";s:0:"";s:6:"status";s:1:"1";s:7:"orderby";s:2:"50";}s:24:"ProductTypeAttributeI18n";a:3:{i:0;a:2:{s:4:"name";s:25:"副屏参数/外屏参数";s:6:"locale";s:3:"chi";}i:1;a:2:{s:4:"name";s:25:"副屏参数/外屏参数";s:6:"locale";s:3:"eng";}i:2;a:2:{s:4:"name";s:25:"副屏参数/外屏参数";s:6:"locale";s:3:"cht";}}}s:7:"back_id";s:1:"2";}get|a:1:{s:3:"url";s:27:"productstypes/lookedit/17/2";}', '1', '2009-09-18 09:36:12', '2009-09-18 09:36:12'),
(230, 1, '192.168.10.178', 'http://data.branches.seevia.cn/sv-admin/productstypes/lookedit/18/2', '操作员seevia 编辑商品属性: 清晰度 清晰度 清晰度', 'post|a:3:{s:7:"_method";s:4:"POST";s:4:"data";a:2:{s:20:"ProductTypeAttribute";a:8:{s:2:"id";s:2:"18";s:4:"code";s:5:"basic";s:15:"product_type_id";s:1:"2";s:9:"attr_type";s:1:"1";s:15:"attr_input_type";s:1:"0";s:10:"attr_value";s:0:"";s:6:"status";s:1:"1";s:7:"orderby";s:2:"50";}s:24:"ProductTypeAttributeI18n";a:3:{i:0;a:2:{s:4:"name";s:9:"清晰度";s:6:"locale";s:3:"chi";}i:1;a:2:{s:4:"name";s:9:"清晰度";s:6:"locale";s:3:"eng";}i:2;a:2:{s:4:"name";s:9:"清晰度";s:6:"locale";s:3:"cht";}}}s:7:"back_id";s:1:"2";}get|a:1:{s:3:"url";s:27:"productstypes/lookedit/18/2";}', '1', '2009-09-18 09:36:25', '2009-09-18 09:36:25'),
(231, 1, '192.168.10.178', 'http://data.branches.seevia.cn/sv-admin/productstypes/lookedit/19/2', '操作员seevia 编辑商品属性: 色数/灰度 色数/灰度 色数/灰度', 'post|a:3:{s:7:"_method";s:4:"POST";s:4:"data";a:2:{s:20:"ProductTypeAttribute";a:8:{s:2:"id";s:2:"19";s:4:"code";s:5:"basic";s:15:"product_type_id";s:1:"2";s:9:"attr_type";s:1:"1";s:15:"attr_input_type";s:1:"0";s:10:"attr_value";s:0:"";s:6:"status";s:1:"1";s:7:"orderby";s:2:"50";}s:24:"ProductTypeAttributeI18n";a:3:{i:0;a:2:{s:4:"name";s:13:"色数/灰度";s:6:"locale";s:3:"chi";}i:1;a:2:{s:4:"name";s:13:"色数/灰度";s:6:"locale";s:3:"eng";}i:2;a:2:{s:4:"name";s:13:"色数/灰度";s:6:"locale";s:3:"cht";}}}s:7:"back_id";s:1:"2";}get|a:1:{s:3:"url";s:27:"productstypes/lookedit/19/2";}', '1', '2009-09-18 09:36:34', '2009-09-18 09:36:34'),
(232, 1, '192.168.10.178', 'http://data.branches.seevia.cn/sv-admin/productstypes/lookedit/20/2', '操作员seevia 编辑商品属性: 长度 长度 长度', 'post|a:3:{s:7:"_method";s:4:"POST";s:4:"data";a:2:{s:20:"ProductTypeAttribute";a:8:{s:2:"id";s:2:"20";s:4:"code";s:5:"basic";s:15:"product_type_id";s:1:"2";s:9:"attr_type";s:1:"1";s:15:"attr_input_type";s:1:"0";s:10:"attr_value";s:0:"";s:6:"status";s:1:"1";s:7:"orderby";s:2:"50";}s:24:"ProductTypeAttributeI18n";a:3:{i:0;a:2:{s:4:"name";s:6:"长度";s:6:"locale";s:3:"chi";}i:1;a:2:{s:4:"name";s:6:"长度";s:6:"locale";s:3:"eng";}i:2;a:2:{s:4:"name";s:6:"长度";s:6:"locale";s:3:"cht";}}}s:7:"back_id";s:1:"2";}get|a:1:{s:3:"url";s:27:"productstypes/lookedit/20/2";}', '1', '2009-09-18 09:36:43', '2009-09-18 09:36:43'),
(233, 1, '192.168.10.178', 'http://data.branches.seevia.cn/sv-admin/productstypes/lookedit/21/2', '操作员seevia 编辑商品属性: 宽度 宽度 宽度', 'post|a:3:{s:7:"_method";s:4:"POST";s:4:"data";a:2:{s:20:"ProductTypeAttribute";a:8:{s:2:"id";s:2:"21";s:4:"code";s:5:"basic";s:15:"product_type_id";s:1:"2";s:9:"attr_type";s:1:"1";s:15:"attr_input_type";s:1:"0";s:10:"attr_value";s:0:"";s:6:"status";s:1:"1";s:7:"orderby";s:2:"50";}s:24:"ProductTypeAttributeI18n";a:3:{i:0;a:2:{s:4:"name";s:6:"宽度";s:6:"locale";s:3:"chi";}i:1;a:2:{s:4:"name";s:6:"宽度";s:6:"locale";s:3:"eng";}i:2;a:2:{s:4:"name";s:6:"宽度";s:6:"locale";s:3:"cht";}}}s:7:"back_id";s:1:"2";}get|a:1:{s:3:"url";s:27:"productstypes/lookedit/21/2";}', '1', '2009-09-18 09:36:51', '2009-09-18 09:36:51'),
(234, 1, '192.168.10.178', 'http://data.branches.seevia.cn/sv-admin/productstypes/lookedit/22/2', '操作员seevia 编辑商品属性: 厚度 厚度 厚度', 'post|a:3:{s:7:"_method";s:4:"POST";s:4:"data";a:2:{s:20:"ProductTypeAttribute";a:8:{s:2:"id";s:2:"22";s:4:"code";s:5:"basic";s:15:"product_type_id";s:1:"2";s:9:"attr_type";s:1:"1";s:15:"attr_input_type";s:1:"0";s:10:"attr_value";s:0:"";s:6:"status";s:1:"1";s:7:"orderby";s:2:"50";}s:24:"ProductTypeAttributeI18n";a:3:{i:0;a:2:{s:4:"name";s:6:"厚度";s:6:"locale";s:3:"chi";}i:1;a:2:{s:4:"name";s:6:"厚度";s:6:"locale";s:3:"eng";}i:2;a:2:{s:4:"name";s:6:"厚度";s:6:"locale";s:3:"cht";}}}s:7:"back_id";s:1:"2";}get|a:1:{s:3:"url";s:27:"productstypes/lookedit/22/2";}', '1', '2009-09-18 09:37:16', '2009-09-18 09:37:16'),
(235, 1, '192.168.10.178', 'http://data.branches.seevia.cn/sv-admin/productstypes/lookedit/23/2', '操作员seevia 编辑商品属性: 屏幕材质 屏幕材质 屏幕材质', 'post|a:3:{s:7:"_method";s:4:"POST";s:4:"data";a:2:{s:20:"ProductTypeAttribute";a:8:{s:2:"id";s:2:"23";s:4:"code";s:5:"basic";s:15:"product_type_id";s:1:"2";s:9:"attr_type";s:1:"1";s:15:"attr_input_type";s:1:"0";s:10:"attr_value";s:0:"";s:6:"status";s:1:"1";s:7:"orderby";s:2:"50";}s:24:"ProductTypeAttributeI18n";a:3:{i:0;a:2:{s:4:"name";s:12:"屏幕材质";s:6:"locale";s:3:"chi";}i:1;a:2:{s:4:"name";s:12:"屏幕材质";s:6:"locale";s:3:"eng";}i:2;a:2:{s:4:"name";s:12:"屏幕材质";s:6:"locale";s:3:"cht";}}}s:7:"back_id";s:1:"2";}get|a:1:{s:3:"url";s:27:"productstypes/lookedit/23/2";}', '1', '2009-09-18 09:37:25', '2009-09-18 09:37:25'),
(236, 1, '192.168.10.178', 'http://data.branches.seevia.cn/sv-admin/productstypes/lookedit/24/2', '操作员seevia 编辑商品属性: 内存容量 内存容量 内存容量', 'post|a:3:{s:7:"_method";s:4:"POST";s:4:"data";a:2:{s:20:"ProductTypeAttribute";a:8:{s:2:"id";s:2:"24";s:4:"code";s:5:"basic";s:15:"product_type_id";s:1:"2";s:9:"attr_type";s:1:"1";s:15:"attr_input_type";s:1:"0";s:10:"attr_value";s:0:"";s:6:"status";s:1:"1";s:7:"orderby";s:2:"50";}s:24:"ProductTypeAttributeI18n";a:3:{i:0;a:2:{s:4:"name";s:12:"内存容量";s:6:"locale";s:3:"chi";}i:1;a:2:{s:4:"name";s:12:"内存容量";s:6:"locale";s:3:"eng";}i:2;a:2:{s:4:"name";s:12:"内存容量";s:6:"locale";s:3:"cht";}}}s:7:"back_id";s:1:"2";}get|a:1:{s:3:"url";s:27:"productstypes/lookedit/24/2";}', '1', '2009-09-18 09:37:46', '2009-09-18 09:37:46'),
(237, 1, '192.168.10.178', 'http://data.branches.seevia.cn/sv-admin/productstypes/lookedit/25/2', '操作员seevia 编辑商品属性: 操作系统 操作系统 操作系统', 'post|a:3:{s:7:"_method";s:4:"POST";s:4:"data";a:2:{s:20:"ProductTypeAttribute";a:8:{s:2:"id";s:2:"25";s:4:"code";s:5:"basic";s:15:"product_type_id";s:1:"2";s:9:"attr_type";s:1:"1";s:15:"attr_input_type";s:1:"0";s:10:"attr_value";s:0:"";s:6:"status";s:1:"1";s:7:"orderby";s:2:"50";}s:24:"ProductTypeAttributeI18n";a:3:{i:0;a:2:{s:4:"name";s:12:"操作系统";s:6:"locale";s:3:"chi";}i:1;a:2:{s:4:"name";s:12:"操作系统";s:6:"locale";s:3:"eng";}i:2;a:2:{s:4:"name";s:12:"操作系统";s:6:"locale";s:3:"cht";}}}s:7:"back_id";s:1:"2";}get|a:1:{s:3:"url";s:27:"productstypes/lookedit/25/2";}', '1', '2009-09-18 09:37:57', '2009-09-18 09:37:57'),
(238, 1, '192.168.10.178', 'http://data.branches.seevia.cn/sv-admin/productstypes/lookedit/26/2', '操作员seevia 编辑商品属性: 通话时间 通话时间 通话时间', 'post|a:3:{s:7:"_method";s:4:"POST";s:4:"data";a:2:{s:20:"ProductTypeAttribute";a:8:{s:2:"id";s:2:"26";s:4:"code";s:5:"basic";s:15:"product_type_id";s:1:"2";s:9:"attr_type";s:1:"1";s:15:"attr_input_type";s:1:"0";s:10:"attr_value";s:0:"";s:6:"status";s:1:"1";s:7:"orderby";s:2:"50";}s:24:"ProductTypeAttributeI18n";a:3:{i:0;a:2:{s:4:"name";s:12:"通话时间";s:6:"locale";s:3:"chi";}i:1;a:2:{s:4:"name";s:12:"通话时间";s:6:"locale";s:3:"eng";}i:2;a:2:{s:4:"name";s:12:"通话时间";s:6:"locale";s:3:"cht";}}}s:7:"back_id";s:1:"2";}get|a:1:{s:3:"url";s:27:"productstypes/lookedit/26/2";}', '1', '2009-09-18 09:38:02', '2009-09-18 09:38:02'),
(239, 1, '192.168.10.178', 'http://data.branches.seevia.cn/sv-admin/productstypes/lookedit/27/2', '操作员seevia 编辑商品属性: 待机时间 待机时间 待机时间', 'post|a:3:{s:7:"_method";s:4:"POST";s:4:"data";a:2:{s:20:"ProductTypeAttribute";a:8:{s:2:"id";s:2:"27";s:4:"code";s:5:"basic";s:15:"product_type_id";s:1:"2";s:9:"attr_type";s:1:"1";s:15:"attr_input_type";s:1:"0";s:10:"attr_value";s:0:"";s:6:"status";s:1:"1";s:7:"orderby";s:2:"50";}s:24:"ProductTypeAttributeI18n";a:3:{i:0;a:2:{s:4:"name";s:12:"待机时间";s:6:"locale";s:3:"chi";}i:1;a:2:{s:4:"name";s:12:"待机时间";s:6:"locale";s:3:"eng";}i:2;a:2:{s:4:"name";s:12:"待机时间";s:6:"locale";s:3:"cht";}}}s:7:"back_id";s:1:"2";}get|a:1:{s:3:"url";s:27:"productstypes/lookedit/27/2";}', '1', '2009-09-18 09:38:10', '2009-09-18 09:38:10'),
(240, 1, '192.168.10.178', 'http://data.branches.seevia.cn/sv-admin/productstypes/lookedit/28/2', '操作员seevia 编辑商品属性: 标准配置 标准配置 标准配置', 'post|a:3:{s:7:"_method";s:4:"POST";s:4:"data";a:2:{s:20:"ProductTypeAttribute";a:8:{s:2:"id";s:2:"28";s:4:"code";s:5:"basic";s:15:"product_type_id";s:1:"2";s:9:"attr_type";s:1:"1";s:15:"attr_input_type";s:1:"0";s:10:"attr_value";s:0:"";s:6:"status";s:1:"1";s:7:"orderby";s:2:"50";}s:24:"ProductTypeAttributeI18n";a:3:{i:0;a:2:{s:4:"name";s:12:"标准配置";s:6:"locale";s:3:"chi";}i:1;a:2:{s:4:"name";s:12:"标准配置";s:6:"locale";s:3:"eng";}i:2;a:2:{s:4:"name";s:12:"标准配置";s:6:"locale";s:3:"cht";}}}s:7:"back_id";s:1:"2";}get|a:1:{s:3:"url";s:27:"productstypes/lookedit/28/2";}', '1', '2009-09-18 09:38:18', '2009-09-18 09:38:18'),
(241, 1, '192.168.10.178', 'http://data.branches.seevia.cn/sv-admin/productstypes/lookedit/29/2', '操作员seevia 编辑商品属性: WAP上网 WAP上网 WAP上网', 'post|a:3:{s:7:"_method";s:4:"POST";s:4:"data";a:2:{s:20:"ProductTypeAttribute";a:8:{s:2:"id";s:2:"29";s:4:"code";s:5:"basic";s:15:"product_type_id";s:1:"2";s:9:"attr_type";s:1:"1";s:15:"attr_input_type";s:1:"0";s:10:"attr_value";s:0:"";s:6:"status";s:1:"1";s:7:"orderby";s:2:"50";}s:24:"ProductTypeAttributeI18n";a:3:{i:0;a:2:{s:4:"name";s:9:"WAP上网";s:6:"locale";s:3:"chi";}i:1;a:2:{s:4:"name";s:9:"WAP上网";s:6:"locale";s:3:"eng";}i:2;a:2:{s:4:"name";s:9:"WAP上网";s:6:"locale";s:3:"cht";}}}s:7:"back_id";s:1:"2";}get|a:1:{s:3:"url";s:27:"productstypes/lookedit/29/2";}', '1', '2009-09-18 09:38:25', '2009-09-18 09:38:25'),
(242, 1, '192.168.10.178', 'http://data.branches.seevia.cn/sv-admin/productstypes/lookedit/30/2', '操作员seevia 编辑商品属性: 数据业务 数据业务 数据业务', 'post|a:3:{s:7:"_method";s:4:"POST";s:4:"data";a:2:{s:20:"ProductTypeAttribute";a:8:{s:2:"id";s:2:"30";s:4:"code";s:7:"special";s:15:"product_type_id";s:1:"2";s:9:"attr_type";s:1:"1";s:15:"attr_input_type";s:1:"0";s:10:"attr_value";s:0:"";s:6:"status";s:1:"1";s:7:"orderby";s:2:"50";}s:24:"ProductTypeAttributeI18n";a:3:{i:0;a:2:{s:4:"name";s:12:"数据业务";s:6:"locale";s:3:"chi";}i:1;a:2:{s:4:"name";s:12:"数据业务";s:6:"locale";s:3:"eng";}i:2;a:2:{s:4:"name";s:12:"数据业务";s:6:"locale";s:3:"cht";}}}s:7:"back_id";s:1:"2";}get|a:1:{s:3:"url";s:27:"productstypes/lookedit/30/2";}', '1', '2009-09-18 09:38:35', '2009-09-18 09:38:35'),
(243, 1, '192.168.10.178', 'http://data.branches.seevia.cn/sv-admin/productstypes/lookedit/31/2', '操作员seevia 编辑商品属性: 天线位置 天线位置 天线位置', 'post|a:3:{s:7:"_method";s:4:"POST";s:4:"data";a:2:{s:20:"ProductTypeAttribute";a:8:{s:2:"id";s:2:"31";s:4:"code";s:5:"basic";s:15:"product_type_id";s:1:"2";s:9:"attr_type";s:1:"1";s:15:"attr_input_type";s:1:"1";s:10:"attr_value";s:14:"内置\r\n外置";s:6:"status";s:1:"1";s:7:"orderby";s:2:"50";}s:24:"ProductTypeAttributeI18n";a:3:{i:0;a:2:{s:4:"name";s:12:"天线位置";s:6:"locale";s:3:"chi";}i:1;a:2:{s:4:"name";s:12:"天线位置";s:6:"locale";s:3:"eng";}i:2;a:2:{s:4:"name";s:12:"天线位置";s:6:"locale";s:3:"cht";}}}s:7:"back_id";s:1:"2";}get|a:1:{s:3:"url";s:27:"productstypes/lookedit/31/2";}', '1', '2009-09-18 09:38:40', '2009-09-18 09:38:40'),
(244, 1, '192.168.10.178', 'http://data.branches.seevia.cn/sv-admin/productstypes/lookedit/32/2', '操作员seevia 编辑商品属性: 随机配件 随机配件 随机配件', 'post|a:3:{s:7:"_method";s:4:"POST";s:4:"data";a:2:{s:20:"ProductTypeAttribute";a:8:{s:2:"id";s:2:"32";s:4:"code";s:5:"basic";s:15:"product_type_id";s:1:"2";s:9:"attr_type";s:1:"1";s:15:"attr_input_type";s:1:"0";s:10:"attr_value";s:0:"";s:6:"status";s:1:"1";s:7:"orderby";s:2:"50";}s:24:"ProductTypeAttributeI18n";a:3:{i:0;a:2:{s:4:"name";s:12:"随机配件";s:6:"locale";s:3:"chi";}i:1;a:2:{s:4:"name";s:12:"随机配件";s:6:"locale";s:3:"eng";}i:2;a:2:{s:4:"name";s:12:"随机配件";s:6:"locale";s:3:"cht";}}}s:7:"back_id";s:1:"2";}get|a:1:{s:3:"url";s:27:"productstypes/lookedit/32/2";}', '1', '2009-09-18 09:38:58', '2009-09-18 09:38:58'),
(245, 1, '192.168.10.178', 'http://data.branches.seevia.cn/sv-admin/productstypes/lookedit/33/2', '操作员seevia 编辑商品属性: 铃声 铃声 铃声', 'post|a:3:{s:7:"_method";s:4:"POST";s:4:"data";a:2:{s:20:"ProductTypeAttribute";a:8:{s:2:"id";s:2:"33";s:4:"code";s:5:"basic";s:15:"product_type_id";s:1:"2";s:9:"attr_type";s:1:"1";s:15:"attr_input_type";s:1:"0";s:10:"attr_value";s:0:"";s:6:"status";s:1:"1";s:7:"orderby";s:2:"50";}s:24:"ProductTypeAttributeI18n";a:3:{i:0;a:2:{s:4:"name";s:6:"铃声";s:6:"locale";s:3:"chi";}i:1;a:2:{s:4:"name";s:6:"铃声";s:6:"locale";s:3:"eng";}i:2;a:2:{s:4:"name";s:6:"铃声";s:6:"locale";s:3:"cht";}}}s:7:"back_id";s:1:"2";}get|a:1:{s:3:"url";s:27:"productstypes/lookedit/33/2";}', '1', '2009-09-18 09:39:07', '2009-09-18 09:39:07'),
(246, 1, '192.168.10.178', 'http://data.branches.seevia.cn/sv-admin/productstypes/lookedit/34/2', '操作员seevia 编辑商品属性: 摄像头 摄像头 摄像头', 'post|a:3:{s:7:"_method";s:4:"POST";s:4:"data";a:2:{s:20:"ProductTypeAttribute";a:8:{s:2:"id";s:2:"34";s:4:"code";s:5:"basic";s:15:"product_type_id";s:1:"2";s:9:"attr_type";s:1:"1";s:15:"attr_input_type";s:1:"0";s:10:"attr_value";s:0:"";s:6:"status";s:1:"1";s:7:"orderby";s:2:"50";}s:24:"ProductTypeAttributeI18n";a:3:{i:0;a:2:{s:4:"name";s:9:"摄像头";s:6:"locale";s:3:"chi";}i:1;a:2:{s:4:"name";s:9:"摄像头";s:6:"locale";s:3:"eng";}i:2;a:2:{s:4:"name";s:9:"摄像头";s:6:"locale";s:3:"cht";}}}s:7:"back_id";s:1:"2";}get|a:1:{s:3:"url";s:27:"productstypes/lookedit/34/2";}', '1', '2009-09-18 09:39:19', '2009-09-18 09:39:19'),
(247, 1, '192.168.10.178', 'http://data.branches.seevia.cn/sv-admin/productstypes/lookedit/35/2', '操作员seevia 编辑商品属性: 彩信/彩e 彩信/彩e 彩信/彩e', 'post|a:3:{s:7:"_method";s:4:"POST";s:4:"data";a:2:{s:20:"ProductTypeAttribute";a:8:{s:2:"id";s:2:"35";s:4:"code";s:5:"basic";s:15:"product_type_id";s:1:"2";s:9:"attr_type";s:1:"1";s:15:"attr_input_type";s:1:"1";s:10:"attr_value";s:17:"支持\r\n不支持";s:6:"status";s:1:"1";s:7:"orderby";s:2:"50";}s:24:"ProductTypeAttributeI18n";a:3:{i:0;a:2:{s:4:"name";s:11:"彩信/彩e";s:6:"locale";s:3:"chi";}i:1;a:2:{s:4:"name";s:11:"彩信/彩e";s:6:"locale";s:3:"eng";}i:2;a:2:{s:4:"name";s:11:"彩信/彩e";s:6:"locale";s:3:"cht";}}}s:7:"back_id";s:1:"2";}get|a:1:{s:3:"url";s:27:"productstypes/lookedit/35/2";}', '1', '2009-09-18 09:39:27', '2009-09-18 09:39:27'),
(248, 1, '192.168.10.178', 'http://data.branches.seevia.cn/sv-admin/productstypes/lookedit/36/2', '操作员seevia 编辑商品属性: 红外/蓝牙 红外/蓝牙 红外/蓝牙', 'post|a:3:{s:7:"_method";s:4:"POST";s:4:"data";a:2:{s:20:"ProductTypeAttribute";a:8:{s:2:"id";s:2:"36";s:4:"code";s:5:"basic";s:15:"product_type_id";s:1:"2";s:9:"attr_type";s:1:"1";s:15:"attr_input_type";s:1:"0";s:10:"attr_value";s:0:"";s:6:"status";s:1:"1";s:7:"orderby";s:2:"50";}s:24:"ProductTypeAttributeI18n";a:3:{i:0;a:2:{s:4:"name";s:13:"红外/蓝牙";s:6:"locale";s:3:"chi";}i:1;a:2:{s:4:"name";s:13:"红外/蓝牙";s:6:"locale";s:3:"eng";}i:2;a:2:{s:4:"name";s:13:"红外/蓝牙";s:6:"locale";s:3:"cht";}}}s:7:"back_id";s:1:"2";}get|a:1:{s:3:"url";s:27:"productstypes/lookedit/36/2";}', '1', '2009-09-18 09:39:33', '2009-09-18 09:39:33'),
(249, 1, '192.168.10.178', 'http://data.branches.seevia.cn/sv-admin/productstypes/lookedit/37/2', '操作员seevia 编辑商品属性: 价格等级 价格等级 价格等级', 'post|a:3:{s:7:"_method";s:4:"POST";s:4:"data";a:2:{s:20:"ProductTypeAttribute";a:8:{s:2:"id";s:2:"37";s:4:"code";s:5:"basic";s:15:"product_type_id";s:1:"2";s:9:"attr_type";s:1:"1";s:15:"attr_input_type";s:1:"1";s:10:"attr_value";s:31:"高价机\r\n中价机\r\n低价机";s:6:"status";s:1:"1";s:7:"orderby";s:2:"50";}s:24:"ProductTypeAttributeI18n";a:3:{i:0;a:2:{s:4:"name";s:12:"价格等级";s:6:"locale";s:3:"chi";}i:1;a:2:{s:4:"name";s:12:"价格等级";s:6:"locale";s:3:"eng";}i:2;a:2:{s:4:"name";s:12:"价格等级";s:6:"locale";s:3:"cht";}}}s:7:"back_id";s:1:"2";}get|a:1:{s:3:"url";s:27:"productstypes/lookedit/37/2";}', '1', '2009-09-18 09:39:40', '2009-09-18 09:39:40'),
(250, 1, '192.168.10.178', 'http://data.branches.seevia.cn/sv-admin/shippingments/edit/2', '操作员seevia 编辑配送方式:送货上门', 'post|a:2:{s:7:"_method";s:4:"POST";s:4:"data";a:2:{s:12:"ShippingI18n";a:3:{i:0;a:4:{s:4:"name";s:12:"送货上门";s:6:"locale";s:3:"chi";s:2:"id";s:1:"2";s:11:"description";s:25:"<p>支持货到付款</p>";}i:1;a:4:{s:4:"name";s:8:"delivery";s:6:"locale";s:3:"eng";s:2:"id";s:1:"4";s:11:"description";s:35:"<p>Support for cash on delivery</p>";}i:2;a:4:{s:4:"name";s:12:"送货上门";s:6:"locale";s:3:"cht";s:2:"id";s:2:"10";s:11:"description";s:25:"<p>支持货到付款</p>";}}s:8:"Shipping";a:2:{s:10:"insure_fee";s:5:"10.00";s:11:"support_cod";s:1:"0";}}}get|a:1:{s:3:"url";s:20:"shippingments/edit/2";}', '1', '2009-09-18 10:08:26', '2009-09-18 10:08:26'),
(251, 1, '10.8.0.10', 'http://data.branches.seevia.cn/sv-admin/departments/add', '操作员seevia 添加部门:信息部', 'post|a:2:{s:7:"_method";s:4:"POST";s:4:"data";a:2:{s:14:"DepartmentI18n";a:3:{i:0;a:3:{s:4:"name";s:9:"信息部";s:11:"description";s:9:"信息部";s:6:"locale";s:3:"chi";}i:1;a:3:{s:4:"name";s:9:"信息部";s:11:"description";s:9:"信息部";s:6:"locale";s:3:"eng";}i:2;a:3:{s:4:"name";s:9:"信息部";s:11:"description";s:9:"信息部";s:6:"locale";s:3:"cht";}}s:10:"Department";a:8:{s:12:"contact_name";s:9:"信息部";s:14:"contact_remark";s:9:"信息部";s:13:"contact_email";s:0:"";s:12:"contact_tele";s:0:"";s:14:"contact_mobile";s:0:"";s:11:"contact_fax";s:0:"";s:7:"orderby";s:0:"";s:6:"status";s:1:"1";}}}get|a:1:{s:3:"url";s:15:"departments/add";}', '1', '2009-09-20 02:53:11', '2009-09-20 02:53:11'),
(252, 1, '10.8.0.10', 'http://data.branches.seevia.cn/sv-admin/departments/add', '操作员seevia 添加部门:市场部', 'post|a:2:{s:7:"_method";s:4:"POST";s:4:"data";a:2:{s:14:"DepartmentI18n";a:3:{i:0;a:3:{s:4:"name";s:9:"市场部";s:11:"description";s:9:"市场部";s:6:"locale";s:3:"chi";}i:1;a:3:{s:4:"name";s:9:"市场部";s:11:"description";s:9:"市场部";s:6:"locale";s:3:"eng";}i:2;a:3:{s:4:"name";s:9:"市场部";s:11:"description";s:9:"市场部";s:6:"locale";s:3:"cht";}}s:10:"Department";a:8:{s:12:"contact_name";s:9:"市场部";s:14:"contact_remark";s:9:"市场部";s:13:"contact_email";s:0:"";s:12:"contact_tele";s:0:"";s:14:"contact_mobile";s:0:"";s:11:"contact_fax";s:0:"";s:7:"orderby";s:0:"";s:6:"status";s:1:"1";}}}get|a:1:{s:3:"url";s:15:"departments/add";}', '1', '2009-09-20 02:55:02', '2009-09-20 02:55:02'),
(253, 1, '10.8.0.10', 'http://data.branches.seevia.cn/sv-admin/departments/edit/2', '操作员seevia 编辑部门:营销部', 'post|a:2:{s:7:"_method";s:4:"POST";s:4:"data";a:2:{s:10:"Department";a:9:{s:2:"id";s:1:"2";s:12:"contact_name";s:9:"张小姐";s:14:"contact_remark";s:9:"明年来";s:13:"contact_email";s:15:"12345678@qq.com";s:12:"contact_tele";s:8:"12345678";s:14:"contact_mobile";s:11:"12345678900";s:11:"contact_fax";s:8:"12345678";s:7:"orderby";s:2:"12";s:6:"status";s:1:"1";}s:14:"DepartmentI18n";a:3:{i:0;a:5:{s:4:"name";s:9:"营销部";s:11:"description";s:9:"营销部";s:6:"locale";s:3:"chi";s:2:"id";s:1:"4";s:13:"department_id";s:1:"2";}i:1;a:5:{s:4:"name";s:5:"sales";s:11:"description";s:5:"sales";s:6:"locale";s:3:"eng";s:2:"id";s:1:"5";s:13:"department_id";s:1:"2";}i:2;a:5:{s:4:"name";s:9:"营销部";s:11:"description";s:9:"营销部";s:6:"locale";s:3:"cht";s:2:"id";s:1:"3";s:13:"department_id";s:1:"2";}}}}get|a:1:{s:3:"url";s:18:"departments/edit/2";}', '1', '2009-09-20 02:58:18', '2009-09-20 02:58:18'),
(254, 1, '10.8.0.10', 'http://data.branches.seevia.cn/sv-admin/users/9', '操作员seevia 编辑会员:address_test', 'post|a:8:{s:7:"_method";s:4:"POST";s:4:"data";a:1:{s:4:"User";a:8:{s:2:"id";s:1:"9";s:4:"name";s:12:"address_test";s:5:"email";s:18:"shenyunfeng@162.cn";s:4:"rank";s:1:"0";s:3:"sex";s:1:"0";s:8:"birthday";s:0:"";s:12:"new_password";s:0:"";s:13:"new_password2";s:0:"";}}s:12:"balance_type";s:1:"1";s:7:"balance";s:1:"0";s:11:"frozen_type";s:1:"1";s:6:"frozen";s:1:"0";s:10:"point_type";s:1:"1";s:5:"point";s:1:"0";}get|a:1:{s:3:"url";s:7:"users/9";}', '1', '2009-09-20 02:59:00', '2009-09-20 02:59:00'),
(255, 1, '10.8.0.10', 'http://data.branches.seevia.cn/sv-admin/users/9', '操作员seevia 编辑会员:address_test', 'post|a:8:{s:7:"_method";s:4:"POST";s:4:"data";a:1:{s:4:"User";a:8:{s:2:"id";s:1:"9";s:4:"name";s:12:"address_test";s:5:"email";s:18:"shenyunfeng@162.cn";s:4:"rank";s:1:"0";s:3:"sex";s:1:"0";s:8:"birthday";s:0:"";s:12:"new_password";s:0:"";s:13:"new_password2";s:0:"";}}s:12:"balance_type";s:1:"1";s:7:"balance";s:1:"0";s:11:"frozen_type";s:1:"1";s:6:"frozen";s:1:"0";s:10:"point_type";s:1:"1";s:5:"point";s:1:"0";}get|a:1:{s:3:"url";s:7:"users/9";}', '1', '2009-09-20 02:59:00', '2009-09-20 02:59:00'),
(256, 1, '10.8.0.10', 'http://data.branches.seevia.cn/sv-admin/users/9', '操作员seevia 编辑会员:address_test', 'post|a:8:{s:7:"_method";s:4:"POST";s:4:"data";a:1:{s:4:"User";a:8:{s:2:"id";s:1:"9";s:4:"name";s:12:"address_test";s:5:"email";s:18:"shenyunfeng@162.cn";s:4:"rank";s:1:"0";s:3:"sex";s:1:"0";s:8:"birthday";s:0:"";s:12:"new_password";s:0:"";s:13:"new_password2";s:0:"";}}s:12:"balance_type";s:1:"1";s:7:"balance";s:1:"0";s:11:"frozen_type";s:1:"1";s:6:"frozen";s:1:"0";s:10:"point_type";s:1:"1";s:5:"point";s:1:"0";}get|a:1:{s:3:"url";s:7:"users/9";}', '1', '2009-09-20 03:02:30', '2009-09-20 03:02:30'),
(257, 1, '10.8.0.10', 'http://data.branches.seevia.cn/sv-admin/users/9', '操作员seevia 编辑会员:address_test', 'post|a:8:{s:7:"_method";s:4:"POST";s:4:"data";a:1:{s:4:"User";a:8:{s:2:"id";s:1:"9";s:4:"name";s:12:"address_test";s:5:"email";s:18:"shenyunfeng@162.cn";s:4:"rank";s:1:"0";s:3:"sex";s:1:"0";s:8:"birthday";s:0:"";s:12:"new_password";s:0:"";s:13:"new_password2";s:0:"";}}s:12:"balance_type";s:1:"1";s:7:"balance";s:1:"0";s:11:"frozen_type";s:1:"1";s:6:"frozen";s:1:"0";s:10:"point_type";s:1:"1";s:5:"point";s:1:"0";}get|a:1:{s:3:"url";s:7:"users/9";}', '1', '2009-09-20 03:02:30', '2009-09-20 03:02:30'),
(258, 1, '10.8.0.10', 'http://data.branches.seevia.cn/sv-admin/departments/edit/4', '操作员seevia 编辑部门:市场部', 'post|a:2:{s:7:"_method";s:4:"POST";s:4:"data";a:2:{s:10:"Department";a:9:{s:2:"id";s:1:"4";s:12:"contact_name";s:9:"市场部";s:14:"contact_remark";s:9:"市场部";s:13:"contact_email";s:0:"";s:12:"contact_tele";s:8:"12345678";s:14:"contact_mobile";s:0:"";s:11:"contact_fax";s:0:"";s:7:"orderby";s:2:"50";s:6:"status";s:1:"1";}s:14:"DepartmentI18n";a:3:{i:0;a:5:{s:4:"name";s:9:"市场部";s:11:"description";s:9:"市场部";s:6:"locale";s:3:"chi";s:2:"id";s:2:"10";s:13:"department_id";s:1:"4";}i:1;a:5:{s:4:"name";s:9:"市场部";s:11:"description";s:9:"市场部";s:6:"locale";s:3:"eng";s:2:"id";s:2:"11";s:13:"department_id";s:1:"4";}i:2;a:5:{s:4:"name";s:9:"市场部";s:11:"description";s:9:"市场部";s:6:"locale";s:3:"cht";s:2:"id";s:2:"12";s:13:"department_id";s:1:"4";}}}}get|a:1:{s:3:"url";s:18:"departments/edit/4";}', '1', '2009-09-20 03:54:56', '2009-09-20 03:54:56'),
(259, 1, '10.8.0.10', 'http://data.branches.seevia.cn/sv-admin/departments/edit/4', '操作员seevia 编辑部门:市场部', 'post|a:2:{s:7:"_method";s:4:"POST";s:4:"data";a:2:{s:10:"Department";a:9:{s:2:"id";s:1:"4";s:12:"contact_name";s:9:"市场部";s:14:"contact_remark";s:9:"市场部";s:13:"contact_email";s:17:"12345678@test.com";s:12:"contact_tele";s:8:"12345678";s:14:"contact_mobile";s:8:"12345678";s:11:"contact_fax";s:0:"";s:7:"orderby";s:2:"50";s:6:"status";s:1:"1";}s:14:"DepartmentI18n";a:3:{i:0;a:5:{s:4:"name";s:9:"市场部";s:11:"description";s:9:"市场部";s:6:"locale";s:3:"chi";s:2:"id";s:2:"10";s:13:"department_id";s:1:"4";}i:1;a:5:{s:4:"name";s:9:"市场部";s:11:"description";s:9:"市场部";s:6:"locale";s:3:"eng";s:2:"id";s:2:"11";s:13:"department_id";s:1:"4";}i:2;a:5:{s:4:"name";s:9:"市场部";s:11:"description";s:9:"市场部";s:6:"locale";s:3:"cht";s:2:"id";s:2:"12";s:13:"department_id";s:1:"4";}}}}get|a:1:{s:3:"url";s:18:"departments/edit/4";}', '1', '2009-09-20 03:57:00', '2009-09-20 03:57:00'),
(260, 1, '10.8.0.10', 'http://data.branches.seevia.cn/sv-admin/departments/edit/3', '操作员seevia 编辑部门:信息部', 'post|a:2:{s:7:"_method";s:4:"POST";s:4:"data";a:2:{s:10:"Department";a:9:{s:2:"id";s:1:"3";s:12:"contact_name";s:9:"信息部";s:14:"contact_remark";s:9:"信息部";s:13:"contact_email";s:17:"12345678@test.com";s:12:"contact_tele";s:8:"12345678";s:14:"contact_mobile";s:8:"12345678";s:11:"contact_fax";s:0:"";s:7:"orderby";s:2:"50";s:6:"status";s:1:"1";}s:14:"DepartmentI18n";a:3:{i:0;a:5:{s:4:"name";s:9:"信息部";s:11:"description";s:9:"信息部";s:6:"locale";s:3:"chi";s:2:"id";s:1:"7";s:13:"department_id";s:1:"3";}i:1;a:5:{s:4:"name";s:9:"信息部";s:11:"description";s:9:"信息部";s:6:"locale";s:3:"eng";s:2:"id";s:1:"8";s:13:"department_id";s:1:"3";}i:2;a:5:{s:4:"name";s:9:"信息部";s:11:"description";s:9:"信息部";s:6:"locale";s:3:"cht";s:2:"id";s:1:"9";s:13:"department_id";s:1:"3";}}}}get|a:1:{s:3:"url";s:18:"departments/edit/3";}', '1', '2009-09-20 03:58:22', '2009-09-20 03:58:22'),
(261, 1, '10.8.0.10', 'http://data.branches.seevia.cn/sv-admin/departments/add', '操作员seevia 添加部门:客户部', 'post|a:2:{s:7:"_method";s:4:"POST";s:4:"data";a:2:{s:14:"DepartmentI18n";a:3:{i:0;a:3:{s:4:"name";s:9:"客户部";s:11:"description";s:9:"客户部";s:6:"locale";s:3:"chi";}i:1;a:3:{s:4:"name";s:9:"客户部";s:11:"description";s:9:"客户部";s:6:"locale";s:3:"eng";}i:2;a:3:{s:4:"name";s:9:"客户部";s:11:"description";s:9:"客户部";s:6:"locale";s:3:"cht";}}s:10:"Department";a:8:{s:12:"contact_name";s:9:"客户部";s:14:"contact_remark";s:9:"客户部";s:13:"contact_email";s:17:"12345678@test.com";s:12:"contact_tele";s:8:"12345678";s:14:"contact_mobile";s:8:"12345678";s:11:"contact_fax";s:0:"";s:7:"orderby";s:0:"";s:6:"status";s:1:"1";}}}get|a:1:{s:3:"url";s:15:"departments/add";}', '1', '2009-09-20 03:59:20', '2009-09-20 03:59:20'),
(262, 1, '10.8.0.10', 'http://data.branches.seevia.cn/sv-admin/departments/add', '操作员seevia 添加部门:库存部', 'post|a:2:{s:7:"_method";s:4:"POST";s:4:"data";a:2:{s:14:"DepartmentI18n";a:3:{i:0;a:3:{s:4:"name";s:9:"库存部";s:11:"description";s:9:"库存部";s:6:"locale";s:3:"chi";}i:1;a:3:{s:4:"name";s:9:"库存部";s:11:"description";s:9:"库存部";s:6:"locale";s:3:"eng";}i:2;a:3:{s:4:"name";s:9:"库存部";s:11:"description";s:9:"库存部";s:6:"locale";s:3:"cht";}}s:10:"Department";a:8:{s:12:"contact_name";s:9:"库存部";s:14:"contact_remark";s:9:"库存部";s:13:"contact_email";s:17:"12345678@test.com";s:12:"contact_tele";s:8:"12345678";s:14:"contact_mobile";s:8:"12345678";s:11:"contact_fax";s:0:"";s:7:"orderby";s:0:"";s:6:"status";s:1:"1";}}}get|a:1:{s:3:"url";s:15:"departments/add";}', '1', '2009-09-20 03:59:47', '2009-09-20 03:59:47'),
(263, 1, '10.8.0.10', 'http://data.branches.seevia.cn/sv-admin/departments/add', '操作员seevia 添加部门:产品部', 'post|a:2:{s:7:"_method";s:4:"POST";s:4:"data";a:2:{s:14:"DepartmentI18n";a:3:{i:0;a:3:{s:4:"name";s:9:"产品部";s:11:"description";s:9:"产品部";s:6:"locale";s:3:"chi";}i:1;a:3:{s:4:"name";s:9:"产品部";s:11:"description";s:9:"产品部";s:6:"locale";s:3:"eng";}i:2;a:3:{s:4:"name";s:9:"产品部";s:11:"description";s:9:"产品部";s:6:"locale";s:3:"cht";}}s:10:"Department";a:8:{s:12:"contact_name";s:9:"产品部";s:14:"contact_remark";s:9:"产品部";s:13:"contact_email";s:17:"12345678@test.com";s:12:"contact_tele";s:8:"12345678";s:14:"contact_mobile";s:8:"12345678";s:11:"contact_fax";s:0:"";s:7:"orderby";s:0:"";s:6:"status";s:1:"1";}}}get|a:1:{s:3:"url";s:15:"departments/add";}', '1', '2009-09-20 04:00:13', '2009-09-20 04:00:13'),
(264, 1, '10.8.0.10', 'http://data.branches.seevia.cn/sv-admin/departments/add', '操作员seevia 添加部门:采购部', 'post|a:2:{s:7:"_method";s:4:"POST";s:4:"data";a:2:{s:14:"DepartmentI18n";a:3:{i:0;a:3:{s:4:"name";s:9:"采购部";s:11:"description";s:9:"采购部";s:6:"locale";s:3:"chi";}i:1;a:3:{s:4:"name";s:9:"采购部";s:11:"description";s:9:"采购部";s:6:"locale";s:3:"eng";}i:2;a:3:{s:4:"name";s:9:"采购部";s:11:"description";s:9:"采购部";s:6:"locale";s:3:"cht";}}s:10:"Department";a:8:{s:12:"contact_name";s:9:"采购部";s:14:"contact_remark";s:9:"采购部";s:13:"contact_email";s:17:"12345678@test.com";s:12:"contact_tele";s:8:"12345678";s:14:"contact_mobile";s:8:"12345678";s:11:"contact_fax";s:0:"";s:7:"orderby";s:0:"";s:6:"status";s:1:"1";}}}get|a:1:{s:3:"url";s:15:"departments/add";}', '1', '2009-09-20 04:00:39', '2009-09-20 04:00:39'),
(265, 1, '10.8.0.10', 'http://data.branches.seevia.cn/sv-admin/departments/add', '操作员seevia 添加部门:供应商', 'post|a:2:{s:7:"_method";s:4:"POST";s:4:"data";a:2:{s:14:"DepartmentI18n";a:3:{i:0;a:3:{s:4:"name";s:9:"供应商";s:11:"description";s:9:"供应商";s:6:"locale";s:3:"chi";}i:1;a:3:{s:4:"name";s:9:"供应商";s:11:"description";s:9:"供应商";s:6:"locale";s:3:"eng";}i:2;a:3:{s:4:"name";s:9:"供应商";s:11:"description";s:9:"供应商";s:6:"locale";s:3:"cht";}}s:10:"Department";a:8:{s:12:"contact_name";s:9:"供应商";s:14:"contact_remark";s:9:"供应商";s:13:"contact_email";s:17:"12345678@test.com";s:12:"contact_tele";s:8:"12345678";s:14:"contact_mobile";s:8:"12345678";s:11:"contact_fax";s:0:"";s:7:"orderby";s:0:"";s:6:"status";s:1:"1";}}}get|a:1:{s:3:"url";s:15:"departments/add";}', '1', '2009-09-20 04:01:08', '2009-09-20 04:01:08'),
(266, 1, '10.8.0.10', 'http://data.branches.seevia.cn/sv-admin/departments/add', '操作员seevia 添加部门:技术部', 'post|a:2:{s:7:"_method";s:4:"POST";s:4:"data";a:2:{s:14:"DepartmentI18n";a:3:{i:0;a:3:{s:4:"name";s:9:"技术部";s:11:"description";s:9:"技术部";s:6:"locale";s:3:"chi";}i:1;a:3:{s:4:"name";s:9:"技术部";s:11:"description";s:9:"技术部";s:6:"locale";s:3:"eng";}i:2;a:3:{s:4:"name";s:9:"技术部";s:11:"description";s:9:"技术部";s:6:"locale";s:3:"cht";}}s:10:"Department";a:8:{s:12:"contact_name";s:9:"技术部";s:14:"contact_remark";s:9:"技术部";s:13:"contact_email";s:17:"12345678@test.com";s:12:"contact_tele";s:8:"12345678";s:14:"contact_mobile";s:8:"12345678";s:11:"contact_fax";s:0:"";s:7:"orderby";s:0:"";s:6:"status";s:1:"1";}}}get|a:1:{s:3:"url";s:15:"departments/add";}', '1', '2009-09-20 04:01:36', '2009-09-20 04:01:36'),
(267, 1, '10.8.0.10', 'http://data.branches.seevia.cn/sv-admin/departments/add', '操作员seevia 添加部门:人事部', 'post|a:2:{s:7:"_method";s:4:"POST";s:4:"data";a:2:{s:14:"DepartmentI18n";a:3:{i:0;a:3:{s:4:"name";s:9:"人事部";s:11:"description";s:9:"人事部";s:6:"locale";s:3:"chi";}i:1;a:3:{s:4:"name";s:9:"人事部";s:11:"description";s:9:"人事部";s:6:"locale";s:3:"eng";}i:2;a:3:{s:4:"name";s:9:"人事部";s:11:"description";s:9:"人事部";s:6:"locale";s:3:"cht";}}s:10:"Department";a:8:{s:12:"contact_name";s:9:"人事部";s:14:"contact_remark";s:9:"人事部";s:13:"contact_email";s:17:"12345678@test.com";s:12:"contact_tele";s:8:"12345678";s:14:"contact_mobile";s:8:"12345678";s:11:"contact_fax";s:0:"";s:7:"orderby";s:0:"";s:6:"status";s:1:"1";}}}get|a:1:{s:3:"url";s:15:"departments/add";}', '1', '2009-09-20 04:02:14', '2009-09-20 04:02:14'),
(268, 1, '10.8.0.10', 'http://data.branches.seevia.cn/sv-admin/departments/remove/2', '操作员seevia 删除部门:营销部', 'get|a:1:{s:3:"url";s:20:"departments/remove/2";}', '1', '2009-09-20 04:02:59', '2009-09-20 04:02:59'),
(269, 1, '10.8.0.10', 'http://data.branches.seevia.cn/sv-admin/departments/remove/1', '操作员seevia 删除部门:财物部', 'get|a:1:{s:3:"url";s:20:"departments/remove/1";}', '1', '2009-09-20 04:03:09', '2009-09-20 04:03:09'),
(270, 1, '10.8.0.10', 'http://data.branches.seevia.cn/sv-admin/roles/add', '操作员seevia 添加角色:信息', 'post|a:3:{s:7:"_method";s:4:"POST";s:4:"data";a:2:{s:16:"OperatorRoleI18n";a:3:{i:0;a:2:{s:4:"name";s:6:"信息";s:6:"locale";s:3:"chi";}i:1;a:2:{s:4:"name";s:6:"信息";s:6:"locale";s:3:"eng";}i:2;a:2:{s:4:"name";s:6:"信息";s:6:"locale";s:3:"cht";}}s:12:"OperatorRole";a:2:{s:7:"orderby";s:0:"";s:6:"status";s:1:"1";}}s:8:"checkbox";s:8:"checkbox";}get|a:1:{s:3:"url";s:9:"roles/add";}', '1', '2009-09-20 04:19:01', '2009-09-20 04:19:01'),
(271, 1, '10.8.0.10', 'http://data.branches.seevia.cn/sv-admin/roles/add', '操作员seevia 添加角色:市场', 'post|a:2:{s:7:"_method";s:4:"POST";s:4:"data";a:2:{s:16:"OperatorRoleI18n";a:3:{i:0;a:2:{s:4:"name";s:6:"市场";s:6:"locale";s:3:"chi";}i:1;a:2:{s:4:"name";s:6:"市场";s:6:"locale";s:3:"eng";}i:2;a:2:{s:4:"name";s:6:"市场";s:6:"locale";s:3:"cht";}}s:12:"OperatorRole";a:2:{s:7:"orderby";s:0:"";s:6:"status";s:1:"1";}}}get|a:1:{s:3:"url";s:9:"roles/add";}', '1', '2009-09-20 07:05:32', '2009-09-20 07:05:32'),
(272, 1, '10.8.0.10', 'http://data.branches.seevia.cn/sv-admin/roles/add', '操作员seevia 添加角色:客户', 'post|a:2:{s:7:"_method";s:4:"POST";s:4:"data";a:2:{s:16:"OperatorRoleI18n";a:3:{i:0;a:2:{s:4:"name";s:6:"客户";s:6:"locale";s:3:"chi";}i:1;a:2:{s:4:"name";s:6:"客户";s:6:"locale";s:3:"eng";}i:2;a:2:{s:4:"name";s:6:"客户";s:6:"locale";s:3:"cht";}}s:12:"OperatorRole";a:2:{s:7:"orderby";s:0:"";s:6:"status";s:1:"1";}}}get|a:1:{s:3:"url";s:9:"roles/add";}', '1', '2009-09-20 07:06:07', '2009-09-20 07:06:07'),
(273, 1, '10.8.0.10', 'http://data.branches.seevia.cn/sv-admin/roles/add', '操作员seevia 添加角色:库存', 'post|a:2:{s:7:"_method";s:4:"POST";s:4:"data";a:2:{s:16:"OperatorRoleI18n";a:3:{i:0;a:2:{s:4:"name";s:6:"库存";s:6:"locale";s:3:"chi";}i:1;a:2:{s:4:"name";s:6:"库存";s:6:"locale";s:3:"eng";}i:2;a:2:{s:4:"name";s:6:"库存";s:6:"locale";s:3:"cht";}}s:12:"OperatorRole";a:2:{s:7:"orderby";s:0:"";s:6:"status";s:1:"1";}}}get|a:1:{s:3:"url";s:9:"roles/add";}', '1', '2009-09-20 07:06:32', '2009-09-20 07:06:32'),
(274, 1, '10.8.0.10', 'http://data.branches.seevia.cn/sv-admin/roles/add', '操作员seevia 添加角色:产品', 'post|a:2:{s:7:"_method";s:4:"POST";s:4:"data";a:2:{s:16:"OperatorRoleI18n";a:3:{i:0;a:2:{s:4:"name";s:6:"产品";s:6:"locale";s:3:"chi";}i:1;a:2:{s:4:"name";s:6:"产品";s:6:"locale";s:3:"eng";}i:2;a:2:{s:4:"name";s:6:"产品";s:6:"locale";s:3:"cht";}}s:12:"OperatorRole";a:2:{s:7:"orderby";s:0:"";s:6:"status";s:1:"1";}}}get|a:1:{s:3:"url";s:9:"roles/add";}', '1', '2009-09-20 07:06:52', '2009-09-20 07:06:52'),
(275, 1, '10.8.0.10', 'http://data.branches.seevia.cn/sv-admin/roles/add', '操作员seevia 添加角色:采购', 'post|a:2:{s:7:"_method";s:4:"POST";s:4:"data";a:2:{s:16:"OperatorRoleI18n";a:3:{i:0;a:2:{s:4:"name";s:6:"采购";s:6:"locale";s:3:"chi";}i:1;a:2:{s:4:"name";s:6:"采购";s:6:"locale";s:3:"eng";}i:2;a:2:{s:4:"name";s:6:"采购";s:6:"locale";s:3:"cht";}}s:12:"OperatorRole";a:2:{s:7:"orderby";s:0:"";s:6:"status";s:1:"1";}}}get|a:1:{s:3:"url";s:9:"roles/add";}', '1', '2009-09-20 07:07:13', '2009-09-20 07:07:13'),
(276, 1, '10.8.0.10', 'http://data.branches.seevia.cn/sv-admin/roles/add', '操作员seevia 添加角色:供应', 'post|a:2:{s:7:"_method";s:4:"POST";s:4:"data";a:2:{s:16:"OperatorRoleI18n";a:3:{i:0;a:2:{s:4:"name";s:6:"供应";s:6:"locale";s:3:"chi";}i:1;a:2:{s:4:"name";s:6:"供应";s:6:"locale";s:3:"eng";}i:2;a:2:{s:4:"name";s:6:"供应";s:6:"locale";s:3:"cht";}}s:12:"OperatorRole";a:2:{s:7:"orderby";s:0:"";s:6:"status";s:1:"1";}}}get|a:1:{s:3:"url";s:9:"roles/add";}', '1', '2009-09-20 07:07:37', '2009-09-20 07:07:37'),
(277, 1, '10.8.0.10', 'http://data.branches.seevia.cn/sv-admin/roles/add', '操作员seevia 添加角色:技术', 'post|a:2:{s:7:"_method";s:4:"POST";s:4:"data";a:2:{s:16:"OperatorRoleI18n";a:3:{i:0;a:2:{s:4:"name";s:6:"技术";s:6:"locale";s:3:"chi";}i:1;a:2:{s:4:"name";s:6:"技术";s:6:"locale";s:3:"eng";}i:2;a:2:{s:4:"name";s:6:"技术";s:6:"locale";s:3:"cht";}}s:12:"OperatorRole";a:2:{s:7:"orderby";s:0:"";s:6:"status";s:1:"1";}}}get|a:1:{s:3:"url";s:9:"roles/add";}', '1', '2009-09-20 07:07:56', '2009-09-20 07:07:56'),
(278, 1, '10.8.0.10', 'http://data.branches.seevia.cn/sv-admin/roles/add', '操作员seevia 添加角色:人事', 'post|a:2:{s:7:"_method";s:4:"POST";s:4:"data";a:2:{s:16:"OperatorRoleI18n";a:3:{i:0;a:2:{s:4:"name";s:6:"人事";s:6:"locale";s:3:"chi";}i:1;a:2:{s:4:"name";s:6:"人事";s:6:"locale";s:3:"eng";}i:2;a:2:{s:4:"name";s:6:"人事";s:6:"locale";s:3:"cht";}}s:12:"OperatorRole";a:2:{s:7:"orderby";s:0:"";s:6:"status";s:1:"1";}}}get|a:1:{s:3:"url";s:9:"roles/add";}', '1', '2009-09-20 07:08:16', '2009-09-20 07:08:16'),
(279, 1, '10.8.0.10', 'http://data.branches.seevia.cn/sv-admin/roles/remove/2', '操作员seevia 删除角色:test', 'get|a:1:{s:3:"url";s:14:"roles/remove/2";}', '1', '2009-09-20 07:09:36', '2009-09-20 07:09:36'),
(280, 1, '10.8.0.10', 'http://data.branches.seevia.cn/sv-admin/roles/remove/1', '操作员seevia 删除角色:leo.wanta', 'get|a:1:{s:3:"url";s:14:"roles/remove/1";}', '1', '2009-09-20 07:09:47', '2009-09-20 07:09:47'),
(281, 1, '10.8.0.10', 'http://data.branches.seevia.cn/sv-admin/roles/add', '操作员seevia 添加角色:购物', 'post|a:2:{s:7:"_method";s:4:"POST";s:4:"data";a:2:{s:16:"OperatorRoleI18n";a:3:{i:0;a:2:{s:4:"name";s:6:"购物";s:6:"locale";s:3:"chi";}i:1;a:2:{s:4:"name";s:6:"购物";s:6:"locale";s:3:"eng";}i:2;a:2:{s:4:"name";s:6:"购物";s:6:"locale";s:3:"cht";}}s:12:"OperatorRole";a:2:{s:7:"orderby";s:0:"";s:6:"status";s:1:"1";}}}get|a:1:{s:3:"url";s:9:"roles/add";}', '1', '2009-09-20 07:10:35', '2009-09-20 07:10:35'),
(282, 1, '10.8.0.10', 'http://data.branches.seevia.cn/sv-admin/departments/add', '操作员seevia 添加部门:购物部', 'post|a:2:{s:7:"_method";s:4:"POST";s:4:"data";a:2:{s:14:"DepartmentI18n";a:3:{i:0;a:3:{s:4:"name";s:9:"购物部";s:11:"description";s:9:"购物部";s:6:"locale";s:3:"chi";}i:1;a:3:{s:4:"name";s:9:"购物部";s:11:"description";s:9:"购物部";s:6:"locale";s:3:"eng";}i:2;a:3:{s:4:"name";s:9:"购物部";s:11:"description";s:9:"购物部";s:6:"locale";s:3:"cht";}}s:10:"Department";a:8:{s:12:"contact_name";s:9:"购物部";s:14:"contact_remark";s:9:"购物部";s:13:"contact_email";s:17:"12345678@test.com";s:12:"contact_tele";s:8:"12345678";s:14:"contact_mobile";s:8:"12345678";s:11:"contact_fax";s:0:"";s:7:"orderby";s:0:"";s:6:"status";s:1:"1";}}}get|a:1:{s:3:"url";s:15:"departments/add";}', '1', '2009-09-20 07:11:15', '2009-09-20 07:11:15'),
(283, 1, '10.8.0.10', 'http://data.branches.seevia.cn/sv-admin/roles/edit/3', '操作员seevia 编辑角色:信息', 'post|a:3:{s:7:"_method";s:4:"POST";s:4:"data";a:2:{s:12:"OperatorRole";a:3:{s:2:"id";s:1:"3";s:7:"orderby";s:2:"50";s:6:"status";s:1:"1";}s:16:"OperatorRoleI18n";a:3:{i:0;a:4:{s:4:"name";s:6:"信息";s:6:"locale";s:3:"chi";s:2:"id";s:1:"9";s:16:"operator_role_id";s:1:"3";}i:1;a:4:{s:4:"name";s:6:"信息";s:6:"locale";s:3:"eng";s:2:"id";s:2:"10";s:16:"operator_role_id";s:1:"3";}i:2;a:4:{s:4:"name";s:6:"信息";s:6:"locale";s:3:"cht";s:2:"id";s:2:"11";s:16:"operator_role_id";s:1:"3";}}}s:10:"competence";a:6:{i:0;s:3:"129";i:1;s:3:"130";i:2;s:3:"179";i:3;s:3:"132";i:4;s:3:"133";i:5;s:3:"178";}}get|a:1:{s:3:"url";s:12:"roles/edit/3";}', '1', '2009-09-20 07:14:23', '2009-09-20 07:14:23'),
(284, 1, '192.168.10.178', 'http://data.branches.seevia.cn/sv-admin/navigations/edit/2', '操作员seevia 编辑导航设置:所有商品', 'post|a:2:{s:7:"_method";s:4:"POST";s:4:"data";a:2:{s:14:"NavigationI18n";a:3:{i:0;a:6:{s:4:"name";s:12:"所有商品";s:6:"locale";s:3:"chi";s:2:"id";s:1:"2";s:13:"navigation_id";s:1:"2";s:3:"url";s:33:"/products/advancedsearch/SAD/all/";s:11:"description";s:0:"";}i:1;a:6:{s:4:"name";s:12:"All Products";s:6:"locale";s:3:"eng";s:2:"id";s:1:"1";s:13:"navigation_id";s:1:"2";s:3:"url";s:33:"/products/advancedsearch/SAD/all/";s:11:"description";s:0:"";}i:2;a:6:{s:4:"name";s:12:"所有商品";s:6:"locale";s:3:"cht";s:2:"id";s:2:"32";s:13:"navigation_id";s:1:"2";s:3:"url";s:33:"/products/advancedsearch/SAD/all/";s:11:"description";s:0:"";}}s:10:"Navigation";a:8:{s:9:"parent_id";s:3:"000";s:10:"controller";s:5:"pages";s:4:"type";s:1:"B";s:7:"orderby";s:2:"10";s:6:"status";s:1:"1";s:6:"target";s:6:"_blank";s:4:"icon";s:0:"";s:2:"id";s:1:"2";}}}get|a:1:{s:3:"url";s:18:"navigations/edit/2";}', '1', '2009-09-21 01:37:04', '2009-09-21 01:37:04'),
(285, 1, '192.168.10.178', 'http://data.branches.seevia.cn/sv-admin/navigations/edit/11', '操作员seevia 编辑导航设置:所有相册', 'post|a:2:{s:7:"_method";s:4:"POST";s:4:"data";a:2:{s:14:"NavigationI18n";a:3:{i:0;a:6:{s:4:"name";s:12:"所有相册";s:6:"locale";s:3:"chi";s:2:"id";s:2:"17";s:13:"navigation_id";s:2:"11";s:3:"url";s:23:"/products/user_gallery/";s:11:"description";s:0:"";}i:1;a:6:{s:4:"name";s:7:"Gallery";s:6:"locale";s:3:"eng";s:2:"id";s:2:"18";s:13:"navigation_id";s:2:"11";s:3:"url";s:23:"/products/user_gallery/";s:11:"description";s:0:"";}i:2;a:6:{s:4:"name";s:12:"所有相册";s:6:"locale";s:3:"cht";s:2:"id";s:2:"13";s:13:"navigation_id";s:2:"11";s:3:"url";s:23:"/products/user_gallery/";s:11:"description";s:0:"";}}s:10:"Navigation";a:8:{s:9:"parent_id";s:3:"000";s:10:"controller";s:5:"pages";s:4:"type";s:1:"B";s:7:"orderby";s:2:"15";s:6:"status";s:1:"1";s:6:"target";s:6:"_blank";s:4:"icon";s:0:"";s:2:"id";s:2:"11";}}}get|a:1:{s:3:"url";s:19:"navigations/edit/11";}', '1', '2009-09-21 01:37:12', '2009-09-21 01:37:12'),
(286, 1, '192.168.10.178', 'http://data.branches.seevia.cn/sv-admin/navigations/edit/12', '操作员seevia 编辑导航设置:所有评论', 'post|a:2:{s:7:"_method";s:4:"POST";s:4:"data";a:2:{s:14:"NavigationI18n";a:3:{i:0;a:6:{s:4:"name";s:12:"所有评论";s:6:"locale";s:3:"chi";s:2:"id";s:2:"19";s:13:"navigation_id";s:2:"12";s:3:"url";s:10:"/comments/";s:11:"description";s:0:"";}i:1;a:6:{s:4:"name";s:7:"Comment";s:6:"locale";s:3:"eng";s:2:"id";s:2:"20";s:13:"navigation_id";s:2:"12";s:3:"url";s:10:"/comments/";s:11:"description";s:0:"";}i:2;a:6:{s:4:"name";s:12:"所有评论";s:6:"locale";s:3:"cht";s:2:"id";s:2:"34";s:13:"navigation_id";s:2:"12";s:3:"url";s:10:"/comments/";s:11:"description";s:0:"";}}s:10:"Navigation";a:8:{s:9:"parent_id";s:3:"000";s:10:"controller";s:5:"pages";s:4:"type";s:1:"B";s:7:"orderby";s:2:"20";s:6:"status";s:1:"1";s:6:"target";s:6:"_blank";s:4:"icon";s:0:"";s:2:"id";s:2:"12";}}}get|a:1:{s:3:"url";s:19:"navigations/edit/12";}', '1', '2009-09-21 01:37:20', '2009-09-21 01:37:20'),
(287, 1, '192.168.10.178', 'http://data.branches.seevia.cn/sv-admin/sitemaps/remove/3', '操作员seevia 删除模块:注册', 'get|a:1:{s:3:"url";s:17:"sitemaps/remove/3";}', '1', '2009-09-22 02:21:02', '2009-09-22 02:21:02'),
(288, 1, '192.168.10.178', 'http://data.branches.seevia.cn/sv-admin/sitemaps/remove/4', '操作员seevia 删除模块:登录页', 'get|a:1:{s:3:"url";s:17:"sitemaps/remove/4";}', '1', '2009-09-22 02:21:08', '2009-09-22 02:21:08');
INSERT INTO `svcart_operator_logs` (`id`, `operator_id`, `ipaddress`, `action_url`, `info`, `remark`, `type`, `created`, `modified`) VALUES
(289, 1, '192.168.10.179', 'http://data.branches.seevia.cn/sv-admin/configvalues/edit', '操作员seevia 修改商店设置', 'post|a:2:{s:7:"_method";s:4:"POST";s:4:"data";a:126:{i:0;a:4:{s:6:"locale";s:3:"chi";s:9:"config_id";s:3:"260";s:2:"id";s:3:"246";s:5:"value";s:2:"+8";}i:1;a:4:{s:6:"locale";s:3:"eng";s:9:"config_id";s:3:"260";s:2:"id";s:3:"251";s:5:"value";s:2:"+8";}i:2;a:4:{s:6:"locale";s:3:"cht";s:9:"config_id";s:3:"260";s:2:"id";s:3:"328";s:5:"value";s:2:"+8";}i:3;a:4:{s:6:"locale";s:3:"chi";s:9:"config_id";s:3:"419";s:2:"id";s:3:"131";s:5:"value";s:8:"￥%s元";}i:4;a:4:{s:6:"locale";s:3:"eng";s:9:"config_id";s:3:"419";s:2:"id";s:3:"486";s:5:"value";s:8:"￥%s元";}i:5;a:4:{s:6:"locale";s:3:"cht";s:9:"config_id";s:3:"419";s:2:"id";s:3:"350";s:5:"value";s:8:"￥%s元";}i:6;a:4:{s:6:"locale";s:3:"chi";s:9:"config_id";s:3:"450";s:2:"id";s:3:"238";s:5:"value";s:0:"";}i:7;a:4:{s:6:"locale";s:3:"eng";s:9:"config_id";s:3:"450";s:2:"id";s:3:"499";s:5:"value";s:0:"";}i:8;a:4:{s:6:"locale";s:3:"cht";s:9:"config_id";s:3:"450";s:2:"id";s:3:"334";s:5:"value";s:0:"";}i:9;a:4:{s:6:"locale";s:3:"chi";s:9:"config_id";s:3:"255";s:2:"id";s:3:"245";s:5:"value";s:0:"";}i:10;a:4:{s:6:"locale";s:3:"eng";s:9:"config_id";s:3:"255";s:2:"id";s:3:"248";s:5:"value";s:0:"";}i:11;a:4:{s:6:"locale";s:3:"cht";s:9:"config_id";s:3:"255";s:2:"id";s:3:"327";s:5:"value";s:0:"";}i:12;a:4:{s:6:"locale";s:3:"chi";s:9:"config_id";s:3:"247";s:2:"id";s:3:"107";s:5:"value";s:5:"1.2  ";}i:13;a:4:{s:6:"locale";s:3:"eng";s:9:"config_id";s:3:"247";s:2:"id";s:3:"259";s:5:"value";s:5:"1.2  ";}i:14;a:4:{s:6:"locale";s:3:"cht";s:9:"config_id";s:3:"247";s:2:"id";s:3:"373";s:5:"value";s:5:"1.2  ";}i:15;a:4:{s:6:"locale";s:3:"chi";s:9:"config_id";s:3:"350";s:2:"id";s:2:"36";s:5:"value";s:1:"5";}i:16;a:4:{s:6:"locale";s:3:"eng";s:9:"config_id";s:3:"350";s:2:"id";s:3:"171";s:5:"value";s:1:"5";}i:17;a:4:{s:6:"locale";s:3:"cht";s:9:"config_id";s:3:"350";s:2:"id";s:3:"440";s:5:"value";s:1:"5";}i:18;a:4:{s:6:"locale";s:3:"chi";s:9:"config_id";s:3:"449";s:2:"id";s:3:"237";s:5:"value";s:2:"10";}i:19;a:4:{s:6:"locale";s:3:"eng";s:9:"config_id";s:3:"449";s:2:"id";s:3:"498";s:5:"value";s:2:"10";}i:20;a:4:{s:6:"locale";s:3:"cht";s:9:"config_id";s:3:"449";s:2:"id";s:3:"336";s:5:"value";s:2:"10";}i:21;a:4:{s:6:"locale";s:3:"chi";s:9:"config_id";s:3:"254";s:2:"id";s:3:"104";s:5:"value";s:1:"0";}i:22;a:4:{s:6:"locale";s:3:"eng";s:9:"config_id";s:3:"254";s:2:"id";s:3:"247";s:5:"value";s:1:"0";}i:23;a:4:{s:6:"locale";s:3:"cht";s:9:"config_id";s:3:"254";s:2:"id";s:3:"377";s:5:"value";s:1:"0";}i:24;a:4:{s:6:"locale";s:3:"chi";s:9:"config_id";s:3:"469";s:2:"id";s:3:"257";s:5:"value";s:1:"1";}i:25;a:4:{s:6:"locale";s:3:"eng";s:9:"config_id";s:3:"469";s:2:"id";s:3:"507";s:5:"value";s:1:"1";}i:26;a:4:{s:6:"locale";s:3:"cht";s:9:"config_id";s:3:"469";s:2:"id";s:3:"323";s:5:"value";s:1:"1";}i:27;a:4:{s:6:"locale";s:3:"chi";s:9:"config_id";s:3:"479";s:2:"id";s:3:"264";s:5:"value";s:1:"1";}i:28;a:4:{s:6:"locale";s:3:"eng";s:9:"config_id";s:3:"479";s:2:"id";s:3:"512";s:5:"value";s:1:"1";}i:29;a:4:{s:6:"locale";s:3:"cht";s:9:"config_id";s:3:"479";s:2:"id";s:3:"320";s:5:"value";s:1:"1";}i:30;a:4:{s:6:"locale";s:3:"chi";s:9:"config_id";s:3:"456";s:2:"id";s:3:"241";s:5:"value";s:1:"1";}i:31;a:4:{s:6:"locale";s:3:"eng";s:9:"config_id";s:3:"456";s:2:"id";s:3:"502";s:5:"value";s:1:"1";}i:32;a:4:{s:6:"locale";s:3:"cht";s:9:"config_id";s:3:"456";s:2:"id";s:3:"332";s:5:"value";s:1:"1";}i:33;a:4:{s:6:"locale";s:3:"chi";s:9:"config_id";s:3:"447";s:2:"id";s:3:"235";s:5:"value";s:1:"1";}i:34;a:4:{s:6:"locale";s:3:"eng";s:9:"config_id";s:3:"447";s:2:"id";s:3:"496";s:5:"value";s:1:"1";}i:35;a:4:{s:6:"locale";s:3:"cht";s:9:"config_id";s:3:"447";s:2:"id";s:3:"337";s:5:"value";s:1:"1";}i:36;a:4:{s:6:"locale";s:3:"chi";s:9:"config_id";s:3:"258";s:2:"id";s:3:"102";s:5:"value";s:1:"1";}i:37;a:4:{s:6:"locale";s:3:"eng";s:9:"config_id";s:3:"258";s:2:"id";s:3:"250";s:5:"value";s:1:"1";}i:38;a:4:{s:6:"locale";s:3:"cht";s:9:"config_id";s:3:"258";s:2:"id";s:3:"379";s:5:"value";s:1:"1";}i:39;a:4:{s:6:"locale";s:3:"chi";s:9:"config_id";s:3:"448";s:2:"id";s:3:"236";s:5:"value";s:1:"1";}i:40;a:4:{s:6:"locale";s:3:"eng";s:9:"config_id";s:3:"448";s:2:"id";s:3:"497";s:5:"value";s:1:"1";}i:41;a:4:{s:6:"locale";s:3:"cht";s:9:"config_id";s:3:"448";s:2:"id";s:3:"338";s:5:"value";s:1:"1";}i:42;a:4:{s:6:"locale";s:3:"chi";s:9:"config_id";s:3:"271";s:2:"id";s:2:"95";s:5:"value";s:1:"1";}i:43;a:4:{s:6:"locale";s:3:"eng";s:9:"config_id";s:3:"271";s:2:"id";s:3:"223";s:5:"value";s:1:"1";}i:44;a:4:{s:6:"locale";s:3:"cht";s:9:"config_id";s:3:"271";s:2:"id";s:3:"385";s:5:"value";s:1:"1";}i:45;a:4:{s:6:"locale";s:3:"chi";s:9:"config_id";s:3:"263";s:2:"id";s:3:"100";s:5:"value";s:1:"0";}i:46;a:4:{s:6:"locale";s:3:"eng";s:9:"config_id";s:3:"263";s:2:"id";s:3:"228";s:5:"value";s:1:"0";}i:47;a:4:{s:6:"locale";s:3:"cht";s:9:"config_id";s:3:"263";s:2:"id";s:3:"381";s:5:"value";s:1:"0";}i:48;a:4:{s:6:"locale";s:3:"chi";s:9:"config_id";s:3:"487";s:2:"id";s:3:"287";s:5:"value";s:1:"1";}i:49;a:4:{s:6:"locale";s:3:"eng";s:9:"config_id";s:3:"487";s:2:"id";s:3:"519";s:5:"value";s:1:"1";}i:50;a:4:{s:6:"locale";s:3:"cht";s:9:"config_id";s:3:"487";s:2:"id";s:3:"314";s:5:"value";s:1:"1";}i:51;a:4:{s:6:"locale";s:3:"chi";s:9:"config_id";s:3:"253";s:2:"id";s:3:"103";s:5:"value";s:1:"0";}i:52;a:4:{s:6:"locale";s:3:"eng";s:9:"config_id";s:3:"253";s:2:"id";s:3:"253";s:5:"value";s:1:"0";}i:53;a:4:{s:6:"locale";s:3:"cht";s:9:"config_id";s:3:"253";s:2:"id";s:3:"378";s:5:"value";s:1:"0";}i:54;a:4:{s:6:"locale";s:3:"chi";s:9:"config_id";s:3:"451";s:2:"id";s:3:"239";s:5:"value";s:1:"1";}i:55;a:4:{s:6:"locale";s:3:"eng";s:9:"config_id";s:3:"451";s:2:"id";s:3:"500";s:5:"value";s:1:"1";}i:56;a:4:{s:6:"locale";s:3:"cht";s:9:"config_id";s:3:"451";s:2:"id";s:3:"335";s:5:"value";s:1:"1";}i:57;a:4:{s:6:"locale";s:3:"chi";s:9:"config_id";s:3:"464";s:2:"id";s:3:"244";s:5:"value";s:1:"1";}i:58;a:4:{s:6:"locale";s:3:"eng";s:9:"config_id";s:3:"464";s:2:"id";s:3:"504";s:5:"value";s:1:"1";}i:59;a:4:{s:6:"locale";s:3:"cht";s:9:"config_id";s:3:"464";s:2:"id";s:3:"329";s:5:"value";s:1:"1";}i:60;a:4:{s:6:"locale";s:3:"chi";s:9:"config_id";s:3:"472";s:2:"id";s:3:"252";s:5:"value";s:1:"0";}i:61;a:4:{s:6:"locale";s:3:"eng";s:9:"config_id";s:3:"472";s:2:"id";s:3:"510";s:5:"value";s:1:"0";}i:62;a:4:{s:6:"locale";s:3:"cht";s:9:"config_id";s:3:"472";s:2:"id";s:3:"326";s:5:"value";s:1:"0";}i:63;a:4:{s:6:"locale";s:3:"chi";s:9:"config_id";s:3:"480";s:2:"id";s:3:"266";s:5:"value";s:1:"0";}i:64;a:4:{s:6:"locale";s:3:"eng";s:9:"config_id";s:3:"480";s:2:"id";s:3:"513";s:5:"value";s:1:"0";}i:65;a:4:{s:6:"locale";s:3:"cht";s:9:"config_id";s:3:"480";s:2:"id";s:3:"318";s:5:"value";s:1:"0";}i:66;a:4:{s:6:"locale";s:3:"chi";s:9:"config_id";s:3:"470";s:2:"id";s:3:"258";s:5:"value";s:1:"1";}i:67;a:4:{s:6:"locale";s:3:"eng";s:9:"config_id";s:3:"470";s:2:"id";s:3:"508";s:5:"value";s:1:"1";}i:68;a:4:{s:6:"locale";s:3:"cht";s:9:"config_id";s:3:"470";s:2:"id";s:3:"322";s:5:"value";s:1:"1";}i:69;a:4:{s:6:"locale";s:3:"chi";s:9:"config_id";s:3:"429";s:2:"id";s:3:"231";s:5:"value";s:1:"0";}i:70;a:4:{s:6:"locale";s:3:"eng";s:9:"config_id";s:3:"429";s:2:"id";s:3:"492";s:5:"value";s:1:"0";}i:71;a:4:{s:6:"locale";s:3:"cht";s:9:"config_id";s:3:"429";s:2:"id";s:3:"342";s:5:"value";s:1:"0";}i:72;a:4:{s:6:"locale";s:3:"chi";s:9:"config_id";s:3:"431";s:2:"id";s:3:"233";s:5:"value";s:1:"1";}i:73;a:4:{s:6:"locale";s:3:"eng";s:9:"config_id";s:3:"431";s:2:"id";s:3:"494";s:5:"value";s:1:"1";}i:74;a:4:{s:6:"locale";s:3:"cht";s:9:"config_id";s:3:"431";s:2:"id";s:3:"341";s:5:"value";s:1:"1";}i:75;a:4:{s:6:"locale";s:3:"chi";s:9:"config_id";s:3:"486";s:2:"id";s:3:"281";s:5:"value";s:1:"1";}i:76;a:4:{s:6:"locale";s:3:"eng";s:9:"config_id";s:3:"486";s:2:"id";s:3:"518";s:5:"value";s:1:"1";}i:77;a:4:{s:6:"locale";s:3:"cht";s:9:"config_id";s:3:"486";s:2:"id";s:3:"311";s:5:"value";s:1:"1";}i:78;a:4:{s:6:"locale";s:3:"chi";s:9:"config_id";s:3:"246";s:2:"id";s:3:"106";s:5:"value";s:1:"1";}i:79;a:4:{s:6:"locale";s:3:"eng";s:9:"config_id";s:3:"246";s:2:"id";s:3:"262";s:5:"value";s:1:"1";}i:80;a:4:{s:6:"locale";s:3:"cht";s:9:"config_id";s:3:"246";s:2:"id";s:3:"376";s:5:"value";s:1:"1";}i:81;a:4:{s:6:"locale";s:3:"chi";s:9:"config_id";s:3:"485";s:2:"id";s:3:"284";s:5:"value";s:1:"1";}i:82;a:4:{s:6:"locale";s:3:"eng";s:9:"config_id";s:3:"485";s:2:"id";s:3:"517";s:5:"value";s:1:"1";}i:83;a:4:{s:6:"locale";s:3:"cht";s:9:"config_id";s:3:"485";s:2:"id";s:3:"313";s:5:"value";s:1:"1";}i:84;a:4:{s:6:"locale";s:3:"chi";s:9:"config_id";s:3:"484";s:2:"id";s:3:"282";s:5:"value";s:1:"1";}i:85;a:4:{s:6:"locale";s:3:"eng";s:9:"config_id";s:3:"484";s:2:"id";s:3:"516";s:5:"value";s:1:"1";}i:86;a:4:{s:6:"locale";s:3:"cht";s:9:"config_id";s:3:"484";s:2:"id";s:3:"312";s:5:"value";s:1:"1";}i:87;a:4:{s:6:"locale";s:3:"chi";s:9:"config_id";s:3:"265";s:2:"id";s:2:"99";s:5:"value";s:3:"999";}i:88;a:4:{s:6:"locale";s:3:"eng";s:9:"config_id";s:3:"265";s:2:"id";s:3:"226";s:5:"value";s:3:"999";}i:89;a:4:{s:6:"locale";s:3:"cht";s:9:"config_id";s:3:"265";s:2:"id";s:3:"380";s:5:"value";s:3:"999";}i:90;a:4:{s:6:"locale";s:3:"chi";s:9:"config_id";s:3:"252";s:2:"id";s:3:"105";s:5:"value";s:2:"SV";}i:91;a:4:{s:6:"locale";s:3:"eng";s:9:"config_id";s:3:"252";s:2:"id";s:3:"256";s:5:"value";s:2:"SV";}i:92;a:4:{s:6:"locale";s:3:"cht";s:9:"config_id";s:3:"252";s:2:"id";s:3:"375";s:5:"value";s:2:"SV";}i:93;a:4:{s:6:"locale";s:3:"chi";s:9:"config_id";s:3:"349";s:2:"id";s:2:"37";s:5:"value";s:4:"20  ";}i:94;a:4:{s:6:"locale";s:3:"eng";s:9:"config_id";s:3:"349";s:2:"id";s:3:"172";s:5:"value";s:4:"20  ";}i:95;a:4:{s:6:"locale";s:3:"cht";s:9:"config_id";s:3:"349";s:2:"id";s:3:"441";s:5:"value";s:4:"20  ";}i:96;a:4:{s:6:"locale";s:3:"chi";s:9:"config_id";s:3:"243";s:2:"id";s:3:"110";s:5:"value";s:1:"2";}i:97;a:4:{s:6:"locale";s:3:"eng";s:9:"config_id";s:3:"243";s:2:"id";s:3:"269";s:5:"value";s:1:"2";}i:98;a:4:{s:6:"locale";s:3:"cht";s:9:"config_id";s:3:"243";s:2:"id";s:3:"371";s:5:"value";s:1:"2";}i:99;a:4:{s:6:"locale";s:3:"chi";s:9:"config_id";s:3:"245";s:2:"id";s:3:"108";s:5:"value";s:2:"50";}i:100;a:4:{s:6:"locale";s:3:"eng";s:9:"config_id";s:3:"245";s:2:"id";s:3:"261";s:5:"value";s:2:"50";}i:101;a:4:{s:6:"locale";s:3:"cht";s:9:"config_id";s:3:"245";s:2:"id";s:3:"374";s:5:"value";s:2:"50";}i:102;a:4:{s:6:"locale";s:3:"chi";s:9:"config_id";s:3:"244";s:2:"id";s:3:"109";s:5:"value";s:1:"0";}i:103;a:4:{s:6:"locale";s:3:"eng";s:9:"config_id";s:3:"244";s:2:"id";s:3:"265";s:5:"value";s:1:"0";}i:104;a:4:{s:6:"locale";s:3:"cht";s:9:"config_id";s:3:"244";s:2:"id";s:3:"372";s:5:"value";s:1:"0";}i:105;a:4:{s:6:"locale";s:3:"chi";s:9:"config_id";s:3:"270";s:2:"id";s:2:"96";s:5:"value";s:1:"1";}i:106;a:4:{s:6:"locale";s:3:"eng";s:9:"config_id";s:3:"270";s:2:"id";s:3:"224";s:5:"value";s:1:"1";}i:107;a:4:{s:6:"locale";s:3:"cht";s:9:"config_id";s:3:"270";s:2:"id";s:3:"386";s:5:"value";s:1:"1";}i:108;a:4:{s:6:"locale";s:3:"chi";s:9:"config_id";s:3:"392";s:2:"id";s:2:"19";s:5:"value";s:1:"1";}i:109;a:4:{s:6:"locale";s:3:"eng";s:9:"config_id";s:3:"392";s:2:"id";s:3:"147";s:5:"value";s:1:"1";}i:110;a:4:{s:6:"locale";s:3:"cht";s:9:"config_id";s:3:"392";s:2:"id";s:3:"470";s:5:"value";s:1:"1";}i:111;a:4:{s:6:"locale";s:3:"chi";s:9:"config_id";s:3:"430";s:2:"id";s:3:"232";s:5:"value";s:1:"0";}i:112;a:4:{s:6:"locale";s:3:"eng";s:9:"config_id";s:3:"430";s:2:"id";s:3:"493";s:5:"value";s:1:"0";}i:113;a:4:{s:6:"locale";s:3:"cht";s:9:"config_id";s:3:"430";s:2:"id";s:3:"340";s:5:"value";s:1:"0";}i:114;a:4:{s:6:"locale";s:3:"chi";s:9:"config_id";s:3:"473";s:2:"id";s:3:"263";s:5:"value";s:1:"1";}i:115;a:4:{s:6:"locale";s:3:"eng";s:9:"config_id";s:3:"473";s:2:"id";s:3:"511";s:5:"value";s:1:"1";}i:116;a:4:{s:6:"locale";s:3:"cht";s:9:"config_id";s:3:"473";s:2:"id";s:3:"319";s:5:"value";s:1:"1";}i:117;a:4:{s:6:"locale";s:3:"chi";s:9:"config_id";s:3:"457";s:2:"id";s:3:"242";s:5:"value";s:1:"1";}i:118;a:4:{s:6:"locale";s:3:"eng";s:9:"config_id";s:3:"457";s:2:"id";s:3:"503";s:5:"value";s:1:"1";}i:119;a:4:{s:6:"locale";s:3:"cht";s:9:"config_id";s:3:"457";s:2:"id";s:3:"330";s:5:"value";s:1:"1";}i:120;a:4:{s:6:"locale";s:3:"chi";s:9:"config_id";s:3:"264";s:2:"id";s:2:"98";s:5:"value";s:1:"1";}i:121;a:4:{s:6:"locale";s:3:"eng";s:9:"config_id";s:3:"264";s:2:"id";s:3:"227";s:5:"value";s:1:"1";}i:122;a:4:{s:6:"locale";s:3:"cht";s:9:"config_id";s:3:"264";s:2:"id";s:3:"383";s:5:"value";s:1:"1";}i:123;a:4:{s:6:"locale";s:3:"chi";s:9:"config_id";s:3:"411";s:2:"id";s:2:"10";s:5:"value";s:1:"0";}i:124;a:4:{s:6:"locale";s:3:"eng";s:9:"config_id";s:3:"411";s:2:"id";s:3:"484";s:5:"value";s:1:"0";}i:125;a:4:{s:6:"locale";s:3:"cht";s:9:"config_id";s:3:"411";s:2:"id";s:3:"466";s:5:"value";s:1:"0";}}}get|a:1:{s:3:"url";s:17:"configvalues/edit";}', '1', '2009-09-22 03:02:48', '2009-09-22 03:02:48'),
(290, 1, '192.168.10.179', 'http://data.branches.seevia.cn/sv-admin/configvalues/edit', '操作员seevia 修改商店设置', 'post|a:2:{s:7:"_method";s:4:"POST";s:4:"data";a:126:{i:0;a:4:{s:6:"locale";s:3:"chi";s:9:"config_id";s:3:"260";s:2:"id";s:3:"246";s:5:"value";s:2:"-8";}i:1;a:4:{s:6:"locale";s:3:"eng";s:9:"config_id";s:3:"260";s:2:"id";s:3:"251";s:5:"value";s:2:"+0";}i:2;a:4:{s:6:"locale";s:3:"cht";s:9:"config_id";s:3:"260";s:2:"id";s:3:"328";s:5:"value";s:2:"-8";}i:3;a:4:{s:6:"locale";s:3:"chi";s:9:"config_id";s:3:"419";s:2:"id";s:3:"131";s:5:"value";s:8:"￥%s元";}i:4;a:4:{s:6:"locale";s:3:"eng";s:9:"config_id";s:3:"419";s:2:"id";s:3:"486";s:5:"value";s:8:"￥%s元";}i:5;a:4:{s:6:"locale";s:3:"cht";s:9:"config_id";s:3:"419";s:2:"id";s:3:"350";s:5:"value";s:8:"￥%s元";}i:6;a:4:{s:6:"locale";s:3:"chi";s:9:"config_id";s:3:"450";s:2:"id";s:3:"238";s:5:"value";s:0:"";}i:7;a:4:{s:6:"locale";s:3:"eng";s:9:"config_id";s:3:"450";s:2:"id";s:3:"499";s:5:"value";s:0:"";}i:8;a:4:{s:6:"locale";s:3:"cht";s:9:"config_id";s:3:"450";s:2:"id";s:3:"334";s:5:"value";s:0:"";}i:9;a:4:{s:6:"locale";s:3:"chi";s:9:"config_id";s:3:"255";s:2:"id";s:3:"245";s:5:"value";s:0:"";}i:10;a:4:{s:6:"locale";s:3:"eng";s:9:"config_id";s:3:"255";s:2:"id";s:3:"248";s:5:"value";s:0:"";}i:11;a:4:{s:6:"locale";s:3:"cht";s:9:"config_id";s:3:"255";s:2:"id";s:3:"327";s:5:"value";s:0:"";}i:12;a:4:{s:6:"locale";s:3:"chi";s:9:"config_id";s:3:"247";s:2:"id";s:3:"107";s:5:"value";s:5:"1.2  ";}i:13;a:4:{s:6:"locale";s:3:"eng";s:9:"config_id";s:3:"247";s:2:"id";s:3:"259";s:5:"value";s:5:"1.2  ";}i:14;a:4:{s:6:"locale";s:3:"cht";s:9:"config_id";s:3:"247";s:2:"id";s:3:"373";s:5:"value";s:5:"1.2  ";}i:15;a:4:{s:6:"locale";s:3:"chi";s:9:"config_id";s:3:"350";s:2:"id";s:2:"36";s:5:"value";s:1:"5";}i:16;a:4:{s:6:"locale";s:3:"eng";s:9:"config_id";s:3:"350";s:2:"id";s:3:"171";s:5:"value";s:1:"5";}i:17;a:4:{s:6:"locale";s:3:"cht";s:9:"config_id";s:3:"350";s:2:"id";s:3:"440";s:5:"value";s:1:"5";}i:18;a:4:{s:6:"locale";s:3:"chi";s:9:"config_id";s:3:"449";s:2:"id";s:3:"237";s:5:"value";s:2:"10";}i:19;a:4:{s:6:"locale";s:3:"eng";s:9:"config_id";s:3:"449";s:2:"id";s:3:"498";s:5:"value";s:2:"10";}i:20;a:4:{s:6:"locale";s:3:"cht";s:9:"config_id";s:3:"449";s:2:"id";s:3:"336";s:5:"value";s:2:"10";}i:21;a:4:{s:6:"locale";s:3:"chi";s:9:"config_id";s:3:"254";s:2:"id";s:3:"104";s:5:"value";s:1:"0";}i:22;a:4:{s:6:"locale";s:3:"eng";s:9:"config_id";s:3:"254";s:2:"id";s:3:"247";s:5:"value";s:1:"0";}i:23;a:4:{s:6:"locale";s:3:"cht";s:9:"config_id";s:3:"254";s:2:"id";s:3:"377";s:5:"value";s:1:"0";}i:24;a:4:{s:6:"locale";s:3:"chi";s:9:"config_id";s:3:"469";s:2:"id";s:3:"257";s:5:"value";s:1:"1";}i:25;a:4:{s:6:"locale";s:3:"eng";s:9:"config_id";s:3:"469";s:2:"id";s:3:"507";s:5:"value";s:1:"1";}i:26;a:4:{s:6:"locale";s:3:"cht";s:9:"config_id";s:3:"469";s:2:"id";s:3:"323";s:5:"value";s:1:"1";}i:27;a:4:{s:6:"locale";s:3:"chi";s:9:"config_id";s:3:"479";s:2:"id";s:3:"264";s:5:"value";s:1:"1";}i:28;a:4:{s:6:"locale";s:3:"eng";s:9:"config_id";s:3:"479";s:2:"id";s:3:"512";s:5:"value";s:1:"1";}i:29;a:4:{s:6:"locale";s:3:"cht";s:9:"config_id";s:3:"479";s:2:"id";s:3:"320";s:5:"value";s:1:"1";}i:30;a:4:{s:6:"locale";s:3:"chi";s:9:"config_id";s:3:"456";s:2:"id";s:3:"241";s:5:"value";s:1:"1";}i:31;a:4:{s:6:"locale";s:3:"eng";s:9:"config_id";s:3:"456";s:2:"id";s:3:"502";s:5:"value";s:1:"1";}i:32;a:4:{s:6:"locale";s:3:"cht";s:9:"config_id";s:3:"456";s:2:"id";s:3:"332";s:5:"value";s:1:"1";}i:33;a:4:{s:6:"locale";s:3:"chi";s:9:"config_id";s:3:"447";s:2:"id";s:3:"235";s:5:"value";s:1:"1";}i:34;a:4:{s:6:"locale";s:3:"eng";s:9:"config_id";s:3:"447";s:2:"id";s:3:"496";s:5:"value";s:1:"1";}i:35;a:4:{s:6:"locale";s:3:"cht";s:9:"config_id";s:3:"447";s:2:"id";s:3:"337";s:5:"value";s:1:"1";}i:36;a:4:{s:6:"locale";s:3:"chi";s:9:"config_id";s:3:"258";s:2:"id";s:3:"102";s:5:"value";s:1:"1";}i:37;a:4:{s:6:"locale";s:3:"eng";s:9:"config_id";s:3:"258";s:2:"id";s:3:"250";s:5:"value";s:1:"1";}i:38;a:4:{s:6:"locale";s:3:"cht";s:9:"config_id";s:3:"258";s:2:"id";s:3:"379";s:5:"value";s:1:"1";}i:39;a:4:{s:6:"locale";s:3:"chi";s:9:"config_id";s:3:"448";s:2:"id";s:3:"236";s:5:"value";s:1:"1";}i:40;a:4:{s:6:"locale";s:3:"eng";s:9:"config_id";s:3:"448";s:2:"id";s:3:"497";s:5:"value";s:1:"1";}i:41;a:4:{s:6:"locale";s:3:"cht";s:9:"config_id";s:3:"448";s:2:"id";s:3:"338";s:5:"value";s:1:"1";}i:42;a:4:{s:6:"locale";s:3:"chi";s:9:"config_id";s:3:"271";s:2:"id";s:2:"95";s:5:"value";s:1:"1";}i:43;a:4:{s:6:"locale";s:3:"eng";s:9:"config_id";s:3:"271";s:2:"id";s:3:"223";s:5:"value";s:1:"1";}i:44;a:4:{s:6:"locale";s:3:"cht";s:9:"config_id";s:3:"271";s:2:"id";s:3:"385";s:5:"value";s:1:"1";}i:45;a:4:{s:6:"locale";s:3:"chi";s:9:"config_id";s:3:"263";s:2:"id";s:3:"100";s:5:"value";s:1:"0";}i:46;a:4:{s:6:"locale";s:3:"eng";s:9:"config_id";s:3:"263";s:2:"id";s:3:"228";s:5:"value";s:1:"0";}i:47;a:4:{s:6:"locale";s:3:"cht";s:9:"config_id";s:3:"263";s:2:"id";s:3:"381";s:5:"value";s:1:"0";}i:48;a:4:{s:6:"locale";s:3:"chi";s:9:"config_id";s:3:"487";s:2:"id";s:3:"287";s:5:"value";s:1:"1";}i:49;a:4:{s:6:"locale";s:3:"eng";s:9:"config_id";s:3:"487";s:2:"id";s:3:"519";s:5:"value";s:1:"1";}i:50;a:4:{s:6:"locale";s:3:"cht";s:9:"config_id";s:3:"487";s:2:"id";s:3:"314";s:5:"value";s:1:"1";}i:51;a:4:{s:6:"locale";s:3:"chi";s:9:"config_id";s:3:"253";s:2:"id";s:3:"103";s:5:"value";s:1:"0";}i:52;a:4:{s:6:"locale";s:3:"eng";s:9:"config_id";s:3:"253";s:2:"id";s:3:"253";s:5:"value";s:1:"0";}i:53;a:4:{s:6:"locale";s:3:"cht";s:9:"config_id";s:3:"253";s:2:"id";s:3:"378";s:5:"value";s:1:"0";}i:54;a:4:{s:6:"locale";s:3:"chi";s:9:"config_id";s:3:"451";s:2:"id";s:3:"239";s:5:"value";s:1:"1";}i:55;a:4:{s:6:"locale";s:3:"eng";s:9:"config_id";s:3:"451";s:2:"id";s:3:"500";s:5:"value";s:1:"1";}i:56;a:4:{s:6:"locale";s:3:"cht";s:9:"config_id";s:3:"451";s:2:"id";s:3:"335";s:5:"value";s:1:"1";}i:57;a:4:{s:6:"locale";s:3:"chi";s:9:"config_id";s:3:"464";s:2:"id";s:3:"244";s:5:"value";s:1:"1";}i:58;a:4:{s:6:"locale";s:3:"eng";s:9:"config_id";s:3:"464";s:2:"id";s:3:"504";s:5:"value";s:1:"1";}i:59;a:4:{s:6:"locale";s:3:"cht";s:9:"config_id";s:3:"464";s:2:"id";s:3:"329";s:5:"value";s:1:"1";}i:60;a:4:{s:6:"locale";s:3:"chi";s:9:"config_id";s:3:"472";s:2:"id";s:3:"252";s:5:"value";s:1:"0";}i:61;a:4:{s:6:"locale";s:3:"eng";s:9:"config_id";s:3:"472";s:2:"id";s:3:"510";s:5:"value";s:1:"0";}i:62;a:4:{s:6:"locale";s:3:"cht";s:9:"config_id";s:3:"472";s:2:"id";s:3:"326";s:5:"value";s:1:"0";}i:63;a:4:{s:6:"locale";s:3:"chi";s:9:"config_id";s:3:"480";s:2:"id";s:3:"266";s:5:"value";s:1:"0";}i:64;a:4:{s:6:"locale";s:3:"eng";s:9:"config_id";s:3:"480";s:2:"id";s:3:"513";s:5:"value";s:1:"0";}i:65;a:4:{s:6:"locale";s:3:"cht";s:9:"config_id";s:3:"480";s:2:"id";s:3:"318";s:5:"value";s:1:"0";}i:66;a:4:{s:6:"locale";s:3:"chi";s:9:"config_id";s:3:"470";s:2:"id";s:3:"258";s:5:"value";s:1:"1";}i:67;a:4:{s:6:"locale";s:3:"eng";s:9:"config_id";s:3:"470";s:2:"id";s:3:"508";s:5:"value";s:1:"1";}i:68;a:4:{s:6:"locale";s:3:"cht";s:9:"config_id";s:3:"470";s:2:"id";s:3:"322";s:5:"value";s:1:"1";}i:69;a:4:{s:6:"locale";s:3:"chi";s:9:"config_id";s:3:"429";s:2:"id";s:3:"231";s:5:"value";s:1:"0";}i:70;a:4:{s:6:"locale";s:3:"eng";s:9:"config_id";s:3:"429";s:2:"id";s:3:"492";s:5:"value";s:1:"0";}i:71;a:4:{s:6:"locale";s:3:"cht";s:9:"config_id";s:3:"429";s:2:"id";s:3:"342";s:5:"value";s:1:"0";}i:72;a:4:{s:6:"locale";s:3:"chi";s:9:"config_id";s:3:"431";s:2:"id";s:3:"233";s:5:"value";s:1:"1";}i:73;a:4:{s:6:"locale";s:3:"eng";s:9:"config_id";s:3:"431";s:2:"id";s:3:"494";s:5:"value";s:1:"1";}i:74;a:4:{s:6:"locale";s:3:"cht";s:9:"config_id";s:3:"431";s:2:"id";s:3:"341";s:5:"value";s:1:"1";}i:75;a:4:{s:6:"locale";s:3:"chi";s:9:"config_id";s:3:"486";s:2:"id";s:3:"281";s:5:"value";s:1:"1";}i:76;a:4:{s:6:"locale";s:3:"eng";s:9:"config_id";s:3:"486";s:2:"id";s:3:"518";s:5:"value";s:1:"1";}i:77;a:4:{s:6:"locale";s:3:"cht";s:9:"config_id";s:3:"486";s:2:"id";s:3:"311";s:5:"value";s:1:"1";}i:78;a:4:{s:6:"locale";s:3:"chi";s:9:"config_id";s:3:"246";s:2:"id";s:3:"106";s:5:"value";s:1:"1";}i:79;a:4:{s:6:"locale";s:3:"eng";s:9:"config_id";s:3:"246";s:2:"id";s:3:"262";s:5:"value";s:1:"1";}i:80;a:4:{s:6:"locale";s:3:"cht";s:9:"config_id";s:3:"246";s:2:"id";s:3:"376";s:5:"value";s:1:"1";}i:81;a:4:{s:6:"locale";s:3:"chi";s:9:"config_id";s:3:"485";s:2:"id";s:3:"284";s:5:"value";s:1:"1";}i:82;a:4:{s:6:"locale";s:3:"eng";s:9:"config_id";s:3:"485";s:2:"id";s:3:"517";s:5:"value";s:1:"1";}i:83;a:4:{s:6:"locale";s:3:"cht";s:9:"config_id";s:3:"485";s:2:"id";s:3:"313";s:5:"value";s:1:"1";}i:84;a:4:{s:6:"locale";s:3:"chi";s:9:"config_id";s:3:"484";s:2:"id";s:3:"282";s:5:"value";s:1:"1";}i:85;a:4:{s:6:"locale";s:3:"eng";s:9:"config_id";s:3:"484";s:2:"id";s:3:"516";s:5:"value";s:1:"1";}i:86;a:4:{s:6:"locale";s:3:"cht";s:9:"config_id";s:3:"484";s:2:"id";s:3:"312";s:5:"value";s:1:"1";}i:87;a:4:{s:6:"locale";s:3:"chi";s:9:"config_id";s:3:"265";s:2:"id";s:2:"99";s:5:"value";s:3:"999";}i:88;a:4:{s:6:"locale";s:3:"eng";s:9:"config_id";s:3:"265";s:2:"id";s:3:"226";s:5:"value";s:3:"999";}i:89;a:4:{s:6:"locale";s:3:"cht";s:9:"config_id";s:3:"265";s:2:"id";s:3:"380";s:5:"value";s:3:"999";}i:90;a:4:{s:6:"locale";s:3:"chi";s:9:"config_id";s:3:"252";s:2:"id";s:3:"105";s:5:"value";s:2:"SV";}i:91;a:4:{s:6:"locale";s:3:"eng";s:9:"config_id";s:3:"252";s:2:"id";s:3:"256";s:5:"value";s:2:"SV";}i:92;a:4:{s:6:"locale";s:3:"cht";s:9:"config_id";s:3:"252";s:2:"id";s:3:"375";s:5:"value";s:2:"SV";}i:93;a:4:{s:6:"locale";s:3:"chi";s:9:"config_id";s:3:"349";s:2:"id";s:2:"37";s:5:"value";s:4:"20  ";}i:94;a:4:{s:6:"locale";s:3:"eng";s:9:"config_id";s:3:"349";s:2:"id";s:3:"172";s:5:"value";s:4:"20  ";}i:95;a:4:{s:6:"locale";s:3:"cht";s:9:"config_id";s:3:"349";s:2:"id";s:3:"441";s:5:"value";s:4:"20  ";}i:96;a:4:{s:6:"locale";s:3:"chi";s:9:"config_id";s:3:"243";s:2:"id";s:3:"110";s:5:"value";s:1:"2";}i:97;a:4:{s:6:"locale";s:3:"eng";s:9:"config_id";s:3:"243";s:2:"id";s:3:"269";s:5:"value";s:1:"2";}i:98;a:4:{s:6:"locale";s:3:"cht";s:9:"config_id";s:3:"243";s:2:"id";s:3:"371";s:5:"value";s:1:"2";}i:99;a:4:{s:6:"locale";s:3:"chi";s:9:"config_id";s:3:"245";s:2:"id";s:3:"108";s:5:"value";s:2:"50";}i:100;a:4:{s:6:"locale";s:3:"eng";s:9:"config_id";s:3:"245";s:2:"id";s:3:"261";s:5:"value";s:2:"50";}i:101;a:4:{s:6:"locale";s:3:"cht";s:9:"config_id";s:3:"245";s:2:"id";s:3:"374";s:5:"value";s:2:"50";}i:102;a:4:{s:6:"locale";s:3:"chi";s:9:"config_id";s:3:"244";s:2:"id";s:3:"109";s:5:"value";s:1:"0";}i:103;a:4:{s:6:"locale";s:3:"eng";s:9:"config_id";s:3:"244";s:2:"id";s:3:"265";s:5:"value";s:1:"0";}i:104;a:4:{s:6:"locale";s:3:"cht";s:9:"config_id";s:3:"244";s:2:"id";s:3:"372";s:5:"value";s:1:"0";}i:105;a:4:{s:6:"locale";s:3:"chi";s:9:"config_id";s:3:"270";s:2:"id";s:2:"96";s:5:"value";s:1:"1";}i:106;a:4:{s:6:"locale";s:3:"eng";s:9:"config_id";s:3:"270";s:2:"id";s:3:"224";s:5:"value";s:1:"1";}i:107;a:4:{s:6:"locale";s:3:"cht";s:9:"config_id";s:3:"270";s:2:"id";s:3:"386";s:5:"value";s:1:"1";}i:108;a:4:{s:6:"locale";s:3:"chi";s:9:"config_id";s:3:"392";s:2:"id";s:2:"19";s:5:"value";s:1:"1";}i:109;a:4:{s:6:"locale";s:3:"eng";s:9:"config_id";s:3:"392";s:2:"id";s:3:"147";s:5:"value";s:1:"1";}i:110;a:4:{s:6:"locale";s:3:"cht";s:9:"config_id";s:3:"392";s:2:"id";s:3:"470";s:5:"value";s:1:"1";}i:111;a:4:{s:6:"locale";s:3:"chi";s:9:"config_id";s:3:"430";s:2:"id";s:3:"232";s:5:"value";s:1:"0";}i:112;a:4:{s:6:"locale";s:3:"eng";s:9:"config_id";s:3:"430";s:2:"id";s:3:"493";s:5:"value";s:1:"0";}i:113;a:4:{s:6:"locale";s:3:"cht";s:9:"config_id";s:3:"430";s:2:"id";s:3:"340";s:5:"value";s:1:"0";}i:114;a:4:{s:6:"locale";s:3:"chi";s:9:"config_id";s:3:"473";s:2:"id";s:3:"263";s:5:"value";s:1:"1";}i:115;a:4:{s:6:"locale";s:3:"eng";s:9:"config_id";s:3:"473";s:2:"id";s:3:"511";s:5:"value";s:1:"1";}i:116;a:4:{s:6:"locale";s:3:"cht";s:9:"config_id";s:3:"473";s:2:"id";s:3:"319";s:5:"value";s:1:"1";}i:117;a:4:{s:6:"locale";s:3:"chi";s:9:"config_id";s:3:"457";s:2:"id";s:3:"242";s:5:"value";s:1:"1";}i:118;a:4:{s:6:"locale";s:3:"eng";s:9:"config_id";s:3:"457";s:2:"id";s:3:"503";s:5:"value";s:1:"1";}i:119;a:4:{s:6:"locale";s:3:"cht";s:9:"config_id";s:3:"457";s:2:"id";s:3:"330";s:5:"value";s:1:"1";}i:120;a:4:{s:6:"locale";s:3:"chi";s:9:"config_id";s:3:"264";s:2:"id";s:2:"98";s:5:"value";s:1:"1";}i:121;a:4:{s:6:"locale";s:3:"eng";s:9:"config_id";s:3:"264";s:2:"id";s:3:"227";s:5:"value";s:1:"1";}i:122;a:4:{s:6:"locale";s:3:"cht";s:9:"config_id";s:3:"264";s:2:"id";s:3:"383";s:5:"value";s:1:"1";}i:123;a:4:{s:6:"locale";s:3:"chi";s:9:"config_id";s:3:"411";s:2:"id";s:2:"10";s:5:"value";s:1:"0";}i:124;a:4:{s:6:"locale";s:3:"eng";s:9:"config_id";s:3:"411";s:2:"id";s:3:"484";s:5:"value";s:1:"0";}i:125;a:4:{s:6:"locale";s:3:"cht";s:9:"config_id";s:3:"411";s:2:"id";s:3:"466";s:5:"value";s:1:"0";}}}get|a:1:{s:3:"url";s:17:"configvalues/edit";}', '1', '2009-09-22 03:13:37', '2009-09-22 03:13:37'),
(291, 1, '192.168.10.179', 'http://data.branches.seevia.cn/sv-admin/articles/edit/12', '操作员seevia 编辑文章:注册新用户', 'post|a:3:{s:7:"_method";s:4:"POST";s:4:"data";a:2:{s:7:"Article";a:11:{s:2:"id";s:2:"12";s:11:"category_id";s:2:"24";s:4:"type";s:1:"G";s:10:"importance";s:1:"0";s:6:"status";s:1:"1";s:5:"front";s:1:"0";s:9:"recommand";s:1:"0";s:7:"comment";s:1:"0";s:12:"author_email";s:0:"";s:8:"file_url";s:0:"";s:7:"orderby";s:2:"50";}s:11:"ArticleI18n";a:3:{i:0;a:9:{s:6:"locale";s:3:"chi";s:5:"title";s:15:"注册新用户";s:6:"author";s:0:"";s:2:"id";s:2:"23";s:10:"article_id";s:2:"12";s:13:"meta_keywords";s:6:"网站";s:16:"meta_description";s:0:"";s:5:"img01";s:0:"";s:7:"content";s:0:"";}i:1;a:9:{s:6:"locale";s:3:"eng";s:5:"title";s:12:"registration";s:6:"author";s:0:"";s:2:"id";s:2:"24";s:10:"article_id";s:2:"12";s:13:"meta_keywords";s:6:"网站";s:16:"meta_description";s:0:"";s:5:"img01";s:0:"";s:7:"content";s:0:"";}i:2;a:9:{s:6:"locale";s:3:"cht";s:5:"title";s:15:"注册新用户";s:6:"author";s:0:"";s:2:"id";s:2:"33";s:10:"article_id";s:2:"12";s:13:"meta_keywords";s:6:"网站";s:16:"meta_description";s:0:"";s:5:"img01";s:0:"";s:7:"content";s:0:"";}}}s:21:"article_categories_id";a:4:{i:0;s:2:"24";i:1;s:1:"0";i:2;s:2:"24";i:3;s:1:"0";}}get|a:1:{s:3:"url";s:16:"articles/edit/12";}', '1', '2009-09-22 13:48:37', '2009-09-22 13:48:37'),
(292, 1, '192.168.10.179', 'http://data.branches.seevia.cn/sv-admin/languages/edit/14', '操作员seevia 编辑语言:繁体中文', 'post|a:2:{s:7:"_method";s:4:"POST";s:4:"data";a:1:{s:8:"Language";a:11:{s:2:"id";s:2:"14";s:4:"name";s:12:"繁体中文";s:6:"locale";s:3:"cht";s:7:"charset";s:5:"utf-8";s:3:"map";s:5:"zh-TW";s:21:"google_translate_code";s:5:"zh-TW";s:5:"img01";s:17:"languages/cht.gif";s:5:"img02";s:0:"";s:5:"front";s:1:"1";s:7:"backend";s:1:"1";s:10:"is_default";s:1:"0";}}}get|a:1:{s:3:"url";s:17:"languages/edit/14";}', '1', '2009-09-22 14:31:24', '2009-09-22 14:31:24'),
(293, 1, '192.168.10.155', 'http://data.branches.seevia.cn/sv-admin/users/1', '操作员seevia 编辑会员:ginsmap', 'post|a:8:{s:7:"_method";s:4:"POST";s:4:"data";a:1:{s:4:"User";a:8:{s:2:"id";s:1:"1";s:4:"name";s:7:"ginsmap";s:5:"email";s:14:"XXWW@seevia.cn";s:4:"rank";s:1:"0";s:3:"sex";s:1:"0";s:8:"birthday";s:10:"0000-00-00";s:12:"new_password";s:0:"";s:13:"new_password2";s:0:"";}}s:12:"balance_type";s:1:"1";s:7:"balance";s:1:"0";s:11:"frozen_type";s:1:"1";s:6:"frozen";s:1:"0";s:10:"point_type";s:1:"1";s:5:"point";s:1:"0";}get|a:1:{s:3:"url";s:7:"users/1";}', '1', '2009-09-22 18:15:08', '2009-09-22 18:15:08'),
(294, 1, '192.168.10.155', 'http://data.branches.seevia.cn/sv-admin/users/1', '操作员seevia 编辑会员:ginsmap', 'post|a:8:{s:7:"_method";s:4:"POST";s:4:"data";a:1:{s:4:"User";a:8:{s:2:"id";s:1:"1";s:4:"name";s:7:"ginsmap";s:5:"email";s:14:"XXWW@seevia.cn";s:4:"rank";s:1:"0";s:3:"sex";s:1:"0";s:8:"birthday";s:10:"0000-00-00";s:12:"new_password";s:0:"";s:13:"new_password2";s:0:"";}}s:12:"balance_type";s:1:"1";s:7:"balance";s:1:"0";s:11:"frozen_type";s:1:"1";s:6:"frozen";s:1:"0";s:10:"point_type";s:1:"1";s:5:"point";s:1:"0";}get|a:1:{s:3:"url";s:7:"users/1";}', '1', '2009-09-22 18:15:08', '2009-09-22 18:15:08'),
(295, 1, '192.168.10.155', 'http://data.branches.seevia.cn/sv-admin/users/4', '操作员seevia 编辑会员:gintest_17', 'post|a:8:{s:7:"_method";s:4:"POST";s:4:"data";a:1:{s:4:"User";a:8:{s:2:"id";s:1:"4";s:4:"name";s:10:"gintest_17";s:5:"email";s:16:"dsv@sssseevia.cn";s:4:"rank";s:1:"0";s:3:"sex";s:1:"0";s:8:"birthday";s:9:"leo.wanta";s:12:"new_password";s:6:"111111";s:13:"new_password2";s:6:"111111";}}s:12:"balance_type";s:1:"1";s:7:"balance";s:1:"0";s:11:"frozen_type";s:1:"1";s:6:"frozen";s:1:"0";s:10:"point_type";s:1:"1";s:5:"point";s:1:"0";}get|a:1:{s:3:"url";s:7:"users/4";}', '1', '2009-09-22 18:15:47', '2009-09-22 18:15:47'),
(296, 1, '192.168.10.155', 'http://data.branches.seevia.cn/sv-admin/users/4', '操作员seevia 编辑会员:gintest_17', 'post|a:8:{s:7:"_method";s:4:"POST";s:4:"data";a:1:{s:4:"User";a:8:{s:2:"id";s:1:"4";s:4:"name";s:10:"gintest_17";s:5:"email";s:16:"dsv@sssseevia.cn";s:4:"rank";s:1:"0";s:3:"sex";s:1:"0";s:8:"birthday";s:9:"leo.wanta";s:12:"new_password";s:6:"111111";s:13:"new_password2";s:6:"111111";}}s:12:"balance_type";s:1:"1";s:7:"balance";s:1:"0";s:11:"frozen_type";s:1:"1";s:6:"frozen";s:1:"0";s:10:"point_type";s:1:"1";s:5:"point";s:1:"0";}get|a:1:{s:3:"url";s:7:"users/4";}', '1', '2009-09-22 18:15:47', '2009-09-22 18:15:47'),
(297, 1, '192.168.10.155', 'http://data.branches.seevia.cn/sv-admin/users/7', '操作员seevia 编辑会员:gaosixiaoer', 'post|a:8:{s:7:"_method";s:4:"POST";s:4:"data";a:1:{s:4:"User";a:8:{s:2:"id";s:1:"7";s:4:"name";s:11:"gaosixiaoer";s:5:"email";s:11:"asdv@163.cn";s:4:"rank";s:1:"0";s:3:"sex";s:1:"0";s:8:"birthday";s:9:"leo.wanta";s:12:"new_password";s:6:"111111";s:13:"new_password2";s:6:"111111";}}s:12:"balance_type";s:1:"1";s:7:"balance";s:1:"0";s:11:"frozen_type";s:1:"1";s:6:"frozen";s:1:"0";s:10:"point_type";s:1:"1";s:5:"point";s:1:"0";}get|a:1:{s:3:"url";s:7:"users/7";}', '1', '2009-09-22 18:16:08', '2009-09-22 18:16:08'),
(298, 1, '192.168.10.155', 'http://data.branches.seevia.cn/sv-admin/users/7', '操作员seevia 编辑会员:gaosixiaoer', 'post|a:8:{s:7:"_method";s:4:"POST";s:4:"data";a:1:{s:4:"User";a:8:{s:2:"id";s:1:"7";s:4:"name";s:11:"gaosixiaoer";s:5:"email";s:11:"asdv@163.cn";s:4:"rank";s:1:"0";s:3:"sex";s:1:"0";s:8:"birthday";s:9:"leo.wanta";s:12:"new_password";s:6:"111111";s:13:"new_password2";s:6:"111111";}}s:12:"balance_type";s:1:"1";s:7:"balance";s:1:"0";s:11:"frozen_type";s:1:"1";s:6:"frozen";s:1:"0";s:10:"point_type";s:1:"1";s:5:"point";s:1:"0";}get|a:1:{s:3:"url";s:7:"users/7";}', '1', '2009-09-22 18:16:08', '2009-09-22 18:16:08'),
(299, 1, '192.168.10.155', 'http://data.branches.seevia.cn/sv-admin/users/9', '操作员seevia 编辑会员:address_test', 'post|a:8:{s:7:"_method";s:4:"POST";s:4:"data";a:1:{s:4:"User";a:8:{s:2:"id";s:1:"9";s:4:"name";s:12:"address_test";s:5:"email";s:12:"scvcx@162.cn";s:4:"rank";s:1:"0";s:3:"sex";s:1:"0";s:8:"birthday";s:10:"0000-00-00";s:12:"new_password";s:0:"";s:13:"new_password2";s:0:"";}}s:12:"balance_type";s:1:"1";s:7:"balance";s:1:"0";s:11:"frozen_type";s:1:"1";s:6:"frozen";s:1:"0";s:10:"point_type";s:1:"1";s:5:"point";s:1:"0";}get|a:1:{s:3:"url";s:7:"users/9";}', '1', '2009-09-22 18:16:24', '2009-09-22 18:16:24'),
(300, 1, '192.168.10.155', 'http://data.branches.seevia.cn/sv-admin/users/9', '操作员seevia 编辑会员:address_test', 'post|a:8:{s:7:"_method";s:4:"POST";s:4:"data";a:1:{s:4:"User";a:8:{s:2:"id";s:1:"9";s:4:"name";s:12:"address_test";s:5:"email";s:12:"scvcx@162.cn";s:4:"rank";s:1:"0";s:3:"sex";s:1:"0";s:8:"birthday";s:10:"0000-00-00";s:12:"new_password";s:0:"";s:13:"new_password2";s:0:"";}}s:12:"balance_type";s:1:"1";s:7:"balance";s:1:"0";s:11:"frozen_type";s:1:"1";s:6:"frozen";s:1:"0";s:10:"point_type";s:1:"1";s:5:"point";s:1:"0";}get|a:1:{s:3:"url";s:7:"users/9";}', '1', '2009-09-22 18:16:24', '2009-09-22 18:16:24'),
(301, 1, '192.168.10.155', 'http://data.branches.seevia.cn/sv-admin/users/10', '操作员seevia 编辑会员:jiang', 'post|a:8:{s:7:"_method";s:4:"POST";s:4:"data";a:1:{s:4:"User";a:8:{s:2:"id";s:2:"10";s:4:"name";s:5:"jiang";s:5:"email";s:9:"savc@s.cn";s:4:"rank";s:1:"0";s:3:"sex";s:1:"0";s:8:"birthday";s:9:"leo.wanta";s:12:"new_password";s:6:"111111";s:13:"new_password2";s:6:"111111";}}s:12:"balance_type";s:1:"1";s:7:"balance";s:1:"0";s:11:"frozen_type";s:1:"1";s:6:"frozen";s:1:"0";s:10:"point_type";s:1:"1";s:5:"point";s:1:"0";}get|a:1:{s:3:"url";s:8:"users/10";}', '1', '2009-09-22 18:16:50', '2009-09-22 18:16:50'),
(302, 1, '192.168.10.155', 'http://data.branches.seevia.cn/sv-admin/users/10', '操作员seevia 编辑会员:jiang', 'post|a:8:{s:7:"_method";s:4:"POST";s:4:"data";a:1:{s:4:"User";a:8:{s:2:"id";s:2:"10";s:4:"name";s:5:"jiang";s:5:"email";s:9:"savc@s.cn";s:4:"rank";s:1:"0";s:3:"sex";s:1:"0";s:8:"birthday";s:9:"leo.wanta";s:12:"new_password";s:6:"111111";s:13:"new_password2";s:6:"111111";}}s:12:"balance_type";s:1:"1";s:7:"balance";s:1:"0";s:11:"frozen_type";s:1:"1";s:6:"frozen";s:1:"0";s:10:"point_type";s:1:"1";s:5:"point";s:1:"0";}get|a:1:{s:3:"url";s:8:"users/10";}', '1', '2009-09-22 18:16:50', '2009-09-22 18:16:50'),
(303, 1, '192.168.10.155', 'http://data.branches.seevia.cn/sv-admin/users/1', '操作员seevia 编辑会员:ginsmap', 'post|a:8:{s:7:"_method";s:4:"POST";s:4:"data";a:1:{s:4:"User";a:8:{s:2:"id";s:1:"1";s:4:"name";s:7:"ginsmap";s:5:"email";s:14:"XXWW@seevia.cn";s:4:"rank";s:1:"1";s:3:"sex";s:1:"0";s:8:"birthday";s:10:"0000-00-00";s:12:"new_password";s:0:"";s:13:"new_password2";s:0:"";}}s:12:"balance_type";s:1:"1";s:7:"balance";s:1:"0";s:11:"frozen_type";s:1:"1";s:6:"frozen";s:1:"0";s:10:"point_type";s:1:"1";s:5:"point";s:1:"0";}get|a:1:{s:3:"url";s:7:"users/1";}', '1', '2009-09-22 18:17:14', '2009-09-22 18:17:14'),
(304, 1, '192.168.10.155', 'http://data.branches.seevia.cn/sv-admin/users/1', '操作员seevia 编辑会员:ginsmap', 'post|a:8:{s:7:"_method";s:4:"POST";s:4:"data";a:1:{s:4:"User";a:8:{s:2:"id";s:1:"1";s:4:"name";s:7:"ginsmap";s:5:"email";s:14:"XXWW@seevia.cn";s:4:"rank";s:1:"1";s:3:"sex";s:1:"0";s:8:"birthday";s:10:"0000-00-00";s:12:"new_password";s:0:"";s:13:"new_password2";s:0:"";}}s:12:"balance_type";s:1:"1";s:7:"balance";s:1:"0";s:11:"frozen_type";s:1:"1";s:6:"frozen";s:1:"0";s:10:"point_type";s:1:"1";s:5:"point";s:1:"0";}get|a:1:{s:3:"url";s:7:"users/1";}', '1', '2009-09-22 18:17:14', '2009-09-22 18:17:14'),
(305, 1, '192.168.10.155', 'http://data.branches.seevia.cn/sv-admin/users/5', '操作员seevia 编辑会员:leo.wanta', 'post|a:8:{s:7:"_method";s:4:"POST";s:4:"data";a:1:{s:4:"User";a:8:{s:2:"id";s:1:"5";s:4:"name";s:9:"leo.wanta";s:5:"email";s:15:"23148953@qq.com";s:4:"rank";s:1:"2";s:3:"sex";s:1:"0";s:8:"birthday";s:9:"leo.wanta";s:12:"new_password";s:6:"111111";s:13:"new_password2";s:6:"111111";}}s:12:"balance_type";s:1:"1";s:7:"balance";s:1:"0";s:11:"frozen_type";s:1:"1";s:6:"frozen";s:1:"0";s:10:"point_type";s:1:"1";s:5:"point";s:1:"0";}get|a:1:{s:3:"url";s:7:"users/5";}', '1', '2009-09-22 18:17:43', '2009-09-22 18:17:43'),
(306, 1, '192.168.10.155', 'http://data.branches.seevia.cn/sv-admin/users/5', '操作员seevia 编辑会员:leo.wanta', 'post|a:8:{s:7:"_method";s:4:"POST";s:4:"data";a:1:{s:4:"User";a:8:{s:2:"id";s:1:"5";s:4:"name";s:9:"leo.wanta";s:5:"email";s:15:"23148953@qq.com";s:4:"rank";s:1:"2";s:3:"sex";s:1:"0";s:8:"birthday";s:9:"leo.wanta";s:12:"new_password";s:6:"111111";s:13:"new_password2";s:6:"111111";}}s:12:"balance_type";s:1:"1";s:7:"balance";s:1:"0";s:11:"frozen_type";s:1:"1";s:6:"frozen";s:1:"0";s:10:"point_type";s:1:"1";s:5:"point";s:1:"0";}get|a:1:{s:3:"url";s:7:"users/5";}', '1', '2009-09-22 18:17:43', '2009-09-22 18:17:43'),
(307, 1, '192.168.10.155', 'http://data.branches.seevia.cn/sv-admin/users/8', '操作员seevia 编辑会员:www.sina.com', 'post|a:8:{s:7:"_method";s:4:"POST";s:4:"data";a:1:{s:4:"User";a:8:{s:2:"id";s:1:"8";s:4:"name";s:12:"www.sina.com";s:5:"email";s:12:"www@sina.com";s:4:"rank";s:1:"3";s:3:"sex";s:1:"0";s:8:"birthday";s:10:"0000-00-00";s:12:"new_password";s:0:"";s:13:"new_password2";s:0:"";}}s:12:"balance_type";s:1:"1";s:7:"balance";s:1:"0";s:11:"frozen_type";s:1:"1";s:6:"frozen";s:1:"0";s:10:"point_type";s:1:"1";s:5:"point";s:1:"0";}get|a:1:{s:3:"url";s:7:"users/8";}', '1', '2009-09-22 18:18:03', '2009-09-22 18:18:03'),
(308, 1, '192.168.10.155', 'http://data.branches.seevia.cn/sv-admin/users/8', '操作员seevia 编辑会员:www.sina.com', 'post|a:8:{s:7:"_method";s:4:"POST";s:4:"data";a:1:{s:4:"User";a:8:{s:2:"id";s:1:"8";s:4:"name";s:12:"www.sina.com";s:5:"email";s:12:"www@sina.com";s:4:"rank";s:1:"3";s:3:"sex";s:1:"0";s:8:"birthday";s:10:"0000-00-00";s:12:"new_password";s:0:"";s:13:"new_password2";s:0:"";}}s:12:"balance_type";s:1:"1";s:7:"balance";s:1:"0";s:11:"frozen_type";s:1:"1";s:6:"frozen";s:1:"0";s:10:"point_type";s:1:"1";s:5:"point";s:1:"0";}get|a:1:{s:3:"url";s:7:"users/8";}', '1', '2009-09-22 18:18:03', '2009-09-22 18:18:03'),
(309, 1, '192.168.10.178', 'http://data.branches.seevia.cn/sv-admin/sitemaps/edit/10', '操作员seevia 编辑模块:文章分类', 'post|a:2:{s:7:"_method";s:4:"POST";s:4:"data";a:1:{s:7:"Sitemap";a:7:{s:4:"name";s:12:"文章分类";s:3:"url";s:9:"/articles";s:7:"orderby";s:3:"1.0";s:5:"cycle";s:5:"daily";s:4:"type";s:8:"articles";s:6:"status";s:1:"1";s:2:"id";s:2:"10";}}}get|a:1:{s:3:"url";s:16:"sitemaps/edit/10";}', '1', '2009-09-24 16:13:07', '2009-09-24 16:13:07'),
(310, 1, '192.168.10.178', 'http://data.branches.seevia.cn/sv-admin/productstypes/lookedit/4/1', '操作员seevia 编辑商品属性: 尺码 Size 尺码', 'post|a:3:{s:7:"_method";s:4:"POST";s:4:"data";a:2:{s:20:"ProductTypeAttribute";a:9:{s:2:"id";s:1:"4";s:4:"code";s:3:"buy";s:15:"product_type_id";s:1:"1";s:4:"type";s:3:"buy";s:9:"attr_type";s:1:"1";s:15:"attr_input_type";s:1:"1";s:10:"attr_value";s:43:"S\r\nM\r\nX\r\nXL\r\n37\r\n38\r\n39\r\n40\r\n41\r\n42\r\n43\r\n44";s:6:"status";s:1:"1";s:7:"orderby";s:1:"4";}s:24:"ProductTypeAttributeI18n";a:3:{i:0;a:2:{s:4:"name";s:6:"尺码";s:6:"locale";s:3:"chi";}i:1;a:2:{s:4:"name";s:4:"Size";s:6:"locale";s:3:"eng";}i:2;a:2:{s:4:"name";s:6:"尺码";s:6:"locale";s:3:"cht";}}}s:7:"back_id";s:1:"1";}get|a:1:{s:3:"url";s:26:"productstypes/lookedit/4/1";}', '1', '2009-09-24 16:48:46', '2009-09-24 16:48:46'),
(311, 1, '192.168.10.154', 'http://data.branches.seevia.cn/sv-admin/flashes/flashe/?type=H&type_id=0', '操作员seevia 更改Flash设置', 'get|a:3:{s:4:"type";s:1:"H";s:7:"type_id";s:1:"0";s:3:"url";s:15:"flashes/flashe/";}', '1', '2009-09-25 15:32:48', '2009-09-25 15:32:48'),
(312, 1, '192.168.10.154', 'http://data.branches.seevia.cn/sv-admin/flashes/flashe/?type=PC&type_id=0', '操作员seevia 更改Flash设置', 'get|a:3:{s:4:"type";s:2:"PC";s:7:"type_id";s:1:"0";s:3:"url";s:15:"flashes/flashe/";}', '1', '2009-09-25 15:32:56', '2009-09-25 15:32:56'),
(313, 1, '192.168.10.154', 'http://data.branches.seevia.cn/sv-admin/flashes/flashe/?type=B&type_id=0', '操作员seevia 更改Flash设置', 'get|a:3:{s:4:"type";s:1:"B";s:7:"type_id";s:1:"0";s:3:"url";s:15:"flashes/flashe/";}', '1', '2009-09-25 15:33:06', '2009-09-25 15:33:06'),
(314, 1, '192.168.10.154', 'http://data.branches.seevia.cn/sv-admin/flashes/flashe/?type=PC&type_id=0', '操作员seevia 更改Flash设置', 'get|a:3:{s:4:"type";s:2:"PC";s:7:"type_id";s:1:"0";s:3:"url";s:15:"flashes/flashe/";}', '1', '2009-09-25 15:33:08', '2009-09-25 15:33:08'),
(315, 1, '192.168.10.154', 'http://data.branches.seevia.cn/sv-admin/flashes/flashe/?type=PC&type_id=18', '操作员seevia 更改Flash设置', 'get|a:3:{s:4:"type";s:2:"PC";s:7:"type_id";s:2:"18";s:3:"url";s:15:"flashes/flashe/";}', '1', '2009-09-25 15:33:12', '2009-09-25 15:33:12'),
(316, 1, '192.168.10.154', 'http://data.branches.seevia.cn/sv-admin/flashes/flashe/?type=PC&type_id=20', '操作员seevia 更改Flash设置', 'get|a:3:{s:4:"type";s:2:"PC";s:7:"type_id";s:2:"20";s:3:"url";s:15:"flashes/flashe/";}', '1', '2009-09-25 15:33:15', '2009-09-25 15:33:15'),
(317, 1, '192.168.10.154', 'http://data.branches.seevia.cn/sv-admin/flashes/flashe/?type=PC&type_id=20', '操作员seevia 更改Flash设置', 'get|a:3:{s:4:"type";s:2:"PC";s:7:"type_id";s:2:"20";s:3:"url";s:15:"flashes/flashe/";}', '1', '2009-09-25 15:33:19', '2009-09-25 15:33:19'),
(318, 1, '192.168.10.154', 'http://data.branches.seevia.cn/sv-admin/flashes/flashe/?type=PC&type_id=18', '操作员seevia 更改Flash设置', 'get|a:3:{s:4:"type";s:2:"PC";s:7:"type_id";s:2:"18";s:3:"url";s:15:"flashes/flashe/";}', '1', '2009-09-25 15:33:23', '2009-09-25 15:33:23'),
(319, 1, '192.168.10.154', 'http://data.branches.seevia.cn/sv-admin/flashes/flashe/?type=PC&type_id=18', '操作员seevia 更改Flash设置', 'get|a:3:{s:4:"type";s:2:"PC";s:7:"type_id";s:2:"18";s:3:"url";s:15:"flashes/flashe/";}', '1', '2009-09-25 15:33:28', '2009-09-25 15:33:28'),
(320, 1, '192.168.10.154', 'http://data.branches.seevia.cn/sv-admin/flashes/flashe/?type=PC&type_id=18', '操作员seevia 更改Flash设置', 'get|a:3:{s:4:"type";s:2:"PC";s:7:"type_id";s:2:"18";s:3:"url";s:15:"flashes/flashe/";}', '1', '2009-09-27 01:33:58', '2009-09-27 01:33:58'),
(321, 1, '192.168.10.101', 'http://data.branches.seevia.cn/sv-admin/products/add', '操作员seevia 添加商品:花式墨镜', 'post|a:31:{s:7:"_method";s:4:"POST";s:11:"action_type";s:15:"product_gallery";s:4:"data";a:3:{s:11:"ProductI18n";a:3:{i:0;a:10:{s:6:"locale";s:3:"chi";s:4:"name";s:12:"花式墨镜";s:10:"style_name";s:15:"老卵的眼镜";s:13:"meta_keywords";s:20:"墨镜,黑的,色素";s:16:"meta_description";s:29:"很漂亮 很美观 很人品";s:12:"api_site_url";s:4:"test";s:12:"api_cart_url";s:5:"test1";s:11:"seller_note";s:21:"啊啊啊啊啊啊啊";s:13:"delivery_note";s:11:"福非fffff";s:11:"description";s:0:"";}i:1;a:10:{s:6:"locale";s:3:"eng";s:4:"name";s:7:"glasses";s:10:"style_name";s:6:"t-2009";s:13:"meta_keywords";s:20:"墨镜,黑的,色素";s:16:"meta_description";s:29:"很漂亮 很美观 很人品";s:12:"api_site_url";s:0:"";s:12:"api_cart_url";s:0:"";s:11:"seller_note";s:0:"";s:13:"delivery_note";s:0:"";s:11:"description";s:0:"";}i:2;a:10:{s:6:"locale";s:3:"cht";s:4:"name";s:12:"花式墨镜";s:10:"style_name";s:6:"t-2009";s:13:"meta_keywords";s:20:"墨镜,黑的,色素";s:16:"meta_description";s:29:"很漂亮 很美观 很人品";s:12:"api_site_url";s:0:"";s:12:"api_cart_url";s:0:"";s:11:"seller_note";s:0:"";s:13:"delivery_note";s:0:"";s:11:"description";s:0:"";}}s:7:"Product";a:21:{s:4:"code";s:6:"t-2009";s:11:"category_id";s:2:"10";s:8:"brand_id";s:1:"9";s:11:"provider_id";s:1:"1";s:14:"purchase_price";s:4:"1345";s:12:"market_price";s:7:"52000.8";s:10:"shop_price";s:5:"43334";s:5:"point";s:4:"3000";s:9:"point_fee";s:0:"";s:16:"promotion_status";s:1:"1";s:15:"promotion_price";s:4:"2000";s:6:"weight";s:0:"";s:8:"quantity";s:6:"999999";s:13:"warn_quantity";s:1:"4";s:14:"recommand_flag";s:1:"1";s:7:"forsale";s:1:"1";s:5:"alone";s:1:"1";s:17:"is_colors_gallery";s:1:"1";s:10:"bestbefore";s:1:"0";s:10:"style_code";s:4:"0099";s:14:"colors_gallery";s:31:"/img/products/temp/49b1aa9c.jpg";}s:13:"ProdcutVolume";a:2:{s:6:"number";a:1:{i:0;s:2:"20";}s:5:"price";a:1:{i:0;s:5:"20000";}}}s:18:"product_style_word";s:0:"";s:12:"yui-picker-r";s:3:"255";s:12:"yui-picker-g";s:3:"255";s:12:"yui-picker-b";s:3:"255";s:12:"yui-picker-h";s:1:"0";s:12:"yui-picker-s";s:1:"0";s:12:"yui-picker-v";s:3:"100";s:14:"yui-picker-hex";s:6:"FFFFFF";s:19:"product_style_color";s:9:"undefined";s:9:"other_cat";a:1:{i:0;s:2:"20";}s:14:"other_provider";a:5:{i:0;s:1:"1";i:1;s:1:"0";i:2;s:1:"0";i:3;s:1:"0";i:4;s:1:"0";}s:18:"rank_product_price";a:3:{i:0;s:6:"100.97";i:1;s:7:"5200.08";i:2;s:7:"9100.14";}s:9:"user_rank";a:3:{i:0;s:1:"1";i:1;s:1:"2";i:2;s:1:"3";}s:14:"productrank_id";a:3:{i:0;s:0:"";i:1;s:0:"";i:2;s:0:"";}s:19:"user_price_discount";a:3:{i:0;s:5:"0.233";i:1;s:2:"12";i:2;s:2:"21";}s:15:"is_default_rank";a:3:{i:0;s:1:"1";i:1;s:1:"1";i:2;s:1:"1";}s:20:"locale_product_price";a:3:{s:3:"chi";a:2:{s:13:"product_price";s:7:"6888元";s:6:"status";s:1:"1";}s:3:"eng";a:1:{s:13:"product_price";s:0:"";}s:3:"cht";a:1:{s:13:"product_price";s:0:"";}}s:4:"date";s:8:"2009-9-9";s:5:"date2";s:9:"2009-9-19";s:11:"weight_unit";s:1:"1";s:10:"product_id";s:0:"";s:10:"image_path";a:1:{i:9999;s:11:"system_path";}s:9:"img_thumb";a:1:{i:9999;s:0:"";}s:10:"img_detail";a:1:{i:9999;s:0:"";}s:12:"img_original";a:1:{i:9999;s:0:"";}s:7:"img_url";a:1:{i:9999;s:31:"/img/products/temp/49b4633b.JPG";}s:8:"img_desc";a:3:{s:3:"chi";a:1:{i:9999;s:0:"";}s:3:"eng";a:1:{i:9999;s:0:"";}s:3:"cht";a:1:{i:9999;s:0:"";}}s:8:"img_sort";a:1:{i:1;s:2:"ff";}}get|a:1:{s:3:"url";s:12:"products/add";}', '1', '2009-09-27 18:19:15', '2009-09-27 18:19:15'),
(322, 1, '192.168.10.101', 'http://data.branches.seevia.cn/sv-admin/products/60', '操作员seevia 编辑商品:花式墨镜通用信息', 'post|a:16:{s:7:"_method";s:4:"POST";s:11:"action_type";s:17:"product_base_info";s:4:"data";a:3:{s:7:"Product";a:22:{s:2:"id";s:2:"60";s:4:"code";s:6:"t-2009";s:11:"category_id";s:2:"10";s:8:"brand_id";s:1:"9";s:11:"provider_id";s:1:"1";s:14:"purchase_price";s:7:"1345.00";s:12:"market_price";s:8:"52000.80";s:10:"shop_price";s:7:"6888.00";s:5:"point";s:4:"3000";s:9:"point_fee";s:0:"";s:16:"promotion_status";s:1:"1";s:15:"promotion_price";s:7:"2000.00";s:6:"weight";s:1:"0";s:8:"quantity";s:1:"0";s:13:"warn_quantity";s:1:"4";s:14:"recommand_flag";s:1:"1";s:7:"forsale";s:1:"1";s:5:"alone";s:1:"1";s:17:"is_colors_gallery";s:1:"1";s:10:"bestbefore";s:1:"0";s:10:"style_code";s:4:"0099";s:14:"colors_gallery";s:33:"/img/products/t-2009/49b1aa9c.jpg";}s:11:"ProductI18n";a:3:{i:0;a:12:{s:6:"locale";s:3:"chi";s:2:"id";s:3:"171";s:10:"product_id";s:2:"60";s:4:"name";s:12:"花式墨镜";s:10:"style_name";s:15:"老卵的眼镜";s:13:"meta_keywords";s:20:"墨镜,黑的,色素";s:16:"meta_description";s:29:"很漂亮 很美观 很人品";s:12:"api_site_url";s:4:"test";s:12:"api_cart_url";s:5:"test1";s:11:"seller_note";s:21:"啊啊啊啊啊啊啊";s:13:"delivery_note";s:11:"福非fffff";s:11:"description";s:0:"";}i:1;a:12:{s:6:"locale";s:3:"eng";s:2:"id";s:3:"172";s:10:"product_id";s:2:"60";s:4:"name";s:7:"glasses";s:10:"style_name";s:6:"t-2009";s:13:"meta_keywords";s:20:"墨镜,黑的,色素";s:16:"meta_description";s:29:"很漂亮 很美观 很人品";s:12:"api_site_url";s:0:"";s:12:"api_cart_url";s:0:"";s:11:"seller_note";s:0:"";s:13:"delivery_note";s:0:"";s:11:"description";s:0:"";}i:2;a:12:{s:6:"locale";s:3:"cht";s:2:"id";s:3:"173";s:10:"product_id";s:2:"60";s:4:"name";s:12:"花式墨镜";s:10:"style_name";s:6:"t-2009";s:13:"meta_keywords";s:20:"墨镜,黑的,色素";s:16:"meta_description";s:29:"很漂亮 很美观 很人品";s:12:"api_site_url";s:0:"";s:12:"api_cart_url";s:0:"";s:11:"seller_note";s:0:"";s:13:"delivery_note";s:0:"";s:11:"description";s:0:"";}}s:13:"ProdcutVolume";a:2:{s:6:"number";a:1:{i:0;s:2:"20";}s:5:"price";a:1:{i:0;s:8:"20000.00";}}}s:18:"product_style_word";s:0:"";s:19:"product_style_color";s:0:"";s:9:"other_cat";a:1:{i:0;s:2:"20";}s:14:"other_provider";a:1:{i:0;s:1:"1";}s:18:"rank_product_price";a:3:{i:0;s:1:"0";i:1;s:6:"826.56";i:2;s:7:"1446.48";}s:9:"user_rank";a:3:{i:0;s:1:"1";i:1;s:1:"2";i:2;s:1:"3";}s:14:"productrank_id";a:3:{i:0;s:2:"17";i:1;s:2:"18";i:2;s:2:"19";}s:19:"user_price_discount";a:3:{i:0;s:1:"0";i:1;s:2:"12";i:2;s:2:"21";}s:15:"is_default_rank";a:3:{i:0;s:1:"1";i:1;s:1:"1";i:2;s:1:"1";}s:4:"date";s:10:"2009-09-09";s:5:"date2";s:10:"2009-09-19";s:11:"weight_unit";s:5:"0.001";s:20:"locale_product_price";a:3:{s:3:"chi";a:3:{s:13:"product_price";s:7:"2223.00";s:6:"status";s:1:"1";s:2:"id";s:2:"28";}s:3:"eng";a:2:{s:13:"product_price";s:4:"0.00";s:2:"id";s:2:"29";}s:3:"cht";a:2:{s:13:"product_price";s:4:"0.00";s:2:"id";s:2:"30";}}}get|a:1:{s:3:"url";s:11:"products/60";}', '1', '2009-09-27 18:29:32', '2009-09-27 18:29:32');
INSERT INTO `svcart_operator_logs` (`id`, `operator_id`, `ipaddress`, `action_url`, `info`, `remark`, `type`, `created`, `modified`) VALUES
(323, 1, '192.168.10.101', 'http://data.branches.seevia.cn/sv-admin/products/60', '操作员seevia 编辑商品:花式墨镜通用信息', 'post|a:16:{s:7:"_method";s:4:"POST";s:11:"action_type";s:17:"product_base_info";s:4:"data";a:3:{s:7:"Product";a:22:{s:2:"id";s:2:"60";s:4:"code";s:6:"t-2009";s:11:"category_id";s:2:"10";s:8:"brand_id";s:1:"9";s:11:"provider_id";s:1:"1";s:14:"purchase_price";s:7:"1345.00";s:12:"market_price";s:8:"52000.80";s:10:"shop_price";s:7:"6888.00";s:5:"point";s:4:"3000";s:9:"point_fee";s:0:"";s:16:"promotion_status";s:1:"1";s:15:"promotion_price";s:7:"2000.00";s:6:"weight";s:1:"0";s:8:"quantity";s:3:"999";s:13:"warn_quantity";s:1:"4";s:14:"recommand_flag";s:1:"1";s:7:"forsale";s:1:"1";s:5:"alone";s:1:"1";s:17:"is_colors_gallery";s:1:"1";s:10:"bestbefore";s:1:"0";s:10:"style_code";s:4:"0099";s:14:"colors_gallery";s:33:"/img/products/t-2009/49b1aa9c.jpg";}s:11:"ProductI18n";a:3:{i:0;a:12:{s:6:"locale";s:3:"chi";s:2:"id";s:3:"171";s:10:"product_id";s:2:"60";s:4:"name";s:12:"花式墨镜";s:10:"style_name";s:15:"老卵的眼镜";s:13:"meta_keywords";s:20:"墨镜,黑的,色素";s:16:"meta_description";s:29:"很漂亮 很美观 很人品";s:12:"api_site_url";s:4:"test";s:12:"api_cart_url";s:5:"test1";s:11:"seller_note";s:21:"啊啊啊啊啊啊啊";s:13:"delivery_note";s:11:"福非fffff";s:11:"description";s:0:"";}i:1;a:12:{s:6:"locale";s:3:"eng";s:2:"id";s:3:"172";s:10:"product_id";s:2:"60";s:4:"name";s:7:"glasses";s:10:"style_name";s:6:"t-2009";s:13:"meta_keywords";s:20:"墨镜,黑的,色素";s:16:"meta_description";s:29:"很漂亮 很美观 很人品";s:12:"api_site_url";s:0:"";s:12:"api_cart_url";s:0:"";s:11:"seller_note";s:0:"";s:13:"delivery_note";s:0:"";s:11:"description";s:0:"";}i:2;a:12:{s:6:"locale";s:3:"cht";s:2:"id";s:3:"173";s:10:"product_id";s:2:"60";s:4:"name";s:12:"花式墨镜";s:10:"style_name";s:6:"t-2009";s:13:"meta_keywords";s:20:"墨镜,黑的,色素";s:16:"meta_description";s:29:"很漂亮 很美观 很人品";s:12:"api_site_url";s:0:"";s:12:"api_cart_url";s:0:"";s:11:"seller_note";s:0:"";s:13:"delivery_note";s:0:"";s:11:"description";s:0:"";}}s:13:"ProdcutVolume";a:2:{s:6:"number";a:1:{i:0;s:2:"20";}s:5:"price";a:1:{i:0;s:8:"20000.00";}}}s:18:"product_style_word";s:0:"";s:19:"product_style_color";s:0:"";s:9:"other_cat";a:1:{i:0;s:2:"20";}s:14:"other_provider";a:1:{i:0;s:1:"1";}s:18:"rank_product_price";a:3:{i:0;s:1:"0";i:1;s:6:"826.56";i:2;s:7:"1446.48";}s:9:"user_rank";a:3:{i:0;s:1:"1";i:1;s:1:"2";i:2;s:1:"3";}s:14:"productrank_id";a:3:{i:0;s:2:"17";i:1;s:2:"18";i:2;s:2:"19";}s:19:"user_price_discount";a:3:{i:0;s:1:"0";i:1;s:2:"12";i:2;s:2:"21";}s:15:"is_default_rank";a:3:{i:0;s:1:"1";i:1;s:1:"1";i:2;s:1:"1";}s:4:"date";s:10:"2009-09-09";s:5:"date2";s:10:"2009-09-19";s:11:"weight_unit";s:5:"0.001";s:20:"locale_product_price";a:3:{s:3:"chi";a:3:{s:13:"product_price";s:7:"2223.00";s:6:"status";s:1:"1";s:2:"id";s:2:"28";}s:3:"eng";a:2:{s:13:"product_price";s:4:"0.00";s:2:"id";s:2:"29";}s:3:"cht";a:2:{s:13:"product_price";s:4:"0.00";s:2:"id";s:2:"30";}}}get|a:1:{s:3:"url";s:11:"products/60";}', '1', '2009-09-27 18:32:13', '2009-09-27 18:32:13'),
(324, 1, '192.168.10.101', 'http://data.branches.seevia.cn/sv-admin/products/60', '操作员seevia 编辑商品:花式墨镜通用信息', 'post|a:16:{s:7:"_method";s:4:"POST";s:11:"action_type";s:17:"product_base_info";s:4:"data";a:3:{s:7:"Product";a:22:{s:2:"id";s:2:"60";s:4:"code";s:6:"t-2009";s:11:"category_id";s:2:"10";s:8:"brand_id";s:1:"9";s:11:"provider_id";s:1:"1";s:14:"purchase_price";s:7:"1345.00";s:12:"market_price";s:8:"52000.80";s:10:"shop_price";s:7:"6888.00";s:5:"point";s:4:"3000";s:9:"point_fee";s:0:"";s:16:"promotion_status";s:1:"1";s:15:"promotion_price";s:7:"2000.00";s:6:"weight";s:1:"0";s:8:"quantity";s:3:"444";s:13:"warn_quantity";s:1:"4";s:14:"recommand_flag";s:1:"1";s:7:"forsale";s:1:"1";s:5:"alone";s:1:"1";s:17:"is_colors_gallery";s:1:"1";s:10:"bestbefore";s:1:"0";s:10:"style_code";s:4:"0099";s:14:"colors_gallery";s:33:"/img/products/t-2009/49b1aa9c.jpg";}s:11:"ProductI18n";a:3:{i:0;a:12:{s:6:"locale";s:3:"chi";s:2:"id";s:3:"171";s:10:"product_id";s:2:"60";s:4:"name";s:12:"花式墨镜";s:10:"style_name";s:15:"老卵的眼镜";s:13:"meta_keywords";s:20:"墨镜,黑的,色素";s:16:"meta_description";s:29:"很漂亮 很美观 很人品";s:12:"api_site_url";s:4:"test";s:12:"api_cart_url";s:5:"test1";s:11:"seller_note";s:21:"啊啊啊啊啊啊啊";s:13:"delivery_note";s:11:"福非fffff";s:11:"description";s:0:"";}i:1;a:12:{s:6:"locale";s:3:"eng";s:2:"id";s:3:"172";s:10:"product_id";s:2:"60";s:4:"name";s:7:"glasses";s:10:"style_name";s:6:"t-2009";s:13:"meta_keywords";s:20:"墨镜,黑的,色素";s:16:"meta_description";s:29:"很漂亮 很美观 很人品";s:12:"api_site_url";s:0:"";s:12:"api_cart_url";s:0:"";s:11:"seller_note";s:0:"";s:13:"delivery_note";s:0:"";s:11:"description";s:0:"";}i:2;a:12:{s:6:"locale";s:3:"cht";s:2:"id";s:3:"173";s:10:"product_id";s:2:"60";s:4:"name";s:12:"花式墨镜";s:10:"style_name";s:6:"t-2009";s:13:"meta_keywords";s:20:"墨镜,黑的,色素";s:16:"meta_description";s:29:"很漂亮 很美观 很人品";s:12:"api_site_url";s:0:"";s:12:"api_cart_url";s:0:"";s:11:"seller_note";s:0:"";s:13:"delivery_note";s:0:"";s:11:"description";s:0:"";}}s:13:"ProdcutVolume";a:2:{s:6:"number";a:1:{i:0;s:2:"20";}s:5:"price";a:1:{i:0;s:8:"20000.00";}}}s:18:"product_style_word";s:0:"";s:19:"product_style_color";s:0:"";s:9:"other_cat";a:1:{i:0;s:2:"20";}s:14:"other_provider";a:1:{i:0;s:1:"1";}s:18:"rank_product_price";a:3:{i:0;s:1:"0";i:1;s:6:"826.56";i:2;s:7:"1446.48";}s:9:"user_rank";a:3:{i:0;s:1:"1";i:1;s:1:"2";i:2;s:1:"3";}s:14:"productrank_id";a:3:{i:0;s:2:"17";i:1;s:2:"18";i:2;s:2:"19";}s:19:"user_price_discount";a:3:{i:0;s:1:"0";i:1;s:2:"12";i:2;s:2:"21";}s:15:"is_default_rank";a:3:{i:0;s:1:"1";i:1;s:1:"1";i:2;s:1:"1";}s:4:"date";s:10:"2009-09-09";s:5:"date2";s:10:"2009-09-19";s:11:"weight_unit";s:5:"0.001";s:20:"locale_product_price";a:3:{s:3:"chi";a:3:{s:13:"product_price";s:7:"2223.00";s:6:"status";s:1:"1";s:2:"id";s:2:"28";}s:3:"eng";a:2:{s:13:"product_price";s:4:"0.00";s:2:"id";s:2:"29";}s:3:"cht";a:2:{s:13:"product_price";s:4:"0.00";s:2:"id";s:2:"30";}}}get|a:1:{s:3:"url";s:11:"products/60";}', '1', '2009-09-27 18:32:40', '2009-09-27 18:32:40'),
(325, 1, '192.168.10.101', 'http://data.branches.seevia.cn/sv-admin/products/60', '操作员seevia 编辑商品:花式墨镜通用信息', 'post|a:16:{s:7:"_method";s:4:"POST";s:11:"action_type";s:17:"product_base_info";s:4:"data";a:3:{s:7:"Product";a:22:{s:2:"id";s:2:"60";s:4:"code";s:6:"t-2009";s:11:"category_id";s:2:"10";s:8:"brand_id";s:1:"9";s:11:"provider_id";s:1:"1";s:14:"purchase_price";s:7:"1345.00";s:12:"market_price";s:6:"8265.6";s:10:"shop_price";s:7:"6888.00";s:5:"point";s:4:"3000";s:9:"point_fee";s:0:"";s:16:"promotion_status";s:1:"1";s:15:"promotion_price";s:7:"2000.00";s:6:"weight";s:1:"0";s:8:"quantity";s:1:"0";s:13:"warn_quantity";s:1:"4";s:14:"recommand_flag";s:1:"1";s:7:"forsale";s:1:"1";s:5:"alone";s:1:"1";s:17:"is_colors_gallery";s:1:"1";s:10:"bestbefore";s:1:"0";s:10:"style_code";s:4:"0099";s:14:"colors_gallery";s:33:"/img/products/t-2009/49b1aa9c.jpg";}s:11:"ProductI18n";a:3:{i:0;a:12:{s:6:"locale";s:3:"chi";s:2:"id";s:3:"171";s:10:"product_id";s:2:"60";s:4:"name";s:12:"花式墨镜";s:10:"style_name";s:15:"老卵的眼镜";s:13:"meta_keywords";s:20:"墨镜,黑的,色素";s:16:"meta_description";s:29:"很漂亮 很美观 很人品";s:12:"api_site_url";s:4:"test";s:12:"api_cart_url";s:5:"test1";s:11:"seller_note";s:21:"啊啊啊啊啊啊啊";s:13:"delivery_note";s:11:"福非fffff";s:11:"description";s:0:"";}i:1;a:12:{s:6:"locale";s:3:"eng";s:2:"id";s:3:"172";s:10:"product_id";s:2:"60";s:4:"name";s:7:"glasses";s:10:"style_name";s:6:"t-2009";s:13:"meta_keywords";s:20:"墨镜,黑的,色素";s:16:"meta_description";s:29:"很漂亮 很美观 很人品";s:12:"api_site_url";s:0:"";s:12:"api_cart_url";s:0:"";s:11:"seller_note";s:0:"";s:13:"delivery_note";s:0:"";s:11:"description";s:0:"";}i:2;a:12:{s:6:"locale";s:3:"cht";s:2:"id";s:3:"173";s:10:"product_id";s:2:"60";s:4:"name";s:12:"花式墨镜";s:10:"style_name";s:6:"t-2009";s:13:"meta_keywords";s:20:"墨镜,黑的,色素";s:16:"meta_description";s:29:"很漂亮 很美观 很人品";s:12:"api_site_url";s:0:"";s:12:"api_cart_url";s:0:"";s:11:"seller_note";s:0:"";s:13:"delivery_note";s:0:"";s:11:"description";s:0:"";}}s:13:"ProdcutVolume";a:2:{s:6:"number";a:1:{i:0;s:2:"20";}s:5:"price";a:1:{i:0;s:8:"20000.00";}}}s:18:"product_style_word";s:0:"";s:19:"product_style_color";s:0:"";s:9:"other_cat";a:1:{i:0;s:2:"20";}s:14:"other_provider";a:1:{i:0;s:1:"1";}s:18:"rank_product_price";a:3:{i:0;s:1:"0";i:1;s:6:"826.56";i:2;s:7:"1446.48";}s:9:"user_rank";a:3:{i:0;s:1:"1";i:1;s:1:"2";i:2;s:1:"3";}s:14:"productrank_id";a:3:{i:0;s:2:"17";i:1;s:2:"18";i:2;s:2:"19";}s:19:"user_price_discount";a:3:{i:0;s:1:"0";i:1;s:2:"12";i:2;s:2:"21";}s:15:"is_default_rank";a:3:{i:0;s:1:"1";i:1;s:1:"1";i:2;s:1:"1";}s:4:"date";s:10:"2009-09-09";s:5:"date2";s:10:"2009-09-19";s:11:"weight_unit";s:5:"0.001";s:20:"locale_product_price";a:3:{s:3:"chi";a:2:{s:13:"product_price";s:7:"2223.00";s:2:"id";s:2:"28";}s:3:"eng";a:2:{s:13:"product_price";s:4:"0.00";s:2:"id";s:2:"29";}s:3:"cht";a:2:{s:13:"product_price";s:4:"0.00";s:2:"id";s:2:"30";}}}get|a:1:{s:3:"url";s:11:"products/60";}', '1', '2009-09-27 18:34:33', '2009-09-27 18:34:33'),
(326, 1, '192.168.10.101', 'http://data.branches.seevia.cn/sv-admin/products/60', '操作员seevia 编辑商品:花式墨镜通用信息', 'post|a:16:{s:7:"_method";s:4:"POST";s:11:"action_type";s:17:"product_base_info";s:4:"data";a:3:{s:7:"Product";a:22:{s:2:"id";s:2:"60";s:4:"code";s:6:"t-2009";s:11:"category_id";s:2:"10";s:8:"brand_id";s:1:"9";s:11:"provider_id";s:1:"1";s:14:"purchase_price";s:7:"1345.00";s:12:"market_price";s:7:"8265.60";s:10:"shop_price";s:7:"6888.00";s:5:"point";s:4:"3000";s:9:"point_fee";s:0:"";s:16:"promotion_status";s:1:"1";s:15:"promotion_price";s:7:"2000.00";s:6:"weight";s:1:"0";s:8:"quantity";s:1:"0";s:13:"warn_quantity";s:1:"4";s:14:"recommand_flag";s:1:"1";s:7:"forsale";s:1:"1";s:5:"alone";s:1:"1";s:17:"is_colors_gallery";s:1:"1";s:10:"bestbefore";s:1:"0";s:10:"style_code";s:4:"0099";s:14:"colors_gallery";s:33:"/img/products/t-2009/49b1aa9c.jpg";}s:11:"ProductI18n";a:3:{i:0;a:12:{s:6:"locale";s:3:"chi";s:2:"id";s:3:"171";s:10:"product_id";s:2:"60";s:4:"name";s:12:"花式墨镜";s:10:"style_name";s:15:"老卵的眼镜";s:13:"meta_keywords";s:20:"墨镜,黑的,色素";s:16:"meta_description";s:29:"很漂亮 很美观 很人品";s:12:"api_site_url";s:4:"test";s:12:"api_cart_url";s:5:"test1";s:11:"seller_note";s:21:"啊啊啊啊啊啊啊";s:13:"delivery_note";s:11:"福非fffff";s:11:"description";s:0:"";}i:1;a:12:{s:6:"locale";s:3:"eng";s:2:"id";s:3:"172";s:10:"product_id";s:2:"60";s:4:"name";s:7:"glasses";s:10:"style_name";s:6:"t-2009";s:13:"meta_keywords";s:20:"墨镜,黑的,色素";s:16:"meta_description";s:29:"很漂亮 很美观 很人品";s:12:"api_site_url";s:0:"";s:12:"api_cart_url";s:0:"";s:11:"seller_note";s:0:"";s:13:"delivery_note";s:0:"";s:11:"description";s:0:"";}i:2;a:12:{s:6:"locale";s:3:"cht";s:2:"id";s:3:"173";s:10:"product_id";s:2:"60";s:4:"name";s:12:"花式墨镜";s:10:"style_name";s:6:"t-2009";s:13:"meta_keywords";s:20:"墨镜,黑的,色素";s:16:"meta_description";s:29:"很漂亮 很美观 很人品";s:12:"api_site_url";s:0:"";s:12:"api_cart_url";s:0:"";s:11:"seller_note";s:0:"";s:13:"delivery_note";s:0:"";s:11:"description";s:0:"";}}s:13:"ProdcutVolume";a:2:{s:6:"number";a:1:{i:0;s:2:"20";}s:5:"price";a:1:{i:0;s:8:"20000.00";}}}s:18:"product_style_word";s:0:"";s:19:"product_style_color";s:0:"";s:9:"other_cat";a:1:{i:0;s:2:"20";}s:14:"other_provider";a:1:{i:0;s:1:"1";}s:18:"rank_product_price";a:3:{i:0;s:1:"0";i:1;s:6:"826.56";i:2;s:7:"1446.48";}s:9:"user_rank";a:3:{i:0;s:1:"1";i:1;s:1:"2";i:2;s:1:"3";}s:14:"productrank_id";a:3:{i:0;s:2:"17";i:1;s:2:"18";i:2;s:2:"19";}s:19:"user_price_discount";a:3:{i:0;s:1:"0";i:1;s:2:"12";i:2;s:2:"21";}s:15:"is_default_rank";a:3:{i:0;s:1:"1";i:1;s:1:"1";i:2;s:1:"1";}s:4:"date";s:10:"2009-09-09";s:5:"date2";s:10:"2009-09-19";s:11:"weight_unit";s:5:"0.001";s:20:"locale_product_price";a:3:{s:3:"chi";a:2:{s:13:"product_price";s:7:"2223.00";s:2:"id";s:2:"28";}s:3:"eng";a:2:{s:13:"product_price";s:4:"0.00";s:2:"id";s:2:"29";}s:3:"cht";a:2:{s:13:"product_price";s:4:"0.00";s:2:"id";s:2:"30";}}}get|a:1:{s:3:"url";s:11:"products/60";}', '1', '2009-09-27 18:35:00', '2009-09-27 18:35:00'),
(327, 1, '192.168.10.101', 'http://data.branches.seevia.cn/sv-admin/products/60', '操作员seevia 编辑商品:花式墨镜通用信息', 'post|a:16:{s:7:"_method";s:4:"POST";s:11:"action_type";s:17:"product_base_info";s:4:"data";a:3:{s:7:"Product";a:22:{s:2:"id";s:2:"60";s:4:"code";s:6:"t-2009";s:11:"category_id";s:2:"10";s:8:"brand_id";s:1:"9";s:11:"provider_id";s:1:"1";s:14:"purchase_price";s:7:"1345.00";s:12:"market_price";s:6:"8212.8";s:10:"shop_price";s:8:"6844y.00";s:5:"point";s:4:"3000";s:9:"point_fee";s:0:"";s:16:"promotion_status";s:1:"1";s:15:"promotion_price";s:7:"2000.00";s:6:"weight";s:1:"0";s:8:"quantity";s:1:"0";s:13:"warn_quantity";s:1:"4";s:14:"recommand_flag";s:1:"1";s:7:"forsale";s:1:"1";s:5:"alone";s:1:"1";s:17:"is_colors_gallery";s:1:"1";s:10:"bestbefore";s:1:"0";s:10:"style_code";s:4:"0099";s:14:"colors_gallery";s:33:"/img/products/t-2009/49b1aa9c.jpg";}s:11:"ProductI18n";a:3:{i:0;a:12:{s:6:"locale";s:3:"chi";s:2:"id";s:3:"171";s:10:"product_id";s:2:"60";s:4:"name";s:12:"花式墨镜";s:10:"style_name";s:15:"老卵的眼镜";s:13:"meta_keywords";s:20:"墨镜,黑的,色素";s:16:"meta_description";s:29:"很漂亮 很美观 很人品";s:12:"api_site_url";s:4:"test";s:12:"api_cart_url";s:5:"test1";s:11:"seller_note";s:21:"啊啊啊啊啊啊啊";s:13:"delivery_note";s:11:"福非fffff";s:11:"description";s:0:"";}i:1;a:12:{s:6:"locale";s:3:"eng";s:2:"id";s:3:"172";s:10:"product_id";s:2:"60";s:4:"name";s:7:"glasses";s:10:"style_name";s:6:"t-2009";s:13:"meta_keywords";s:20:"墨镜,黑的,色素";s:16:"meta_description";s:29:"很漂亮 很美观 很人品";s:12:"api_site_url";s:0:"";s:12:"api_cart_url";s:0:"";s:11:"seller_note";s:0:"";s:13:"delivery_note";s:0:"";s:11:"description";s:0:"";}i:2;a:12:{s:6:"locale";s:3:"cht";s:2:"id";s:3:"173";s:10:"product_id";s:2:"60";s:4:"name";s:12:"花式墨镜";s:10:"style_name";s:6:"t-2009";s:13:"meta_keywords";s:20:"墨镜,黑的,色素";s:16:"meta_description";s:29:"很漂亮 很美观 很人品";s:12:"api_site_url";s:0:"";s:12:"api_cart_url";s:0:"";s:11:"seller_note";s:0:"";s:13:"delivery_note";s:0:"";s:11:"description";s:0:"";}}s:13:"ProdcutVolume";a:2:{s:6:"number";a:1:{i:0;s:2:"20";}s:5:"price";a:1:{i:0;s:8:"20000.00";}}}s:18:"product_style_word";s:0:"";s:19:"product_style_color";s:0:"";s:9:"other_cat";a:1:{i:0;s:2:"20";}s:14:"other_provider";a:1:{i:0;s:1:"1";}s:18:"rank_product_price";a:3:{i:0;s:1:"0";i:1;s:6:"821.28";i:2;s:7:"1437.24";}s:9:"user_rank";a:3:{i:0;s:1:"1";i:1;s:1:"2";i:2;s:1:"3";}s:14:"productrank_id";a:3:{i:0;s:2:"17";i:1;s:2:"18";i:2;s:2:"19";}s:19:"user_price_discount";a:3:{i:0;s:1:"0";i:1;s:2:"12";i:2;s:2:"21";}s:15:"is_default_rank";a:3:{i:0;s:1:"1";i:1;s:1:"1";i:2;s:1:"1";}s:4:"date";s:10:"2009-09-09";s:5:"date2";s:10:"2009-09-19";s:11:"weight_unit";s:5:"0.001";s:20:"locale_product_price";a:3:{s:3:"chi";a:2:{s:13:"product_price";s:7:"2223.00";s:2:"id";s:2:"28";}s:3:"eng";a:2:{s:13:"product_price";s:4:"0.00";s:2:"id";s:2:"29";}s:3:"cht";a:2:{s:13:"product_price";s:4:"0.00";s:2:"id";s:2:"30";}}}get|a:1:{s:3:"url";s:11:"products/60";}', '1', '2009-09-27 18:38:46', '2009-09-27 18:38:46'),
(328, 1, '192.168.10.101', 'http://data.branches.seevia.cn/sv-admin/products/60', '操作员seevia 编辑商品:花式墨镜通用信息', 'post|a:16:{s:7:"_method";s:4:"POST";s:11:"action_type";s:17:"product_base_info";s:4:"data";a:3:{s:7:"Product";a:22:{s:2:"id";s:2:"60";s:4:"code";s:6:"t-2009";s:11:"category_id";s:2:"10";s:8:"brand_id";s:1:"9";s:11:"provider_id";s:1:"1";s:14:"purchase_price";s:7:"1345.00";s:12:"market_price";s:3:"7.2";s:10:"shop_price";s:13:"6.....844....";s:5:"point";s:4:"3000";s:9:"point_fee";s:0:"";s:16:"promotion_status";s:1:"1";s:15:"promotion_price";s:7:"2000.00";s:6:"weight";s:1:"0";s:8:"quantity";s:1:"0";s:13:"warn_quantity";s:1:"4";s:14:"recommand_flag";s:1:"1";s:7:"forsale";s:1:"1";s:5:"alone";s:1:"1";s:17:"is_colors_gallery";s:1:"1";s:10:"bestbefore";s:1:"0";s:10:"style_code";s:4:"0099";s:14:"colors_gallery";s:33:"/img/products/t-2009/49b1aa9c.jpg";}s:11:"ProductI18n";a:3:{i:0;a:12:{s:6:"locale";s:3:"chi";s:2:"id";s:3:"171";s:10:"product_id";s:2:"60";s:4:"name";s:12:"花式墨镜";s:10:"style_name";s:15:"老卵的眼镜";s:13:"meta_keywords";s:20:"墨镜,黑的,色素";s:16:"meta_description";s:29:"很漂亮 很美观 很人品";s:12:"api_site_url";s:4:"test";s:12:"api_cart_url";s:5:"test1";s:11:"seller_note";s:21:"啊啊啊啊啊啊啊";s:13:"delivery_note";s:11:"福非fffff";s:11:"description";s:0:"";}i:1;a:12:{s:6:"locale";s:3:"eng";s:2:"id";s:3:"172";s:10:"product_id";s:2:"60";s:4:"name";s:7:"glasses";s:10:"style_name";s:6:"t-2009";s:13:"meta_keywords";s:20:"墨镜,黑的,色素";s:16:"meta_description";s:29:"很漂亮 很美观 很人品";s:12:"api_site_url";s:0:"";s:12:"api_cart_url";s:0:"";s:11:"seller_note";s:0:"";s:13:"delivery_note";s:0:"";s:11:"description";s:0:"";}i:2;a:12:{s:6:"locale";s:3:"cht";s:2:"id";s:3:"173";s:10:"product_id";s:2:"60";s:4:"name";s:12:"花式墨镜";s:10:"style_name";s:6:"t-2009";s:13:"meta_keywords";s:20:"墨镜,黑的,色素";s:16:"meta_description";s:29:"很漂亮 很美观 很人品";s:12:"api_site_url";s:0:"";s:12:"api_cart_url";s:0:"";s:11:"seller_note";s:0:"";s:13:"delivery_note";s:0:"";s:11:"description";s:0:"";}}s:13:"ProdcutVolume";a:2:{s:6:"number";a:1:{i:0;s:2:"20";}s:5:"price";a:1:{i:0;s:8:"20000.00";}}}s:18:"product_style_word";s:0:"";s:19:"product_style_color";s:0:"";s:9:"other_cat";a:1:{i:0;s:2:"20";}s:14:"other_provider";a:1:{i:0;s:1:"1";}s:18:"rank_product_price";a:3:{i:0;s:1:"0";i:1;s:4:"0.72";i:2;s:4:"1.26";}s:9:"user_rank";a:3:{i:0;s:1:"1";i:1;s:1:"2";i:2;s:1:"3";}s:14:"productrank_id";a:3:{i:0;s:2:"17";i:1;s:2:"18";i:2;s:2:"19";}s:19:"user_price_discount";a:3:{i:0;s:1:"0";i:1;s:2:"12";i:2;s:2:"21";}s:15:"is_default_rank";a:3:{i:0;s:1:"1";i:1;s:1:"1";i:2;s:1:"1";}s:4:"date";s:10:"2009-09-09";s:5:"date2";s:10:"2009-09-19";s:11:"weight_unit";s:5:"0.001";s:20:"locale_product_price";a:3:{s:3:"chi";a:2:{s:13:"product_price";s:7:"2223.00";s:2:"id";s:2:"28";}s:3:"eng";a:2:{s:13:"product_price";s:4:"0.00";s:2:"id";s:2:"29";}s:3:"cht";a:2:{s:13:"product_price";s:4:"0.00";s:2:"id";s:2:"30";}}}get|a:1:{s:3:"url";s:11:"products/60";}', '1', '2009-09-27 18:39:17', '2009-09-27 18:39:17'),
(329, 1, '192.168.10.101', 'http://data.branches.seevia.cn/sv-admin/products/60', '操作员seevia 编辑商品:花式墨镜通用信息', 'post|a:16:{s:7:"_method";s:4:"POST";s:11:"action_type";s:17:"product_base_info";s:4:"data";a:3:{s:7:"Product";a:22:{s:2:"id";s:2:"60";s:4:"code";s:6:"t-2009";s:11:"category_id";s:2:"10";s:8:"brand_id";s:1:"9";s:11:"provider_id";s:1:"1";s:14:"purchase_price";s:7:"1345.00";s:12:"market_price";s:7:"10798.8";s:10:"shop_price";s:4:"8999";s:5:"point";s:4:"3000";s:9:"point_fee";s:0:"";s:16:"promotion_status";s:1:"1";s:15:"promotion_price";s:7:"2000.00";s:6:"weight";s:1:"0";s:8:"quantity";s:1:"0";s:13:"warn_quantity";s:1:"4";s:14:"recommand_flag";s:1:"1";s:7:"forsale";s:1:"1";s:5:"alone";s:1:"1";s:17:"is_colors_gallery";s:1:"1";s:10:"bestbefore";s:1:"0";s:10:"style_code";s:4:"0099";s:14:"colors_gallery";s:33:"/img/products/t-2009/49b1aa9c.jpg";}s:11:"ProductI18n";a:3:{i:0;a:12:{s:6:"locale";s:3:"chi";s:2:"id";s:3:"171";s:10:"product_id";s:2:"60";s:4:"name";s:12:"花式墨镜";s:10:"style_name";s:15:"老卵的眼镜";s:13:"meta_keywords";s:20:"墨镜,黑的,色素";s:16:"meta_description";s:29:"很漂亮 很美观 很人品";s:12:"api_site_url";s:4:"test";s:12:"api_cart_url";s:5:"test1";s:11:"seller_note";s:21:"啊啊啊啊啊啊啊";s:13:"delivery_note";s:11:"福非fffff";s:11:"description";s:0:"";}i:1;a:12:{s:6:"locale";s:3:"eng";s:2:"id";s:3:"172";s:10:"product_id";s:2:"60";s:4:"name";s:7:"glasses";s:10:"style_name";s:6:"t-2009";s:13:"meta_keywords";s:20:"墨镜,黑的,色素";s:16:"meta_description";s:29:"很漂亮 很美观 很人品";s:12:"api_site_url";s:0:"";s:12:"api_cart_url";s:0:"";s:11:"seller_note";s:0:"";s:13:"delivery_note";s:0:"";s:11:"description";s:0:"";}i:2;a:12:{s:6:"locale";s:3:"cht";s:2:"id";s:3:"173";s:10:"product_id";s:2:"60";s:4:"name";s:12:"花式墨镜";s:10:"style_name";s:6:"t-2009";s:13:"meta_keywords";s:20:"墨镜,黑的,色素";s:16:"meta_description";s:29:"很漂亮 很美观 很人品";s:12:"api_site_url";s:0:"";s:12:"api_cart_url";s:0:"";s:11:"seller_note";s:0:"";s:13:"delivery_note";s:0:"";s:11:"description";s:0:"";}}s:13:"ProdcutVolume";a:2:{s:6:"number";a:1:{i:0;s:2:"20";}s:5:"price";a:1:{i:0;s:8:"20000.00";}}}s:18:"product_style_word";s:0:"";s:19:"product_style_color";s:0:"";s:9:"other_cat";a:1:{i:0;s:2:"20";}s:14:"other_provider";a:1:{i:0;s:1:"1";}s:18:"rank_product_price";a:3:{i:0;s:1:"0";i:1;s:7:"1079.88";i:2;s:7:"1889.79";}s:9:"user_rank";a:3:{i:0;s:1:"1";i:1;s:1:"2";i:2;s:1:"3";}s:14:"productrank_id";a:3:{i:0;s:2:"17";i:1;s:2:"18";i:2;s:2:"19";}s:19:"user_price_discount";a:3:{i:0;s:1:"0";i:1;s:2:"12";i:2;s:2:"21";}s:15:"is_default_rank";a:3:{i:0;s:1:"1";i:1;s:1:"1";i:2;s:1:"1";}s:4:"date";s:10:"2009-09-09";s:5:"date2";s:10:"2009-09-19";s:11:"weight_unit";s:5:"0.001";s:20:"locale_product_price";a:3:{s:3:"chi";a:2:{s:13:"product_price";s:7:"2223.00";s:2:"id";s:2:"28";}s:3:"eng";a:2:{s:13:"product_price";s:4:"0.00";s:2:"id";s:2:"29";}s:3:"cht";a:2:{s:13:"product_price";s:4:"0.00";s:2:"id";s:2:"30";}}}get|a:1:{s:3:"url";s:11:"products/60";}', '1', '2009-09-27 18:40:40', '2009-09-27 18:40:40'),
(330, 1, '192.168.10.178', 'http://data.branches.seevia.cn/sv-admin/shippingments/area_edit/1000', '操作员seevia 编辑配送区域:中国', 'post|a:5:{s:7:"_method";s:4:"POST";s:4:"data";a:2:{s:12:"ShippingArea";a:6:{s:2:"id";s:4:"1000";s:11:"shipping_id";s:1:"1";s:8:"store_id";s:1:"0";s:13:"free_subtotal";s:6:"454.00";s:6:"status";s:1:"1";s:7:"orderby";s:1:"0";}s:16:"ShippingAreaI18n";a:3:{i:0;a:3:{s:4:"name";s:6:"中国";s:11:"description";s:12:"中国各地";s:6:"locale";s:3:"chi";}i:1;a:3:{s:4:"name";s:5:"China";s:11:"description";s:14:"All over China";s:6:"locale";s:3:"eng";}i:2;a:3:{s:4:"name";s:6:"中国";s:11:"description";s:12:"中国各地";s:6:"locale";s:3:"cht";}}}s:5:"re_id";s:1:"1";s:5:"money";a:3:{i:0;a:1:{s:5:"value";s:1:"5";}i:1;a:1:{s:5:"value";s:1:"5";}i:2;a:1:{s:5:"value";s:1:"5";}}s:5:"items";a:1:{i:0;s:1:"1";}}get|a:1:{s:3:"url";s:28:"shippingments/area_edit/1000";}', '1', '2009-10-09 13:50:21', '2009-10-09 13:50:21'),
(331, 1, '192.168.10.178', 'http://data.branches.seevia.cn/sv-admin/shippingments/area_edit/1000', '操作员seevia 编辑配送区域:中国', 'post|a:5:{s:7:"_method";s:4:"POST";s:4:"data";a:2:{s:12:"ShippingArea";a:6:{s:2:"id";s:4:"1000";s:11:"shipping_id";s:1:"1";s:8:"store_id";s:1:"0";s:13:"free_subtotal";s:1:"0";s:6:"status";s:1:"1";s:7:"orderby";s:2:"50";}s:16:"ShippingAreaI18n";a:3:{i:0;a:3:{s:4:"name";s:6:"中国";s:11:"description";s:12:"中国各地";s:6:"locale";s:3:"chi";}i:1;a:3:{s:4:"name";s:5:"China";s:11:"description";s:14:"All over China";s:6:"locale";s:3:"eng";}i:2;a:3:{s:4:"name";s:6:"中国";s:11:"description";s:12:"中国各地";s:6:"locale";s:3:"cht";}}}s:5:"re_id";s:1:"1";s:5:"money";a:3:{i:0;a:1:{s:5:"value";s:1:"5";}i:1;a:1:{s:5:"value";s:1:"5";}i:2;a:1:{s:5:"value";s:1:"5";}}s:5:"items";a:1:{i:0;s:1:"1";}}get|a:1:{s:3:"url";s:28:"shippingments/area_edit/1000";}', '1', '2009-10-09 13:50:31', '2009-10-09 13:50:31'),
(332, 1, '192.168.10.178', 'http://data.branches.seevia.cn/sv-admin/shippingments/area_edit/1001', '操作员seevia 编辑配送区域:中国', 'post|a:5:{s:7:"_method";s:4:"POST";s:4:"data";a:2:{s:12:"ShippingArea";a:6:{s:2:"id";s:4:"1001";s:11:"shipping_id";s:1:"2";s:8:"store_id";s:1:"0";s:13:"free_subtotal";s:1:"0";s:6:"status";s:1:"1";s:7:"orderby";s:1:"1";}s:16:"ShippingAreaI18n";a:3:{i:0;a:3:{s:4:"name";s:6:"中国";s:11:"description";s:12:"中国各地";s:6:"locale";s:3:"chi";}i:1;a:3:{s:4:"name";s:5:"China";s:11:"description";s:14:"All over China";s:6:"locale";s:3:"eng";}i:2;a:3:{s:4:"name";s:6:"中国";s:11:"description";s:12:"中国各地";s:6:"locale";s:3:"cht";}}}s:5:"re_id";s:1:"2";s:5:"money";a:3:{i:0;a:1:{s:5:"value";s:1:"5";}i:1;a:1:{s:5:"value";s:1:"5";}i:2;a:1:{s:5:"value";s:1:"5";}}s:5:"items";a:1:{i:0;s:1:"1";}}get|a:1:{s:3:"url";s:28:"shippingments/area_edit/1001";}', '1', '2009-10-09 13:50:46', '2009-10-09 13:50:46'),
(333, 1, '192.168.10.178', 'http://data.branches.seevia.cn/sv-admin/shippingments/install/10', '操作员seevia 安装配送方式:EMS', 'get|a:1:{s:3:"url";s:24:"shippingments/install/10";}', '1', '2009-10-09 13:51:00', '2009-10-09 13:51:00'),
(334, 1, '192.168.10.179', 'http://data.branches.seevia.cn/sv-admin/configvalues/edit', '操作员seevia 修改商店设置', 'post|a:2:{s:7:"_method";s:4:"POST";s:4:"data";a:9:{i:0;a:4:{s:6:"locale";s:3:"chi";s:9:"config_id";s:3:"488";s:2:"id";s:3:"171";s:5:"value";s:0:"";}i:1;a:4:{s:6:"locale";s:3:"eng";s:9:"config_id";s:3:"488";s:2:"id";s:3:"186";s:5:"value";s:0:"";}i:2;a:4:{s:6:"locale";s:3:"cht";s:9:"config_id";s:3:"488";s:2:"id";s:3:"366";s:5:"value";s:0:"";}i:3;a:4:{s:6:"locale";s:3:"chi";s:9:"config_id";s:3:"490";s:2:"id";s:3:"178";s:5:"value";s:0:"";}i:4;a:4:{s:6:"locale";s:3:"eng";s:9:"config_id";s:3:"490";s:2:"id";s:3:"172";s:5:"value";s:0:"";}i:5;a:4:{s:6:"locale";s:3:"cht";s:9:"config_id";s:3:"490";s:2:"id";s:3:"365";s:5:"value";s:0:"";}i:6;a:4:{s:6:"locale";s:3:"chi";s:9:"config_id";s:3:"491";s:2:"id";s:3:"179";s:5:"value";s:0:"";}i:7;a:4:{s:6:"locale";s:3:"eng";s:9:"config_id";s:3:"491";s:2:"id";s:3:"142";s:5:"value";s:0:"";}i:8;a:4:{s:6:"locale";s:3:"cht";s:9:"config_id";s:3:"491";s:2:"id";s:3:"358";s:5:"value";s:0:"";}}}get|a:1:{s:3:"url";s:17:"configvalues/edit";}', '1', '2009-10-10 10:09:07', '2009-10-10 10:09:07'),
(335, 1, '192.168.10.179', 'http://data.branches.seevia.cn/sv-admin/configs/edit/268', '操作员seevia 编辑商店设置:是否开启邮件发送功能', 'post|a:2:{s:7:"_method";s:4:"POST";s:4:"data";a:2:{s:6:"Config";a:7:{s:2:"id";s:3:"268";s:8:"store_id";s:1:"0";s:10:"group_code";s:5:"email";s:4:"code";s:21:"enable_auto_send_mail";s:4:"type";s:5:"radio";s:7:"section";s:9:"免费版";s:7:"orderby";s:1:"1";}s:10:"ConfigI18n";a:3:{i:0;a:7:{s:6:"locale";s:3:"chi";s:2:"id";s:2:"96";s:9:"config_id";s:3:"268";s:4:"name";s:30:"是否开启邮件发送功能";s:5:"value";s:1:"1";s:7:"options";s:15:"0:否\r\n1:是\r\n ";s:11:"description";s:30:"是否开启邮件发送功能";}i:1;a:7:{s:6:"locale";s:3:"eng";s:2:"id";s:3:"311";s:9:"config_id";s:3:"268";s:4:"name";s:30:"是否开启邮件发送功能";s:5:"value";s:1:"1";s:7:"options";s:15:"0:否\r\n1:是\r\n ";s:11:"description";s:30:"是否开启邮件发送功能";}i:2;a:7:{s:6:"locale";s:3:"cht";s:2:"id";s:3:"435";s:9:"config_id";s:3:"268";s:4:"name";s:30:"是否开启邮件发送功能";s:5:"value";s:1:"1";s:7:"options";s:15:"0:否\r\n1:是\r\n ";s:11:"description";s:30:"是否开启邮件发送功能";}}}}get|a:1:{s:3:"url";s:16:"configs/edit/268";}', '1', '2009-10-10 10:23:49', '2009-10-10 10:23:49'),
(336, 1, '192.168.10.179', 'http://data.branches.seevia.cn/sv-admin/configs/edit/482', '操作员seevia 编辑商店设置:邮件发送方式', 'post|a:2:{s:7:"_method";s:4:"POST";s:4:"data";a:2:{s:6:"Config";a:7:{s:2:"id";s:3:"482";s:8:"store_id";s:1:"0";s:10:"group_code";s:5:"email";s:4:"code";s:13:"email_the_way";s:4:"type";s:5:"radio";s:7:"section";s:9:"免费版";s:7:"orderby";s:1:"2";}s:10:"ConfigI18n";a:3:{i:0;a:7:{s:6:"locale";s:3:"chi";s:2:"id";s:3:"173";s:9:"config_id";s:3:"482";s:4:"name";s:18:"邮件发送方式";s:5:"value";s:1:"1";s:7:"options";s:30:"0:定时发送\r\n1:及时发送";s:11:"description";s:30:"0:定时发送\r\n1:及时发送";}i:1;a:7:{s:6:"locale";s:3:"eng";s:2:"id";s:3:"191";s:9:"config_id";s:3:"482";s:4:"name";s:18:"邮件发送方式";s:5:"value";s:1:"1";s:7:"options";s:30:"0:定时发送\r\n1:及时发送";s:11:"description";s:30:"0:定时发送\r\n1:及时发送";}i:2;a:7:{s:6:"locale";s:3:"cht";s:2:"id";s:3:"360";s:9:"config_id";s:3:"482";s:4:"name";s:18:"邮件发送方式";s:5:"value";s:1:"1";s:7:"options";s:30:"0:定时发送\r\n1:及时发送";s:11:"description";s:30:"0:定时发送\r\n1:及时发送";}}}}get|a:1:{s:3:"url";s:16:"configs/edit/482";}', '1', '2009-10-10 10:24:45', '2009-10-10 10:24:45'),
(337, 1, '192.168.10.179', 'http://data.branches.seevia.cn/sv-admin/products/view/1', '操作员seevia 编辑商品:梦幻紫水晶耳扣相册', 'post|a:12:{s:7:"_method";s:4:"POST";s:11:"action_type";s:15:"product_gallery";s:10:"product_id";s:1:"1";s:4:"data";a:1:{s:14:"ProductGallery";a:1:{i:0;a:2:{s:2:"id";s:1:"1";s:7:"orderby";s:1:"5";}}}s:29:"ProductGalleryI18ndescription";a:1:{i:0;a:1:{s:18:"ProductGalleryI18n";a:3:{i:0;a:3:{s:11:"description";s:21:"梦幻紫水晶耳扣";s:18:"product_gallery_id";s:1:"1";s:6:"locale";s:3:"chi";}i:1;a:3:{s:11:"description";s:25:"Dream amethyst ear button";s:18:"product_gallery_id";s:1:"1";s:6:"locale";s:3:"eng";}i:2;a:3:{s:11:"description";s:21:"梦幻紫水晶耳扣";s:18:"product_gallery_id";s:1:"1";s:6:"locale";s:3:"cht";}}}}s:10:"image_path";a:1:{i:9999;s:11:"system_path";}s:9:"img_thumb";a:1:{i:9999;s:0:"";}s:10:"img_detail";a:1:{i:9999;s:0:"";}s:12:"img_original";a:1:{i:9999;s:0:"";}s:7:"img_url";a:1:{i:9999;s:0:"";}s:8:"img_desc";a:3:{s:3:"chi";a:1:{i:9999;s:0:"";}s:3:"eng";a:1:{i:9999;s:0:"";}s:3:"cht";a:1:{i:9999;s:0:"";}}s:8:"img_sort";a:1:{i:1;s:0:"";}}get|a:1:{s:3:"url";s:15:"products/view/1";}', '1', '2009-10-10 10:57:23', '2009-10-10 10:57:23'),
(338, 1, '192.168.10.179', 'http://data.branches.seevia.cn/sv-admin/products/view/2', '操作员seevia 编辑商品:天海蓝钻戒相册', 'post|a:12:{s:7:"_method";s:4:"POST";s:11:"action_type";s:15:"product_gallery";s:10:"product_id";s:1:"2";s:4:"data";a:1:{s:14:"ProductGallery";a:1:{i:0;a:2:{s:2:"id";s:1:"2";s:7:"orderby";s:1:"5";}}}s:29:"ProductGalleryI18ndescription";a:1:{i:0;a:1:{s:18:"ProductGalleryI18n";a:3:{i:0;a:3:{s:11:"description";s:15:"天海蓝钻戒";s:18:"product_gallery_id";s:1:"2";s:6:"locale";s:3:"chi";}i:1;a:3:{s:11:"description";s:25:"Day sea-blue diamond ring";s:18:"product_gallery_id";s:1:"2";s:6:"locale";s:3:"eng";}i:2;a:3:{s:11:"description";s:15:"天海蓝钻戒";s:18:"product_gallery_id";s:1:"2";s:6:"locale";s:3:"cht";}}}}s:10:"image_path";a:1:{i:9999;s:11:"system_path";}s:9:"img_thumb";a:1:{i:9999;s:0:"";}s:10:"img_detail";a:1:{i:9999;s:0:"";}s:12:"img_original";a:1:{i:9999;s:0:"";}s:7:"img_url";a:1:{i:9999;s:0:"";}s:8:"img_desc";a:3:{s:3:"chi";a:1:{i:9999;s:0:"";}s:3:"eng";a:1:{i:9999;s:0:"";}s:3:"cht";a:1:{i:9999;s:0:"";}}s:8:"img_sort";a:1:{i:1;s:0:"";}}get|a:1:{s:3:"url";s:15:"products/view/2";}', '1', '2009-10-10 10:57:49', '2009-10-10 10:57:49'),
(339, 1, '192.168.10.179', 'http://data.branches.seevia.cn/sv-admin/products/view/3', '操作员seevia 编辑商品:传统玻璃手镯相册', 'post|a:12:{s:7:"_method";s:4:"POST";s:11:"action_type";s:15:"product_gallery";s:10:"product_id";s:1:"3";s:4:"data";a:1:{s:14:"ProductGallery";a:1:{i:0;a:2:{s:2:"id";s:1:"3";s:7:"orderby";s:1:"5";}}}s:29:"ProductGalleryI18ndescription";a:1:{i:0;a:1:{s:18:"ProductGalleryI18n";a:3:{i:0;a:3:{s:11:"description";s:18:"传统玻璃手镯";s:18:"product_gallery_id";s:1:"3";s:6:"locale";s:3:"chi";}i:1;a:3:{s:11:"description";s:27:"Traditional glass bracelets";s:18:"product_gallery_id";s:1:"3";s:6:"locale";s:3:"eng";}i:2;a:3:{s:11:"description";s:18:"传统玻璃手镯";s:18:"product_gallery_id";s:1:"3";s:6:"locale";s:3:"cht";}}}}s:10:"image_path";a:1:{i:9999;s:11:"system_path";}s:9:"img_thumb";a:1:{i:9999;s:0:"";}s:10:"img_detail";a:1:{i:9999;s:0:"";}s:12:"img_original";a:1:{i:9999;s:0:"";}s:7:"img_url";a:1:{i:9999;s:0:"";}s:8:"img_desc";a:3:{s:3:"chi";a:1:{i:9999;s:0:"";}s:3:"eng";a:1:{i:9999;s:0:"";}s:3:"cht";a:1:{i:9999;s:0:"";}}s:8:"img_sort";a:1:{i:1;s:0:"";}}get|a:1:{s:3:"url";s:15:"products/view/3";}', '1', '2009-10-10 10:58:15', '2009-10-10 10:58:15'),
(340, 1, '192.168.10.179', 'http://data.branches.seevia.cn/sv-admin/products/view/4', '操作员seevia 编辑商品:观音琉璃挂件相册', 'post|a:12:{s:7:"_method";s:4:"POST";s:11:"action_type";s:15:"product_gallery";s:10:"product_id";s:1:"4";s:4:"data";a:1:{s:14:"ProductGallery";a:1:{i:0;a:2:{s:2:"id";s:1:"4";s:7:"orderby";s:1:"5";}}}s:29:"ProductGalleryI18ndescription";a:1:{i:0;a:1:{s:18:"ProductGalleryI18n";a:3:{i:0;a:3:{s:11:"description";s:18:"观音琉璃挂件";s:18:"product_gallery_id";s:1:"4";s:6:"locale";s:3:"chi";}i:1;a:3:{s:11:"description";s:22:"Kuan Yin Pendant Glass";s:18:"product_gallery_id";s:1:"4";s:6:"locale";s:3:"eng";}i:2;a:3:{s:11:"description";s:18:"观音琉璃挂件";s:18:"product_gallery_id";s:1:"4";s:6:"locale";s:3:"cht";}}}}s:10:"image_path";a:1:{i:9999;s:11:"system_path";}s:9:"img_thumb";a:1:{i:9999;s:0:"";}s:10:"img_detail";a:1:{i:9999;s:0:"";}s:12:"img_original";a:1:{i:9999;s:0:"";}s:7:"img_url";a:1:{i:9999;s:0:"";}s:8:"img_desc";a:3:{s:3:"chi";a:1:{i:9999;s:0:"";}s:3:"eng";a:1:{i:9999;s:0:"";}s:3:"cht";a:1:{i:9999;s:0:"";}}s:8:"img_sort";a:1:{i:1;s:0:"";}}get|a:1:{s:3:"url";s:15:"products/view/4";}', '1', '2009-10-10 10:58:39', '2009-10-10 10:58:39'),
(341, 1, '192.168.10.179', 'http://data.branches.seevia.cn/sv-admin/products/view/5', '操作员seevia 编辑商品:东方古典翡翠玉耳环相册', 'post|a:12:{s:7:"_method";s:4:"POST";s:11:"action_type";s:15:"product_gallery";s:10:"product_id";s:1:"5";s:4:"data";a:1:{s:14:"ProductGallery";a:1:{i:0;a:2:{s:2:"id";s:1:"5";s:7:"orderby";s:1:"5";}}}s:29:"ProductGalleryI18ndescription";a:1:{i:0;a:1:{s:18:"ProductGalleryI18n";a:3:{i:0;a:3:{s:11:"description";s:27:"东方古典翡翠玉耳环";s:18:"product_gallery_id";s:1:"5";s:6:"locale";s:3:"chi";}i:1;a:3:{s:11:"description";s:37:"Classical Oriental Jade earrings jade";s:18:"product_gallery_id";s:1:"5";s:6:"locale";s:3:"eng";}i:2;a:3:{s:11:"description";s:27:"东方古典翡翠玉耳环";s:18:"product_gallery_id";s:1:"5";s:6:"locale";s:3:"cht";}}}}s:10:"image_path";a:1:{i:9999;s:11:"system_path";}s:9:"img_thumb";a:1:{i:9999;s:0:"";}s:10:"img_detail";a:1:{i:9999;s:0:"";}s:12:"img_original";a:1:{i:9999;s:0:"";}s:7:"img_url";a:1:{i:9999;s:0:"";}s:8:"img_desc";a:3:{s:3:"chi";a:1:{i:9999;s:0:"";}s:3:"eng";a:1:{i:9999;s:0:"";}s:3:"cht";a:1:{i:9999;s:0:"";}}s:8:"img_sort";a:1:{i:1;s:0:"";}}get|a:1:{s:3:"url";s:15:"products/view/5";}', '1', '2009-10-10 10:59:06', '2009-10-10 10:59:06'),
(342, 1, '192.168.10.179', 'http://data.branches.seevia.cn/sv-admin/products/view/1', '操作员seevia 编辑商品:梦幻紫水晶耳扣相册', 'post|a:12:{s:7:"_method";s:4:"POST";s:11:"action_type";s:15:"product_gallery";s:10:"product_id";s:1:"1";s:4:"data";a:1:{s:14:"ProductGallery";a:1:{i:0;a:2:{s:2:"id";s:1:"1";s:7:"orderby";s:1:"5";}}}s:29:"ProductGalleryI18ndescription";a:1:{i:0;a:1:{s:18:"ProductGalleryI18n";a:3:{i:0;a:3:{s:11:"description";s:21:"梦幻紫水晶耳扣";s:18:"product_gallery_id";s:1:"1";s:6:"locale";s:3:"chi";}i:1;a:3:{s:11:"description";s:25:"Dream amethyst ear button";s:18:"product_gallery_id";s:1:"1";s:6:"locale";s:3:"eng";}i:2;a:3:{s:11:"description";s:21:"梦幻紫水晶耳扣";s:18:"product_gallery_id";s:1:"1";s:6:"locale";s:3:"cht";}}}}s:10:"image_path";a:1:{i:9999;s:11:"system_path";}s:9:"img_thumb";a:1:{i:9999;s:0:"";}s:10:"img_detail";a:1:{i:9999;s:0:"";}s:12:"img_original";a:1:{i:9999;s:0:"";}s:7:"img_url";a:1:{i:9999;s:0:"";}s:8:"img_desc";a:3:{s:3:"chi";a:1:{i:9999;s:0:"";}s:3:"eng";a:1:{i:9999;s:0:"";}s:3:"cht";a:1:{i:9999;s:0:"";}}s:8:"img_sort";a:1:{i:1;s:0:"";}}get|a:1:{s:3:"url";s:15:"products/view/1";}', '1', '2009-10-10 10:59:33', '2009-10-10 10:59:33'),
(343, 1, '192.168.10.179', 'http://data.branches.seevia.cn/sv-admin/products/view/6', '操作员seevia 编辑商品:中国柱状玉耳环相册', 'post|a:12:{s:7:"_method";s:4:"POST";s:11:"action_type";s:15:"product_gallery";s:10:"product_id";s:1:"6";s:4:"data";a:1:{s:14:"ProductGallery";a:1:{i:0;a:2:{s:2:"id";s:1:"6";s:7:"orderby";s:1:"5";}}}s:29:"ProductGalleryI18ndescription";a:1:{i:0;a:1:{s:18:"ProductGalleryI18n";a:3:{i:0;a:3:{s:11:"description";s:21:"中国柱状玉耳环";s:18:"product_gallery_id";s:1:"6";s:6:"locale";s:3:"chi";}i:1;a:3:{s:11:"description";s:31:"China cylindrical jade earrings";s:18:"product_gallery_id";s:1:"6";s:6:"locale";s:3:"eng";}i:2;a:3:{s:11:"description";s:21:"中国柱状玉耳环";s:18:"product_gallery_id";s:1:"6";s:6:"locale";s:3:"cht";}}}}s:10:"image_path";a:1:{i:9999;s:11:"system_path";}s:9:"img_thumb";a:1:{i:9999;s:0:"";}s:10:"img_detail";a:1:{i:9999;s:0:"";}s:12:"img_original";a:1:{i:9999;s:0:"";}s:7:"img_url";a:1:{i:9999;s:0:"";}s:8:"img_desc";a:3:{s:3:"chi";a:1:{i:9999;s:0:"";}s:3:"eng";a:1:{i:9999;s:0:"";}s:3:"cht";a:1:{i:9999;s:0:"";}}s:8:"img_sort";a:1:{i:1;s:0:"";}}get|a:1:{s:3:"url";s:15:"products/view/6";}', '1', '2009-10-10 11:00:02', '2009-10-10 11:00:02'),
(344, 1, '192.168.10.179', 'http://data.branches.seevia.cn/sv-admin/products/view/7', '操作员seevia 编辑商品:观音玉坠相册', 'post|a:12:{s:7:"_method";s:4:"POST";s:11:"action_type";s:15:"product_gallery";s:10:"product_id";s:1:"7";s:4:"data";a:1:{s:14:"ProductGallery";a:1:{i:0;a:2:{s:2:"id";s:1:"7";s:7:"orderby";s:1:"5";}}}s:29:"ProductGalleryI18ndescription";a:1:{i:0;a:1:{s:18:"ProductGalleryI18n";a:3:{i:0;a:3:{s:11:"description";s:12:"观音玉坠";s:18:"product_gallery_id";s:1:"7";s:6:"locale";s:3:"chi";}i:1;a:3:{s:11:"description";s:16:"Yin jade pendant";s:18:"product_gallery_id";s:1:"7";s:6:"locale";s:3:"eng";}i:2;a:3:{s:11:"description";s:12:"观音玉坠";s:18:"product_gallery_id";s:1:"7";s:6:"locale";s:3:"cht";}}}}s:10:"image_path";a:1:{i:9999;s:11:"system_path";}s:9:"img_thumb";a:1:{i:9999;s:0:"";}s:10:"img_detail";a:1:{i:9999;s:0:"";}s:12:"img_original";a:1:{i:9999;s:0:"";}s:7:"img_url";a:1:{i:9999;s:0:"";}s:8:"img_desc";a:3:{s:3:"chi";a:1:{i:9999;s:0:"";}s:3:"eng";a:1:{i:9999;s:0:"";}s:3:"cht";a:1:{i:9999;s:0:"";}}s:8:"img_sort";a:1:{i:1;s:0:"";}}get|a:1:{s:3:"url";s:15:"products/view/7";}', '1', '2009-10-10 11:00:27', '2009-10-10 11:00:27'),
(345, 1, '192.168.10.179', 'http://data.branches.seevia.cn/sv-admin/products/view/8', '操作员seevia 编辑商品:银龙玉坠相册', 'post|a:12:{s:7:"_method";s:4:"POST";s:11:"action_type";s:15:"product_gallery";s:10:"product_id";s:1:"8";s:4:"data";a:1:{s:14:"ProductGallery";a:1:{i:0;a:2:{s:2:"id";s:1:"8";s:7:"orderby";s:1:"5";}}}s:29:"ProductGalleryI18ndescription";a:1:{i:0;a:1:{s:18:"ProductGalleryI18n";a:3:{i:0;a:3:{s:11:"description";s:12:"银龙玉坠";s:18:"product_gallery_id";s:1:"8";s:6:"locale";s:3:"chi";}i:1;a:3:{s:11:"description";s:20:"Yinlong jade pendant";s:18:"product_gallery_id";s:1:"8";s:6:"locale";s:3:"eng";}i:2;a:3:{s:11:"description";s:12:"银龙玉坠";s:18:"product_gallery_id";s:1:"8";s:6:"locale";s:3:"cht";}}}}s:10:"image_path";a:1:{i:9999;s:11:"system_path";}s:9:"img_thumb";a:1:{i:9999;s:0:"";}s:10:"img_detail";a:1:{i:9999;s:0:"";}s:12:"img_original";a:1:{i:9999;s:0:"";}s:7:"img_url";a:1:{i:9999;s:0:"";}s:8:"img_desc";a:3:{s:3:"chi";a:1:{i:9999;s:0:"";}s:3:"eng";a:1:{i:9999;s:0:"";}s:3:"cht";a:1:{i:9999;s:0:"";}}s:8:"img_sort";a:1:{i:1;s:0:"";}}get|a:1:{s:3:"url";s:15:"products/view/8";}', '1', '2009-10-10 11:01:11', '2009-10-10 11:01:11'),
(346, 1, '192.168.10.179', 'http://data.branches.seevia.cn/sv-admin/products/view/9', '操作员seevia 编辑商品:中国佛琉璃挂件相册', 'post|a:12:{s:7:"_method";s:4:"POST";s:11:"action_type";s:15:"product_gallery";s:10:"product_id";s:1:"9";s:4:"data";a:1:{s:14:"ProductGallery";a:1:{i:0;a:2:{s:2:"id";s:1:"9";s:7:"orderby";s:1:"5";}}}s:29:"ProductGalleryI18ndescription";a:1:{i:0;a:1:{s:18:"ProductGalleryI18n";a:3:{i:0;a:3:{s:11:"description";s:21:"中国佛琉璃挂件";s:18:"product_gallery_id";s:1:"9";s:6:"locale";s:3:"chi";}i:1;a:3:{s:11:"description";s:29:"Glass pendants Chinese Buddha";s:18:"product_gallery_id";s:1:"9";s:6:"locale";s:3:"eng";}i:2;a:3:{s:11:"description";s:21:"中国佛琉璃挂件";s:18:"product_gallery_id";s:1:"9";s:6:"locale";s:3:"cht";}}}}s:10:"image_path";a:1:{i:9999;s:11:"system_path";}s:9:"img_thumb";a:1:{i:9999;s:0:"";}s:10:"img_detail";a:1:{i:9999;s:0:"";}s:12:"img_original";a:1:{i:9999;s:0:"";}s:7:"img_url";a:1:{i:9999;s:0:"";}s:8:"img_desc";a:3:{s:3:"chi";a:1:{i:9999;s:0:"";}s:3:"eng";a:1:{i:9999;s:0:"";}s:3:"cht";a:1:{i:9999;s:0:"";}}s:8:"img_sort";a:1:{i:1;s:0:"";}}get|a:1:{s:3:"url";s:15:"products/view/9";}', '1', '2009-10-10 11:01:36', '2009-10-10 11:01:36'),
(347, 1, '192.168.10.179', 'http://data.branches.seevia.cn/sv-admin/products/view/10', '操作员seevia 编辑商品:活动贝壳项链相册', 'post|a:12:{s:7:"_method";s:4:"POST";s:11:"action_type";s:15:"product_gallery";s:10:"product_id";s:2:"10";s:4:"data";a:1:{s:14:"ProductGallery";a:1:{i:0;a:2:{s:2:"id";s:2:"10";s:7:"orderby";s:1:"5";}}}s:29:"ProductGalleryI18ndescription";a:1:{i:0;a:1:{s:18:"ProductGalleryI18n";a:3:{i:0;a:3:{s:11:"description";s:18:"活动贝壳项链";s:18:"product_gallery_id";s:2:"10";s:6:"locale";s:3:"chi";}i:1;a:3:{s:11:"description";s:32:"The activities of Shell Necklace";s:18:"product_gallery_id";s:2:"10";s:6:"locale";s:3:"eng";}i:2;a:3:{s:11:"description";s:18:"活动贝壳项链";s:18:"product_gallery_id";s:2:"10";s:6:"locale";s:3:"cht";}}}}s:10:"image_path";a:1:{i:9999;s:11:"system_path";}s:9:"img_thumb";a:1:{i:9999;s:0:"";}s:10:"img_detail";a:1:{i:9999;s:0:"";}s:12:"img_original";a:1:{i:9999;s:0:"";}s:7:"img_url";a:1:{i:9999;s:0:"";}s:8:"img_desc";a:3:{s:3:"chi";a:1:{i:9999;s:0:"";}s:3:"eng";a:1:{i:9999;s:0:"";}s:3:"cht";a:1:{i:9999;s:0:"";}}s:8:"img_sort";a:1:{i:1;s:0:"";}}get|a:1:{s:3:"url";s:16:"products/view/10";}', '1', '2009-10-10 11:02:02', '2009-10-10 11:02:02'),
(348, 1, '192.168.10.179', 'http://data.branches.seevia.cn/sv-admin/roles/edit/12', '操作员seevia 编辑角色:购物', 'post|a:3:{s:7:"_method";s:4:"POST";s:4:"data";a:2:{s:12:"OperatorRole";a:3:{s:2:"id";s:2:"12";s:7:"orderby";s:2:"50";s:6:"status";s:1:"1";}s:16:"OperatorRoleI18n";a:3:{i:0;a:4:{s:4:"name";s:6:"购物";s:6:"locale";s:3:"chi";s:2:"id";s:1:"6";s:16:"operator_role_id";s:2:"12";}i:1;a:4:{s:4:"name";s:6:"购物";s:6:"locale";s:3:"eng";s:2:"id";s:1:"2";s:16:"operator_role_id";s:2:"12";}i:2;a:4:{s:4:"name";s:6:"购物";s:6:"locale";s:3:"cht";s:2:"id";s:2:"33";s:16:"operator_role_id";s:2:"12";}}}s:10:"competence";a:30:{i:0;s:2:"17";i:1;s:2:"18";i:2;s:3:"157";i:3;s:3:"248";i:4;s:3:"262";i:5;s:3:"293";i:6;s:3:"294";i:7;s:3:"281";i:8;s:3:"282";i:9;s:3:"283";i:10;s:3:"284";i:11;s:3:"285";i:12;s:3:"286";i:13;s:3:"275";i:14;s:3:"287";i:15;s:3:"288";i:16;s:3:"289";i:17;s:3:"276";i:18;s:3:"290";i:19;s:3:"291";i:20;s:3:"292";i:21;s:3:"296";i:22;s:3:"328";i:23;s:3:"330";i:24;s:3:"332";i:25;s:3:"334";i:26;s:3:"336";i:27;s:3:"338";i:28;s:3:"340";i:29;s:3:"342";}}get|a:1:{s:3:"url";s:13:"roles/edit/12";}', '1', '2009-10-12 17:16:04', '2009-10-12 17:16:04'),
(349, 1, '192.168.10.179', 'http://data.branches.seevia.cn/sv-admin/roles/edit/12', '操作员seevia 编辑角色:购物', 'post|a:4:{s:7:"_method";s:4:"POST";s:4:"data";a:2:{s:12:"OperatorRole";a:3:{s:2:"id";s:2:"12";s:7:"orderby";s:2:"50";s:6:"status";s:1:"1";}s:16:"OperatorRoleI18n";a:3:{i:0;a:4:{s:4:"name";s:6:"购物";s:6:"locale";s:3:"chi";s:2:"id";s:1:"6";s:16:"operator_role_id";s:2:"12";}i:1;a:4:{s:4:"name";s:6:"购物";s:6:"locale";s:3:"eng";s:2:"id";s:1:"2";s:16:"operator_role_id";s:2:"12";}i:2;a:4:{s:4:"name";s:6:"购物";s:6:"locale";s:3:"cht";s:2:"id";s:2:"33";s:16:"operator_role_id";s:2:"12";}}}s:10:"competence";a:30:{i:0;s:2:"17";i:1;s:2:"18";i:2;s:3:"157";i:3;s:3:"248";i:4;s:3:"262";i:5;s:3:"293";i:6;s:3:"294";i:7;s:3:"281";i:8;s:3:"282";i:9;s:3:"283";i:10;s:3:"284";i:11;s:3:"285";i:12;s:3:"286";i:13;s:3:"275";i:14;s:3:"287";i:15;s:3:"288";i:16;s:3:"289";i:17;s:3:"276";i:18;s:3:"290";i:19;s:3:"291";i:20;s:3:"292";i:21;s:3:"296";i:22;s:3:"328";i:23;s:3:"330";i:24;s:3:"332";i:25;s:3:"334";i:26;s:3:"336";i:27;s:3:"338";i:28;s:3:"340";i:29;s:3:"342";}s:8:"checkbox";s:8:"checkbox";}get|a:1:{s:3:"url";s:13:"roles/edit/12";}', '1', '2009-10-12 17:16:29', '2009-10-12 17:16:29'),
(350, 1, '192.168.10.179', 'http://data.branches.seevia.cn/sv-admin/roles/edit/11', '操作员seevia 编辑角色:人事', 'post|a:3:{s:7:"_method";s:4:"POST";s:4:"data";a:2:{s:12:"OperatorRole";a:3:{s:2:"id";s:2:"11";s:7:"orderby";s:2:"50";s:6:"status";s:1:"1";}s:16:"OperatorRoleI18n";a:3:{i:0;a:4:{s:4:"name";s:6:"人事";s:6:"locale";s:3:"chi";s:2:"id";s:2:"31";s:16:"operator_role_id";s:2:"11";}i:1;a:4:{s:4:"name";s:6:"人事";s:6:"locale";s:3:"eng";s:2:"id";s:2:"32";s:16:"operator_role_id";s:2:"11";}i:2;a:4:{s:4:"name";s:6:"人事";s:6:"locale";s:3:"cht";s:2:"id";s:1:"1";s:16:"operator_role_id";s:2:"11";}}}s:10:"competence";a:28:{i:0;s:3:"170";i:1;s:3:"171";i:2;s:3:"172";i:3;s:2:"70";i:4;s:2:"71";i:5;s:2:"73";i:6;s:2:"74";i:7;s:2:"76";i:8;s:2:"77";i:9;s:3:"103";i:10;s:3:"104";i:11;s:3:"123";i:12;s:3:"124";i:13;s:3:"176";i:14;s:3:"137";i:15;s:3:"180";i:16;s:3:"139";i:17;s:3:"181";i:18;s:3:"141";i:19;s:3:"142";i:20;s:3:"182";i:21;s:3:"144";i:22;s:3:"145";i:23;s:3:"147";i:24;s:3:"148";i:25;s:3:"223";i:26;s:3:"244";i:27;s:3:"246";}}get|a:1:{s:3:"url";s:13:"roles/edit/11";}', '1', '2009-10-12 17:18:48', '2009-10-12 17:18:48'),
(351, 1, '192.168.10.179', 'http://data.branches.seevia.cn/sv-admin/roles/edit/10', '操作员seevia 编辑角色:技术', 'post|a:3:{s:7:"_method";s:4:"POST";s:4:"data";a:2:{s:12:"OperatorRole";a:3:{s:2:"id";s:2:"10";s:7:"orderby";s:2:"50";s:6:"status";s:1:"1";}s:16:"OperatorRoleI18n";a:3:{i:0;a:4:{s:4:"name";s:6:"技术";s:6:"locale";s:3:"chi";s:2:"id";s:2:"28";s:16:"operator_role_id";s:2:"10";}i:1;a:4:{s:4:"name";s:6:"技术";s:6:"locale";s:3:"eng";s:2:"id";s:2:"29";s:16:"operator_role_id";s:2:"10";}i:2;a:4:{s:4:"name";s:6:"技术";s:6:"locale";s:3:"cht";s:2:"id";s:1:"5";s:16:"operator_role_id";s:2:"10";}}}s:10:"competence";a:16:{i:0;s:3:"152";i:1;s:3:"154";i:2;s:3:"153";i:3;s:3:"156";i:4;s:2:"46";i:5;s:2:"47";i:6;s:3:"166";i:7;s:3:"193";i:8;s:3:"233";i:9;s:3:"234";i:10;s:3:"235";i:11;s:3:"240";i:12;s:3:"185";i:13;s:3:"186";i:14;s:3:"188";i:15;s:3:"209";}}get|a:1:{s:3:"url";s:13:"roles/edit/10";}', '1', '2009-10-12 17:21:20', '2009-10-12 17:21:20'),
(352, 1, '192.168.10.179', 'http://data.branches.seevia.cn/sv-admin/roles/edit/9', '操作员seevia 编辑角色:供应', 'post|a:3:{s:7:"_method";s:4:"POST";s:4:"data";a:2:{s:12:"OperatorRole";a:3:{s:2:"id";s:1:"9";s:7:"orderby";s:2:"50";s:6:"status";s:1:"1";}s:16:"OperatorRoleI18n";a:3:{i:0;a:4:{s:4:"name";s:6:"供应";s:6:"locale";s:3:"chi";s:2:"id";s:2:"25";s:16:"operator_role_id";s:1:"9";}i:1;a:4:{s:4:"name";s:6:"供应";s:6:"locale";s:3:"eng";s:2:"id";s:2:"26";s:16:"operator_role_id";s:1:"9";}i:2;a:4:{s:4:"name";s:6:"供应";s:6:"locale";s:3:"cht";s:2:"id";s:2:"12";s:16:"operator_role_id";s:1:"9";}}}s:10:"competence";a:8:{i:0;s:3:"328";i:1;s:3:"330";i:2;s:3:"332";i:3;s:3:"334";i:4;s:3:"336";i:5;s:3:"338";i:6;s:3:"340";i:7;s:3:"342";}}get|a:1:{s:3:"url";s:12:"roles/edit/9";}', '1', '2009-10-12 17:21:59', '2009-10-12 17:21:59'),
(353, 1, '192.168.10.179', 'http://data.branches.seevia.cn/sv-admin/roles/edit/8', '操作员seevia 编辑角色:采购', 'post|a:3:{s:7:"_method";s:4:"POST";s:4:"data";a:2:{s:12:"OperatorRole";a:3:{s:2:"id";s:1:"8";s:7:"orderby";s:2:"50";s:6:"status";s:1:"1";}s:16:"OperatorRoleI18n";a:3:{i:0;a:4:{s:4:"name";s:6:"采购";s:6:"locale";s:3:"chi";s:2:"id";s:2:"22";s:16:"operator_role_id";s:1:"8";}i:1;a:4:{s:4:"name";s:6:"采购";s:6:"locale";s:3:"eng";s:2:"id";s:2:"23";s:16:"operator_role_id";s:1:"8";}i:2;a:4:{s:4:"name";s:6:"采购";s:6:"locale";s:3:"cht";s:2:"id";s:2:"15";s:16:"operator_role_id";s:1:"8";}}}s:10:"competence";a:30:{i:0;s:2:"17";i:1;s:2:"18";i:2;s:3:"157";i:3;s:3:"248";i:4;s:3:"262";i:5;s:3:"293";i:6;s:3:"294";i:7;s:3:"281";i:8;s:3:"282";i:9;s:3:"283";i:10;s:3:"284";i:11;s:3:"285";i:12;s:3:"286";i:13;s:3:"275";i:14;s:3:"287";i:15;s:3:"288";i:16;s:3:"289";i:17;s:3:"276";i:18;s:3:"290";i:19;s:3:"291";i:20;s:3:"292";i:21;s:3:"296";i:22;s:3:"328";i:23;s:3:"330";i:24;s:3:"332";i:25;s:3:"334";i:26;s:3:"336";i:27;s:3:"338";i:28;s:3:"340";i:29;s:3:"342";}}get|a:1:{s:3:"url";s:12:"roles/edit/8";}', '1', '2009-10-12 17:22:54', '2009-10-12 17:22:54'),
(354, 1, '192.168.10.179', 'http://data.branches.seevia.cn/sv-admin/roles/edit/7', '操作员seevia 编辑角色:产品', 'post|a:3:{s:7:"_method";s:4:"POST";s:4:"data";a:2:{s:12:"OperatorRole";a:3:{s:2:"id";s:1:"7";s:7:"orderby";s:2:"50";s:6:"status";s:1:"1";}s:16:"OperatorRoleI18n";a:3:{i:0;a:4:{s:4:"name";s:6:"产品";s:6:"locale";s:3:"chi";s:2:"id";s:2:"19";s:16:"operator_role_id";s:1:"7";}i:1;a:4:{s:4:"name";s:6:"产品";s:6:"locale";s:3:"eng";s:2:"id";s:2:"20";s:16:"operator_role_id";s:1:"7";}i:2;a:4:{s:4:"name";s:6:"产品";s:6:"locale";s:3:"cht";s:2:"id";s:2:"18";s:16:"operator_role_id";s:1:"7";}}}s:10:"competence";a:21:{i:0;s:2:"79";i:1;s:2:"80";i:2;s:3:"116";i:3;s:3:"117";i:4;s:3:"118";i:5;s:3:"174";i:6;s:3:"120";i:7;s:3:"121";i:8;s:3:"175";i:9;s:3:"189";i:10;s:3:"126";i:11;s:3:"127";i:12;s:3:"177";i:13;s:3:"191";i:14;s:3:"206";i:15;s:3:"225";i:16;s:3:"226";i:17;s:3:"227";i:18;s:3:"229";i:19;s:3:"230";i:20;s:3:"231";}}get|a:1:{s:3:"url";s:12:"roles/edit/7";}', '1', '2009-10-12 17:23:52', '2009-10-12 17:23:52');
INSERT INTO `svcart_operator_logs` (`id`, `operator_id`, `ipaddress`, `action_url`, `info`, `remark`, `type`, `created`, `modified`) VALUES
(355, 1, '192.168.10.179', 'http://data.branches.seevia.cn/sv-admin/configvalues/edit', '操作员seevia 修改商店设置', 'post|a:2:{s:7:"_method";s:4:"POST";s:4:"data";a:129:{i:0;a:4:{s:6:"locale";s:3:"chi";s:9:"config_id";s:3:"260";s:2:"id";s:3:"160";s:5:"value";s:2:"-8";}i:1;a:4:{s:6:"locale";s:3:"eng";s:9:"config_id";s:3:"260";s:2:"id";s:3:"257";s:5:"value";s:2:"-8";}i:2;a:4:{s:6:"locale";s:3:"cht";s:9:"config_id";s:3:"260";s:2:"id";s:3:"315";s:5:"value";s:2:"-8";}i:3;a:4:{s:6:"locale";s:3:"chi";s:9:"config_id";s:3:"419";s:2:"id";s:3:"130";s:5:"value";s:8:"￥%s元";}i:4;a:4:{s:6:"locale";s:3:"eng";s:9:"config_id";s:3:"419";s:2:"id";s:3:"488";s:5:"value";s:8:"￥%s元";}i:5;a:4:{s:6:"locale";s:3:"cht";s:9:"config_id";s:3:"419";s:2:"id";s:3:"338";s:5:"value";s:8:"￥%s元";}i:6;a:4:{s:6:"locale";s:3:"chi";s:9:"config_id";s:3:"450";s:2:"id";s:3:"152";s:5:"value";s:0:"";}i:7;a:4:{s:6:"locale";s:3:"eng";s:9:"config_id";s:3:"450";s:2:"id";s:3:"501";s:5:"value";s:0:"";}i:8;a:4:{s:6:"locale";s:3:"cht";s:9:"config_id";s:3:"450";s:2:"id";s:3:"322";s:5:"value";s:0:"";}i:9;a:4:{s:6:"locale";s:3:"chi";s:9:"config_id";s:3:"255";s:2:"id";s:3:"159";s:5:"value";s:0:"";}i:10;a:4:{s:6:"locale";s:3:"eng";s:9:"config_id";s:3:"255";s:2:"id";s:3:"260";s:5:"value";s:0:"";}i:11;a:4:{s:6:"locale";s:3:"cht";s:9:"config_id";s:3:"255";s:2:"id";s:3:"316";s:5:"value";s:0:"";}i:12;a:4:{s:6:"locale";s:3:"chi";s:9:"config_id";s:3:"504";s:2:"id";s:3:"265";s:5:"value";s:1:"1";}i:13;a:4:{s:6:"locale";s:3:"eng";s:9:"config_id";s:3:"504";s:2:"id";s:3:"534";s:5:"value";s:1:"1";}i:14;a:4:{s:6:"locale";s:3:"cht";s:9:"config_id";s:3:"504";s:2:"id";s:3:"290";s:5:"value";s:1:"1";}i:15;a:4:{s:6:"locale";s:3:"chi";s:9:"config_id";s:3:"247";s:2:"id";s:3:"106";s:5:"value";s:5:"1.2  ";}i:16;a:4:{s:6:"locale";s:3:"eng";s:9:"config_id";s:3:"247";s:2:"id";s:3:"264";s:5:"value";s:5:"1.2  ";}i:17;a:4:{s:6:"locale";s:3:"cht";s:9:"config_id";s:3:"247";s:2:"id";s:3:"360";s:5:"value";s:5:"1.2  ";}i:18;a:4:{s:6:"locale";s:3:"chi";s:9:"config_id";s:3:"350";s:2:"id";s:2:"36";s:5:"value";s:1:"5";}i:19;a:4:{s:6:"locale";s:3:"eng";s:9:"config_id";s:3:"350";s:2:"id";s:3:"201";s:5:"value";s:1:"5";}i:20;a:4:{s:6:"locale";s:3:"cht";s:9:"config_id";s:3:"350";s:2:"id";s:3:"425";s:5:"value";s:1:"5";}i:21;a:4:{s:6:"locale";s:3:"chi";s:9:"config_id";s:3:"449";s:2:"id";s:3:"151";s:5:"value";s:2:"10";}i:22;a:4:{s:6:"locale";s:3:"eng";s:9:"config_id";s:3:"449";s:2:"id";s:3:"500";s:5:"value";s:2:"10";}i:23;a:4:{s:6:"locale";s:3:"cht";s:9:"config_id";s:3:"449";s:2:"id";s:3:"324";s:5:"value";s:2:"10";}i:24;a:4:{s:6:"locale";s:3:"chi";s:9:"config_id";s:3:"254";s:2:"id";s:3:"103";s:5:"value";s:1:"0";}i:25;a:4:{s:6:"locale";s:3:"eng";s:9:"config_id";s:3:"254";s:2:"id";s:3:"261";s:5:"value";s:1:"0";}i:26;a:4:{s:6:"locale";s:3:"cht";s:9:"config_id";s:3:"254";s:2:"id";s:3:"365";s:5:"value";s:1:"0";}i:27;a:4:{s:6:"locale";s:3:"chi";s:9:"config_id";s:3:"469";s:2:"id";s:3:"164";s:5:"value";s:1:"1";}i:28;a:4:{s:6:"locale";s:3:"eng";s:9:"config_id";s:3:"469";s:2:"id";s:3:"509";s:5:"value";s:1:"1";}i:29;a:4:{s:6:"locale";s:3:"cht";s:9:"config_id";s:3:"469";s:2:"id";s:3:"311";s:5:"value";s:1:"1";}i:30;a:4:{s:6:"locale";s:3:"chi";s:9:"config_id";s:3:"479";s:2:"id";s:3:"168";s:5:"value";s:1:"1";}i:31;a:4:{s:6:"locale";s:3:"eng";s:9:"config_id";s:3:"479";s:2:"id";s:3:"514";s:5:"value";s:1:"1";}i:32;a:4:{s:6:"locale";s:3:"cht";s:9:"config_id";s:3:"479";s:2:"id";s:3:"307";s:5:"value";s:1:"1";}i:33;a:4:{s:6:"locale";s:3:"chi";s:9:"config_id";s:3:"456";s:2:"id";s:3:"155";s:5:"value";s:1:"1";}i:34;a:4:{s:6:"locale";s:3:"eng";s:9:"config_id";s:3:"456";s:2:"id";s:3:"504";s:5:"value";s:1:"1";}i:35;a:4:{s:6:"locale";s:3:"cht";s:9:"config_id";s:3:"456";s:2:"id";s:3:"321";s:5:"value";s:1:"1";}i:36;a:4:{s:6:"locale";s:3:"chi";s:9:"config_id";s:3:"447";s:2:"id";s:3:"149";s:5:"value";s:1:"1";}i:37;a:4:{s:6:"locale";s:3:"eng";s:9:"config_id";s:3:"447";s:2:"id";s:3:"498";s:5:"value";s:1:"1";}i:38;a:4:{s:6:"locale";s:3:"cht";s:9:"config_id";s:3:"447";s:2:"id";s:3:"326";s:5:"value";s:1:"1";}i:39;a:4:{s:6:"locale";s:3:"chi";s:9:"config_id";s:3:"258";s:2:"id";s:3:"101";s:5:"value";s:1:"1";}i:40;a:4:{s:6:"locale";s:3:"eng";s:9:"config_id";s:3:"258";s:2:"id";s:3:"258";s:5:"value";s:1:"1";}i:41;a:4:{s:6:"locale";s:3:"cht";s:9:"config_id";s:3:"258";s:2:"id";s:3:"368";s:5:"value";s:1:"1";}i:42;a:4:{s:6:"locale";s:3:"chi";s:9:"config_id";s:3:"448";s:2:"id";s:3:"150";s:5:"value";s:1:"1";}i:43;a:4:{s:6:"locale";s:3:"eng";s:9:"config_id";s:3:"448";s:2:"id";s:3:"499";s:5:"value";s:1:"1";}i:44;a:4:{s:6:"locale";s:3:"cht";s:9:"config_id";s:3:"448";s:2:"id";s:3:"325";s:5:"value";s:1:"1";}i:45;a:4:{s:6:"locale";s:3:"chi";s:9:"config_id";s:3:"271";s:2:"id";s:2:"94";s:5:"value";s:1:"1";}i:46;a:4:{s:6:"locale";s:3:"eng";s:9:"config_id";s:3:"271";s:2:"id";s:3:"249";s:5:"value";s:1:"1";}i:47;a:4:{s:6:"locale";s:3:"cht";s:9:"config_id";s:3:"271";s:2:"id";s:3:"373";s:5:"value";s:1:"1";}i:48;a:4:{s:6:"locale";s:3:"chi";s:9:"config_id";s:3:"263";s:2:"id";s:2:"99";s:5:"value";s:1:"0";}i:49;a:4:{s:6:"locale";s:3:"eng";s:9:"config_id";s:3:"263";s:2:"id";s:3:"244";s:5:"value";s:1:"0";}i:50;a:4:{s:6:"locale";s:3:"cht";s:9:"config_id";s:3:"263";s:2:"id";s:3:"369";s:5:"value";s:1:"0";}i:51;a:4:{s:6:"locale";s:3:"chi";s:9:"config_id";s:3:"487";s:2:"id";s:3:"183";s:5:"value";s:1:"1";}i:52;a:4:{s:6:"locale";s:3:"eng";s:9:"config_id";s:3:"487";s:2:"id";s:3:"521";s:5:"value";s:1:"1";}i:53;a:4:{s:6:"locale";s:3:"cht";s:9:"config_id";s:3:"487";s:2:"id";s:3:"299";s:5:"value";s:1:"1";}i:54;a:4:{s:6:"locale";s:3:"chi";s:9:"config_id";s:3:"253";s:2:"id";s:3:"102";s:5:"value";s:1:"0";}i:55;a:4:{s:6:"locale";s:3:"eng";s:9:"config_id";s:3:"253";s:2:"id";s:3:"262";s:5:"value";s:1:"0";}i:56;a:4:{s:6:"locale";s:3:"cht";s:9:"config_id";s:3:"253";s:2:"id";s:3:"366";s:5:"value";s:1:"0";}i:57;a:4:{s:6:"locale";s:3:"chi";s:9:"config_id";s:3:"451";s:2:"id";s:3:"153";s:5:"value";s:1:"1";}i:58;a:4:{s:6:"locale";s:3:"eng";s:9:"config_id";s:3:"451";s:2:"id";s:3:"502";s:5:"value";s:1:"1";}i:59;a:4:{s:6:"locale";s:3:"cht";s:9:"config_id";s:3:"451";s:2:"id";s:3:"323";s:5:"value";s:1:"1";}i:60;a:4:{s:6:"locale";s:3:"chi";s:9:"config_id";s:3:"464";s:2:"id";s:3:"158";s:5:"value";s:1:"1";}i:61;a:4:{s:6:"locale";s:3:"eng";s:9:"config_id";s:3:"464";s:2:"id";s:3:"506";s:5:"value";s:1:"1";}i:62;a:4:{s:6:"locale";s:3:"cht";s:9:"config_id";s:3:"464";s:2:"id";s:3:"317";s:5:"value";s:1:"1";}i:63;a:4:{s:6:"locale";s:3:"chi";s:9:"config_id";s:3:"472";s:2:"id";s:3:"161";s:5:"value";s:1:"0";}i:64;a:4:{s:6:"locale";s:3:"eng";s:9:"config_id";s:3:"472";s:2:"id";s:3:"512";s:5:"value";s:1:"0";}i:65;a:4:{s:6:"locale";s:3:"cht";s:9:"config_id";s:3:"472";s:2:"id";s:3:"312";s:5:"value";s:1:"0";}i:66;a:4:{s:6:"locale";s:3:"chi";s:9:"config_id";s:3:"480";s:2:"id";s:3:"169";s:5:"value";s:1:"0";}i:67;a:4:{s:6:"locale";s:3:"eng";s:9:"config_id";s:3:"480";s:2:"id";s:3:"515";s:5:"value";s:1:"0";}i:68;a:4:{s:6:"locale";s:3:"cht";s:9:"config_id";s:3:"480";s:2:"id";s:3:"306";s:5:"value";s:1:"0";}i:69;a:4:{s:6:"locale";s:3:"chi";s:9:"config_id";s:3:"470";s:2:"id";s:3:"165";s:5:"value";s:1:"1";}i:70;a:4:{s:6:"locale";s:3:"eng";s:9:"config_id";s:3:"470";s:2:"id";s:3:"510";s:5:"value";s:1:"1";}i:71;a:4:{s:6:"locale";s:3:"cht";s:9:"config_id";s:3:"470";s:2:"id";s:3:"310";s:5:"value";s:1:"1";}i:72;a:4:{s:6:"locale";s:3:"chi";s:9:"config_id";s:3:"429";s:2:"id";s:3:"145";s:5:"value";s:1:"0";}i:73;a:4:{s:6:"locale";s:3:"eng";s:9:"config_id";s:3:"429";s:2:"id";s:3:"494";s:5:"value";s:1:"0";}i:74;a:4:{s:6:"locale";s:3:"cht";s:9:"config_id";s:3:"429";s:2:"id";s:3:"330";s:5:"value";s:1:"0";}i:75;a:4:{s:6:"locale";s:3:"chi";s:9:"config_id";s:3:"431";s:2:"id";s:3:"147";s:5:"value";s:1:"1";}i:76;a:4:{s:6:"locale";s:3:"eng";s:9:"config_id";s:3:"431";s:2:"id";s:3:"496";s:5:"value";s:1:"1";}i:77;a:4:{s:6:"locale";s:3:"cht";s:9:"config_id";s:3:"431";s:2:"id";s:3:"329";s:5:"value";s:1:"1";}i:78;a:4:{s:6:"locale";s:3:"chi";s:9:"config_id";s:3:"486";s:2:"id";s:3:"180";s:5:"value";s:1:"0";}i:79;a:4:{s:6:"locale";s:3:"eng";s:9:"config_id";s:3:"486";s:2:"id";s:3:"520";s:5:"value";s:1:"0";}i:80;a:4:{s:6:"locale";s:3:"cht";s:9:"config_id";s:3:"486";s:2:"id";s:3:"304";s:5:"value";s:1:"0";}i:81;a:4:{s:6:"locale";s:3:"chi";s:9:"config_id";s:3:"246";s:2:"id";s:3:"105";s:5:"value";s:1:"1";}i:82;a:4:{s:6:"locale";s:3:"eng";s:9:"config_id";s:3:"246";s:2:"id";s:3:"267";s:5:"value";s:1:"1";}i:83;a:4:{s:6:"locale";s:3:"cht";s:9:"config_id";s:3:"246";s:2:"id";s:3:"363";s:5:"value";s:1:"1";}i:84;a:4:{s:6:"locale";s:3:"chi";s:9:"config_id";s:3:"485";s:2:"id";s:3:"182";s:5:"value";s:1:"1";}i:85;a:4:{s:6:"locale";s:3:"eng";s:9:"config_id";s:3:"485";s:2:"id";s:3:"519";s:5:"value";s:1:"1";}i:86;a:4:{s:6:"locale";s:3:"cht";s:9:"config_id";s:3:"485";s:2:"id";s:3:"300";s:5:"value";s:1:"1";}i:87;a:4:{s:6:"locale";s:3:"chi";s:9:"config_id";s:3:"484";s:2:"id";s:3:"181";s:5:"value";s:1:"1";}i:88;a:4:{s:6:"locale";s:3:"eng";s:9:"config_id";s:3:"484";s:2:"id";s:3:"518";s:5:"value";s:1:"1";}i:89;a:4:{s:6:"locale";s:3:"cht";s:9:"config_id";s:3:"484";s:2:"id";s:3:"301";s:5:"value";s:1:"1";}i:90;a:4:{s:6:"locale";s:3:"chi";s:9:"config_id";s:3:"265";s:2:"id";s:2:"98";s:5:"value";s:3:"999";}i:91;a:4:{s:6:"locale";s:3:"eng";s:9:"config_id";s:3:"265";s:2:"id";s:3:"246";s:5:"value";s:3:"999";}i:92;a:4:{s:6:"locale";s:3:"cht";s:9:"config_id";s:3:"265";s:2:"id";s:3:"370";s:5:"value";s:3:"999";}i:93;a:4:{s:6:"locale";s:3:"chi";s:9:"config_id";s:3:"252";s:2:"id";s:3:"104";s:5:"value";s:2:"SV";}i:94;a:4:{s:6:"locale";s:3:"eng";s:9:"config_id";s:3:"252";s:2:"id";s:3:"263";s:5:"value";s:2:"SV";}i:95;a:4:{s:6:"locale";s:3:"cht";s:9:"config_id";s:3:"252";s:2:"id";s:3:"364";s:5:"value";s:2:"SV";}i:96;a:4:{s:6:"locale";s:3:"chi";s:9:"config_id";s:3:"349";s:2:"id";s:2:"37";s:5:"value";s:4:"20  ";}i:97;a:4:{s:6:"locale";s:3:"eng";s:9:"config_id";s:3:"349";s:2:"id";s:3:"202";s:5:"value";s:4:"20  ";}i:98;a:4:{s:6:"locale";s:3:"cht";s:9:"config_id";s:3:"349";s:2:"id";s:3:"426";s:5:"value";s:4:"20  ";}i:99;a:4:{s:6:"locale";s:3:"chi";s:9:"config_id";s:3:"243";s:2:"id";s:3:"109";s:5:"value";s:1:"2";}i:100;a:4:{s:6:"locale";s:3:"eng";s:9:"config_id";s:3:"243";s:2:"id";s:3:"269";s:5:"value";s:1:"2";}i:101;a:4:{s:6:"locale";s:3:"cht";s:9:"config_id";s:3:"243";s:2:"id";s:3:"358";s:5:"value";s:1:"2";}i:102;a:4:{s:6:"locale";s:3:"chi";s:9:"config_id";s:3:"245";s:2:"id";s:3:"107";s:5:"value";s:2:"50";}i:103;a:4:{s:6:"locale";s:3:"eng";s:9:"config_id";s:3:"245";s:2:"id";s:3:"266";s:5:"value";s:2:"50";}i:104;a:4:{s:6:"locale";s:3:"cht";s:9:"config_id";s:3:"245";s:2:"id";s:3:"362";s:5:"value";s:2:"50";}i:105;a:4:{s:6:"locale";s:3:"chi";s:9:"config_id";s:3:"244";s:2:"id";s:3:"108";s:5:"value";s:1:"0";}i:106;a:4:{s:6:"locale";s:3:"eng";s:9:"config_id";s:3:"244";s:2:"id";s:3:"268";s:5:"value";s:1:"0";}i:107;a:4:{s:6:"locale";s:3:"cht";s:9:"config_id";s:3:"244";s:2:"id";s:3:"361";s:5:"value";s:1:"0";}i:108;a:4:{s:6:"locale";s:3:"chi";s:9:"config_id";s:3:"270";s:2:"id";s:2:"95";s:5:"value";s:1:"1";}i:109;a:4:{s:6:"locale";s:3:"eng";s:9:"config_id";s:3:"270";s:2:"id";s:3:"248";s:5:"value";s:1:"1";}i:110;a:4:{s:6:"locale";s:3:"cht";s:9:"config_id";s:3:"270";s:2:"id";s:3:"374";s:5:"value";s:1:"1";}i:111;a:4:{s:6:"locale";s:3:"chi";s:9:"config_id";s:3:"392";s:2:"id";s:2:"19";s:5:"value";s:1:"1";}i:112;a:4:{s:6:"locale";s:3:"eng";s:9:"config_id";s:3:"392";s:2:"id";s:3:"468";s:5:"value";s:1:"1";}i:113;a:4:{s:6:"locale";s:3:"cht";s:9:"config_id";s:3:"392";s:2:"id";s:3:"450";s:5:"value";s:1:"1";}i:114;a:4:{s:6:"locale";s:3:"chi";s:9:"config_id";s:3:"430";s:2:"id";s:3:"146";s:5:"value";s:1:"0";}i:115;a:4:{s:6:"locale";s:3:"eng";s:9:"config_id";s:3:"430";s:2:"id";s:3:"495";s:5:"value";s:1:"0";}i:116;a:4:{s:6:"locale";s:3:"cht";s:9:"config_id";s:3:"430";s:2:"id";s:3:"328";s:5:"value";s:1:"0";}i:117;a:4:{s:6:"locale";s:3:"chi";s:9:"config_id";s:3:"473";s:2:"id";s:3:"167";s:5:"value";s:1:"1";}i:118;a:4:{s:6:"locale";s:3:"eng";s:9:"config_id";s:3:"473";s:2:"id";s:3:"513";s:5:"value";s:1:"1";}i:119;a:4:{s:6:"locale";s:3:"cht";s:9:"config_id";s:3:"473";s:2:"id";s:3:"309";s:5:"value";s:1:"1";}i:120;a:4:{s:6:"locale";s:3:"chi";s:9:"config_id";s:3:"457";s:2:"id";s:3:"156";s:5:"value";s:1:"1";}i:121;a:4:{s:6:"locale";s:3:"eng";s:9:"config_id";s:3:"457";s:2:"id";s:3:"505";s:5:"value";s:1:"1";}i:122;a:4:{s:6:"locale";s:3:"cht";s:9:"config_id";s:3:"457";s:2:"id";s:3:"319";s:5:"value";s:1:"1";}i:123;a:4:{s:6:"locale";s:3:"chi";s:9:"config_id";s:3:"264";s:2:"id";s:2:"97";s:5:"value";s:1:"1";}i:124;a:4:{s:6:"locale";s:3:"eng";s:9:"config_id";s:3:"264";s:2:"id";s:3:"245";s:5:"value";s:1:"1";}i:125;a:4:{s:6:"locale";s:3:"cht";s:9:"config_id";s:3:"264";s:2:"id";s:3:"372";s:5:"value";s:1:"1";}i:126;a:4:{s:6:"locale";s:3:"chi";s:9:"config_id";s:3:"411";s:2:"id";s:2:"10";s:5:"value";s:1:"0";}i:127;a:4:{s:6:"locale";s:3:"eng";s:9:"config_id";s:3:"411";s:2:"id";s:3:"486";s:5:"value";s:1:"0";}i:128;a:4:{s:6:"locale";s:3:"cht";s:9:"config_id";s:3:"411";s:2:"id";s:3:"458";s:5:"value";s:1:"0";}}}get|a:1:{s:3:"url";s:17:"configvalues/edit";}', '1', '2009-10-16 11:34:17', '2009-10-16 11:34:17'),
(356, 1, '192.168.10.179', 'http://data.branches.seevia.cn/sv-admin/roles/edit/6', '操作员seevia 编辑角色:库存', 'post|a:3:{s:7:"_method";s:4:"POST";s:4:"data";a:2:{s:12:"OperatorRole";a:3:{s:2:"id";s:1:"6";s:7:"orderby";s:2:"50";s:6:"status";s:1:"1";}s:16:"OperatorRoleI18n";a:3:{i:0;a:4:{s:4:"name";s:6:"库存";s:6:"locale";s:3:"chi";s:2:"id";s:2:"16";s:16:"operator_role_id";s:1:"6";}i:1;a:4:{s:4:"name";s:6:"库存";s:6:"locale";s:3:"eng";s:2:"id";s:2:"17";s:16:"operator_role_id";s:1:"6";}i:2;a:4:{s:4:"name";s:6:"库存";s:6:"locale";s:3:"cht";s:2:"id";s:2:"36";s:16:"operator_role_id";s:1:"6";}}}s:10:"competence";a:22:{i:0;s:2:"17";i:1;s:2:"18";i:2;s:3:"157";i:3;s:3:"248";i:4;s:3:"262";i:5;s:3:"293";i:6;s:3:"294";i:7;s:3:"281";i:8;s:3:"282";i:9;s:3:"283";i:10;s:3:"284";i:11;s:3:"285";i:12;s:3:"286";i:13;s:3:"275";i:14;s:3:"287";i:15;s:3:"288";i:16;s:3:"289";i:17;s:3:"276";i:18;s:3:"290";i:19;s:3:"291";i:20;s:3:"292";i:21;s:3:"296";}}get|a:1:{s:3:"url";s:12:"roles/edit/6";}', '1', '2009-10-20 10:03:55', '2009-10-20 10:03:55'),
(357, 1, '192.168.10.179', 'http://data.branches.seevia.cn/sv-admin/roles/edit/5', '操作员seevia 编辑角色:客户', 'post|a:3:{s:7:"_method";s:4:"POST";s:4:"data";a:2:{s:12:"OperatorRole";a:3:{s:2:"id";s:1:"5";s:7:"orderby";s:2:"50";s:6:"status";s:1:"1";}s:16:"OperatorRoleI18n";a:3:{i:0;a:4:{s:4:"name";s:6:"客户";s:6:"locale";s:3:"chi";s:2:"id";s:2:"13";s:16:"operator_role_id";s:1:"5";}i:1;a:4:{s:4:"name";s:6:"客户";s:6:"locale";s:3:"eng";s:2:"id";s:2:"14";s:16:"operator_role_id";s:1:"5";}i:2;a:4:{s:4:"name";s:6:"客户";s:6:"locale";s:3:"cht";s:2:"id";s:2:"37";s:16:"operator_role_id";s:1:"5";}}}s:10:"competence";a:28:{i:0;s:3:"170";i:1;s:3:"171";i:2;s:3:"172";i:3;s:2:"70";i:4;s:2:"71";i:5;s:2:"73";i:6;s:2:"74";i:7;s:2:"76";i:8;s:2:"77";i:9;s:3:"103";i:10;s:3:"104";i:11;s:3:"123";i:12;s:3:"124";i:13;s:3:"176";i:14;s:3:"137";i:15;s:3:"180";i:16;s:3:"139";i:17;s:3:"181";i:18;s:3:"141";i:19;s:3:"142";i:20;s:3:"182";i:21;s:3:"144";i:22;s:3:"145";i:23;s:3:"147";i:24;s:3:"148";i:25;s:3:"223";i:26;s:3:"244";i:27;s:3:"246";}}get|a:1:{s:3:"url";s:12:"roles/edit/5";}', '1', '2009-10-20 10:04:47', '2009-10-20 10:04:47'),
(358, 1, '192.168.10.179', 'http://data.branches.seevia.cn/sv-admin/roles/edit/4', '操作员seevia 编辑角色:市场', 'post|a:3:{s:7:"_method";s:4:"POST";s:4:"data";a:2:{s:12:"OperatorRole";a:3:{s:2:"id";s:1:"4";s:7:"orderby";s:2:"50";s:6:"status";s:1:"1";}s:16:"OperatorRoleI18n";a:3:{i:0;a:4:{s:4:"name";s:6:"市场";s:6:"locale";s:3:"chi";s:2:"id";s:2:"10";s:16:"operator_role_id";s:1:"4";}i:1;a:4:{s:4:"name";s:6:"市场";s:6:"locale";s:3:"eng";s:2:"id";s:2:"11";s:16:"operator_role_id";s:1:"4";}i:2;a:4:{s:4:"name";s:6:"市场";s:6:"locale";s:3:"cht";s:2:"id";s:2:"38";s:16:"operator_role_id";s:1:"4";}}}s:10:"competence";a:4:{i:0;s:3:"320";i:1;s:3:"322";i:2;s:3:"324";i:3;s:3:"326";}}get|a:1:{s:3:"url";s:12:"roles/edit/4";}', '1', '2009-10-20 10:05:30', '2009-10-20 10:05:30');

--
-- 导出表中的数据 `svcart_operator_menus`
--


--
-- 导出表中的数据 `svcart_operator_menu_i18ns`
--


--
-- 导出表中的数据 `svcart_operator_roles`
--

INSERT INTO `svcart_operator_roles` (`id`, `store_id`, `actions`, `status`, `orderby`, `created`, `modified`) VALUES
(3, 0, '129;130;179;132;133;178', '1', 50, '2009-09-20 07:14:23', '2009-09-20 07:14:23'),
(4, 0, '320;322;324;326', '1', 50, '2009-10-20 10:05:30', '2009-10-20 10:05:30'),
(5, 0, '170;171;172;70;71;73;74;76;77;103;104;123;124;176;137;180;139;181;141;142;182;144;145;147;148;223;244;246', '1', 50, '2009-10-20 10:04:47', '2009-10-20 10:04:47'),
(6, 0, '17;18;157;248;262;293;294;281;282;283;284;285;286;275;287;288;289;276;290;291;292;296', '1', 50, '2009-10-20 10:03:55', '2009-10-20 10:03:55'),
(7, 0, '79;80;116;117;118;174;120;121;175;189;126;127;177;191;206;225;226;227;229;230;231', '1', 50, '2009-10-12 17:23:52', '2009-10-12 17:23:52'),
(8, 0, '17;18;157;248;262;293;294;281;282;283;284;285;286;275;287;288;289;276;290;291;292;296;328;330;332;334;336;338;340;342', '1', 50, '2009-10-12 17:22:54', '2009-10-12 17:22:54'),
(9, 0, '328;330;332;334;336;338;340;342', '1', 50, '2009-10-12 17:21:59', '2009-10-12 17:21:59'),
(10, 0, '152;154;153;156;46;47;166;193;233;234;235;240;185;186;188;209', '1', 50, '2009-10-12 17:21:20', '2009-10-12 17:21:20'),
(11, 0, '170;171;172;70;71;73;74;76;77;103;104;123;124;176;137;180;139;181;141;142;182;144;145;147;148;223;244;246', '1', 50, '2009-10-12 17:18:48', '2009-10-12 17:18:48'),
(12, 0, '17;18;157;248;262;293;294;281;282;283;284;285;286;275;287;288;289;276;290;291;292;296;328;330;332;334;336;338;340;342', '1', 50, '2009-10-12 17:16:29', '2009-10-12 17:16:29');

--
-- 导出表中的数据 `svcart_operator_role_i18ns`
--

INSERT INTO `svcart_operator_role_i18ns` (`id`, `locale`, `operator_role_id`, `name`, `created`, `modified`) VALUES
(1, 'eng', 11, '人事', '2009-10-12 17:18:48', '2009-10-12 17:18:48'),
(2, 'eng', 12, '购物', '2009-10-12 17:16:29', '2009-10-12 17:16:29'),
(3, '', 0, '', '2009-08-20 05:42:13', '2009-08-20 05:42:13'),
(4, '', 0, '', '2009-08-20 05:41:46', '2009-08-20 05:41:46'),
(5, 'eng', 10, '技术', '2009-10-12 17:21:20', '2009-10-12 17:21:20'),
(6, 'chi', 12, '购物', '2009-10-12 17:16:29', '2009-10-12 17:16:29'),
(7, 'eng', 3, '信息', '2009-09-20 07:14:23', '2009-09-20 07:14:23'),
(8, 'chi', 3, '信息', '2009-09-20 07:14:23', '2009-09-20 07:14:23'),
(9, '', 0, '', '2009-09-20 07:14:23', '2009-09-20 07:14:23'),
(10, 'eng', 4, '市场', '2009-10-20 10:05:30', '2009-10-20 10:05:30'),
(11, 'chi', 4, '市场', '2009-10-20 10:05:30', '2009-10-20 10:05:30'),
(12, 'eng', 9, '供应', '2009-10-12 17:21:59', '2009-10-12 17:21:59'),
(13, 'eng', 5, '客户', '2009-10-20 10:04:47', '2009-10-20 10:04:47'),
(14, 'chi', 5, '客户', '2009-10-20 10:04:47', '2009-10-20 10:04:47'),
(15, 'eng', 8, '采购', '2009-10-12 17:22:54', '2009-10-12 17:22:54'),
(16, 'eng', 6, '库存', '2009-10-20 10:03:55', '2009-10-20 10:03:55'),
(17, 'chi', 6, '库存', '2009-10-20 10:03:55', '2009-10-20 10:03:55'),
(18, 'eng', 7, '产品', '2009-10-12 17:23:52', '2009-10-12 17:23:52'),
(19, 'chi', 7, '产品', '2009-10-12 17:23:52', '2009-10-12 17:23:52'),
(20, '', 0, '', '2009-10-12 17:23:52', '2009-10-12 17:23:52'),
(21, 'cht', 11, '人事', '2009-10-12 17:18:48', '2009-10-12 17:18:48'),
(22, 'chi', 8, '采购', '2009-10-12 17:22:54', '2009-10-12 17:22:54'),
(23, '', 0, '', '2009-10-12 17:22:54', '2009-10-12 17:22:54'),
(24, 'cht', 10, '技术', '2009-10-12 17:21:20', '2009-10-12 17:21:20'),
(25, 'chi', 9, '供应', '2009-10-12 17:21:59', '2009-10-12 17:21:59'),
(26, '', 0, '', '2009-10-12 17:21:59', '2009-10-12 17:21:59'),
(27, 'cht', 9, '供应', '2009-10-12 17:21:59', '2009-10-12 17:21:59'),
(28, 'chi', 10, '技术', '2009-10-12 17:21:20', '2009-10-12 17:21:20'),
(29, '', 0, '', '2009-10-12 17:21:20', '2009-10-12 17:21:20'),
(30, 'cht', 8, '采购', '2009-10-12 17:22:54', '2009-10-12 17:22:54'),
(31, 'chi', 11, '人事', '2009-10-12 17:18:48', '2009-10-12 17:18:48'),
(32, '', 0, '', '2009-10-12 17:18:48', '2009-10-12 17:18:48'),
(33, '', 0, '', '2009-10-12 17:16:04', '2009-10-12 17:16:04'),
(34, '', 0, '', '2009-10-12 17:16:29', '2009-10-12 17:16:29'),
(35, 'cht', 7, '产品', '2009-10-12 17:23:52', '2009-10-12 17:23:52'),
(36, '', 0, '', '2009-10-20 10:03:55', '2009-10-20 10:03:55'),
(37, '', 0, '', '2009-10-20 10:04:47', '2009-10-20 10:04:47'),
(38, '', 0, '', '2009-10-20 10:05:30', '2009-10-20 10:05:30'),
(39, 'cht', 6, '库存', '2009-10-20 10:03:55', '2009-10-20 10:03:55'),
(40, 'cht', 5, '客户', '2009-10-20 10:04:47', '2009-10-20 10:04:47'),
(41, 'cht', 4, '市场', '2009-10-20 10:05:30', '2009-10-20 10:05:30'),
(42, 'cht', 3, '信息', '2009-09-20 07:14:23', '2009-09-20 07:14:23'),
(43, 'cht', 12, '购物', '2009-10-12 17:16:29', '2009-10-12 17:16:29');

--
-- 导出表中的数据 `svcart_orders`
--

INSERT INTO `svcart_orders` (`id`, `order_code`, `order_locale`, `order_currency`, `order_domain`, `user_id`, `operator_id`, `status`, `shipping_id`, `shipping_name`, `shipping_status`, `shipping_time`, `shipping_fee`, `point_fee`, `point_use`, `payment_id`, `payment_name`, `payment_status`, `payment_time`, `payment_fee`, `coupon_id`, `consignee`, `address`, `zipcode`, `telephone`, `mobile`, `email`, `best_time`, `sign_building`, `postscript`, `invoice_no`, `note`, `money_paid`, `discount`, `total`, `subtotal`, `from_ad`, `referer`, `tax`, `is_separate`, `parent_id`, `insure_fee`, `pack_fee`, `card_fee`, `invoice_type`, `invoice_payee`, `invoice_content`, `how_oos`, `pack_name`, `card_name`, `card_message`, `to_buyer`, `confirm_time`, `regions`, `union_user_id`, `express_status`, `express_date`, `created`, `modified`) VALUES
(1, '2009081246107', 'chi', 'RMB', 'http://data.branches.seevia.cn', 1, 0, '1', 2, '送货上门', '0', '2009-07-03 05:57:01', 0.00, 10.00, 50, 9, '余额支付', '2', '2009-08-12 10:27:43', 10.00, 2, 'ginsmap', '宝山 共康六村 xx号 xx室', '', '', '1399999999', 'shenyunfeng@seevia.cn', '只双休日,假日送货(工作日不用送)', '', '', '', '', 947.00, 0.00, 977.00, 967.00, 0, '', 0.00, '0', 0, 0.00, 0.00, 0.00, '', '', '', '', '', '', '', '', '2009-07-03 05:57:01', '1 10 110 ', 0, '0', '0000-00-00 00:00:00', '2009-08-12 10:27:43', '2009-08-12 10:27:43'),
(2, '2009081349099', 'chi', 'RMB', 'http://data.branches.seevia.cn', 2, 0, '0', 2, '送货上门', '0', '2009-07-03 05:57:01', 0.00, 2.00, 10, 3, '支付宝', '0', '2009-07-03 05:57:01', 0.00, 3, 'gintest', '4343456454', '', '', '12345', 'lostmoli20@163.com', '工作日，双休日与节假日均可送货', '', '', '', '11122233445eerr', 0.00, 0.00, 1253.00, 977.00, 0, '', 0.00, '0', 0, 0.00, 10.00, 0.00, '', '', '', '', '', '', '', '', '2009-07-03 05:57:01', '1 10 110 ', 0, '0', '0000-00-00 00:00:00', '2009-08-13 08:14:11', '2009-08-13 08:14:11'),
(3, '2009081449294', 'eng', 'USD', 'http://data.branches.seevia.cn', 1, 0, '0', 2, '送货上门', '0', '2009-07-03 05:57:01', 454.00, 2.80, 14, 3, '支付宝', '0', '2009-07-03 05:57:01', 0.00, 4, 'ginsmap', '宝山 共康六村 xx号 xx室', '', '', '1399999999', 'shenyunfeng@seevia.cn', '只双休日,假日送货(工作日不用送)', '', '', '', '', 0.00, 0.00, 680.00, 138.00, 0, '', 0.00, '0', 0, 0.00, 0.00, 0.00, '', '', '', '', '', '', '', '', '2009-07-03 05:57:01', '1 10 110 ', 0, '0', '0000-00-00 00:00:00', '2009-08-14 10:35:21', '2009-08-14 10:35:21'),
(4, '2009081754008', 'chi', 'RMB', 'http://data.branches.seevia.cn', 3, 0, '4', 2, '送货上门', '0', '2009-08-19 07:12:42', 0.00, 2.00, 10, 3, '支付宝', '0', '2009-08-19 07:12:32', 0.00, 0, 'wren', '东方路3000号', '200989', '65627668', '13900928390', 'wren@hotmail.com', '只双休日,假日送货(工作日不用送)', '由由国际', '', '333', '  ', 0.00, 0.00, 5656.00, 5666.00, 0, '', 0.00, '0', 0, 0.00, 0.00, 0.00, '', '', '', '', '', '', '', '', '2009-08-19 07:12:25', '1 10 110 ', 0, '0', '0000-00-00 00:00:00', '2009-08-17 06:40:31', '2009-08-19 07:12:50'),
(5, '2009081708797', 'chi', 'RMB', 'http://data.branches.seevia.cn', 3, 0, '0', 1, 'send', '0', '2009-07-03 05:57:01', 0.00, 0.00, 0, 3, 'Alipay', '0', '2009-07-03 05:57:01', 0.00, 0, 'wren', '东方路3000号', '200989', '65627668', '13900928390', 'wren@hotmail.com', '只双休日,假日送货(工作日不用送)', '由由国际', '', '', '', 0.00, 0.00, 6398.00, 6398.00, 0, '', 0.00, '0', 0, 0.00, 0.00, 0.00, '', '', '', '', '', '', '', '', '2009-07-03 05:57:01', '1 10 110 ', 0, '0', '0000-00-00 00:00:00', '2009-08-17 07:16:00', '2009-08-17 07:16:00'),
(6, '2009081766780', 'chi', 'RMB', 'http://data.branches.seevia.cn', 3, 0, '0', 2, '送货上门', '0', '2009-07-03 05:57:01', 454.00, 0.00, 0, 3, '支付宝', '0', '2009-07-03 05:57:01', 0.00, 0, 'wren', '东方路3000号', '200989', '65627668', '13900928390', 'wren@hotmail.com', '只双休日,假日送货(工作日不用送)', '由由国际', '', '', '', 0.00, 0.00, 621.00, 177.00, 0, '', 0.00, '0', 0, 0.00, 0.00, 0.00, '', '', '', '', '', '', '', '', '2009-07-03 05:57:01', '1 10 110 ', 0, '0', '0000-00-00 00:00:00', '2009-08-17 07:33:13', '2009-08-17 07:33:13'),
(7, '2009081924227', 'eng', 'USD', 'http://data.branches.seevia.cn', 1, 0, '1', 1, '门店取货', '0', '2009-07-03 05:57:01', 0.00, 0.00, 0, 9, '余额支付', '2', '2009-08-19 02:36:43', 10.00, 0, 'ginsmap', '宝山 共康六村 xx号 xx室', '', '', '1399999999', 'shenyunfeng@seevia.cn', '只双休日,假日送货(工作日不用送)', '', '', '', '', 14204.00, 0.00, 14204.00, 14194.00, 0, '', 0.00, '0', 0, 0.00, 0.00, 0.00, '', '', '', '', '', '', '', '', '2009-07-03 05:57:01', '1 10 110 ', 0, '0', '0000-00-00 00:00:00', '2009-08-19 02:36:43', '2009-08-19 02:36:43'),
(8, '2009081967651', 'eng', 'USD', 'http://data.branches.seevia.cn', 1, 0, '1', 2, '送货上门', '0', '2009-07-03 05:57:01', 0.00, 0.00, 0, 9, '余额支付', '2', '2009-08-19 02:40:16', 10.00, 0, 'ginsmap', '宝山 共康六村 xx号 xx室', '', '', '1399999999', 'shenyunfeng@seevia.cn', '只双休日,假日送货(工作日不用送)', '', '', '', '', 53140.00, 0.00, 53140.00, 53130.00, 0, '', 0.00, '0', 0, 0.00, 0.00, 0.00, '', '', '', '', '', '', '', '', '2009-07-03 05:57:01', '1 10 110 ', 0, '1', '2009-08-19 07:10:59', '2009-08-19 02:40:16', '2009-08-19 02:40:16'),
(9, '2009081947684', 'eng', 'USD', 'http://data.branches.seevia.cn', 1, 0, '4', 2, '送货上门', '0', '2009-08-19 07:11:54', 0.00, 0.00, 0, 9, '余额支付', '0', '2009-08-19 02:40:30', 10.00, 0, 'ginsmap', '宝山 共康六村 xx号 xx室', '', '', '1399999999', 'shenyunfeng@seevia.cn', '只双休日,假日送货(工作日不用送)', '', '', '3', '', 0.00, 0.00, 53140.00, 53130.00, 0, '', 0.00, '0', 0, 0.00, 0.00, 0.00, '', '', '', '', '', '', '', '', '2009-07-03 05:57:01', '1 10 110 ', 0, '1', '2009-08-19 07:06:37', '2009-08-19 02:40:30', '2009-08-19 07:11:59'),
(10, '2009081955221', 'eng', 'USD', 'http://data.branches.seevia.cn', 6, 0, '0', 1, '门店取货', '0', '2009-07-03 05:57:01', 0.00, 0.00, 0, 3, '支付宝', '0', '2009-07-03 05:57:01', 0.00, 0, 'EmailEmail', '址址址址址址址址址', '200135', '13524412721', '13524412721', 'EmailEmail@Email.com', '', '址址址址址', '', '', '', 0.00, 0.00, 2679.00, 2679.00, 0, '', 0.00, '1', 0, 0.00, 0.00, 0.00, '', '', '', '', '', '', '', '', '2009-07-03 05:57:01', '1 10 110 ', 0, '0', '0000-00-00 00:00:00', '2009-08-19 08:02:36', '2009-08-19 08:02:36'),
(11, '2009082074624', 'eng', 'USD', 'http://data.branches.seevia.cn', 7, 0, '0', 2, 'delivery', '0', '2009-07-03 05:57:01', 0.00, 0.00, 0, 5, 'post', '0', '2009-07-03 05:57:01', 0.00, 0, 'gaosixiaoer', '2435345325325', '', '', '454654325324532', 'shenyunfeng@163.cn', '工作日，双休日与节假日均可送货', '', '', '', '', 0.00, 0.00, 53209.00, 53209.00, 0, '', 0.00, '0', 0, 0.00, 0.00, 0.00, '', '', '', '', '', '', '', '', '2009-07-03 05:57:01', '1 10 110 ', 0, '0', '0000-00-00 00:00:00', '2009-08-20 03:17:51', '2009-08-20 03:17:51'),
(12, '2009082013890', 'eng', 'USD', 'http://data.branches.seevia.cn', 5, 0, '1', 2, '送货上门', '2', '2009-08-20 03:46:57', 0.00, 0.00, 0, 3, '支付宝', '2', '2009-08-20 03:46:50', 0.00, 0, 'leo.wanta', 'leo.wantaleo.wanta', '', '123456789', '123456789', '23148953@qq.com', '', 'leo.wanta', '', '放', '', 2322.00, 0.00, 2322.00, 2322.00, 0, '', 0.00, '0', 0, 0.00, 0.00, 0.00, '', '', '', '', '', '', '', '', '2009-08-20 03:46:46', '1 10 110 ', 0, '0', '0000-00-00 00:00:00', '2009-08-20 03:46:13', '2009-08-20 03:47:01'),
(13, '2009082007837', 'eng', 'USD', 'http://data.branches.seevia.cn', 6, 0, '0', 2, '送货上门', '0', '2009-07-03 05:57:01', 0.00, 0.00, 0, 3, '支付宝', '0', '2009-07-03 05:57:01', 0.00, 0, 'EmailEmail', '址址址址址址址址址', '200135', '13524412721', '13524412721', 'EmailEmail@Email.com', '', '址址址址址', '', '', '', 0.00, 0.00, 888.00, 888.00, 0, '', 0.00, '1', 0, 0.00, 0.00, 0.00, '', '', '', '', '', '', '', '', '2009-07-03 05:57:01', '1 10 110 ', 0, '0', '0000-00-00 00:00:00', '2009-08-20 04:03:38', '2009-08-20 04:03:38'),
(14, '2009082073726', 'eng', 'USD', 'http://data.branches.seevia.cn', 6, 0, '0', 2, '送货上门', '0', '2009-07-03 05:57:01', 454.00, 0.00, 0, 3, '支付宝', '0', '2009-07-03 05:57:01', 0.00, 0, 'EmailEmail', '址址址址址址址址址', '200135', '13524412721', '13524412721', 'EmailEmail@Email.com', '', '址址址址址', '', '', '', 0.00, 0.00, 533.00, 79.00, 0, '', 0.00, '0', 0, 0.00, 0.00, 0.00, '', '', '', '', '', '', '', '', '2009-07-03 05:57:01', '1 10 110 ', 0, '0', '0000-00-00 00:00:00', '2009-08-20 05:39:51', '2009-08-20 05:39:51'),
(15, '2009082628407', 'chi', 'RMB', 'http://data.branches.seevia.cn', 8, 0, '0', 1, '门店取货', '0', '2009-07-03 05:57:01', 454.00, 0.20, 1, 5, '邮局汇款', '0', '2009-07-03 05:57:01', 0.00, 0, 'www.sina.com', 'QTLP673C-RTR 数据手册, QTLP673C-RTR 芯片手册, QTLP673C-RTR 电路', '', '654321', '12345678901', 'www@sina.com', '', '', '', '', 'VANTEX PT109鱼雷快艇1300EP-RTR(枪控))模型玩具报价中心为您提供了VANTEX PT109鱼雷快艇1300EP-RTR(枪控))的参数、VANTEX PT109鱼雷快艇1300EP-RTR(枪控)) ...', 0.00, 0.00, 1221.00, 436.00, 0, '', 0.00, '0', 0, 0.00, 0.00, 0.00, '', '', '', '', '', '', '', '', '2009-07-03 05:57:01', '1 31 358 ', 0, '0', '0000-00-00 00:00:00', '2009-08-26 01:45:36', '2009-08-26 01:45:36'),
(16, '2009090802738', 'chi', 'RMB', 'http://data.branches.seevia.cn', 1, 0, '0', 2, '送货上门', '0', '2009-07-03 05:57:01', 454.00, 1.80, 9, 3, '支付宝', '0', '2009-07-03 05:57:01', 0.00, 5, 'ginsmap', '宝山 共康六村 xx号 xx室', '', '', '1399999999', 'shenyunfeng@seevia.cn', '只双休日,假日送货(工作日不用送)', '', '', '', '订单留言~~~~~~~~~~', 0.00, 0.00, 636.00, 94.00, 0, '', 0.00, '0', 0, 0.00, 10.00, 5.00, '', '', '', '', '', '', '', '', '2009-07-03 05:57:01', '1 10 110 ', 0, '0', '2008-01-01 00:00:00', '2009-09-08 04:46:31', '2009-09-08 04:46:31'),
(17, '2009092453563', 'chi', '0', 'http://data.branches.seevia.cn', 1, 0, '1', 2, '送货上门', '0', '2009-09-27 20:18:37', 0.00, 0.00, 0, 3, '支付宝', '2', '2009-09-27 20:18:37', 0.00, 0, 'ginsmap', '宝山 共康六村 xx号 xx室', '', '', '1399999999', 'shenyunfeng@seevia.cn', '只双休日,假日送货(工作日不用送)', '', '', '', '', 65723.00, 0.00, 65723.00, 65723.00, 0, '', 0.00, '0', 0, 0.00, 0.00, 0.00, '', '', '', '', '', '', '', '', '2008-01-01 00:00:00', '1 10 110 ', 0, '0', '2008-01-01 00:00:00', '2009-09-24 16:04:34', '2009-09-27 20:18:37'),
(18, '2009092762405', 'chi', '0', 'http://data.branches.seevia.cn', 11, 0, '1', 2, '送货上门', '0', '2009-09-28 16:57:04', 0.00, 0.00, 0, 3, '支付宝', '2', '2009-09-28 16:57:04', 0.00, 0, 'wateres', 'shajjhffddssaa,jfrddx', '', '12324', '33222345', 'wateres@16333.comn', '工作日，双休日与节假日均可送货', '', '', '', '', 6888.00, 0.00, 6888.00, 6888.00, 0, '', 0.00, '0', 0, 0.00, 0.00, 0.00, '', '', '', '', '', '', '', '', '2008-01-01 00:00:00', '1 32 364 ', 0, '0', '2008-01-01 00:00:00', '2009-09-27 18:56:36', '2009-09-28 16:57:04');

--
-- 导出表中的数据 `svcart_order_actions`
--

INSERT INTO `svcart_order_actions` (`id`, `order_id`, `from_operator_id`, `to_operator_id`, `user_id`, `order_status`, `shipping_status`, `payment_status`, `action_note`, `created`, `modified`) VALUES
(1, 9, 1, 0, 1, '0', '1', '2', '广泛地方大幅度', '2009-08-19 07:11:54', '2009-08-19 07:11:54'),
(2, 9, 1, 0, 1, '4', '0', '0', '23', '2009-08-19 07:11:59', '2009-08-19 07:11:59'),
(3, 4, 1, 0, 3, '1', '0', '0', '五', '2009-08-19 07:12:25', '2009-08-19 07:12:25'),
(4, 4, 1, 0, 3, '1', '0', '2', '民', '2009-08-19 07:12:32', '2009-08-19 07:12:32'),
(5, 4, 1, 0, 3, '0', '1', '2', '配送单打印状态', '2009-08-19 07:12:42', '2009-08-19 07:12:42'),
(6, 4, 1, 0, 3, '4', '0', '0', '退款', '2009-08-19 07:12:50', '2009-08-19 07:12:50'),
(7, 12, 1, 0, 5, '1', '0', '0', '让人', '2009-08-20 03:46:46', '2009-08-20 03:46:46'),
(8, 12, 1, 0, 5, '1', '0', '2', '发疯', '2009-08-20 03:46:50', '2009-08-20 03:46:50'),
(9, 12, 1, 0, 5, '0', '1', '2', '发', '2009-08-20 03:46:57', '2009-08-20 03:46:57'),
(10, 12, 1, 0, 5, '1', '2', '2', 'd', '2009-08-20 03:47:01', '2009-08-20 03:47:01'),
(11, 18, 1, 0, 11, '1', '0', '0', '', '2009-09-27 20:11:45', '2009-09-27 20:11:45'),
(12, 18, 1, 0, 11, '1', '0', '2', '', '2009-09-27 20:12:08', '2009-09-27 20:12:08'),
(13, 18, 1, 0, 11, '1', '0', '2', '', '2009-09-27 20:12:31', '2009-09-27 20:12:31'),
(14, 18, 1, 0, 11, '1', '0', '2', '', '2009-09-27 20:12:58', '2009-09-27 20:12:58'),
(15, 18, 1, 0, 11, '1', '0', '2', '', '2009-09-27 20:13:27', '2009-09-27 20:13:27'),
(16, 18, 1, 0, 11, '2', '0', '2', '', '2009-09-27 20:14:13', '2009-09-27 20:14:13'),
(17, 18, 1, 0, 11, '1', '0', '2', '', '2009-09-27 20:14:52', '2009-09-27 20:14:52'),
(18, 18, 1, 0, 11, '1', '0', '2', '', '2009-09-27 20:15:15', '2009-09-27 20:15:15'),
(19, 18, 1, 0, 11, '1', '0', '2', '', '2009-09-27 20:16:29', '2009-09-27 20:16:29'),
(20, 18, 1, 0, 11, '1', '0', '2', '', '2009-09-27 20:17:23', '2009-09-27 20:17:23'),
(21, 18, 1, 0, 11, '3', '0', '2', '', '2009-09-27 20:17:40', '2009-09-27 20:17:40'),
(22, 17, 1, 0, 1, '1', '0', '2', '', '2009-09-27 20:18:37', '2009-09-27 20:18:37'),
(23, 18, 1, 0, 11, '1', '0', '2', '', '2009-09-28 16:57:04', '2009-09-28 16:57:04');

--
-- 导出表中的数据 `svcart_order_cards`
--

INSERT INTO `svcart_order_cards` (`id`, `order_id`, `card_id`, `card_name`, `card_quntity`, `card_fee`, `note`, `status`, `created`, `modified`) VALUES
(1, 2, 2, '生日贺卡', 1, 0.00, '1234', '1', '2009-08-13 08:14:11', '2009-08-13 08:14:11'),
(2, 3, 2, '生日贺卡', 1, 0.00, '22233', '1', '2009-08-14 10:35:21', '2009-08-14 10:35:21'),
(3, 4, 2, '生日贺卡', 1, 0.00, '生日快乐！', '1', '2009-08-17 06:40:31', '2009-08-17 06:40:31'),
(4, 16, 2, '生日贺卡', 1, 5.00, '贺卡留言', '1', '2009-09-08 04:46:31', '2009-09-08 04:46:31');

--
-- 导出表中的数据 `svcart_order_packagings`
--

INSERT INTO `svcart_order_packagings` (`id`, `order_id`, `packaging_id`, `packaging_name`, `packaging_quntity`, `packaging_fee`, `note`, `status`, `created`, `modified`) VALUES
(1, 2, 2, '精美包装', 1, 10.00, '2345', '1', '2009-08-13 08:14:11', '2009-08-13 08:14:11'),
(2, 3, 1, '小包装', 1, 0.00, '4545454', '1', '2009-08-14 10:35:21', '2009-08-14 10:35:21'),
(3, 4, 2, '精美包装', 1, 0.00, '', '1', '2009-08-17 06:40:31', '2009-08-17 06:40:31'),
(4, 15, 1, '小包装', 1, 0.00, '玩具越野车（HN X1CR RTR X1X），燃油遥控车,玩具越野车生产供应商 ...\n玩具越野车（HN X1CR RTR X1X）生产供应商，天津市瑞迪模型商行提供玩具越野车（HN X1CR RTR X1X），燃油遥控车,玩具越野车，遥控类玩具产品。\ncn.made-in-china.com/.../玩具越野车（HN X1CR RTR X1X）.html - 网页快照 - 类似结果', '1', '2009-08-26 01:45:36', '2009-08-26 01:45:36'),
(5, 16, 2, '精美包装', 1, 10.00, '包装留言', '1', '2009-09-08 04:46:31', '2009-09-08 04:46:31');

--
-- 导出表中的数据 `svcart_order_products`
--

INSERT INTO `svcart_order_products` (`id`, `order_id`, `product_id`, `product_name`, `product_code`, `product_quntity`, `product_price`, `product_attrbute`, `product_weight`, `note`, `delivery_note`, `status`, `extension_code`, `send_quntity`, `provider_send_quantity`, `provider_return_quantity`, `provider_send_modified`, `provider_return_modified`, `created`, `modified`) VALUES
(37, 6, 17, '速干圆领印花T恤sea life 法国蓝', 'SV000017', 1, 59.00, '尺码:S <br />', 20.000, '', NULL, '1', '', 0, 0, 0, NULL, NULL, '2009-08-17 07:33:13', '2009-08-17 07:33:13'),
(36, 5, 5, 'Classical Oriental Jade earrings jade', 'svcart000005', 1, 3000.00, NULL, 0.000, '', NULL, '1', '', 0, 0, 0, NULL, NULL, '2009-08-17 07:16:00', '2009-08-17 07:16:00'),
(35, 5, 9, 'Glass pendants Chinese Buddha', 'svcart000009', 1, 3000.00, NULL, 0.000, '', NULL, '1', '', 0, 0, 0, NULL, NULL, '2009-08-17 07:16:00', '2009-08-17 07:16:00'),
(34, 5, 36, 'Straight khaki cotton twill pants gray', 'SV000036', 2, 199.00, 'Size:37 <br />', 40.000, '', NULL, '1', '', 0, 0, 0, NULL, NULL, '2009-08-17 07:16:00', '2009-08-17 07:16:00'),
(33, 4, 19, '诺基亚 5800', 'SV000019', 1, 2679.00, '', 0.000, '', NULL, '1', '', 0, 0, 0, NULL, NULL, '2009-08-17 06:40:31', '2009-08-17 06:40:31'),
(32, 4, 6, '中国柱状玉耳环', 'svcart000006', 1, 2000.00, '', 0.000, '', NULL, '1', '', 0, 0, 0, NULL, NULL, '2009-08-17 06:40:31', '2009-08-17 06:40:31'),
(31, 4, 22, '高级免烫全棉衬衫（尊贵款）', 'SV000022', 1, 888.00, '尺码:38 <br />', 0.000, '', NULL, '1', '', 0, 0, 0, NULL, NULL, '2009-08-17 06:40:31', '2009-08-17 06:40:31'),
(30, 4, 48, '欧式丝光舒适板鞋（女款） 黑色', 'SV000048', 1, 99.00, '尺码:37 <br />', 0.000, '', NULL, '1', '', 0, 0, 0, NULL, NULL, '2009-08-17 06:40:31', '2009-08-17 06:40:31'),
(29, 3, 14, '带帽长款条纹T恤 浅粉色', 'SV000014', 1, 88.00, '尺码:M<br/>', 0.000, '', NULL, '1', '', 0, 0, 0, NULL, NULL, '2009-08-14 10:35:21', '2009-08-14 10:35:21'),
(28, 3, 17, '速干圆领印花T恤sea life 法国蓝', 'SV000017', 1, 59.00, '', 20.000, '', NULL, '1', '', 0, 0, 0, NULL, NULL, '2009-08-14 10:35:21', '2009-08-14 10:35:21'),
(27, 3, 43, '商务休闲裤（标准款） 黑色', 'SV000043', 1, 79.00, '尺码:38 <br />', 20.000, '', NULL, '1', '', 0, 0, 0, NULL, NULL, '2009-08-14 10:35:21', '2009-08-14 10:35:21'),
(26, 2, 14, '带帽长款条纹T恤 浅粉色', 'SV000014', 1, 88.00, ' ', 0.000, '', NULL, '1', '', 0, 0, 0, NULL, NULL, '2009-08-13 08:14:11', '2009-08-13 08:14:11'),
(25, 2, 22, '高级免烫全棉衬衫（尊贵款）', 'SV000022', 1, 188.00, '37 ', 0.000, '', NULL, '1', '', 0, 0, 0, NULL, NULL, '2009-08-13 08:14:11', '2009-08-13 08:14:11'),
(24, 2, 43, '商务休闲裤（标准款） 黑色', 'SV000043', 1, 79.00, ' 38', 20.000, '', NULL, '1', '', 0, 0, 0, NULL, NULL, '2009-08-13 08:14:11', '2009-08-13 08:14:11'),
(23, 2, 22, '高级免烫全棉衬衫（尊贵款）', 'SV000022', 1, 888.00, ' ', 0.000, '', NULL, '1', '', 0, 0, 0, NULL, NULL, '2009-08-13 08:14:11', '2009-08-13 08:14:11'),
(21, 1, 46, '商务休闲裤（标准款）藏青', 'SV000046', 1, 79.00, ' 37', 20.000, '', NULL, '1', '', 0, 0, 0, NULL, NULL, '2009-08-12 10:27:43', '2009-08-12 10:27:43'),
(22, 1, 22, '高级免烫全棉衬衫（尊贵款）', 'SV000022', 1, 888.00, ' 44', 0.000, '', NULL, '1', '', 0, 0, 0, NULL, NULL, '2009-08-12 10:27:43', '2009-08-12 10:27:43'),
(38, 6, 16, '速干圆领印花T恤sea life 中国红', 'SV000016', 2, 59.00, '尺码:M <br />', 40.000, '', NULL, '1', '', 0, 0, 0, NULL, NULL, '2009-08-17 07:33:13', '2009-08-17 07:33:13'),
(39, 7, 15, '带帽长款条纹T恤 棕色', 'SV000015', 1, 79.00, NULL, 20.000, '', NULL, '1', '', 0, 0, 0, NULL, NULL, '2009-08-19 02:36:43', '2009-08-19 02:36:43'),
(40, 7, 47, '欧式丝光舒适板鞋（女款） 蓝色', 'SV000047', 1, 99.00, NULL, 0.000, '', NULL, '1', '', 0, 0, 0, NULL, NULL, '2009-08-19 02:36:43', '2009-08-19 02:36:43'),
(41, 7, 48, '欧式丝光舒适板鞋（女款） 黑色', 'SV000048', 1, 99.00, NULL, 0.000, '', NULL, '1', '', 0, 0, 0, NULL, NULL, '2009-08-19 02:36:43', '2009-08-19 02:36:43'),
(42, 7, 19, '诺基亚 5800', 'SV000019', 1, 2679.00, NULL, 0.000, '', NULL, '1', '', 0, 0, 0, NULL, NULL, '2009-08-19 02:36:43', '2009-08-19 02:36:43'),
(43, 7, 5, '东方古典翡翠玉耳环', 'svcart000005', 1, 3000.00, NULL, 0.000, '', NULL, '1', '', 0, 0, 0, NULL, NULL, '2009-08-19 02:36:43', '2009-08-19 02:36:43'),
(44, 7, 6, '中国柱状玉耳环', 'svcart000006', 1, 2000.00, NULL, 0.000, '', NULL, '1', '', 0, 0, 0, NULL, NULL, '2009-08-19 02:36:43', '2009-08-19 02:36:43'),
(45, 7, 31, '诺基亚 N86', 'SV000031', 1, 3999.00, NULL, 0.000, '', NULL, '1', '', 0, 0, 0, NULL, NULL, '2009-08-19 02:36:43', '2009-08-19 02:36:43'),
(46, 7, 25, '诺基亚 E71', 'SV000025', 1, 2239.00, NULL, 0.000, '', NULL, '1', '', 0, 0, 0, NULL, NULL, '2009-08-19 02:36:43', '2009-08-19 02:36:43'),
(47, 8, 18, '诺基亚 5630XM', 'SV000018', 1, 1619.00, '', 0.000, '', NULL, '1', '', 0, 0, 0, NULL, NULL, '2009-08-19 02:40:16', '2009-08-19 02:40:16'),
(48, 8, 48, '欧式丝光舒适板鞋（女款） 黑色', 'SV000048', 1, 99.00, '', 0.000, '', NULL, '1', '', 0, 0, 0, NULL, NULL, '2009-08-19 02:40:16', '2009-08-19 02:40:16'),
(49, 8, 33, '诺基亚 N96', 'SV000033', 1, 3629.00, '', 0.000, '', NULL, '1', '', 0, 0, 0, NULL, NULL, '2009-08-19 02:40:16', '2009-08-19 02:40:16'),
(50, 8, 19, '诺基亚 5800', 'SV000019', 1, 2679.00, '', 0.000, '', NULL, '1', '', 0, 0, 0, NULL, NULL, '2009-08-19 02:40:16', '2009-08-19 02:40:16'),
(51, 8, 5, '东方古典翡翠玉耳环', 'svcart000005', 1, 3000.00, '', 0.000, '', NULL, '1', '', 0, 0, 0, NULL, NULL, '2009-08-19 02:40:16', '2009-08-19 02:40:16'),
(52, 8, 25, '诺基亚 E71', 'SV000025', 1, 2239.00, '', 0.000, '', NULL, '1', '', 0, 0, 0, NULL, NULL, '2009-08-19 02:40:16', '2009-08-19 02:40:16'),
(53, 8, 34, '诺基亚 N97', 'SV000034', 1, 5788.00, '', 0.000, '', NULL, '1', '', 0, 0, 0, NULL, NULL, '2009-08-19 02:40:16', '2009-08-19 02:40:16'),
(54, 8, 31, '诺基亚 N86', 'SV000031', 1, 3999.00, '', 0.000, '', NULL, '1', '', 0, 0, 0, NULL, NULL, '2009-08-19 02:40:16', '2009-08-19 02:40:16'),
(55, 8, 7, '观音玉坠', 'svcart000007', 1, 29999.00, '', 0.000, '', NULL, '1', '', 0, 0, 0, NULL, NULL, '2009-08-19 02:40:16', '2009-08-19 02:40:16'),
(56, 8, 14, '带帽长款条纹T恤 浅粉色', 'SV000014', 1, 79.00, '', 0.000, '', NULL, '1', '', 0, 0, 0, NULL, NULL, '2009-08-19 02:40:16', '2009-08-19 02:40:16'),
(57, 9, 18, '诺基亚 5630XM', 'SV000018', 1, 1619.00, '', 0.000, '', NULL, '1', '', 0, 0, 0, NULL, NULL, '2009-08-19 02:40:30', '2009-08-19 02:40:30'),
(58, 9, 48, '欧式丝光舒适板鞋（女款） 黑色', 'SV000048', 1, 99.00, '', 0.000, '', NULL, '1', '', 0, 0, 0, NULL, NULL, '2009-08-19 02:40:30', '2009-08-19 02:40:30'),
(59, 9, 33, '诺基亚 N96', 'SV000033', 1, 3629.00, '', 0.000, '', NULL, '1', '', 0, 0, 0, NULL, NULL, '2009-08-19 02:40:30', '2009-08-19 02:40:30'),
(60, 9, 19, '诺基亚 5800', 'SV000019', 1, 2679.00, '', 0.000, '', NULL, '1', '', 0, 0, 0, NULL, NULL, '2009-08-19 02:40:30', '2009-08-19 02:40:30'),
(61, 9, 5, '东方古典翡翠玉耳环', 'svcart000005', 1, 3000.00, '', 0.000, '', NULL, '1', '', 0, 0, 0, NULL, NULL, '2009-08-19 02:40:30', '2009-08-19 02:40:30'),
(62, 9, 25, '诺基亚 E71', 'SV000025', 1, 2239.00, '', 0.000, '', NULL, '1', '', 0, 0, 0, NULL, NULL, '2009-08-19 02:40:30', '2009-08-19 02:40:30'),
(63, 9, 34, '诺基亚 N97', 'SV000034', 1, 5788.00, '', 0.000, '', NULL, '1', '', 0, 0, 0, NULL, NULL, '2009-08-19 02:40:30', '2009-08-19 02:40:30'),
(64, 9, 31, '诺基亚 N86', 'SV000031', 1, 3999.00, '', 0.000, '', NULL, '1', '', 0, 0, 0, NULL, NULL, '2009-08-19 02:40:30', '2009-08-19 02:40:30'),
(65, 9, 7, '观音玉坠', 'svcart000007', 1, 29999.00, '', 0.000, '', NULL, '1', '', 0, 0, 0, NULL, NULL, '2009-08-19 02:40:30', '2009-08-19 02:40:30'),
(66, 9, 14, '带帽长款条纹T恤 浅粉色', 'SV000014', 1, 79.00, '', 0.000, '', NULL, '1', '', 0, 0, 0, NULL, NULL, '2009-08-19 02:40:30', '2009-08-19 02:40:30'),
(67, 10, 19, '诺基亚 5800', 'SV000019', 1, 2679.00, '', 0.000, '', NULL, '1', '', 0, 0, 0, NULL, NULL, '2009-08-19 08:02:36', '2009-08-19 08:02:36'),
(68, 11, 18, 'Nokia 5630XM', 'SV000018', 1, 1619.00, '', 0.000, '', NULL, '1', '', 0, 0, 0, NULL, NULL, '2009-08-20 03:17:51', '2009-08-20 03:17:51'),
(69, 11, 48, 'Continental Comfort mercerizing(female section) black', 'SV000048', 1, 99.00, '', 0.000, '', NULL, '1', '', 0, 0, 0, NULL, NULL, '2009-08-20 03:17:51', '2009-08-20 03:17:51'),
(70, 11, 33, 'Nokia N96', 'SV000033', 1, 3629.00, '', 0.000, '', NULL, '1', '', 0, 0, 0, NULL, NULL, '2009-08-20 03:17:51', '2009-08-20 03:17:51'),
(71, 11, 19, 'Nokia 5800', 'SV000019', 1, 2679.00, '', 0.000, '', NULL, '1', '', 0, 0, 0, NULL, NULL, '2009-08-20 03:17:51', '2009-08-20 03:17:51'),
(72, 11, 5, 'Classical Oriental Jade earrings jade', 'svcart000005', 1, 3000.00, '', 0.000, '', NULL, '1', '', 0, 0, 0, NULL, NULL, '2009-08-20 03:17:51', '2009-08-20 03:17:51'),
(73, 11, 25, 'Nokia E71', 'SV000025', 1, 2239.00, '', 0.000, '', NULL, '1', '', 0, 0, 0, NULL, NULL, '2009-08-20 03:17:51', '2009-08-20 03:17:51'),
(74, 11, 34, 'Nokia N97', 'SV000034', 1, 5788.00, '', 0.000, '', NULL, '1', '', 0, 0, 0, NULL, NULL, '2009-08-20 03:17:51', '2009-08-20 03:17:51'),
(75, 11, 31, 'Nokia N86', 'SV000031', 1, 3999.00, '', 0.000, '', NULL, '1', '', 0, 0, 0, NULL, NULL, '2009-08-20 03:17:51', '2009-08-20 03:17:51'),
(76, 11, 7, 'Yin jade pendant', 'svcart000007', 1, 29999.00, '', 0.000, '', NULL, '1', '', 0, 0, 0, NULL, NULL, '2009-08-20 03:17:51', '2009-08-20 03:17:51'),
(77, 11, 14, 'Hooded long paragraph pink striped T shirt', 'SV000014', 1, 79.00, '', 0.000, '', NULL, '1', '', 0, 0, 0, NULL, NULL, '2009-08-20 03:17:51', '2009-08-20 03:17:51'),
(78, 11, 46, 'Business casual pants (standard paragraph) Navy', 'SV000046', 1, 79.00, 'Size:37 <br />', 20.000, '', NULL, '1', '', 0, 0, 0, NULL, NULL, '2009-08-20 03:17:51', '2009-08-20 03:17:51'),
(79, 12, 54, '三星SGH-F258', 'SV000054', 1, 2123.00, '', 12.000, '', NULL, '1', '', 0, 0, 0, NULL, NULL, '2009-08-20 03:46:13', '2009-08-20 03:46:13'),
(80, 12, 40, '全棉斜纹直筒卡其裤 藏青色', 'SV000040', 1, 199.00, '尺码:37 <br />', 20.000, '', NULL, '1', '', 0, 0, 0, NULL, NULL, '2009-08-20 03:46:13', '2009-08-20 03:46:13'),
(81, 13, 22, '高级免烫全棉衬衫（尊贵款）', 'SV000022', 1, 888.00, '尺码:37 <br />', 0.000, '', NULL, '1', '', 0, 0, 0, NULL, NULL, '2009-08-20 04:03:38', '2009-08-20 04:03:38'),
(82, 14, 46, '商务休闲裤（标准款）藏青', 'SV000046', 1, 79.00, '尺码:37 <br />', 20.000, '', NULL, '1', '', 0, 0, 0, NULL, NULL, '2009-08-20 05:39:51', '2009-08-20 05:39:51'),
(83, 14, 58, '服务1', 'SV000058', 1, 0.00, '', 0.000, '', NULL, '1', 'services_product', 0, 0, 0, NULL, NULL, '2009-08-20 09:17:05', '2009-08-20 09:17:05'),
(84, 15, 40, '全棉斜纹直筒卡其裤 藏青色', 'SV000040', 1, 199.00, '尺码:37 <br />', 20.000, '', NULL, '1', '', 0, 0, 0, NULL, NULL, '2009-08-26 01:45:36', '2009-08-26 01:45:36'),
(85, 15, 14, '带帽长款条纹T恤 浅粉色', 'SV000014', 1, 79.00, '尺码:S <br />', 0.000, '', NULL, '1', '', 0, 0, 0, NULL, NULL, '2009-08-26 01:45:36', '2009-08-26 01:45:36'),
(86, 15, 45, '商务休闲裤（标准款）深卡其', 'SV000045', 2, 79.00, '尺码:37 <br />', 40.000, '', NULL, '1', '', 0, 0, 0, NULL, NULL, '2009-08-26 01:45:36', '2009-08-26 01:45:36'),
(87, 15, 22, '高级免烫全棉衬衫（尊贵款）', 'SV000022', 1, 188.00, '尺码:37<br/>', 0.000, '', NULL, '1', '', 0, 0, 0, NULL, NULL, '2009-08-26 01:45:36', '2009-08-26 01:45:36'),
(88, 15, 16, '速干圆领印花T恤sea life 中国红', 'SV000016', 1, 55.00, 'S<br/>', 0.000, '', NULL, '1', '', 0, 0, 0, NULL, NULL, '2009-08-26 01:45:36', '2009-08-26 01:45:36'),
(89, 15, 14, '带帽长款条纹T恤 浅粉色', 'SV000014', 1, 88.00, 'S<br/>', 0.000, '', NULL, '1', '', 0, 0, 0, NULL, NULL, '2009-08-26 01:45:36', '2009-08-26 01:45:36'),
(90, 16, 43, '商务休闲裤（标准款） 黑色', 'SV000043', 1, 79.00, '尺码:38 <br />', 20.000, '', NULL, '1', '', 0, 0, 0, NULL, NULL, '2009-09-08 04:46:31', '2009-09-08 04:46:31'),
(91, 16, 14, '带帽长款条纹T恤 浅粉色', 'SV000014', 1, 88.00, '尺码:M<br/>', 0.000, '', NULL, '1', '', 0, 0, 0, NULL, NULL, '2009-09-08 04:46:31', '2009-09-08 04:46:31'),
(92, 17, 31, '诺基亚 N86', 'SV000031', 1, 3999.00, NULL, 0.000, '', NULL, '1', '', 0, 0, 0, NULL, NULL, '2009-09-24 16:04:34', '2009-09-24 16:04:34'),
(93, 17, 3, '传统玻璃手镯', 'svcart000003', 1, 10000.00, NULL, 0.000, '', NULL, '1', '', 0, 0, 0, NULL, NULL, '2009-09-24 16:04:34', '2009-09-24 16:04:34'),
(94, 17, 25, '诺基亚 E71', 'SV000025', 1, 2239.00, NULL, 0.000, '', NULL, '1', '', 0, 0, 0, NULL, NULL, '2009-09-24 16:04:34', '2009-09-24 16:04:34'),
(95, 17, 45, '商务休闲裤（标准款）深卡其', 'SV000045', 2, 79.00, ' 39', 40.000, '', NULL, '1', '', 0, 0, 0, NULL, NULL, '2009-09-24 16:04:34', '2009-09-24 16:04:34'),
(96, 17, 34, '诺基亚 N97', 'SV000034', 1, 5788.00, NULL, 0.000, '', NULL, '1', '', 0, 0, 0, NULL, NULL, '2009-09-24 16:04:34', '2009-09-24 16:04:34'),
(97, 17, 5, '东方古典翡翠玉耳环', 'svcart000005', 1, 3000.00, NULL, 0.000, '', NULL, '1', '', 0, 0, 0, NULL, NULL, '2009-09-24 16:04:34', '2009-09-24 16:04:34'),
(98, 17, 19, '诺基亚 5800', 'SV000019', 1, 2679.00, NULL, 0.000, '', NULL, '1', '', 0, 0, 0, NULL, NULL, '2009-09-24 16:04:34', '2009-09-24 16:04:34'),
(99, 17, 33, '诺基亚 N96', 'SV000033', 1, 3629.00, NULL, 0.000, '', NULL, '1', '', 0, 0, 0, NULL, NULL, '2009-09-24 16:04:34', '2009-09-24 16:04:34'),
(100, 17, 48, '欧式丝光舒适板鞋（女款） 黑色', 'SV000048', 1, 99.00, NULL, 0.000, '', NULL, '1', '', 0, 0, 0, NULL, NULL, '2009-09-24 16:04:34', '2009-09-24 16:04:34'),
(101, 17, 18, '诺基亚 5630XM', 'SV000018', 1, 1619.00, NULL, 0.000, '', NULL, '1', '', 0, 0, 0, NULL, NULL, '2009-09-24 16:04:34', '2009-09-24 16:04:34'),
(102, 17, 7, '观音玉坠', 'svcart000007', 1, 29999.00, NULL, 0.000, '', NULL, '1', '', 0, 0, 0, NULL, NULL, '2009-09-24 16:04:34', '2009-09-24 16:04:34'),
(103, 17, 14, '带帽长款条纹T恤 浅粉色', 'SV000014', 1, 79.00, NULL, 0.000, '', NULL, '1', '', 0, 0, 0, NULL, NULL, '2009-09-24 16:04:34', '2009-09-24 16:04:34'),
(104, 17, 6, '中国柱状玉耳环', 'svcart000006', 1, 2000.00, NULL, 0.000, '', NULL, '1', '', 0, 0, 0, NULL, NULL, '2009-09-24 16:04:34', '2009-09-24 16:04:34'),
(105, 17, 47, '欧式丝光舒适板鞋（女款） 蓝色', 'SV000047', 1, 99.00, NULL, 0.000, '', NULL, '1', '', 0, 0, 0, NULL, NULL, '2009-09-24 16:04:34', '2009-09-24 16:04:34'),
(106, 17, 43, '商务休闲裤（标准款） 黑色', 'SV000043', 1, 0.00, NULL, 20.000, '', NULL, '1', '', 0, 0, 0, NULL, NULL, '2009-09-24 16:04:34', '2009-09-24 16:04:34'),
(107, 17, 44, '商务休闲裤（标准款） 浅卡其', 'SV000044', 1, 79.00, NULL, 20.000, '', NULL, '1', '', 0, 0, 0, NULL, NULL, '2009-09-24 16:04:35', '2009-09-24 16:04:35'),
(108, 17, 16, '速干圆领印花T恤sea life 中国红', 'SV000016', 1, 59.00, NULL, 20.000, '', NULL, '1', '', 0, 0, 0, NULL, NULL, '2009-09-24 16:04:35', '2009-09-24 16:04:35'),
(109, 17, 51, '欧式丝光舒适板鞋（女款） 灰色', 'SV000051', 1, 99.00, NULL, 0.000, '', NULL, '1', '', 0, 0, 0, NULL, NULL, '2009-09-24 16:04:35', '2009-09-24 16:04:35'),
(110, 17, 52, '欧式丝光舒适板鞋（女款） 紫色', 'SV000052', 1, 99.00, NULL, 0.000, '', NULL, '1', '', 0, 0, 0, NULL, NULL, '2009-09-24 16:04:35', '2009-09-24 16:04:35'),
(111, 18, 60, '花式墨镜', 't-2009', 1, 6888.00, '', 0.000, '', NULL, '1', '', 0, 0, 0, NULL, NULL, '2009-09-27 18:56:36', '2009-09-27 18:56:36');

--
-- 导出表中的数据 `svcart_outbounds`
--


--
-- 导出表中的数据 `svcart_outbound_products`
--


--
-- 导出表中的数据 `svcart_packagings`
--

INSERT INTO `svcart_packagings` (`id`, `orderby`, `img01`, `img02`, `fee`, `free_money`, `status`, `created`, `modified`) VALUES
(1, 50, '/img/others/49bae0dc.jpg', '', 5.00, 100.00, '1', '2009-08-10 10:25:22', '2009-08-10 10:25:44'),
(2, 50, '/img/others/49b26c99.jpg', '', 10.00, 1000.00, '1', '2009-08-10 10:26:47', '2009-08-10 10:26:47');

--
-- 导出表中的数据 `svcart_packaging_i18ns`
--

INSERT INTO `svcart_packaging_i18ns` (`id`, `locale`, `packaging_id`, `name`, `description`, `created`, `modified`) VALUES
(1, 'chi', 1, '小包装', '小包装', '2009-08-10 10:25:22', '2009-08-10 10:25:44'),
(2, 'eng', 1, 'Small Package', 'Small Package', '2009-08-10 10:25:22', '2009-08-10 10:25:44'),
(3, 'chi', 2, '精美包装', '精美包装', '2009-08-10 10:26:47', '2009-08-10 10:26:47'),
(4, 'eng', 2, 'Beautifully packaged', 'Beautifully packaged', '2009-08-10 10:26:47', '2009-08-10 10:26:47'),
(5, 'cht', 2, '精美包装', '精美包装', '2009-08-10 10:26:47', '2009-08-10 10:26:47'),
(6, 'cht', 1, '小包装', '小包装', '2009-08-10 10:25:22', '2009-08-10 10:25:44');

--
-- 导出表中的数据 `svcart_payments`
--


--
-- 导出表中的数据 `svcart_payment_api_logs`
--

INSERT INTO `svcart_payment_api_logs` (`id`, `payment_code`, `type`, `type_id`, `amount`, `is_paid`, `created`, `modified`) VALUES
(1, 'account_pay', '0', 1, 947.00, '0', '2009-08-12 10:27:43', '2009-08-12 10:27:43'),
(2, 'alipay', '0', 2, 1231.00, '0', '2009-08-13 08:14:11', '2009-08-13 08:14:11'),
(3, 'alipay', '0', 3, 657.20, '0', '2009-08-14 10:35:21', '2009-08-14 10:35:21'),
(4, 'alipay', '0', 4, 5664.00, '0', '2009-08-17 06:40:31', '2009-08-17 06:40:31'),
(5, 'alipay', '0', 5, 6398.00, '0', '2009-08-17 07:16:01', '2009-08-17 07:16:01'),
(6, 'alipay', '0', 6, 621.00, '0', '2009-08-17 07:33:13', '2009-08-17 07:33:13'),
(7, 'account_pay', '0', 7, 14204.00, '0', '2009-08-19 02:36:43', '2009-08-19 02:36:43'),
(8, 'account_pay', '0', 8, 53140.00, '0', '2009-08-19 02:40:16', '2009-08-19 02:40:16'),
(9, 'account_pay', '0', 9, 0.00, '0', '2009-08-19 02:40:30', '2009-08-19 02:40:30'),
(10, 'alipay', '0', 10, 2679.00, '0', '2009-08-19 08:02:36', '2009-08-19 08:02:36'),
(11, 'post', '0', 11, 53209.00, '0', '2009-08-20 03:17:51', '2009-08-20 03:17:51'),
(12, 'alipay', '1', 1, 11212.00, '0', '2009-08-20 03:28:43', '2009-08-20 03:28:43'),
(13, 'paypalcn', '1', 2, 323.00, '0', '2009-08-20 03:29:06', '2009-08-20 03:29:06'),
(14, 'paypal', '1', 3, 323.00, '0', '2009-08-20 03:29:16', '2009-08-20 03:29:16'),
(15, 'bank', '1', 4, 323.00, '0', '2009-08-20 03:29:36', '2009-08-20 03:29:36'),
(16, 'bank', '1', 5, 323.00, '0', '2009-08-20 03:29:37', '2009-08-20 03:29:37'),
(17, 'alipay', '0', 12, 0.00, '0', '2009-08-20 03:46:14', '2009-08-20 03:46:14'),
(18, 'alipay', '0', 13, 888.00, '0', '2009-08-20 04:03:38', '2009-08-20 04:03:38'),
(19, 'alipay', '0', 14, 533.00, '0', '2009-08-20 05:39:51', '2009-08-20 05:39:51'),
(20, 'post', '0', 15, 1220.80, '0', '2009-08-26 01:45:36', '2009-08-26 01:45:36'),
(21, 'post', '1', 6, 50.00, '0', '2009-08-26 05:06:42', '2009-08-26 05:06:42'),
(22, 'alipay', '0', 16, 614.20, '0', '2009-09-08 04:46:31', '2009-09-08 04:46:31'),
(23, 'alipay', '1', 7, 100.00, '0', '2009-09-11 07:23:55', '2009-09-11 07:23:55'),
(24, 'alipay', '0', 17, 65723.00, '0', '2009-09-24 16:04:35', '2009-09-24 16:04:35'),
(25, 'alipay', '0', 18, 0.00, '0', '2009-09-27 18:56:36', '2009-09-27 18:56:36');

--
-- 导出表中的数据 `svcart_payment_i18ns`
--


--
-- 导出表中的数据 `svcart_plugins`
--


--
-- 导出表中的数据 `svcart_prodcut_volumes`
--

INSERT INTO `svcart_prodcut_volumes` (`id`, `product_id`, `volume_number`, `volume_price`, `created`, `modified`) VALUES
(1, 12, 3, 69.00, '2009-08-10 03:28:58', '2009-08-10 03:28:58'),
(2, 12, 5, 59.00, '2009-08-10 03:28:58', '2009-08-10 03:28:58'),
(9, 13, 5, 59.00, '2009-08-10 03:44:36', '2009-08-10 03:44:36'),
(10, 13, 3, 69.00, '2009-08-10 03:44:36', '2009-08-10 03:44:36'),
(11, 13, 2, 75.00, '2009-08-10 03:44:36', '2009-08-10 03:44:36'),
(21, 43, 3, 120.00, '2009-09-08 04:41:05', '2009-09-08 04:41:05'),
(20, 43, 10, 99.00, '2009-09-08 04:41:05', '2009-09-08 04:41:05'),
(30, 60, 20, 20000.00, '2009-09-27 18:40:40', '2009-09-27 18:40:40');

--
-- 导出表中的数据 `svcart_products`
--

INSERT INTO `svcart_products` (`id`, `coupon_type_id`, `brand_id`, `provider_id`, `category_id`, `code`, `style_code`, `is_colors_gallery`, `product_name_style`, `img_thumb`, `img_detail`, `img_original`, `colors_gallery`, `recommand_flag`, `min_buy`, `max_buy`, `admin_id`, `alone`, `forsale`, `status`, `bestbefore`, `weight`, `market_price`, `shop_price`, `promotion_price`, `purchase_price`, `promotion_start`, `promotion_end`, `promotion_status`, `point`, `point_fee`, `view_stat`, `sale_stat`, `product_type_id`, `product_rank_id`, `quantity`, `warn_quantity`, `frozen_quantity`, `extension_code`, `created`, `modified`) VALUES
(1, 0, 1, 0, 10, 'svcart000001', NULL, '1', '+', '/img/products/svcart000001/49b0623e.jpg', '/img/products/svcart000001/detail/49b0623e.jpg', '/img/products/svcart000001/original/49b0623e.jpg', NULL, '0', 1, 100, 0, '1', '1', '1', '0', 20.000, 20000.00, 20000.00, 0.00, 0.00, '2008-01-01 00:00:00', '2008-01-01 00:00:00', '0', 0, '0', 3, 0, 0, 0, 5, 0, 0, '', '2009-04-09 05:48:31', '2009-10-12 20:50:02'),
(2, 0, 1, 0, 10, 'svcart000002', NULL, '1', '+', '/img/products/svcart000002/49b6c124.jpg', '/img/products/svcart000002/detail/49b6c124.jpg', '/img/products/svcart000002/original/49b6c124.jpg', NULL, '0', 1, 100, 0, '1', '1', '1', '0', 45.000, 50000.00, 50000.00, 0.00, 0.00, '2008-01-01 00:00:00', '2008-01-01 00:00:00', '0', 0, '0', 5, 0, 0, 0, 5, 0, 0, '', '2009-04-09 09:20:36', '2009-09-11 07:15:50'),
(3, 0, 1, 0, 10, 'svcart000003', NULL, '1', '+', '/img/products/svcart000003/49b75709.jpg', '/img/products/svcart000003/detail/49b75709.jpg', '/img/products/svcart000003/original/49b75709.jpg', NULL, '0', 1, 100, 0, '1', '1', '1', '0', 0.000, 10000.00, 10000.00, 0.00, 0.00, '2008-01-01 00:00:00', '2008-01-01 00:00:00', '0', 0, '0', 4, 0, 0, 0, 5, 0, 0, '', '2009-04-09 09:22:57', '2009-09-24 16:02:18'),
(4, 0, 1, 0, 10, 'svcart000004', NULL, '1', '+', '/img/products/svcart000004/49ba9400.jpg', '/img/products/svcart000004/detail/49ba9400.jpg', '/img/products/svcart000004/original/49ba9400.jpg', NULL, '0', 1, 100, 0, '1', '1', '1', '0', 0.000, 6660.00, 6660.00, 0.00, 0.00, '2008-01-01 00:00:00', '2008-01-01 00:00:00', '0', 0, '0', 2, 0, 0, 0, 5, 0, 0, '', '2009-04-09 09:25:42', '2009-08-17 06:26:06'),
(5, 0, 1, 0, 10, 'svcart000005', NULL, '1', '+', '/img/products/svcart000005/49b00d3b.jpg', '/img/products/svcart000005/detail/49b00d3b.jpg', '/img/products/svcart000005/original/49b00d3b.jpg', NULL, '0', 1, 100, 0, '1', '1', '1', '0', 0.000, 3000.00, 3000.00, 0.00, 0.00, '2008-01-01 00:00:00', '2008-01-01 00:00:00', '0', 0, '0', 8, 2, 0, 0, 3, 0, -1, '', '2009-04-09 09:27:43', '2009-09-22 02:32:09'),
(6, 0, 1, 0, 10, 'svcart000006', NULL, '1', '+', '/img/products/svcart000006/49b6086e.jpg', '/img/products/svcart000006/detail/49b6086e.jpg', '/img/products/svcart000006/original/49b6086e.jpg', NULL, '0', 1, 100, 0, '1', '1', '1', '0', 0.000, 2000.00, 2000.00, 0.00, 0.00, '2008-01-01 00:00:00', '2008-01-01 00:00:00', '0', 0, '0', 7, 0, 0, 0, 5, 0, -1, '', '2009-04-09 09:28:16', '2009-09-24 16:02:34'),
(7, 0, 1, 0, 10, 'svcart000007', NULL, '1', '+', '/img/products/svcart000007/49bd0029.jpg', '/img/products/svcart000007/detail/49bd0029.jpg', '/img/products/svcart000007/original/49bd0029.jpg', NULL, '0', 1, 100, 0, '1', '1', '1', '0', 0.000, 29999.00, 29999.00, 0.00, 0.00, '2008-01-01 00:00:00', '2008-01-01 00:00:00', '0', 0, '0', 4, 2, 0, 0, 3, 0, -1, '', '2009-04-09 09:28:50', '2009-09-24 16:08:43'),
(8, 0, 1, 0, 10, 'svcart000008', NULL, '1', '+', '/img/products/svcart000008/49b584a2.jpg', '/img/products/svcart000008/detail/49b584a2.jpg', '/img/products/svcart000008/original/49b584a2.jpg', NULL, '0', 1, 100, 0, '1', '1', '1', '0', 0.000, 3000.00, 3000.00, 0.00, 0.00, '2008-01-01 00:00:00', '2008-01-01 00:00:00', '0', 0, '0', 1, 0, 0, 0, 5, 0, 0, '', '2009-04-09 09:29:40', '2009-08-17 06:19:08'),
(9, 0, 1, 0, 10, 'svcart000009', NULL, '1', '+', '/img/products/svcart000009/49b9b1d0.jpg', '/img/products/svcart000009/detail/49b9b1d0.jpg', '/img/products/svcart000009/original/49b9b1d0.jpg', NULL, '0', 1, 100, 0, '1', '1', '1', '0', 0.000, 3000.00, 3000.00, 0.00, 0.00, '2008-01-01 00:00:00', '2008-01-01 00:00:00', '0', 0, '0', 2, 0, 0, 0, 5, 0, 0, '', '2009-04-09 09:30:15', '2009-08-18 08:51:15'),
(10, 0, 1, 0, 10, 'svcart000010', NULL, '1', '+', '/img/products/svcart000010/49bfa424.jpg', '/img/products/svcart000010/detail/49bfa424.jpg', '/img/products/svcart000010/original/49bfa424.jpg', NULL, '0', 1, 100, 0, '1', '1', '1', '0', 0.000, 4999.00, 4999.00, 0.00, 0.00, '2008-01-01 00:00:00', '2008-01-01 00:00:00', '0', 0, '0', 0, 0, 0, 0, 5, 0, 0, '', '2009-04-09 09:30:48', '2009-04-10 03:41:19'),
(12, 0, 0, 0, 11, 'SV000012', '', '1', '+', '/img/products/SV000012/49ba1f16.jpg', '/img/products/SV000012/detail/49ba1f16.jpg', '/img/products/SV000012/original/49ba1f16.jpg', '', '1', 1, 100, 0, '1', '1', '2', '0', 10.000, 199.00, 79.00, 0.00, 0.00, '2008-01-01 00:00:00', '2008-01-01 00:00:00', '0', 10, '200', 0, 0, 0, 0, 999, 0, 0, '', '2009-08-10 03:28:58', '2009-08-10 03:28:58'),
(13, 0, 0, 0, 11, 'SV000013', 'svt001', '1', '+', '/img/products/SV000013/49b98213.jpg', '/img/products/SV000013/detail/49b98213.jpg', '/img/products/SV000013/original/49b98213.jpg', '/img/products/SV000013/49b98213.jpg', '1', 1, 100, 0, '1', '1', '1', '0', 20.000, 199.00, 79.00, 0.00, 0.00, '2008-01-01 00:00:00', '2008-01-01 00:00:00', '0', 0, '10', 13, 0, 0, 0, 999, 0, 1, '', '2009-08-10 03:33:29', '2009-09-25 16:49:17'),
(14, 0, 0, 0, 11, 'SV000014', 'svt001', '1', '+', '/img/products/SV000014/49bca872.jpg', '/img/products/SV000014/detail/49bca872.jpg', '/img/products/SV000014/original/49bca872.jpg', '', '0', 1, 100, 0, '1', '1', '1', '0', 0.000, 199.00, 79.00, 0.00, 0.00, '2008-01-01 00:00:00', '2008-01-01 00:00:00', '0', 10, '30', 5, 2, 1, 0, 997, 0, -1, '', '2009-08-10 03:43:35', '2009-09-07 08:03:27'),
(15, 0, 0, 0, 11, 'SV000015', 'svt001', '1', '+', '/img/products/SV000015/49bf7746.jpg', '/img/products/SV000015/detail/49bf7746.jpg', '/img/products/SV000015/original/49bf7746.jpg', '/img/products/SV000015/49bf7746.jpg', '0', 1, 100, 0, '1', '1', '1', '0', 20.000, 199.00, 79.00, 0.00, 0.00, '2008-01-01 00:00:00', '2008-01-01 00:00:00', '0', 0, '10', 5, 0, 1, 0, 999, 0, 0, '', '2009-08-10 03:56:23', '2009-08-17 07:30:30'),
(16, 0, 0, 0, 11, 'SV000016', 'svt002', '1', '+', '/img/products/SV000016/49b14bdb.jpg', '/img/products/SV000016/detail/49b14bdb.jpg', '/img/products/SV000016/original/49b14bdb.jpg', '/img/products/SV000016/49b14bdb.jpg', '0', 1, 100, 0, '1', '1', '1', '0', 20.000, 199.00, 79.00, 59.00, 0.00, '2009-08-01 00:00:00', '2009-11-30 23:59:59', '1', 0, '', 17, 0, 1, 0, 999, 0, 1, '', '2009-08-10 04:03:17', '2009-09-28 13:45:54'),
(17, 0, 0, 0, 11, 'SV000017', 'svt002', '1', '+', '/img/products/SV000017/49b9e775.jpg', '/img/products/SV000017/detail/49b9e775.jpg', '/img/products/SV000017/original/49b9e775.jpg', '/img/products/SV000017/49b9e775.jpg', '0', 1, 100, 0, '1', '1', '1', '0', 20.000, 199.00, 79.00, 59.00, 0.00, '2009-08-01 00:00:00', '2009-11-30 23:59:59', '1', 10, '20', 3, 0, 1, 0, 999, 0, 1, '', '2009-08-10 04:51:53', '2009-08-17 07:31:28'),
(18, 0, 0, 0, 16, 'SV000018', '', '1', '+', '/img/products/SV000018/49b58de7.jpg', '/img/products/SV000018/detail/49b58de7.jpg', '/img/products/SV000018/original/49b58de7.jpg', '', '0', 1, 100, 0, '1', '1', '1', '0', 0.000, 1821.00, 1619.00, 0.00, 0.00, '2008-01-01 00:00:00', '2008-01-01 00:00:00', '0', 0, '', 7, 2, 0, 0, 997, 0, 0, '', '2009-08-10 05:36:58', '2009-09-24 16:02:31'),
(19, 0, 2, 0, 16, 'SV000019', '', '1', '+', '/img/products/SV000019/49b9d3c3.jpg', '/img/products/SV000019/detail/49b9d3c3.jpg', '/img/products/SV000019/original/49b9d3c3.jpg', '', '0', 1, 100, 0, '1', '1', '1', '0', 0.000, 3054.00, 2679.00, 0.00, 0.00, '2008-01-01 00:00:00', '2008-01-01 00:00:00', '0', 0, '', 10, 2, 0, 0, 997, 0, -2, '', '2009-08-10 05:53:29', '2009-09-24 16:02:30'),
(20, 0, 2, 0, 16, 'SV000020', '', '1', '+', '/img/products/SV000020/49be3b21.jpg', '/img/products/SV000020/detail/49be3b21.jpg', '/img/products/SV000020/original/49be3b21.jpg', '', '0', 1, 100, 0, '1', '1', '1', '0', 0.000, 1169.00, 1059.00, 0.00, 0.00, '2008-01-01 00:00:00', '2008-01-01 00:00:00', '0', 0, '', 2, 0, 0, 0, 999, 0, 0, '', '2009-08-10 05:55:13', '2009-08-10 06:46:02'),
(21, 0, 2, 0, 16, 'SV000021', '', '1', '+', '/img/products/SV000021/49bdc920.jpg', '/img/products/SV000021/detail/49bdc920.jpg', '/img/products/SV000021/original/49bdc920.jpg', '', '0', 1, 100, 0, '1', '1', '1', '0', 0.000, 1760.00, 1599.00, 0.00, 0.00, '2008-01-01 00:00:00', '2008-01-01 00:00:00', '0', 0, '', 0, 0, 0, 0, 999, 0, 0, '', '2009-08-10 05:59:44', '2009-08-10 05:59:44'),
(22, 0, 0, 0, 19, 'SV000022', '', '1', '+', '/img/products/SV000022/49b1acf3.jpg', '/img/products/SV000022/detail/49b1acf3.jpg', '/img/products/SV000022/original/49b1acf3.jpg', '', '1', 1, 100, 0, '1', '1', '1', '0', 0.000, 1700.00, 888.00, 0.00, 0.00, '2008-01-01 00:00:00', '2008-01-01 00:00:00', '0', 100, '50', 31, 1, 1, 0, 998, 0, 0, '', '2009-08-10 06:01:20', '2009-09-07 07:31:50'),
(23, 0, 2, 0, 14, 'SV000023', '', '1', '+', '/img/products/SV000023/49ba87f3.jpg', '/img/products/SV000023/detail/49ba87f3.jpg', '/img/products/SV000023/original/49ba87f3.jpg', '', '0', 1, 100, 0, '1', '1', '1', '0', 0.000, 2979.00, 2609.00, 0.00, 0.00, '2008-01-01 00:00:00', '2008-01-01 00:00:00', '0', 0, '', 1, 0, 0, 0, 999, 0, 0, '', '2009-08-10 06:02:02', '2009-08-17 06:16:35'),
(24, 0, 2, 0, 16, 'SV000024', '', '1', '+', '/img/products/SV000024/49bdc834.jpg', '/img/products/SV000024/detail/49bdc834.jpg', '/img/products/SV000024/original/49bdc834.jpg', '', '0', 1, 100, 0, '1', '1', '1', '0', 0.000, 2198.00, 1988.00, 0.00, 0.00, '2008-01-01 00:00:00', '2008-01-01 00:00:00', '0', 0, '', 0, 0, 0, 0, 999, 0, 0, '', '2009-08-10 06:04:30', '2009-08-10 06:04:31'),
(25, 0, 2, 0, 16, 'SV000025', '', '1', '+', '/img/products/SV000025/49b76937.jpg', '/img/products/SV000025/detail/49b76937.jpg', '/img/products/SV000025/original/49b76937.jpg', '', '0', 1, 100, 0, '1', '1', '1', '0', 0.000, 2487.00, 2239.00, 0.00, 0.00, '2008-01-01 00:00:00', '2008-01-01 00:00:00', '0', 0, '', 4, 2, 0, 0, 997, 0, -1, '', '2009-08-10 06:06:28', '2009-09-24 16:02:24'),
(26, 0, 2, 0, 16, 'SV000026', '', '1', '+', '/img/products/SV000026/49b09b47.jpg', '/img/products/SV000026/detail/49b09b47.jpg', '/img/products/SV000026/original/49b09b47.jpg', '', '0', 1, 100, 0, '1', '1', '1', '0', 0.000, 2132.00, 1899.00, 0.00, 0.00, '2008-01-01 00:00:00', '2008-01-01 00:00:00', '0', 0, '', 0, 0, 0, 0, 999, 0, 0, '', '2009-08-10 06:08:39', '2009-08-10 06:08:40'),
(27, 0, 0, 0, 16, 'SV000027', '', '1', '+', '/img/products/SV000027/49bdc68c.jpg', '/img/products/SV000027/detail/49bdc68c.jpg', '/img/products/SV000027/original/49bdc68c.jpg', '', '0', 1, 100, 0, '1', '1', '1', '0', 0.000, 2381.00, 2128.00, 0.00, 0.00, '2008-01-01 00:00:00', '2008-01-01 00:00:00', '0', 0, '', 2, 0, 0, 0, 999, 0, 0, '', '2009-08-10 06:10:13', '2009-08-10 06:42:47'),
(28, 0, 0, 0, 19, 'SV000028', 'svt003', '1', '+', '/img/products/SV000028/49b9db56.jpg', '/img/products/SV000028/detail/49b9db56.jpg', '/img/products/SV000028/original/49b9db56.jpg', '/img/products/SV000028/49b9db56.jpg', '0', 1, 100, 0, '1', '1', '1', '0', 10.000, 388.00, 128.00, 0.00, 0.00, '2008-01-01 00:00:00', '2008-01-01 00:00:00', '0', 5, '10', 1, 0, 1, 0, 999, 0, 0, '', '2009-08-10 06:14:12', '2009-08-17 06:05:39'),
(29, 0, 0, 0, 19, 'SV000029', 'svt003', '1', '+', '/img/products/SV000029/49b96d98.jpg', '/img/products/SV000029/detail/49b96d98.jpg', '/img/products/SV000029/original/49b96d98.jpg', '/img/products/SV000029/49b96d98.jpg', '0', 1, 100, 0, '1', '1', '1', '0', 10.000, 388.00, 128.00, 0.00, 0.00, '2008-01-01 00:00:00', '2008-01-01 00:00:00', '0', 5, '10', 0, 0, 1, 0, 999, 0, 0, '', '2009-08-10 06:14:12', '2009-08-10 06:26:12'),
(30, 0, 0, 0, 14, 'SV000030', '', '1', '+', '/img/products/SV000030/49b0dbbd.jpg', '/img/products/SV000030/detail/49b0dbbd.jpg', '/img/products/SV000030/original/49b0dbbd.jpg', '', '0', 1, 100, 0, '1', '1', '1', '0', 0.000, 3188.00, 2899.00, 0.00, 0.00, '2008-01-01 00:00:00', '2008-01-01 00:00:00', '0', 0, '', 0, 0, 0, 0, 999, 0, 0, '', '2009-08-10 06:21:59', '2009-08-10 06:21:59'),
(31, 0, 0, 0, 16, 'SV000031', '', '1', '+', '/img/products/SV000031/49b55c9c.jpg', '/img/products/SV000031/detail/49b55c9c.jpg', '/img/products/SV000031/original/49b55c9c.jpg', '', '0', 1, 100, 0, '1', '1', '1', '0', 0.000, 4470.00, 3999.00, 0.00, 0.00, '2008-01-01 00:00:00', '2008-01-01 00:00:00', '0', 0, '', 3, 2, 0, 0, 997, 0, -1, '', '2009-08-10 06:23:55', '2009-09-24 16:02:13'),
(32, 0, 0, 0, 19, 'SV000032', 'svt003', '1', '+', '/img/products/SV000032/49bcead8.jpg', '/img/products/SV000032/detail/49bcead8.jpg', '/img/products/SV000032/original/49bcead8.jpg', '/img/products/SV000032/49bcead8.jpg', '0', 1, 100, 0, '1', '1', '1', '0', 10.000, 388.00, 128.00, 0.00, 0.00, '2008-01-01 00:00:00', '2008-01-01 00:00:00', '0', 5, '10', 1, 0, 1, 0, 999, 0, 0, '', '2009-08-10 06:14:12', '2009-08-12 06:38:28'),
(33, 0, 2, 0, 16, 'SV000033', '', '1', '+', '/img/products/SV000033/49b0c430.jpg', '/img/products/SV000033/detail/49b0c430.jpg', '/img/products/SV000033/original/49b0c430.jpg', '', '0', 1, 100, 0, '1', '1', '1', '0', 0.000, 4100.00, 3629.00, 0.00, 0.00, '2008-01-01 00:00:00', '2008-01-01 00:00:00', '0', 0, '', 7, 2, 0, 0, 997, 0, -1, '', '2009-08-10 06:27:22', '2009-09-24 16:02:30'),
(34, 0, 2, 0, 16, 'SV000034', '', '1', '+', '/img/products/SV000034/49bfbe2f.jpg', '/img/products/SV000034/detail/49bfbe2f.jpg', '/img/products/SV000034/original/49bfbe2f.jpg', '', '0', 1, 100, 0, '1', '1', '1', '0', 0.000, 6413.00, 5788.00, 0.00, 0.00, '2008-01-01 00:00:00', '2008-01-01 00:00:00', '0', 0, '', 5, 2, 0, 0, 997, 0, -1, '', '2009-08-10 06:34:31', '2009-09-24 16:02:28'),
(35, 0, 0, 0, 19, 'SV000035', 'svt003', '1', '+', '/img/products/SV000035/49b2353e.jpg', '/img/products/SV000035/detail/49b2353e.jpg', '/img/products/SV000035/original/49b2353e.jpg', '/img/products/SV000035/49b2353e.jpg', '0', 1, 100, 0, '1', '1', '1', '0', 10.000, 388.00, 128.00, 0.00, 0.00, '2008-01-01 00:00:00', '2008-01-01 00:00:00', '0', 5, '10', 2, 0, 1, 0, 999, 0, 0, '', '2009-08-10 06:14:12', '2009-08-17 06:51:27'),
(36, 0, 0, 0, 20, 'SV000036', 'svt004', '1', '+', '/img/products/SV000036/49b5a406.jpg', '/img/products/SV000036/detail/49b5a406.jpg', '/img/products/SV000036/original/49b5a406.jpg', '/img/products/SV000036/49bc103c.jpg', '0', 1, 100, 0, '1', '1', '1', '0', 20.000, 399.00, 199.00, 0.00, 0.00, '2008-01-01 00:00:00', '2008-01-01 00:00:00', '0', 44, '55', 5, 0, 1, 0, 999, 0, 0, '', '2009-08-10 06:49:13', '2009-08-17 07:12:41'),
(37, 0, 0, 0, 20, 'SV000037', 'svt004', '1', '+', '/img/products/SV000037/49b6bac5.jpg', '/img/products/SV000037/detail/49b6bac5.jpg', '/img/products/SV000037/original/49b6bac5.jpg', '/img/products/SV000037/49bd570c.jpg', '0', 1, 100, 0, '1', '1', '1', '0', 20.000, 399.00, 199.00, 0.00, 0.00, '2008-01-01 00:00:00', '2008-01-01 00:00:00', '0', 44, '55', 2, 0, 1, 0, 999, 0, 0, '', '2009-08-10 06:49:13', '2009-08-13 07:20:45'),
(38, 0, 0, 0, 20, 'SV000038', 'svt004', '0', '+', '/img/products/SV000038/49b5141f.jpg', '/img/products/SV000038/detail/49b5141f.jpg', '/img/products/SV000038/original/49b5141f.jpg', '/img/products/SV000038/49b33101.jpg', '0', 1, 100, 0, '1', '1', '1', '0', 20.000, 399.00, 199.00, 0.00, 0.00, '2008-01-01 00:00:00', '2008-01-01 00:00:00', '0', 44, '55', 0, 0, 1, 0, 999, 0, 0, '', '2009-08-10 06:49:13', '2009-08-10 07:09:18'),
(39, 0, 0, 0, 20, 'SV000039', 'svt004', '1', '+', '/img/products/SV000039/49b2d68c.jpg', '/img/products/SV000039/detail/49b2d68c.jpg', '/img/products/SV000039/original/49b2d68c.jpg', '/img/products/SV000039/49b447f4.jpg', '0', 1, 100, 0, '1', '1', '1', '0', 20.000, 399.00, 199.00, 0.00, 0.00, '2008-01-01 00:00:00', '2008-01-01 00:00:00', '0', 44, '55', 1, 0, 1, 0, 999, 0, 0, '', '2009-08-10 06:49:13', '2009-08-17 06:22:06'),
(40, 0, 0, 0, 20, 'SV000040', 'svt004', '1', '+', '/img/products/SV000040/49b8e73e.jpg', '/img/products/SV000040/detail/49b8e73e.jpg', '/img/products/SV000040/original/49b8e73e.jpg', '/img/products/SV000040/49be5dad.jpg', '0', 1, 100, 0, '1', '1', '1', '0', 20.000, 399.00, 199.00, 0.00, 0.00, '2008-01-01 00:00:00', '2008-01-01 00:00:00', '0', 44, '55', 2, 0, 1, 0, 999, 1110, -1, '', '2009-08-10 06:49:13', '2009-08-26 01:42:29'),
(41, 0, 0, 0, 20, 'SV000041', 'svt005', '1', '+', '/img/products/SV000041/49b0c42f.jpg', '/img/products/SV000041/detail/49b0c42f.jpg', '/img/products/SV000041/original/49b0c42f.jpg', '/img/products/SV000041/49b0c42f.jpg', '0', 1, 100, 0, '1', '1', '1', '0', 20.000, 388.00, 188.00, 79.00, 0.00, '2009-08-01 00:00:00', '2009-12-31 23:59:59', '1', 0, '', 2, 0, 1, 0, 999, 0, 0, '', '2009-08-10 07:29:53', '2009-08-25 10:12:46'),
(42, 0, 2, 0, 15, 'SV000042', '', '1', '+', '/img/products/SV000042/49b61f6d.jpg', '/img/products/SV000042/detail/49b61f6d.jpg', '/img/products/SV000042/original/49b61f6d.jpg', '', '0', 1, 100, 0, '1', '1', '1', '0', 0.000, 481.00, 399.00, 0.00, 0.00, '2008-01-01 00:00:00', '2008-01-01 00:00:00', '0', 0, '', 2, 0, 0, 0, 999, 0, 0, '', '2009-08-10 07:31:24', '2009-08-10 07:34:06'),
(43, 0, 13, 0, 20, 'SV000043', 'svt005', '1', '+', '/img/products/SV000043/49b96dbd.jpg', '/img/products/SV000043/detail/49b96dbd.jpg', '/img/products/SV000043/original/49b96dbd.jpg', '/img/products/SV000043/49b96dbd.jpg', '1', 1, 100, 0, '1', '1', '1', '1', 20.000, 388.00, 188.00, 79.00, 0.00, '2009-08-01 00:00:00', '2009-12-31 23:59:59', '1', 20, '50', 83, 0, 1, 0, 9999, 0, 3, '', '2009-08-10 07:29:53', '2009-09-25 16:55:26'),
(44, 0, 0, 0, 20, 'SV000044', 'svt005', '1', '+', '/img/products/SV000044/49b9c3f1.jpg', '/img/products/SV000044/detail/49b9c3f1.jpg', '/img/products/SV000044/original/49b9c3f1.jpg', '/img/products/SV000044/49b9c3f1.jpg', '0', 1, 100, 0, '1', '1', '1', '0', 20.000, 388.00, 188.00, 79.00, 0.00, '2009-08-01 00:00:00', '2009-12-31 23:59:59', '1', 0, '', 6, 0, 1, 0, 999, 0, 1, '', '2009-08-10 07:29:53', '2009-09-24 15:47:17'),
(45, 0, 0, 0, 20, 'SV000045', 'svt005', '1', '+', '/img/products/SV000045/49bdf837.jpg', '/img/products/SV000045/detail/49bdf837.jpg', '/img/products/SV000045/original/49bdf837.jpg', '/img/products/SV000045/49bdf837.jpg', '0', 1, 100, 0, '1', '1', '1', '0', 20.000, 388.00, 188.00, 79.00, 0.00, '2009-08-01 00:00:00', '2009-12-31 23:59:59', '1', 0, '', 45, 0, 1, 0, 999, 0, 2, '', '2009-08-10 07:29:53', '2009-10-29 13:45:46'),
(46, 0, 0, 0, 20, 'SV000046', 'svt005', '1', '+', '/img/products/SV000046/49b2e513.jpg', '/img/products/SV000046/detail/49b2e513.jpg', '/img/products/SV000046/original/49b2e513.jpg', '/img/products/SV000046/49b2e513.jpg', '0', 1, 100, 0, '1', '1', '1', '0', 20.000, 388.00, 188.00, 79.00, 0.00, '2009-08-01 00:00:00', '2009-12-31 23:59:59', '1', 0, '', 23, 0, 1, 0, 999, 0, 0, '', '2009-08-10 07:29:53', '2009-10-13 19:28:58'),
(47, 0, 0, 0, 21, 'SV000047', 'svt006', '0', '+', '/img/products/SV000047/49b71a11.jpg', '/img/products/SV000047/detail/49b71a11.jpg', '/img/products/SV000047/original/49b71a11.jpg', '/img/products/SV000047/49b71a11.jpg', '0', 1, 100, 0, '1', '1', '1', '0', 0.000, 118.80, 99.00, 0.00, 0.00, '2008-01-01 00:00:00', '2008-01-01 00:00:00', '0', 20, '40', 13, 0, 1, 0, 999, 0, 2, '', '2009-08-10 07:49:47', '2009-09-24 15:51:38'),
(48, 0, 0, 0, 21, 'SV000048', 'svt006', '1', '+', '/img/products/SV000048/49bde228.jpg', '/img/products/SV000048/detail/49bde228.jpg', '/img/products/SV000048/original/49bde228.jpg', '/img/products/SV000048/49bde228.jpg', '0', 1, 100, 0, '1', '1', '1', '0', 0.000, 118.80, 99.00, 0.00, 0.00, '2008-01-01 00:00:00', '2008-01-01 00:00:00', '0', 20, '40', 9, 2, 1, 0, 997, 0, -1, '', '2009-08-10 07:49:47', '2009-09-24 15:51:37'),
(50, 0, 0, 0, 21, 'SV000050', 'svt006', '1', '+', '/img/products/SV000050/49bca402.jpg', '/img/products/SV000050/detail/49bca402.jpg', '/img/products/SV000050/original/49bca402.jpg', '/img/products/SV000050/49bca402.jpg', '0', 1, 100, 0, '0', '1', '1', '0', 0.000, 118.80, 99.00, 0.00, 0.00, '2008-01-01 00:00:00', '2008-01-01 00:00:00', '0', 20, '40', 2, 0, 1, 0, 1, 2, 1, '', '2009-08-10 07:49:47', '2009-08-20 03:31:38'),
(51, 0, 0, 0, 21, 'SV000051', 'svt006', '1', '+', '/img/products/SV000051/49bc4a2c.jpg', '/img/products/SV000051/detail/49bc4a2c.jpg', '/img/products/SV000051/original/49bc4a2c.jpg', '/img/products/SV000047/49b71a11.jpg', '0', 1, 100, 0, '1', '1', '1', '0', 0.000, 118.80, 99.00, 0.00, 0.00, '2008-01-01 00:00:00', '2008-01-01 00:00:00', '0', 20, '40', 7, 0, 1, 0, 999, 0, 0, '', '2009-08-10 07:49:47', '2009-09-24 16:02:44'),
(52, 0, 0, 0, 21, 'SV000052', 'svt006', '1', '+', '/img/products/SV000052/49bd8d4d.jpg', '/img/products/SV000052/detail/49bd8d4d.jpg', '/img/products/SV000052/original/49bd8d4d.jpg', '/img/products/SV000052/49bd8d4d.jpg', '0', 1, 100, 0, '1', '1', '1', '0', 0.000, 118.80, 99.00, 0.00, 0.00, '2008-01-01 00:00:00', '2008-01-01 00:00:00', '0', 20, '40', 9, 0, 1, 0, 999, 0, 1, '', '2009-08-10 07:49:47', '2009-10-29 13:46:14'),
(53, 0, 3, 0, 14, 'SV000053', '', '1', '+', '/img/products/SV000053/49bf5105.jpg', '/img/products/SV000053/detail/49bf5105.jpg', '/img/products/SV000053/original/49bf5105.jpg', '', '0', 1, 100, 0, '1', '1', '1', '0', 0.000, 3620.00, 3279.00, 0.00, 0.00, '2008-01-01 00:00:00', '2008-01-01 00:00:00', '0', 0, '', 12, 3, 2, 0, 996, 0, -1, '', '2009-08-10 08:00:35', '2009-09-24 16:08:00'),
(57, 0, 0, 1, 12, 'SV000057', NULL, '1', '+', '/img/products/SV000057/49b09ab6.jpg', '/img/products/SV000057/detail/49b09ab6.jpg', '/img/products/SV000057/original/49b09ab6.jpg', NULL, '0', 1, 100, 0, '1', '1', '1', '0', 0.000, 120.00, 100.00, 0.00, 0.00, '2008-01-01 00:00:00', '2008-01-01 00:00:00', '0', 0, '', 0, 0, 0, 0, 2, 0, 0, 'virtual_card', '2009-08-19 12:19:44', '2009-08-19 12:19:44'),
(54, 0, 2, 0, 16, 'SV000054', 'sv000012', '1', '+', '/img/products/SV000054/49b3c36b.jpg', '/img/products/SV000054/detail/49b3c36b.jpg', '/img/products/SV000054/original/49b3c36b.jpg', '/img/products/SV000054/49b3c36b.jpg', '0', 1, 100, 0, '1', '1', '1', '0', 12.000, 5185.20, 2223.00, 2123.00, 1234.00, '2009-08-01 00:00:00', '2010-04-30 23:59:59', '1', 211, '123', 7, 0, 0, 0, 0, 0, -1, '', '2009-08-19 06:44:36', '2009-09-24 15:47:19'),
(55, 0, 2, 0, 16, 'SV000055', 'sv000032', '1', '+', '/img/products/SV000055/49b643a5.jpg', '/img/products/SV000055/detail/49b643a5.jpg', '/img/products/SV000055/original/49b643a5.jpg', '/img/products/SV000055/49b643a5.jpg', '0', 1, 100, 0, '1', '1', '1', '0', 1.000, 3612.00, 3010.00, 3010.00, 1111.00, '2009-08-01 00:00:00', '2009-08-31 23:59:59', '1', 123, '543', 1, 0, 0, 0, 0, 0, 0, '', '2009-08-19 06:50:15', '2009-08-19 06:59:24'),
(56, 0, 2, 0, 16, 'SV000056', 'sv000023', '1', '+', '/img/products/SV000056/49b9caf1.jpg', '/img/products/SV000056/detail/49b9caf1.jpg', '/img/products/SV000056/original/49b9caf1.jpg', '/img/products/SV000056/49b9caf1.jpg', '0', 1, 100, 0, '1', '1', '1', '0', 1.000, 4440.00, 3700.00, 3700.00, 3700.00, '2009-08-01 00:00:00', '2010-01-28 23:59:59', '1', 234, '213', 11, 0, 0, 0, 0, 0, 0, '', '2009-08-19 06:57:45', '2009-08-20 03:15:11'),
(58, 0, 2, 1, 13, 'SV000058', NULL, '1', '+', '/img/products/SV000058/49b688e3.jpg', '/img/products/SV000058/detail/49b688e3.jpg', '/img/products/SV000058/original/49b688e3.jpg', NULL, '0', 1, 100, 0, '1', '1', '1', '0', 0.000, 13.20, 11.00, 0.00, 0.00, '2008-01-01 00:00:00', '2008-01-01 00:00:00', '0', 0, '', 3, 0, 0, 0, 9999, 0, 0, 'services_product', '2009-08-19 12:22:18', '2009-10-29 13:46:00'),
(59, 0, 0, 0, 12, 'SV000059', NULL, '1', '+', '/img/products/SV000059/49b6cebc.jpg', '/img/products/SV000059/detail/49b6cebc.jpg', '/img/products/SV000059/original/49b6cebc.jpg', NULL, '0', 1, 100, 0, '1', '1', '1', '0', 0.000, 13.20, 11.00, 0.00, 0.00, '2008-01-01 00:00:00', '2008-01-01 00:00:00', '0', 0, '', 0, 0, 0, 0, 9999, 0, 0, 'download_product', '2009-08-19 12:24:05', '2009-08-19 12:24:05'),
(60, 0, 9, 1, 10, 't-2009', '0099', '1', '+', '/img/products/t-2009/49b4633b.JPG', '/img/products/t-2009/detail/49b4633b.JPG', '/img/products/t-2009/original/49b4633b.JPG', '/img/products/t-2009/49b1aa9c.jpg', '1', 1, 100, 0, '1', '1', '1', '0', 0.000, 10798.80, 8999.00, 2000.00, 1345.00, '2009-09-09 00:00:00', '2009-09-19 23:59:59', '1', 3000, '', 7, 0, 0, 0, 0, 4, 0, '', '2009-09-27 18:19:15', '2009-09-28 13:41:28');

--
-- 导出表中的数据 `svcart_products_categories`
--

INSERT INTO `svcart_products_categories` (`id`, `category_id`, `product_id`, `orderby`, `created`, `modified`) VALUES
(2, 13, 57, 127, '2009-08-19 12:19:44', '2009-08-19 12:19:44'),
(4, 13, 58, 127, '2009-08-19 12:22:18', '2009-08-19 12:22:18'),
(6, 12, 59, 127, '2009-08-19 12:24:05', '2009-08-19 12:24:05'),
(7, 20, 60, 50, '2009-09-27 18:19:15', '2009-09-27 18:19:15');

--
-- 导出表中的数据 `svcart_product_alsoboughts`
--

INSERT INTO `svcart_product_alsoboughts` (`id`, `product_id`, `alsobought_product_id`, `created`, `modified`) VALUES
(1, 43, 45, '2009-08-11 05:13:22', '2009-08-11 05:13:22'),
(2, 43, 43, '2009-08-11 05:13:22', '2009-08-11 05:13:22'),
(3, 43, 48, '2009-08-11 05:13:22', '2009-08-11 05:13:22'),
(4, 43, 22, '2009-08-11 05:13:22', '2009-08-11 05:13:22'),
(5, 22, 53, '2009-08-11 06:29:43', '2009-08-11 06:29:43'),
(6, 22, 48, '2009-08-11 06:29:44', '2009-08-11 06:29:44'),
(7, 46, 22, '2009-08-12 10:00:05', '2009-08-12 10:00:05'),
(8, 46, 22, '2009-08-12 10:27:43', '2009-08-12 10:27:43'),
(9, 15, 47, '2009-08-19 02:36:43', '2009-08-19 02:36:43'),
(10, 15, 48, '2009-08-19 02:36:43', '2009-08-19 02:36:43'),
(11, 15, 19, '2009-08-19 02:36:43', '2009-08-19 02:36:43'),
(12, 15, 5, '2009-08-19 02:36:43', '2009-08-19 02:36:43'),
(13, 15, 6, '2009-08-19 02:36:43', '2009-08-19 02:36:43'),
(14, 15, 31, '2009-08-19 02:36:43', '2009-08-19 02:36:43'),
(15, 15, 25, '2009-08-19 02:36:43', '2009-08-19 02:36:43'),
(16, 18, 48, '2009-08-19 02:40:16', '2009-08-19 02:40:16'),
(17, 18, 33, '2009-08-19 02:40:16', '2009-08-19 02:40:16'),
(18, 18, 19, '2009-08-19 02:40:16', '2009-08-19 02:40:16'),
(19, 18, 5, '2009-08-19 02:40:16', '2009-08-19 02:40:16'),
(20, 18, 25, '2009-08-19 02:40:16', '2009-08-19 02:40:16'),
(21, 18, 34, '2009-08-19 02:40:16', '2009-08-19 02:40:16'),
(22, 18, 31, '2009-08-19 02:40:16', '2009-08-19 02:40:16'),
(23, 18, 7, '2009-08-19 02:40:16', '2009-08-19 02:40:16'),
(24, 18, 14, '2009-08-19 02:40:16', '2009-08-19 02:40:16'),
(25, 18, 48, '2009-08-19 02:40:30', '2009-08-19 02:40:30'),
(26, 18, 33, '2009-08-19 02:40:30', '2009-08-19 02:40:30'),
(27, 18, 19, '2009-08-19 02:40:30', '2009-08-19 02:40:30'),
(28, 18, 5, '2009-08-19 02:40:30', '2009-08-19 02:40:30'),
(29, 18, 25, '2009-08-19 02:40:30', '2009-08-19 02:40:30'),
(30, 18, 34, '2009-08-19 02:40:30', '2009-08-19 02:40:30'),
(31, 18, 31, '2009-08-19 02:40:30', '2009-08-19 02:40:30'),
(32, 18, 7, '2009-08-19 02:40:30', '2009-08-19 02:40:30'),
(33, 18, 14, '2009-08-19 02:40:30', '2009-08-19 02:40:30'),
(34, 19, 6, '2009-08-19 07:12:32', '2009-08-19 07:12:32'),
(35, 19, 22, '2009-08-19 07:12:32', '2009-08-19 07:12:32'),
(36, 19, 48, '2009-08-19 07:12:32', '2009-08-19 07:12:32'),
(37, 54, 40, '2009-08-20 03:46:50', '2009-08-20 03:46:50'),
(38, 31, 3, '2009-09-27 20:18:39', '2009-09-27 20:18:39'),
(39, 31, 25, '2009-09-27 20:18:39', '2009-09-27 20:18:39'),
(40, 31, 45, '2009-09-27 20:18:39', '2009-09-27 20:18:39'),
(41, 31, 34, '2009-09-27 20:18:39', '2009-09-27 20:18:39'),
(42, 31, 5, '2009-09-27 20:18:39', '2009-09-27 20:18:39'),
(43, 31, 19, '2009-09-27 20:18:39', '2009-09-27 20:18:39'),
(44, 31, 33, '2009-09-27 20:18:39', '2009-09-27 20:18:39'),
(45, 31, 48, '2009-09-27 20:18:39', '2009-09-27 20:18:39'),
(46, 31, 18, '2009-09-27 20:18:39', '2009-09-27 20:18:39'),
(47, 31, 7, '2009-09-27 20:18:39', '2009-09-27 20:18:39'),
(48, 31, 14, '2009-09-27 20:18:39', '2009-09-27 20:18:39'),
(49, 31, 6, '2009-09-27 20:18:39', '2009-09-27 20:18:39'),
(50, 31, 47, '2009-09-27 20:18:39', '2009-09-27 20:18:39'),
(51, 31, 43, '2009-09-27 20:18:39', '2009-09-27 20:18:39'),
(52, 31, 44, '2009-09-27 20:18:39', '2009-09-27 20:18:39'),
(53, 31, 16, '2009-09-27 20:18:39', '2009-09-27 20:18:39'),
(54, 31, 51, '2009-09-27 20:18:39', '2009-09-27 20:18:39'),
(55, 31, 52, '2009-09-27 20:18:39', '2009-09-27 20:18:39');

--
-- 导出表中的数据 `svcart_product_articles`
--

INSERT INTO `svcart_product_articles` (`id`, `article_id`, `product_id`, `orderby`, `is_double`, `created`, `modified`) VALUES
(1, 1, 14, 127, '0', '2009-08-10 03:50:12', '2009-08-10 03:50:12'),
(3, 2, 17, 127, '0', '2009-08-10 04:52:48', '2009-08-10 04:52:48'),
(5, 10, 43, 127, '1', '2009-08-11 03:56:55', '2009-08-11 03:56:55'),
(6, 7, 51, 127, '1', '2009-09-08 02:39:26', '2009-09-08 02:39:26'),
(7, 7, 45, 127, '1', '2009-09-08 02:39:28', '2009-09-08 02:39:28'),
(8, 7, 55, 127, '1', '2009-09-08 02:39:31', '2009-09-08 02:39:31'),
(9, 7, 7, 127, '1', '2009-09-08 02:39:37', '2009-09-08 02:39:37'),
(10, 3, 60, 50, '0', '2009-09-27 18:21:21', '2009-09-27 18:21:21');

--
-- 导出表中的数据 `svcart_product_attributes`
--

INSERT INTO `svcart_product_attributes` (`id`, `product_id`, `product_type_attribute_id`, `product_type_attribute_value`, `product_type_attribute_price`, `created`, `modified`) VALUES
(1, 14, 1, '修身剪裁', 0.00, '2009-08-10 03:51:34', '2009-08-10 03:51:34'),
(2, 14, 2, '65%涤纶+35%粘胶', 0.00, '2009-08-10 03:51:34', '2009-08-10 03:51:34'),
(3, 14, 3, '条纹', 0.00, '2009-08-10 03:51:34', '2009-08-10 03:51:34'),
(4, 14, 4, 'S', 0.00, '2009-08-10 03:51:34', '2009-08-10 03:51:34'),
(5, 14, 4, 'M', 0.00, '2009-08-10 03:51:34', '2009-08-10 03:51:34'),
(6, 14, 4, 'L', 0.00, '2009-08-10 03:51:34', '2009-08-10 03:51:34'),
(7, 14, 4, 'XL', 0.00, '2009-08-10 03:51:34', '2009-08-10 03:51:34'),
(8, 15, 1, '修身剪裁', 0.00, '2009-08-10 03:57:49', '2009-08-10 03:57:49'),
(9, 15, 2, '65%涤纶+35%粘胶 ', 0.00, '2009-08-10 03:57:49', '2009-08-10 03:57:49'),
(10, 15, 3, '条纹 ', 0.00, '2009-08-10 03:57:49', '2009-08-10 03:57:49'),
(11, 15, 4, 'S', 0.00, '2009-08-10 03:57:49', '2009-08-10 03:57:49'),
(12, 15, 4, 'M', 0.00, '2009-08-10 03:57:49', '2009-08-10 03:57:49'),
(13, 15, 4, 'X', 0.00, '2009-08-10 03:57:49', '2009-08-10 03:57:49'),
(14, 15, 4, 'XL', 0.00, '2009-08-10 03:57:49', '2009-08-10 03:57:49'),
(15, 16, 1, '正规剪裁', 0.00, '2009-08-10 04:04:48', '2009-08-10 04:04:48'),
(16, 16, 2, '100%棉', 0.00, '2009-08-10 04:04:48', '2009-08-10 04:04:48'),
(17, 16, 3, '印花', 0.00, '2009-08-10 04:04:48', '2009-08-10 04:04:48'),
(18, 16, 4, 'S', 0.00, '2009-08-10 04:04:48', '2009-08-10 04:04:48'),
(19, 16, 4, 'M', 0.00, '2009-08-10 04:04:48', '2009-08-10 04:04:48'),
(20, 16, 4, 'X', 0.00, '2009-08-10 04:04:48', '2009-08-10 04:04:48'),
(21, 16, 4, 'XL', 0.00, '2009-08-10 04:04:48', '2009-08-10 04:04:48'),
(22, 17, 1, '正规剪裁', 0.00, '2009-08-10 04:52:27', '2009-08-10 05:52:07'),
(23, 17, 2, '100%棉', 0.00, '2009-08-10 04:52:27', '2009-08-10 05:52:07'),
(24, 17, 3, '印花', 0.00, '2009-08-10 04:52:27', '2009-08-10 05:52:07'),
(25, 17, 4, 'S', 0.00, '2009-08-10 04:52:27', '2009-08-10 05:52:07'),
(26, 17, 4, 'M', 0.00, '2009-08-10 04:52:27', '2009-08-10 05:52:07'),
(27, 17, 4, 'X', 0.00, '2009-08-10 04:52:27', '2009-08-10 05:52:07'),
(28, 17, 4, 'XL', 0.00, '2009-08-10 04:52:27', '2009-08-10 05:52:07'),
(29, 22, 1, '正规剪裁', 0.00, '2009-08-10 06:07:28', '2009-08-10 06:07:28'),
(30, 22, 2, '100%棉', 0.00, '2009-08-10 06:07:28', '2009-08-10 06:07:28'),
(31, 22, 3, '纯色', 0.00, '2009-08-10 06:07:28', '2009-08-10 06:07:28'),
(32, 22, 4, '37', 0.00, '2009-08-10 06:07:28', '2009-08-10 06:07:28'),
(33, 22, 4, '38', 0.00, '2009-08-10 06:07:28', '2009-08-10 06:07:28'),
(34, 22, 4, '40', 0.00, '2009-08-10 06:07:28', '2009-08-10 06:07:28'),
(35, 22, 4, '41', 0.00, '2009-08-10 06:07:28', '2009-08-10 06:07:28'),
(36, 22, 4, '42', 0.00, '2009-08-10 06:07:28', '2009-08-10 06:07:28'),
(37, 22, 4, '43', 0.00, '2009-08-10 06:07:28', '2009-08-10 06:07:28'),
(38, 22, 4, '44', 0.00, '2009-08-10 06:07:28', '2009-08-10 06:07:28'),
(39, 22, 5, '长袖', 0.00, '2009-08-10 06:07:28', '2009-08-10 06:07:28'),
(40, 22, 6, '防皱定型衬骨+后烘培 贝壳扣 尾扣眼为横扣眼设计 ', 0.00, '2009-08-10 06:07:28', '2009-08-10 06:07:28'),
(41, 22, 7, '80支高支棉', 0.00, '2009-08-10 06:07:28', '2009-08-10 06:07:28'),
(42, 22, 8, '小方领', 0.00, '2009-08-10 06:07:28', '2009-08-10 06:07:28'),
(43, 28, 1, '正规剪裁', 0.00, '2009-08-10 06:19:26', '2009-08-10 06:20:41'),
(44, 28, 2, '100%棉', 0.00, '2009-08-10 06:19:26', '2009-08-10 06:20:41'),
(45, 28, 3, '纯色', 0.00, '2009-08-10 06:19:26', '2009-08-10 06:20:41'),
(46, 28, 4, '37', 0.00, '2009-08-10 06:19:27', '2009-08-10 06:20:41'),
(47, 28, 4, '38', 0.00, '2009-08-10 06:19:27', '2009-08-10 06:20:41'),
(48, 28, 4, '39', 0.00, '2009-08-10 06:19:27', '2009-08-10 06:20:41'),
(49, 28, 4, '40', 0.00, '2009-08-10 06:19:27', '2009-08-10 06:20:41'),
(50, 28, 4, '41', 0.00, '2009-08-10 06:19:27', '2009-08-10 06:20:41'),
(51, 28, 4, '42', 0.00, '2009-08-10 06:19:27', '2009-08-10 06:20:41'),
(52, 28, 4, '44', 0.00, '2009-08-10 06:19:27', '2009-08-10 06:20:41'),
(53, 28, 7, '牛津纺', 0.00, '2009-08-10 06:19:40', '2009-08-10 06:20:41'),
(54, 28, 8, '领尖扣', 0.00, '2009-08-10 06:19:40', '2009-08-10 06:20:41'),
(55, 29, 1, '正规剪裁', 0.00, '2009-08-10 06:24:23', '2009-08-10 06:24:23'),
(56, 29, 2, '100%棉', 0.00, '2009-08-10 06:24:23', '2009-08-10 06:24:23'),
(57, 29, 3, '纯色', 0.00, '2009-08-10 06:24:23', '2009-08-10 06:24:23'),
(58, 29, 4, '37', 0.00, '2009-08-10 06:24:23', '2009-08-10 06:24:23'),
(59, 29, 4, '44', 0.00, '2009-08-10 06:24:23', '2009-08-10 06:24:23'),
(60, 29, 4, '38', 0.00, '2009-08-10 06:24:23', '2009-08-10 06:24:23'),
(61, 29, 4, '39', 0.00, '2009-08-10 06:24:23', '2009-08-10 06:24:23'),
(62, 29, 4, '40', 0.00, '2009-08-10 06:24:23', '2009-08-10 06:24:23'),
(63, 29, 4, '41', 0.00, '2009-08-10 06:24:23', '2009-08-10 06:24:23'),
(64, 29, 4, '42', 0.00, '2009-08-10 06:24:23', '2009-08-10 06:24:23'),
(65, 29, 4, '43', 0.00, '2009-08-10 06:24:23', '2009-08-10 06:24:23'),
(66, 29, 7, '牛津纺', 0.00, '2009-08-10 06:24:23', '2009-08-10 06:24:23'),
(67, 29, 8, '领尖扣', 0.00, '2009-08-10 06:24:23', '2009-08-10 06:24:23'),
(68, 32, 1, '正规剪裁', 0.00, '2009-08-10 06:35:23', '2009-08-10 06:35:23'),
(69, 32, 2, '100%棉', 0.00, '2009-08-10 06:35:23', '2009-08-10 06:35:23'),
(70, 32, 3, '纯色', 0.00, '2009-08-10 06:35:23', '2009-08-10 06:35:23'),
(71, 32, 4, '37', 0.00, '2009-08-10 06:35:23', '2009-08-10 06:35:23'),
(72, 32, 4, '43', 0.00, '2009-08-10 06:35:23', '2009-08-10 06:35:23'),
(73, 32, 4, '44', 0.00, '2009-08-10 06:35:23', '2009-08-10 06:35:23'),
(74, 32, 4, '38', 0.00, '2009-08-10 06:35:23', '2009-08-10 06:35:23'),
(75, 32, 4, '39', 0.00, '2009-08-10 06:35:23', '2009-08-10 06:35:23'),
(76, 32, 4, '40', 0.00, '2009-08-10 06:35:23', '2009-08-10 06:35:23'),
(77, 32, 4, '41', 0.00, '2009-08-10 06:35:23', '2009-08-10 06:35:23'),
(78, 32, 4, '42', 0.00, '2009-08-10 06:35:23', '2009-08-10 06:35:23'),
(79, 32, 7, '牛津纺', 0.00, '2009-08-10 06:35:23', '2009-08-10 06:35:23'),
(80, 32, 8, '领尖扣', 0.00, '2009-08-10 06:35:23', '2009-08-10 06:35:23'),
(81, 35, 1, '正规剪裁', 0.00, '2009-08-10 06:41:39', '2009-08-10 06:41:39'),
(82, 35, 2, '100%棉', 0.00, '2009-08-10 06:41:39', '2009-08-10 06:41:39'),
(83, 35, 3, '条纹', 0.00, '2009-08-10 06:41:39', '2009-08-10 06:41:39'),
(84, 35, 4, '37', 0.00, '2009-08-10 06:41:39', '2009-08-10 06:41:39'),
(85, 35, 4, '38', 0.00, '2009-08-10 06:41:39', '2009-08-10 06:41:39'),
(86, 35, 4, '39', 0.00, '2009-08-10 06:41:39', '2009-08-10 06:41:39'),
(87, 35, 4, '40', 0.00, '2009-08-10 06:41:39', '2009-08-10 06:41:39'),
(88, 35, 4, '41', 0.00, '2009-08-10 06:41:39', '2009-08-10 06:41:39'),
(89, 35, 4, '42', 0.00, '2009-08-10 06:41:39', '2009-08-10 06:41:39'),
(90, 35, 4, '43', 0.00, '2009-08-10 06:41:39', '2009-08-10 06:41:39'),
(91, 35, 4, '44', 0.00, '2009-08-10 06:41:39', '2009-08-10 06:41:39'),
(92, 35, 7, '牛津纺', 0.00, '2009-08-10 06:41:39', '2009-08-10 06:41:39'),
(93, 35, 8, '领尖扣', 0.00, '2009-08-10 06:41:39', '2009-08-10 06:41:39'),
(214, 36, 1, '修身剪裁', 0.00, '2009-08-13 05:50:26', '2009-08-13 05:50:26'),
(95, 36, 3, '纯色', 0.00, '2009-08-10 06:53:45', '2009-08-13 05:50:26'),
(96, 36, 6, '无褶', 0.00, '2009-08-10 06:53:45', '2009-08-13 05:50:26'),
(97, 36, 4, '37', 0.00, '2009-08-10 07:01:30', '2009-08-13 05:50:26'),
(98, 36, 4, '38', 0.00, '2009-08-10 07:01:30', '2009-08-13 05:50:26'),
(99, 36, 4, '39', 0.00, '2009-08-10 07:01:30', '2009-08-13 05:50:26'),
(100, 36, 7, '双面斜纹布', 0.00, '2009-08-10 07:01:30', '2009-08-13 05:50:26'),
(101, 36, 9, '长裤', 0.00, '2009-08-10 07:01:30', '2009-08-13 05:50:26'),
(102, 37, 1, '正规剪裁', 0.00, '2009-08-10 07:05:19', '2009-08-13 05:57:29'),
(215, 37, 2, '65%涤纶+35%粘胶', 0.00, '2009-08-13 05:57:29', '2009-08-13 05:57:29'),
(104, 37, 3, '纯色', 0.00, '2009-08-10 07:05:19', '2009-08-13 05:57:29'),
(105, 37, 4, '37', 0.00, '2009-08-10 07:05:19', '2009-08-13 05:57:29'),
(106, 37, 4, '38', 0.00, '2009-08-10 07:05:19', '2009-08-13 05:57:29'),
(107, 37, 4, '39', 0.00, '2009-08-10 07:05:19', '2009-08-13 05:57:29'),
(108, 37, 6, '无褶', 0.00, '2009-08-10 07:05:19', '2009-08-13 05:57:29'),
(109, 37, 7, '双面斜纹布', 0.00, '2009-08-10 07:05:19', '2009-08-13 05:57:29'),
(110, 37, 9, '长裤', 0.00, '2009-08-10 07:05:19', '2009-08-13 05:57:29'),
(111, 38, 1, '正规剪裁', 0.00, '2009-08-10 07:08:37', '2009-08-13 05:57:52'),
(112, 38, 2, '100%棉', 0.00, '2009-08-10 07:08:37', '2009-08-13 05:57:52'),
(113, 38, 3, '纯色', 0.00, '2009-08-10 07:08:37', '2009-08-13 05:57:52'),
(114, 38, 4, '37', 0.00, '2009-08-10 07:08:37', '2009-08-13 05:57:52'),
(115, 38, 4, '38', 0.00, '2009-08-10 07:08:37', '2009-08-13 05:57:52'),
(117, 38, 6, '无褶', 0.00, '2009-08-10 07:08:37', '2009-08-13 05:57:52'),
(118, 38, 7, '双面斜纹布', 0.00, '2009-08-10 07:08:37', '2009-08-13 05:57:52'),
(119, 38, 9, '长裤', 0.00, '2009-08-10 07:08:37', '2009-08-13 05:57:52'),
(120, 39, 1, '正规剪裁', 0.00, '2009-08-10 07:15:40', '2009-08-10 07:15:40'),
(121, 39, 2, '100%棉', 0.00, '2009-08-10 07:15:40', '2009-08-10 07:15:40'),
(122, 39, 3, '纯色', 0.00, '2009-08-10 07:15:40', '2009-08-10 07:15:40'),
(123, 39, 4, '38', 0.00, '2009-08-10 07:15:40', '2009-08-10 07:15:40'),
(124, 39, 4, '37', 0.00, '2009-08-10 07:15:40', '2009-08-10 07:15:40'),
(125, 39, 4, '39', 0.00, '2009-08-10 07:15:40', '2009-08-10 07:15:40'),
(126, 39, 6, '无褶', 0.00, '2009-08-10 07:15:40', '2009-08-10 07:15:40'),
(127, 39, 7, '双面斜纹布', 0.00, '2009-08-10 07:15:40', '2009-08-10 07:15:40'),
(128, 39, 9, '长裤', 0.00, '2009-08-10 07:15:40', '2009-08-10 07:15:40'),
(129, 40, 1, '正规剪裁', 0.00, '2009-08-10 07:19:10', '2009-08-10 07:19:10'),
(130, 40, 2, '100%棉', 0.00, '2009-08-10 07:19:10', '2009-08-10 07:19:10'),
(131, 40, 3, '纯色', 0.00, '2009-08-10 07:19:10', '2009-08-10 07:19:10'),
(132, 40, 4, '37', 0.00, '2009-08-10 07:19:10', '2009-08-10 07:19:10'),
(133, 40, 4, '38', 0.00, '2009-08-10 07:19:10', '2009-08-10 07:19:10'),
(134, 40, 4, '39', 0.00, '2009-08-10 07:19:10', '2009-08-10 07:19:10'),
(135, 40, 6, '无褶', 0.00, '2009-08-10 07:19:10', '2009-08-10 07:19:10'),
(136, 40, 7, '双面斜纹布', 0.00, '2009-08-10 07:19:10', '2009-08-10 07:19:10'),
(137, 40, 9, '长裤', 0.00, '2009-08-10 07:19:10', '2009-08-10 07:19:10'),
(138, 41, 1, '正规剪裁', 0.00, '2009-08-10 07:31:11', '2009-08-10 07:31:11'),
(139, 41, 2, '100%棉', 0.00, '2009-08-10 07:31:11', '2009-08-10 07:31:11'),
(140, 41, 3, '纯色', 0.00, '2009-08-10 07:31:11', '2009-08-10 07:31:11'),
(141, 41, 4, '37', 0.00, '2009-08-10 07:31:11', '2009-08-10 07:31:11'),
(142, 41, 4, '38', 0.00, '2009-08-10 07:31:11', '2009-08-10 07:31:11'),
(143, 41, 4, '39', 0.00, '2009-08-10 07:31:11', '2009-08-10 07:31:11'),
(144, 41, 6, '无褶', 0.00, '2009-08-10 07:31:11', '2009-08-10 07:31:11'),
(145, 41, 7, '双面斜纹布', 0.00, '2009-08-10 07:31:11', '2009-08-10 07:31:11'),
(146, 41, 9, '长裤', 0.00, '2009-08-10 07:31:11', '2009-08-10 07:31:11'),
(147, 43, 1, '正规剪裁', 0.00, '2009-08-10 07:35:00', '2009-08-10 07:35:00'),
(148, 43, 2, '100%棉', 0.00, '2009-08-10 07:35:00', '2009-08-10 07:35:00'),
(149, 43, 3, '纯色', 0.00, '2009-08-10 07:35:00', '2009-08-10 07:35:00'),
(150, 43, 4, '37', 0.00, '2009-08-10 07:35:00', '2009-08-10 07:35:00'),
(151, 43, 4, '38', 0.00, '2009-08-10 07:35:00', '2009-08-10 07:35:00'),
(152, 43, 4, '39', 0.00, '2009-08-10 07:35:00', '2009-08-10 07:35:00'),
(153, 43, 6, '无褶', 0.00, '2009-08-10 07:35:00', '2009-08-10 07:35:00'),
(154, 43, 7, '双面斜纹布', 0.00, '2009-08-10 07:35:00', '2009-08-10 07:35:00'),
(155, 43, 9, '长裤', 0.00, '2009-08-10 07:35:00', '2009-08-10 07:35:00'),
(156, 44, 1, '正规剪裁', 0.00, '2009-08-10 07:37:23', '2009-08-10 07:37:23'),
(157, 44, 2, '100%棉', 0.00, '2009-08-10 07:37:23', '2009-08-10 07:37:23'),
(158, 44, 3, '纯色', 0.00, '2009-08-10 07:37:23', '2009-08-10 07:37:23'),
(159, 44, 4, '37', 0.00, '2009-08-10 07:37:23', '2009-08-10 07:37:23'),
(160, 44, 4, '38', 0.00, '2009-08-10 07:37:23', '2009-08-10 07:37:23'),
(161, 44, 4, '39', 0.00, '2009-08-10 07:37:23', '2009-08-10 07:37:23'),
(162, 44, 6, '无褶', 0.00, '2009-08-10 07:37:23', '2009-08-10 07:37:23'),
(163, 44, 7, '双面斜纹布', 0.00, '2009-08-10 07:37:23', '2009-08-10 07:37:23'),
(164, 44, 9, '长裤', 0.00, '2009-08-10 07:37:23', '2009-08-10 07:37:23'),
(165, 45, 1, '正规剪裁', 0.00, '2009-08-10 07:40:09', '2009-08-10 07:40:09'),
(166, 45, 2, '100%棉', 0.00, '2009-08-10 07:40:09', '2009-08-10 07:40:09'),
(167, 45, 3, '纯色', 0.00, '2009-08-10 07:40:09', '2009-08-10 07:40:09'),
(168, 45, 4, '37', 0.00, '2009-08-10 07:40:09', '2009-08-10 07:40:09'),
(169, 45, 4, '38', 0.00, '2009-08-10 07:40:09', '2009-08-10 07:40:09'),
(170, 45, 4, '39', 0.00, '2009-08-10 07:40:09', '2009-08-10 07:40:09'),
(171, 45, 6, '无褶', 0.00, '2009-08-10 07:40:09', '2009-08-10 07:40:09'),
(172, 45, 7, '双面斜纹布', 0.00, '2009-08-10 07:40:09', '2009-08-10 07:40:09'),
(173, 45, 9, '长裤', 0.00, '2009-08-10 07:40:09', '2009-08-10 07:40:09'),
(174, 46, 1, '正规剪裁', 0.00, '2009-08-10 07:42:40', '2009-08-10 07:42:40'),
(175, 46, 2, '100%棉', 0.00, '2009-08-10 07:42:40', '2009-08-10 07:42:40'),
(176, 46, 3, '纯色', 0.00, '2009-08-10 07:42:40', '2009-08-10 07:42:40'),
(177, 46, 4, '37', 0.00, '2009-08-10 07:42:40', '2009-08-10 07:42:40'),
(178, 46, 4, '38', 0.00, '2009-08-10 07:42:40', '2009-08-10 07:42:40'),
(179, 46, 4, '39', 0.00, '2009-08-10 07:42:40', '2009-08-10 07:42:40'),
(180, 46, 6, '无褶', 0.00, '2009-08-10 07:42:40', '2009-08-10 07:42:40'),
(181, 46, 7, '双面斜纹布', 0.00, '2009-08-10 07:42:40', '2009-08-10 07:42:40'),
(182, 46, 9, '长裤', 0.00, '2009-08-10 07:42:40', '2009-08-10 07:42:40'),
(183, 47, 4, '37', 0.00, '2009-08-10 07:53:04', '2009-08-10 07:53:04'),
(184, 47, 4, '39', 0.00, '2009-08-10 07:53:04', '2009-08-10 07:53:04'),
(185, 47, 6, '鞋底防滑耐磨 精致工艺描绘缝合线', 0.00, '2009-08-10 07:53:04', '2009-08-10 07:53:04'),
(186, 47, 10, '运动休闲款', 0.00, '2009-08-10 07:53:04', '2009-08-10 07:53:04'),
(187, 47, 11, '鞋面：丝光帆布面料 鞋底：天然橡胶', 0.00, '2009-08-10 07:53:04', '2009-08-10 07:53:04'),
(188, 48, 4, '37', 0.00, '2009-08-10 07:56:47', '2009-08-10 07:56:47'),
(189, 48, 4, '38', 0.00, '2009-08-10 07:56:47', '2009-08-10 07:56:47'),
(190, 48, 4, '39', 0.00, '2009-08-10 07:56:47', '2009-08-10 07:56:47'),
(191, 48, 6, '鞋底防滑耐磨 精致工艺描绘缝合线', 0.00, '2009-08-10 07:56:47', '2009-08-10 07:56:47'),
(192, 48, 11, '鞋面：丝光帆布面料 鞋底：天然橡胶', 0.00, '2009-08-10 07:56:47', '2009-08-10 07:56:47'),
(193, 50, 4, '37', 0.00, '2009-08-10 07:59:22', '2009-08-10 07:59:22'),
(194, 50, 4, '38', 0.00, '2009-08-10 07:59:22', '2009-08-10 07:59:22'),
(195, 50, 4, '39', 0.00, '2009-08-10 07:59:22', '2009-08-10 07:59:22'),
(196, 50, 6, '鞋底防滑耐磨 精致工艺描绘缝合线', 0.00, '2009-08-10 07:59:22', '2009-08-10 07:59:22'),
(197, 50, 11, '鞋面：丝光帆布面料 鞋底：天然橡胶', 0.00, '2009-08-10 07:59:22', '2009-08-10 07:59:22'),
(198, 52, 4, '37', 0.00, '2009-08-10 08:26:10', '2009-08-10 08:26:10'),
(199, 52, 4, '38', 0.00, '2009-08-10 08:26:10', '2009-08-10 08:26:10'),
(200, 52, 4, '39', 0.00, '2009-08-10 08:26:10', '2009-08-10 08:26:10'),
(201, 52, 6, '鞋底防滑耐磨 精致工艺描绘缝合线', 0.00, '2009-08-10 08:26:10', '2009-08-10 08:26:10'),
(202, 52, 11, '鞋面：丝光帆布面料 鞋底：天然橡胶', 0.00, '2009-08-10 08:26:10', '2009-08-10 08:26:10'),
(203, 53, 12, 'GSM/WCDMA', 0.00, '2009-08-10 10:09:48', '2009-08-10 10:09:48'),
(204, 53, 13, '850/900/1800/1900', 0.00, '2009-08-10 10:09:48', '2009-08-10 10:09:48'),
(205, 53, 14, '110x13.7x59.7mm', 0.00, '2009-08-10 10:09:48', '2009-08-10 10:09:48'),
(206, 53, 16, '240 x 320', 0.00, '2009-08-10 10:09:48', '2009-08-10 10:09:48'),
(207, 53, 25, 'Windows Mobile 6.1 Professional', 0.00, '2009-08-10 10:09:48', '2009-08-10 10:09:48'),
(208, 53, 29, '持HTML网络浏览,支持用户浏览器', 0.00, '2009-08-10 10:09:48', '2009-08-10 10:09:48'),
(209, 53, 33, 'MP3', 0.00, '2009-08-10 10:09:48', '2009-08-10 10:09:48'),
(210, 53, 34, '内置摄像头像素300万', 0.00, '2009-08-10 10:09:48', '2009-08-10 10:09:48'),
(211, 53, 35, '支持', 0.00, '2009-08-10 10:09:48', '2009-08-10 10:09:48'),
(212, 53, 36, '支持', 0.00, '2009-08-10 10:09:48', '2009-08-10 10:09:48'),
(213, 53, 37, '中价机', 0.00, '2009-08-10 10:09:48', '2009-08-10 10:09:48');

--
-- 导出表中的数据 `svcart_product_downloads`
--

INSERT INTO `svcart_product_downloads` (`id`, `start_time`, `end_time`, `product_id`, `status`, `url`, `download_count`, `allow_downloadtimes`, `created`, `modified`) VALUES
(1, '', '', 59, '1', '', 0, 0, '2009-08-19 12:24:05', '2009-08-19 12:24:05');

--
-- 导出表中的数据 `svcart_product_download_logs`
--


--
-- 导出表中的数据 `svcart_product_galleries`
--

INSERT INTO `svcart_product_galleries` (`id`, `product_id`, `img_thumb`, `img_detail`, `img_original`, `orderby`, `status`, `created`, `modified`) VALUES
(1, 1, '/img/products/svcart000001/49b0623e.jpg', '/img/products/svcart000001/detail/49b0623e.jpg', '/img/products/svcart000001/original/49b0623e.jpg', 5, '1', '2009-03-24 06:42:58', '2009-03-24 06:42:58'),
(2, 2, '/img/products/svcart000002/49b6c124.jpg', '/img/products/svcart000002/detail/49b6c124.jpg', '/img/products/svcart000002/original/49b6c124.jpg', 5, '1', '2009-03-24 06:42:58', '2009-03-24 06:42:58'),
(3, 3, '/img/products/svcart000003/49b75709.jpg', '/img/products/svcart000003/detail/49b75709.jpg', '/img/products/svcart000003/original/49b75709.jpg', 5, '1', '2009-03-24 06:42:58', '2009-03-24 06:42:58'),
(4, 4, '/img/products/svcart000004/49ba9400.jpg', '/img/products/svcart000004/detail/49ba9400.jpg', '/img/products/svcart000004/original/49ba9400.jpg', 5, '1', '2009-03-24 06:42:58', '2009-03-24 06:42:58'),
(5, 5, '/img/products/svcart000005/49b00d3b.jpg', '/img/products/svcart000005/detail/49b00d3b.jpg', '/img/products/svcart000005/original/49b00d3b.jpg', 5, '1', '2009-03-24 06:42:58', '2009-03-24 06:42:58'),
(6, 6, '/img/products/svcart000006/49b6086e.jpg', '/img/products/svcart000006/detail/49b6086e.jpg', '/img/products/svcart000006/original/49b6086e.jpg', 5, '1', '2009-03-24 06:42:58', '2009-03-24 06:42:58'),
(7, 7, '/img/products/svcart000007/49bd0029.jpg', '/img/products/svcart000007/detail/49bd0029.jpg', '/img/products/svcart000007/original/49bd0029.jpg', 5, '1', '2009-03-24 06:42:58', '2009-03-24 06:42:58'),
(8, 8, '/img/products/svcart000008/49b584a2.jpg', '/img/products/svcart000008/detail/49b584a2.jpg', '/img/products/svcart000008/original/49b584a2.jpg', 5, '1', '2009-03-24 06:42:58', '2009-03-24 06:42:58'),
(9, 9, '/img/products/svcart000009/49b9b1d0.jpg', '/img/products/svcart000009/detail/49b9b1d0.jpg', '/img/products/svcart000009/original/49b9b1d0.jpg', 5, '1', '2009-03-24 06:42:58', '2009-03-24 06:42:58'),
(10, 10, '/img/products/svcart000010/49bfa424.jpg', '/img/products/svcart000010/detail/49bfa424.jpg', '/img/products/svcart000010/original/49bfa424.jpg', 5, '1', '2009-03-24 06:42:58', '2009-03-24 06:42:58'),
(11, 12, '/img/products/SV000012/49ba1f16.jpg', '/img/products/SV000012/detail/49ba1f16.jpg', '/img/products/SV000012/original/49ba1f16.jpg', 50, '1', '2009-08-10 03:28:58', '2009-08-10 03:28:58'),
(12, 13, '/img/products/SV000013/49b98213.jpg', '/img/products/SV000013/detail/49b98213.jpg', '/img/products/SV000013/original/49b98213.jpg', 50, '1', '2009-08-10 03:33:29', '2009-08-10 03:33:29'),
(13, 14, '/img/products/SV000014/49bca872.jpg', '/img/products/SV000014/detail/49bca872.jpg', '/img/products/SV000014/original/49bca872.jpg', 50, '1', '2009-08-10 03:43:35', '2009-08-10 03:43:35'),
(14, 15, '/img/products/SV000015/49bf7746.jpg', '/img/products/SV000015/detail/49bf7746.jpg', '/img/products/SV000015/original/49bf7746.jpg', 50, '1', '2009-08-10 03:56:23', '2009-08-10 03:56:23'),
(15, 16, '/img/products/SV000016/49b14bdb.jpg', '/img/products/SV000016/detail/49b14bdb.jpg', '/img/products/SV000016/original/49b14bdb.jpg', 50, '1', '2009-08-10 04:03:17', '2009-08-10 04:03:17'),
(16, 17, '/img/products/SV000017/49b9e775.jpg', '/img/products/SV000017/detail/49b9e775.jpg', '/img/products/SV000017/original/49b9e775.jpg', 50, '1', '2009-08-10 04:51:53', '2009-08-10 04:51:53'),
(17, 18, '/img/products/SV000018/49b58de7.jpg', '/img/products/SV000018/detail/49b58de7.jpg', '/img/products/SV000018/original/49b58de7.jpg', 50, '1', '2009-08-10 05:36:59', '2009-08-10 05:36:59'),
(18, 18, '/img/products/SV000018/49b2c1a2.jpg', '/img/products/SV000018/detail/49b2c1a2.jpg', '/img/products/SV000018/original/49b2c1a2.jpg', 50, '1', '2009-08-10 05:36:59', '2009-08-10 05:36:59'),
(19, 18, '/img/products/SV000018/49b3c238.jpg', '/img/products/SV000018/detail/49b3c238.jpg', '/img/products/SV000018/original/49b3c238.jpg', 50, '1', '2009-08-10 05:36:59', '2009-08-10 05:36:59'),
(20, 19, '/img/products/SV000019/49b9d3c3.jpg', '/img/products/SV000019/detail/49b9d3c3.jpg', '/img/products/SV000019/original/49b9d3c3.jpg', 50, '1', '2009-08-10 05:53:29', '2009-08-10 05:53:29'),
(21, 19, '/img/products/SV000019/49bb9ec0.jpg', '/img/products/SV000019/detail/49bb9ec0.jpg', '/img/products/SV000019/original/49bb9ec0.jpg', 50, '1', '2009-08-10 05:53:29', '2009-08-10 05:53:29'),
(22, 19, '/img/products/SV000019/49b27a37.jpg', '/img/products/SV000019/detail/49b27a37.jpg', '/img/products/SV000019/original/49b27a37.jpg', 50, '1', '2009-08-10 05:53:29', '2009-08-10 05:53:29'),
(23, 20, '/img/products/SV000020/49be3b21.jpg', '/img/products/SV000020/detail/49be3b21.jpg', '/img/products/SV000020/original/49be3b21.jpg', 50, '1', '2009-08-10 05:56:30', '2009-08-10 05:56:30'),
(24, 20, '/img/products/SV000020/49ba1b3c.jpg', '/img/products/SV000020/detail/49ba1b3c.jpg', '/img/products/SV000020/original/49ba1b3c.jpg', 50, '1', '2009-08-10 05:56:30', '2009-08-10 05:56:30'),
(25, 20, '/img/products/SV000020/49b7a498.jpg', '/img/products/SV000020/detail/49b7a498.jpg', '/img/products/SV000020/original/49b7a498.jpg', 50, '1', '2009-08-10 05:56:30', '2009-08-10 05:56:30'),
(26, 21, '/img/products/SV000021/49bdc920.jpg', '/img/products/SV000021/detail/49bdc920.jpg', '/img/products/SV000021/original/49bdc920.jpg', 50, '1', '2009-08-10 05:59:44', '2009-08-10 05:59:44'),
(27, 21, '/img/products/SV000021/49b9085f.jpg', '/img/products/SV000021/detail/49b9085f.jpg', '/img/products/SV000021/original/49b9085f.jpg', 50, '1', '2009-08-10 05:59:44', '2009-08-10 05:59:44'),
(28, 21, '/img/products/SV000021/49b6b408.jpg', '/img/products/SV000021/detail/49b6b408.jpg', '/img/products/SV000021/original/49b6b408.jpg', 50, '1', '2009-08-10 05:59:44', '2009-08-10 05:59:44'),
(29, 22, '/img/products/SV000022/49b1acf3.jpg', '/img/products/SV000022/detail/49b1acf3.jpg', '/img/products/SV000022/original/49b1acf3.jpg', 50, '1', '2009-08-10 06:01:20', '2009-08-10 06:01:20'),
(30, 23, '/img/products/SV000023/49bd3c65.jpg', '/img/products/SV000023/detail/49bd3c65.jpg', '/img/products/SV000023/original/49bd3c65.jpg', 50, '1', '2009-08-10 06:02:02', '2009-08-10 06:02:02'),
(31, 23, '/img/products/SV000023/49bd8f5a.jpg', '/img/products/SV000023/detail/49bd8f5a.jpg', '/img/products/SV000023/original/49bd8f5a.jpg', 50, '1', '2009-08-10 06:02:02', '2009-08-10 06:02:02'),
(32, 23, '/img/products/SV000023/49ba87f3.jpg', '/img/products/SV000023/detail/49ba87f3.jpg', '/img/products/SV000023/original/49ba87f3.jpg', 50, '1', '2009-08-10 06:02:02', '2009-08-10 06:02:02'),
(33, 24, '/img/products/SV000024/49bde682.jpg', '/img/products/SV000024/detail/49bde682.jpg', '/img/products/SV000024/original/49bde682.jpg', 50, '1', '2009-08-10 06:04:31', '2009-08-10 06:04:31'),
(34, 24, '/img/products/SV000024/49bdc834.jpg', '/img/products/SV000024/detail/49bdc834.jpg', '/img/products/SV000024/original/49bdc834.jpg', 50, '1', '2009-08-10 06:04:31', '2009-08-10 06:04:31'),
(35, 25, '/img/products/SV000025/49ba7c3d.jpg', '/img/products/SV000025/detail/49ba7c3d.jpg', '/img/products/SV000025/original/49ba7c3d.jpg', 50, '1', '2009-08-10 06:06:28', '2009-08-10 06:06:28'),
(36, 25, '/img/products/SV000025/49b76937.jpg', '/img/products/SV000025/detail/49b76937.jpg', '/img/products/SV000025/original/49b76937.jpg', 50, '1', '2009-08-10 06:06:28', '2009-08-10 06:06:28'),
(37, 26, '/img/products/SV000026/49b564b4.jpg', '/img/products/SV000026/detail/49b564b4.jpg', '/img/products/SV000026/original/49b564b4.jpg', 50, '1', '2009-08-10 06:08:39', '2009-08-10 06:08:39'),
(38, 26, '/img/products/SV000026/49b5d7cf.jpg', '/img/products/SV000026/detail/49b5d7cf.jpg', '/img/products/SV000026/original/49b5d7cf.jpg', 50, '1', '2009-08-10 06:08:39', '2009-08-10 06:08:39'),
(39, 26, '/img/products/SV000026/49b09b47.jpg', '/img/products/SV000026/detail/49b09b47.jpg', '/img/products/SV000026/original/49b09b47.jpg', 50, '1', '2009-08-10 06:08:40', '2009-08-10 06:08:40'),
(40, 28, '/img/products/SV000028/49b9db56.jpg', '/img/products/SV000028/detail/49b9db56.jpg', '/img/products/SV000028/original/49b9db56.jpg', 50, '1', '2009-08-10 06:14:12', '2009-08-10 06:14:12'),
(41, 27, '/img/products/SV000027/49bdc68c.jpg', '/img/products/SV000027/detail/49bdc68c.jpg', '/img/products/SV000027/original/49bdc68c.jpg', 50, '1', '2009-08-10 06:17:08', '2009-08-10 06:17:08'),
(42, 27, '/img/products/SV000027/49b3de39.jpg', '/img/products/SV000027/detail/49b3de39.jpg', '/img/products/SV000027/original/49b3de39.jpg', 50, '1', '2009-08-10 06:17:08', '2009-08-10 06:17:08'),
(43, 27, '/img/products/SV000027/49b900e1.jpg', '/img/products/SV000027/detail/49b900e1.jpg', '/img/products/SV000027/original/49b900e1.jpg', 50, '1', '2009-08-10 06:17:08', '2009-08-10 06:17:08'),
(45, 30, '/img/products/SV000030/49beeb00.jpg', '/img/products/SV000030/detail/49beeb00.jpg', '/img/products/SV000030/original/49beeb00.jpg', 50, '1', '2009-08-10 06:21:59', '2009-08-10 06:21:59'),
(46, 30, '/img/products/SV000030/49b068cd.jpg', '/img/products/SV000030/detail/49b068cd.jpg', '/img/products/SV000030/original/49b068cd.jpg', 50, '1', '2009-08-10 06:21:59', '2009-08-10 06:21:59'),
(47, 30, '/img/products/SV000030/49b0dbbd.jpg', '/img/products/SV000030/detail/49b0dbbd.jpg', '/img/products/SV000030/original/49b0dbbd.jpg', 50, '1', '2009-08-10 06:21:59', '2009-08-10 06:21:59'),
(48, 29, '/img/products/SV000029/49b96d98.jpg', '/img/products/SV000029/detail/49b96d98.jpg', '/img/products/SV000029/original/49b96d98.jpg', 50, '1', '2009-08-10 06:22:34', '2009-08-10 06:22:34'),
(49, 31, '/img/products/SV000031/49b1703e.jpg', '/img/products/SV000031/detail/49b1703e.jpg', '/img/products/SV000031/original/49b1703e.jpg', 50, '1', '2009-08-10 06:23:55', '2009-08-10 06:23:55'),
(50, 31, '/img/products/SV000031/49b9ef95.jpg', '/img/products/SV000031/detail/49b9ef95.jpg', '/img/products/SV000031/original/49b9ef95.jpg', 50, '1', '2009-08-10 06:23:55', '2009-08-10 06:23:55'),
(51, 31, '/img/products/SV000031/49b55c9c.jpg', '/img/products/SV000031/detail/49b55c9c.jpg', '/img/products/SV000031/original/49b55c9c.jpg', 50, '1', '2009-08-10 06:23:55', '2009-08-10 06:23:55'),
(59, 34, '/img/products/SV000034/49bc1cd8.jpg', '/img/products/SV000034/detail/49bc1cd8.jpg', '/img/products/SV000034/original/49bc1cd8.jpg', 50, '1', '2009-08-10 06:34:32', '2009-08-10 06:34:32'),
(56, 33, '/img/products/SV000033/49b0c430.jpg', '/img/products/SV000033/detail/49b0c430.jpg', '/img/products/SV000033/original/49b0c430.jpg', 50, '1', '2009-08-10 06:32:30', '2009-08-10 06:32:30'),
(57, 33, '/img/products/SV000033/49bdabd7.jpg', '/img/products/SV000033/detail/49bdabd7.jpg', '/img/products/SV000033/original/49bdabd7.jpg', 50, '1', '2009-08-10 06:32:30', '2009-08-10 06:32:30'),
(58, 33, '/img/products/SV000033/49b483f5.jpg', '/img/products/SV000033/detail/49b483f5.jpg', '/img/products/SV000033/original/49b483f5.jpg', 50, '1', '2009-08-10 06:32:30', '2009-08-10 06:32:30'),
(60, 34, '/img/products/SV000034/49bf9ad4.jpg', '/img/products/SV000034/detail/49bf9ad4.jpg', '/img/products/SV000034/original/49bf9ad4.jpg', 50, '1', '2009-08-10 06:34:32', '2009-08-10 06:34:32'),
(61, 34, '/img/products/SV000034/49bfbe2f.jpg', '/img/products/SV000034/detail/49bfbe2f.jpg', '/img/products/SV000034/original/49bfbe2f.jpg', 50, '1', '2009-08-10 06:34:32', '2009-08-10 06:34:32'),
(62, 32, '/img/products/SV000032/49bcead8.jpg', '/img/products/SV000032/detail/49bcead8.jpg', '/img/products/SV000032/original/49bcead8.jpg', 50, '1', '2009-08-10 06:37:04', '2009-08-10 06:37:04'),
(64, 35, '/img/products/SV000035/49b2353e.jpg', '/img/products/SV000035/detail/49b2353e.jpg', '/img/products/SV000035/original/49b2353e.jpg', 50, '1', '2009-08-10 06:42:19', '2009-08-10 06:42:19'),
(65, 36, '/img/products/SV000036/49bc103c.jpg', '/img/products/SV000036/detail/49bc103c.jpg', '/img/products/SV000036/original/49bc103c.jpg', 50, '1', '2009-08-10 06:54:01', '2009-08-10 06:54:01'),
(67, 37, '/img/products/SV000037/49bd570c.jpg', '/img/products/SV000037/detail/49bd570c.jpg', '/img/products/SV000037/original/49bd570c.jpg', 50, '1', '2009-08-10 07:05:42', '2009-08-10 07:05:42'),
(71, 38, '/img/products/SV000038/49b33101.jpg', '/img/products/SV000038/detail/49b33101.jpg', '/img/products/SV000038/original/49b33101.jpg', 50, '1', '2009-08-10 07:09:40', '2009-08-10 07:09:40'),
(72, 39, '/img/products/SV000039/49b447f4.jpg', '/img/products/SV000039/detail/49b447f4.jpg', '/img/products/SV000039/original/49b447f4.jpg', 50, '1', '2009-08-10 07:14:56', '2009-08-10 07:14:56'),
(73, 40, '/img/products/SV000040/49be5dad.jpg', '/img/products/SV000040/detail/49be5dad.jpg', '/img/products/SV000040/original/49be5dad.jpg', 50, '1', '2009-08-10 07:18:38', '2009-08-10 07:18:38'),
(74, 36, '/img/products/SV000036/49b5a406.jpg', '/img/products/SV000036/detail/49b5a406.jpg', '/img/products/SV000036/original/49b5a406.jpg', 50, '1', '2009-08-10 07:22:36', '2009-08-10 07:22:36'),
(75, 37, '/img/products/SV000037/49b6bac5.jpg', '/img/products/SV000037/detail/49b6bac5.jpg', '/img/products/SV000037/original/49b6bac5.jpg', 50, '1', '2009-08-10 07:23:56', '2009-08-10 07:23:56'),
(76, 38, '/img/products/SV000038/49b5141f.jpg', '/img/products/SV000038/detail/49b5141f.jpg', '/img/products/SV000038/original/49b5141f.jpg', 50, '1', '2009-08-10 07:24:30', '2009-08-10 07:24:30'),
(77, 39, '/img/products/SV000039/49b2d68c.jpg', '/img/products/SV000039/detail/49b2d68c.jpg', '/img/products/SV000039/original/49b2d68c.jpg', 50, '1', '2009-08-10 07:25:20', '2009-08-10 07:25:20'),
(78, 40, '/img/products/SV000040/49b8e73e.jpg', '/img/products/SV000040/detail/49b8e73e.jpg', '/img/products/SV000040/original/49b8e73e.jpg', 50, '1', '2009-08-10 07:26:23', '2009-08-10 07:26:23'),
(79, 42, '/img/products/SV000042/49b61f6d.jpg', '/img/products/SV000042/detail/49b61f6d.jpg', '/img/products/SV000042/original/49b61f6d.jpg', 50, '1', '2009-08-10 07:31:24', '2009-08-10 07:31:24'),
(80, 42, '/img/products/SV000042/49b974c5.jpg', '/img/products/SV000042/detail/49b974c5.jpg', '/img/products/SV000042/original/49b974c5.jpg', 50, '1', '2009-08-10 07:31:24', '2009-08-10 07:31:24'),
(81, 42, '/img/products/SV000042/49bf7bc7.jpg', '/img/products/SV000042/detail/49bf7bc7.jpg', '/img/products/SV000042/original/49bf7bc7.jpg', 50, '1', '2009-08-10 07:31:24', '2009-08-10 07:31:24'),
(82, 41, '/img/products/SV000041/49b0c42f.jpg', '/img/products/SV000041/detail/49b0c42f.jpg', '/img/products/SV000041/original/49b0c42f.jpg', 50, '1', '2009-08-10 07:31:27', '2009-08-10 07:31:27'),
(87, 43, '/img/products/SV000043/49b96dbd.jpg', '/img/products/SV000043/detail/49b96dbd.jpg', '/img/products/SV000043/original/49b96dbd.jpg', 50, '1', '2009-08-10 07:34:07', '2009-08-10 07:34:07'),
(88, 44, '/img/products/SV000044/49b9c3f1.jpg', '/img/products/SV000044/detail/49b9c3f1.jpg', '/img/products/SV000044/original/49b9c3f1.jpg', 50, '1', '2009-08-10 07:36:37', '2009-08-10 07:36:37'),
(89, 45, '/img/products/SV000045/49bdf837.jpg', '/img/products/SV000045/detail/49bdf837.jpg', '/img/products/SV000045/original/49bdf837.jpg', 50, '1', '2009-08-10 07:39:19', '2009-08-10 07:39:19'),
(90, 46, '/img/products/SV000046/49b2e513.jpg', '/img/products/SV000046/detail/49b2e513.jpg', '/img/products/SV000046/original/49b2e513.jpg', 50, '1', '2009-08-10 07:41:45', '2009-08-10 07:41:45'),
(91, 47, '/img/products/SV000047/49b71a11.jpg', '/img/products/SV000047/detail/49b71a11.jpg', '/img/products/SV000047/original/49b71a11.jpg', 50, '1', '2009-08-10 07:49:47', '2009-08-10 07:49:47'),
(97, 48, '/img/products/SV000048/49bde228.jpg', '/img/products/SV000048/detail/49bde228.jpg', '/img/products/SV000048/original/49bde228.jpg', 50, '1', '2009-08-10 07:55:51', '2009-08-10 07:55:51'),
(98, 50, '/img/products/SV000050/49bca402.jpg', '/img/products/SV000050/detail/49bca402.jpg', '/img/products/SV000050/original/49bca402.jpg', 50, '1', '2009-08-10 07:58:37', '2009-08-10 07:58:37'),
(103, 51, '/img/products/SV000051/49bc4a2c.jpg', '/img/products/SV000051/detail/49bc4a2c.jpg', '/img/products/SV000051/original/49bc4a2c.jpg', 50, '1', '2009-08-11 03:58:58', '2009-08-11 03:58:58'),
(99, 52, '/img/products/SV000052/49bd8d4d.jpg', '/img/products/SV000052/detail/49bd8d4d.jpg', '/img/products/SV000052/original/49bd8d4d.jpg', 50, '1', '2009-08-10 08:25:17', '2009-08-10 08:25:17'),
(100, 53, '/img/products/SV000053/49bf5105.jpg', '/img/products/SV000053/detail/49bf5105.jpg', '/img/products/SV000053/original/49bf5105.jpg', 50, '1', '2009-08-10 10:04:37', '2009-08-10 10:04:37'),
(101, 53, '/img/products/SV000053/49bfa263.jpg', '/img/products/SV000053/detail/49bfa263.jpg', '/img/products/SV000053/original/49bfa263.jpg', 50, '1', '2009-08-10 10:04:37', '2009-08-10 10:04:37'),
(102, 53, '/img/products/SV000053/49b05a7b.jpg', '/img/products/SV000053/detail/49b05a7b.jpg', '/img/products/SV000053/original/49b05a7b.jpg', 50, '1', '2009-08-10 10:04:37', '2009-08-10 10:04:37'),
(104, 54, '/img/products/SV000054/49b3c36b.jpg', '/img/products/SV000054/detail/49b3c36b.jpg', '/img/products/SV000054/original/49b3c36b.jpg', 50, '1', '2009-08-19 06:51:23', '2009-08-19 06:51:23'),
(105, 55, '/img/products/SV000055/49b643a5.jpg', '/img/products/SV000055/detail/49b643a5.jpg', '/img/products/SV000055/original/49b643a5.jpg', 50, '1', '2009-08-19 06:51:48', '2009-08-19 06:51:48'),
(106, 56, '/img/products/SV000056/49b9caf1.jpg', '/img/products/SV000056/detail/49b9caf1.jpg', '/img/products/SV000056/original/49b9caf1.jpg', 50, '1', '2009-08-19 06:58:23', '2009-08-19 06:58:23'),
(107, 57, '/img/products/SV000057/49b09ab6.jpg', '/img/products/SV000057/detail/49b09ab6.jpg', '/img/products/SV000057/original/49b09ab6.jpg', 50, '1', '2009-08-19 12:20:15', '2009-08-19 12:20:15'),
(108, 58, '/img/products/SV000058/49b688e3.jpg', '/img/products/SV000058/detail/49b688e3.jpg', '/img/products/SV000058/original/49b688e3.jpg', 50, '1', '2009-08-19 12:22:35', '2009-08-19 12:22:35'),
(109, 59, '/img/products/SV000059/49b6cebc.jpg', '/img/products/SV000059/detail/49b6cebc.jpg', '/img/products/SV000059/original/49b6cebc.jpg', 50, '1', '2009-08-19 12:24:05', '2009-08-19 12:24:05'),
(110, 60, '/img/products/t-2009/49b4633b.JPG', '/img/products/t-2009/detail/49b4633b.JPG', '/img/products/t-2009/original/49b4633b.JPG', 50, '1', '2009-09-27 18:19:15', '2009-09-27 18:19:15');

--
-- 导出表中的数据 `svcart_product_gallery_i18ns`
--

INSERT INTO `svcart_product_gallery_i18ns` (`id`, `locale`, `product_gallery_id`, `description`, `created`, `modified`) VALUES
(1, 'chi', 11, '', '2009-08-10 03:28:58', '2009-08-10 03:28:58'),
(2, 'eng', 11, NULL, '2009-08-10 03:28:58', '2009-08-10 03:28:58'),
(3, 'chi', 12, '', '2009-08-10 03:33:29', '2009-08-10 03:33:29'),
(4, 'eng', 12, '', '2009-08-10 03:33:29', '2009-08-10 03:33:29'),
(5, 'chi', 13, '', '2009-08-10 03:43:35', '2009-08-10 03:43:35'),
(6, 'eng', 13, '', '2009-08-10 03:43:35', '2009-08-10 03:43:35'),
(7, 'chi', 14, '', '2009-08-10 03:56:23', '2009-08-10 03:56:23'),
(8, 'eng', 14, '', '2009-08-10 03:56:23', '2009-08-10 03:56:23'),
(9, 'chi', 15, '', '2009-08-10 04:03:17', '2009-08-10 04:03:17'),
(10, 'eng', 15, '', '2009-08-10 04:03:17', '2009-08-10 04:03:17'),
(11, 'chi', 16, '', '2009-08-10 04:51:53', '2009-08-10 04:51:53'),
(12, 'eng', 16, '', '2009-08-10 04:51:53', '2009-08-10 04:51:53'),
(13, 'chi', 17, '', '2009-08-10 05:36:59', '2009-08-10 05:36:59'),
(14, 'eng', 17, '', '2009-08-10 05:36:59', '2009-08-10 05:36:59'),
(15, 'chi', 18, '', '2009-08-10 05:36:59', '2009-08-10 05:36:59'),
(16, 'eng', 18, '', '2009-08-10 05:36:59', '2009-08-10 05:36:59'),
(17, 'chi', 19, '', '2009-08-10 05:36:59', '2009-08-10 05:36:59'),
(18, 'eng', 19, '', '2009-08-10 05:36:59', '2009-08-10 05:36:59'),
(19, 'chi', 20, '', '2009-08-10 05:53:29', '2009-08-10 05:53:29'),
(20, 'eng', 20, '', '2009-08-10 05:53:29', '2009-08-10 05:53:29'),
(21, 'chi', 21, '', '2009-08-10 05:53:29', '2009-08-10 05:53:29'),
(22, 'eng', 21, '', '2009-08-10 05:53:29', '2009-08-10 05:53:29'),
(23, 'chi', 22, '', '2009-08-10 05:53:29', '2009-08-10 05:53:29'),
(24, 'eng', 22, '', '2009-08-10 05:53:29', '2009-08-10 05:53:29'),
(25, 'chi', 23, '', '2009-08-10 05:56:30', '2009-08-10 05:56:30'),
(26, 'eng', 23, '', '2009-08-10 05:56:30', '2009-08-10 05:56:30'),
(27, 'chi', 24, '', '2009-08-10 05:56:30', '2009-08-10 05:56:30'),
(28, 'eng', 24, '', '2009-08-10 05:56:30', '2009-08-10 05:56:30'),
(29, 'chi', 25, '', '2009-08-10 05:56:30', '2009-08-10 05:56:30'),
(30, 'eng', 25, '', '2009-08-10 05:56:30', '2009-08-10 05:56:30'),
(31, 'chi', 26, '', '2009-08-10 05:59:44', '2009-08-10 05:59:44'),
(32, 'eng', 26, '', '2009-08-10 05:59:44', '2009-08-10 05:59:44'),
(33, 'chi', 27, '', '2009-08-10 05:59:44', '2009-08-10 05:59:44'),
(34, 'eng', 27, '', '2009-08-10 05:59:44', '2009-08-10 05:59:44'),
(35, 'chi', 28, '', '2009-08-10 05:59:44', '2009-08-10 05:59:44'),
(36, 'eng', 28, '', '2009-08-10 05:59:44', '2009-08-10 05:59:44'),
(37, 'chi', 29, '', '2009-08-10 06:01:20', '2009-08-10 06:01:20'),
(38, 'eng', 29, '', '2009-08-10 06:01:20', '2009-08-10 06:01:20'),
(39, 'chi', 30, '', '2009-08-10 06:02:02', '2009-08-10 06:02:02'),
(40, 'eng', 30, '', '2009-08-10 06:02:02', '2009-08-10 06:02:02'),
(41, 'chi', 31, '', '2009-08-10 06:02:02', '2009-08-10 06:02:02'),
(42, 'eng', 31, '', '2009-08-10 06:02:02', '2009-08-10 06:02:02'),
(43, 'chi', 32, '', '2009-08-10 06:02:02', '2009-08-10 06:02:02'),
(44, 'eng', 32, '', '2009-08-10 06:02:02', '2009-08-10 06:02:02'),
(45, 'chi', 33, '', '2009-08-10 06:04:31', '2009-08-10 06:04:31'),
(46, 'eng', 33, '', '2009-08-10 06:04:31', '2009-08-10 06:04:31'),
(47, 'chi', 34, '', '2009-08-10 06:04:31', '2009-08-10 06:04:31'),
(48, 'eng', 34, '', '2009-08-10 06:04:31', '2009-08-10 06:04:31'),
(49, 'chi', 35, '', '2009-08-10 06:06:28', '2009-08-10 06:06:28'),
(50, 'eng', 35, '', '2009-08-10 06:06:28', '2009-08-10 06:06:28'),
(51, 'chi', 36, '', '2009-08-10 06:06:28', '2009-08-10 06:06:28'),
(52, 'eng', 36, '', '2009-08-10 06:06:28', '2009-08-10 06:06:28'),
(53, 'chi', 37, '', '2009-08-10 06:08:39', '2009-08-10 06:08:39'),
(54, 'eng', 37, '', '2009-08-10 06:08:39', '2009-08-10 06:08:39'),
(55, 'chi', 38, '', '2009-08-10 06:08:39', '2009-08-10 06:08:39'),
(56, 'eng', 38, '', '2009-08-10 06:08:39', '2009-08-10 06:08:39'),
(57, 'chi', 39, '', '2009-08-10 06:08:40', '2009-08-10 06:08:40'),
(58, 'eng', 39, '', '2009-08-10 06:08:40', '2009-08-10 06:08:40'),
(59, 'chi', 40, '', '2009-08-10 06:14:12', '2009-08-10 06:14:12'),
(60, 'eng', 40, '', '2009-08-10 06:14:12', '2009-08-10 06:14:12'),
(61, 'chi', 41, '', '2009-08-10 06:17:08', '2009-08-10 06:17:08'),
(62, 'eng', 41, '', '2009-08-10 06:17:08', '2009-08-10 06:17:08'),
(63, 'chi', 42, '', '2009-08-10 06:17:08', '2009-08-10 06:17:08'),
(64, 'eng', 42, '', '2009-08-10 06:17:08', '2009-08-10 06:17:08'),
(65, 'chi', 43, '', '2009-08-10 06:17:08', '2009-08-10 06:17:08'),
(66, 'eng', 43, '', '2009-08-10 06:17:08', '2009-08-10 06:17:08'),
(67, 'chi', 45, '', '2009-08-10 06:21:59', '2009-08-10 06:21:59'),
(68, 'eng', 45, '', '2009-08-10 06:21:59', '2009-08-10 06:21:59'),
(69, 'chi', 46, '', '2009-08-10 06:21:59', '2009-08-10 06:21:59'),
(70, 'eng', 46, '', '2009-08-10 06:21:59', '2009-08-10 06:21:59'),
(71, 'chi', 47, '', '2009-08-10 06:21:59', '2009-08-10 06:21:59'),
(72, 'eng', 47, '', '2009-08-10 06:21:59', '2009-08-10 06:21:59'),
(73, 'chi', 48, '', '2009-08-10 06:22:34', '2009-08-10 06:22:34'),
(74, 'eng', 48, '', '2009-08-10 06:22:34', '2009-08-10 06:22:34'),
(75, 'chi', 49, '', '2009-08-10 06:23:55', '2009-08-10 06:23:55'),
(76, 'eng', 49, '', '2009-08-10 06:23:55', '2009-08-10 06:23:55'),
(77, 'chi', 50, '', '2009-08-10 06:23:55', '2009-08-10 06:23:55'),
(78, 'eng', 50, '', '2009-08-10 06:23:55', '2009-08-10 06:23:55'),
(79, 'chi', 51, '', '2009-08-10 06:23:55', '2009-08-10 06:23:55'),
(80, 'eng', 51, '', '2009-08-10 06:23:55', '2009-08-10 06:23:55'),
(81, 'eng', 56, '', '2009-08-10 06:32:30', '2009-08-10 06:32:30'),
(82, 'chi', 56, '', '2009-08-10 06:32:30', '2009-08-10 06:32:30'),
(83, 'chi', 57, '', '2009-08-10 06:32:30', '2009-08-10 06:32:30'),
(84, 'eng', 57, '', '2009-08-10 06:32:30', '2009-08-10 06:32:30'),
(85, 'chi', 58, '', '2009-08-10 06:32:30', '2009-08-10 06:32:30'),
(86, 'eng', 58, '', '2009-08-10 06:32:30', '2009-08-10 06:32:30'),
(87, 'eng', 59, '', '2009-08-10 06:34:32', '2009-08-10 06:34:32'),
(88, 'chi', 59, '', '2009-08-10 06:34:32', '2009-08-10 06:34:32'),
(89, 'chi', 60, '', '2009-08-10 06:34:32', '2009-08-10 06:34:32'),
(90, 'eng', 60, '', '2009-08-10 06:34:32', '2009-08-10 06:34:32'),
(91, 'chi', 61, '', '2009-08-10 06:34:32', '2009-08-10 06:34:32'),
(92, 'eng', 61, '', '2009-08-10 06:34:32', '2009-08-10 06:34:32'),
(93, 'chi', 62, '', '2009-08-10 06:37:04', '2009-08-10 06:37:04'),
(94, 'eng', 62, '', '2009-08-10 06:37:04', '2009-08-10 06:37:04'),
(95, 'chi', 64, '', '2009-08-10 06:42:19', '2009-08-10 06:42:19'),
(96, 'eng', 64, '', '2009-08-10 06:42:19', '2009-08-10 06:42:19'),
(97, 'eng', 65, '', '2009-08-10 07:22:36', '2009-08-10 07:22:36'),
(98, 'chi', 65, '', '2009-08-10 07:22:36', '2009-08-10 07:22:36'),
(99, 'eng', 67, '', '2009-08-10 07:23:56', '2009-08-10 07:23:56'),
(100, 'chi', 67, '', '2009-08-10 07:23:56', '2009-08-10 07:23:56'),
(101, 'eng', 71, '', '2009-08-10 07:24:30', '2009-08-10 07:24:30'),
(102, 'chi', 71, '', '2009-08-10 07:24:30', '2009-08-10 07:24:30'),
(103, 'eng', 72, '', '2009-08-10 07:25:20', '2009-08-10 07:25:20'),
(104, 'chi', 72, '', '2009-08-10 07:25:20', '2009-08-10 07:25:20'),
(105, 'eng', 73, '', '2009-08-10 07:26:23', '2009-08-10 07:26:23'),
(106, 'chi', 73, '', '2009-08-10 07:26:23', '2009-08-10 07:26:23'),
(107, 'chi', 74, '', '2009-08-10 07:22:36', '2009-08-10 07:22:36'),
(108, 'eng', 74, '', '2009-08-10 07:22:36', '2009-08-10 07:22:36'),
(109, 'chi', 75, '', '2009-08-10 07:23:56', '2009-08-10 07:23:56'),
(110, 'eng', 75, '', '2009-08-10 07:23:56', '2009-08-10 07:23:56'),
(111, 'chi', 76, '', '2009-08-10 07:24:30', '2009-08-10 07:24:30'),
(112, 'eng', 76, '', '2009-08-10 07:24:30', '2009-08-10 07:24:30'),
(113, 'chi', 77, '', '2009-08-10 07:25:20', '2009-08-10 07:25:20'),
(114, 'eng', 77, '', '2009-08-10 07:25:20', '2009-08-10 07:25:20'),
(115, 'chi', 78, '', '2009-08-10 07:26:23', '2009-08-10 07:26:23'),
(116, 'eng', 78, '', '2009-08-10 07:26:23', '2009-08-10 07:26:23'),
(117, 'chi', 79, '', '2009-08-10 07:31:24', '2009-08-10 07:31:24'),
(118, 'eng', 79, '', '2009-08-10 07:31:24', '2009-08-10 07:31:24'),
(119, 'chi', 80, '', '2009-08-10 07:31:24', '2009-08-10 07:31:24'),
(120, 'eng', 80, '', '2009-08-10 07:31:24', '2009-08-10 07:31:24'),
(121, 'chi', 81, '', '2009-08-10 07:31:24', '2009-08-10 07:31:24'),
(122, 'eng', 81, '', '2009-08-10 07:31:24', '2009-08-10 07:31:24'),
(123, 'chi', 82, '', '2009-08-10 07:31:27', '2009-08-10 07:31:27'),
(124, 'eng', 82, '', '2009-08-10 07:31:27', '2009-08-10 07:31:27'),
(125, 'chi', 87, '商务休闲裤（标准款） 黑色', '2009-08-17 02:13:24', '2009-08-17 02:13:24'),
(126, 'chi', 88, '', '2009-08-10 07:36:37', '2009-08-10 07:36:37'),
(127, 'eng', 88, '', '2009-08-10 07:36:37', '2009-08-10 07:36:37'),
(128, 'chi', 89, '', '2009-08-10 07:39:19', '2009-08-10 07:39:19'),
(129, 'eng', 89, '', '2009-08-10 07:39:19', '2009-08-10 07:39:19'),
(130, 'chi', 90, '', '2009-08-10 07:41:45', '2009-08-10 07:41:45'),
(131, 'eng', 90, '', '2009-08-10 07:41:45', '2009-08-10 07:41:45'),
(132, 'chi', 91, '', '2009-08-10 07:49:47', '2009-08-10 07:49:47'),
(133, 'eng', 91, '', '2009-08-10 07:49:47', '2009-08-10 07:49:47'),
(134, 'chi', 97, '', '2009-08-10 07:55:51', '2009-08-10 07:55:51'),
(135, 'eng', 97, '', '2009-08-10 07:55:51', '2009-08-10 07:55:51'),
(136, 'chi', 98, '', '2009-08-10 07:58:37', '2009-08-10 07:58:37'),
(137, 'eng', 98, '', '2009-08-10 07:58:37', '2009-08-10 07:58:37'),
(138, 'chi', 99, '', '2009-08-10 08:25:17', '2009-08-10 08:25:17'),
(139, 'eng', 99, '', '2009-08-10 08:25:17', '2009-08-10 08:25:17'),
(140, 'chi', 100, '', '2009-08-10 10:04:37', '2009-08-10 10:04:37'),
(141, 'eng', 100, '', '2009-08-10 10:04:37', '2009-08-10 10:04:37'),
(142, 'chi', 101, '', '2009-08-10 10:04:37', '2009-08-10 10:04:37'),
(143, 'eng', 101, '', '2009-08-10 10:04:37', '2009-08-10 10:04:37'),
(144, 'chi', 102, '', '2009-08-10 10:04:37', '2009-08-10 10:04:37'),
(145, 'eng', 102, '', '2009-08-10 10:04:37', '2009-08-10 10:04:37'),
(146, 'chi', 103, '', '2009-08-11 03:58:58', '2009-08-11 03:58:58'),
(147, 'eng', 103, '', '2009-08-11 03:58:58', '2009-08-11 03:58:58'),
(148, 'eng', 87, '商务休闲裤（标准款） 黑色', '2009-08-17 02:13:24', '2009-08-17 02:13:24'),
(149, 'cht', 107, '移动100元充值卡', '2009-08-19 12:20:31', '2009-08-19 12:20:31'),
(150, 'cht', 106, '诺基亚N96', '2009-08-19 06:58:23', '2009-08-19 06:58:23'),
(151, 'cht', 105, '诺基亚N85', '2009-08-19 06:53:13', '2009-08-19 06:53:13'),
(152, 'cht', 104, '三星SGH-F258', '2009-08-19 06:52:57', '2009-08-19 06:52:57'),
(153, 'cht', 103, '', '2009-08-11 03:58:58', '2009-08-11 03:58:58'),
(154, 'cht', 102, '', '2009-08-10 10:04:37', '2009-08-10 10:04:37'),
(155, 'cht', 101, '', '2009-08-10 10:04:37', '2009-08-10 10:04:37'),
(156, 'cht', 100, '', '2009-08-10 10:04:37', '2009-08-10 10:04:37'),
(157, 'cht', 99, '', '2009-08-10 08:25:17', '2009-08-10 08:25:17'),
(158, 'cht', 98, '', '2009-08-10 07:58:37', '2009-08-10 07:58:37'),
(159, 'eng', 104, '三星SGH-F258', '2009-08-19 06:52:57', '2009-08-19 06:52:57'),
(160, 'chi', 104, '三星SGH-F258', '2009-08-19 06:52:57', '2009-08-19 06:52:57'),
(161, 'eng', 105, '诺基亚N85', '2009-08-19 06:53:13', '2009-08-19 06:53:13'),
(162, 'chi', 105, '诺基亚N85', '2009-08-19 06:53:13', '2009-08-19 06:53:13'),
(163, 'cht', 97, '', '2009-08-10 07:55:51', '2009-08-10 07:55:51'),
(164, 'chi', 106, '诺基亚N96', '2009-08-19 06:58:23', '2009-08-19 06:58:23'),
(165, 'eng', 106, '诺基亚N96', '2009-08-19 06:58:23', '2009-08-19 06:58:23'),
(166, 'eng', 107, '移动100元充值卡', '2009-08-19 12:20:31', '2009-08-19 12:20:31'),
(167, 'chi', 107, '移动100元充值卡', '2009-08-19 12:20:31', '2009-08-19 12:20:31'),
(168, 'cht', 91, '', '2009-08-10 07:49:47', '2009-08-10 07:49:47'),
(169, 'chi', 108, '', '2009-08-19 12:22:35', '2009-08-19 12:22:35'),
(170, 'eng', 108, '', '2009-08-19 12:22:35', '2009-08-19 12:22:35'),
(171, 'cht', 90, '', '2009-08-10 07:41:45', '2009-08-10 07:41:45'),
(172, 'chi', 109, NULL, '2009-08-19 12:24:05', '2009-08-19 12:24:05'),
(173, 'eng', 109, NULL, '2009-08-19 12:24:05', '2009-08-19 12:24:05'),
(174, 'cht', 89, '', '2009-08-10 07:39:19', '2009-08-10 07:39:19'),
(175, 'cht', 88, '', '2009-08-10 07:36:37', '2009-08-10 07:36:37'),
(176, 'cht', 87, '商务休闲裤（标准款） 黑色', '2009-08-17 02:13:24', '2009-08-17 02:13:24'),
(177, 'cht', 82, '', '2009-08-10 07:31:27', '2009-08-10 07:31:27'),
(178, 'cht', 81, '', '2009-08-10 07:31:24', '2009-08-10 07:31:24'),
(179, 'cht', 80, '', '2009-08-10 07:31:24', '2009-08-10 07:31:24'),
(180, 'cht', 79, '', '2009-08-10 07:31:24', '2009-08-10 07:31:24'),
(181, 'cht', 78, '', '2009-08-10 07:26:23', '2009-08-10 07:26:23'),
(182, 'cht', 77, '', '2009-08-10 07:25:20', '2009-08-10 07:25:20'),
(183, 'cht', 76, '', '2009-08-10 07:24:30', '2009-08-10 07:24:30'),
(184, 'cht', 75, '', '2009-08-10 07:23:56', '2009-08-10 07:23:56'),
(185, 'cht', 74, '', '2009-08-10 07:22:36', '2009-08-10 07:22:36'),
(186, 'cht', 73, '', '2009-08-10 07:26:23', '2009-08-10 07:26:23'),
(187, 'cht', 72, '', '2009-08-10 07:25:20', '2009-08-10 07:25:20'),
(188, 'cht', 71, '', '2009-08-10 07:24:30', '2009-08-10 07:24:30'),
(189, 'cht', 67, '', '2009-08-10 07:23:56', '2009-08-10 07:23:56'),
(190, 'cht', 65, '', '2009-08-10 07:22:36', '2009-08-10 07:22:36'),
(191, 'cht', 64, '', '2009-08-10 06:42:19', '2009-08-10 06:42:19'),
(192, 'cht', 62, '', '2009-08-10 06:37:04', '2009-08-10 06:37:04'),
(193, 'cht', 61, '', '2009-08-10 06:34:32', '2009-08-10 06:34:32'),
(194, 'cht', 60, '', '2009-08-10 06:34:32', '2009-08-10 06:34:32'),
(195, 'cht', 59, '', '2009-08-10 06:34:32', '2009-08-10 06:34:32'),
(196, 'cht', 58, '', '2009-08-10 06:32:30', '2009-08-10 06:32:30'),
(197, 'cht', 57, '', '2009-08-10 06:32:30', '2009-08-10 06:32:30'),
(198, 'cht', 56, '', '2009-08-10 06:32:30', '2009-08-10 06:32:30'),
(199, 'cht', 51, '', '2009-08-10 06:23:55', '2009-08-10 06:23:55'),
(200, 'cht', 50, '', '2009-08-10 06:23:55', '2009-08-10 06:23:55'),
(201, 'cht', 49, '', '2009-08-10 06:23:55', '2009-08-10 06:23:55'),
(202, 'cht', 48, '', '2009-08-10 06:22:34', '2009-08-10 06:22:34'),
(203, 'cht', 47, '', '2009-08-10 06:21:59', '2009-08-10 06:21:59'),
(204, 'cht', 46, '', '2009-08-10 06:21:59', '2009-08-10 06:21:59'),
(205, 'cht', 45, '', '2009-08-10 06:21:59', '2009-08-10 06:21:59'),
(206, 'cht', 43, '', '2009-08-10 06:17:08', '2009-08-10 06:17:08'),
(207, 'cht', 42, '', '2009-08-10 06:17:08', '2009-08-10 06:17:08'),
(208, 'cht', 41, '', '2009-08-10 06:17:08', '2009-08-10 06:17:08'),
(209, 'cht', 40, '', '2009-08-10 06:14:12', '2009-08-10 06:14:12'),
(210, 'cht', 39, '', '2009-08-10 06:08:40', '2009-08-10 06:08:40'),
(211, 'cht', 38, '', '2009-08-10 06:08:39', '2009-08-10 06:08:39'),
(212, 'cht', 37, '', '2009-08-10 06:08:39', '2009-08-10 06:08:39'),
(213, 'cht', 36, '', '2009-08-10 06:06:28', '2009-08-10 06:06:28'),
(214, 'cht', 35, '', '2009-08-10 06:06:28', '2009-08-10 06:06:28'),
(215, 'cht', 34, '', '2009-08-10 06:04:31', '2009-08-10 06:04:31'),
(216, 'cht', 33, '', '2009-08-10 06:04:31', '2009-08-10 06:04:31'),
(217, 'cht', 32, '', '2009-08-10 06:02:02', '2009-08-10 06:02:02'),
(218, 'cht', 31, '', '2009-08-10 06:02:02', '2009-08-10 06:02:02'),
(219, 'cht', 30, '', '2009-08-10 06:02:02', '2009-08-10 06:02:02'),
(220, 'cht', 29, '', '2009-08-10 06:01:20', '2009-08-10 06:01:20'),
(221, 'cht', 28, '', '2009-08-10 05:59:44', '2009-08-10 05:59:44'),
(222, 'cht', 27, '', '2009-08-10 05:59:44', '2009-08-10 05:59:44'),
(223, 'cht', 26, '', '2009-08-10 05:59:44', '2009-08-10 05:59:44'),
(224, 'cht', 25, '', '2009-08-10 05:56:30', '2009-08-10 05:56:30'),
(225, 'cht', 24, '', '2009-08-10 05:56:30', '2009-08-10 05:56:30'),
(226, 'cht', 23, '', '2009-08-10 05:56:30', '2009-08-10 05:56:30'),
(227, 'cht', 22, '', '2009-08-10 05:53:29', '2009-08-10 05:53:29'),
(228, 'cht', 21, '', '2009-08-10 05:53:29', '2009-08-10 05:53:29'),
(229, 'cht', 20, '', '2009-08-10 05:53:29', '2009-08-10 05:53:29'),
(230, 'cht', 19, '', '2009-08-10 05:36:59', '2009-08-10 05:36:59'),
(231, 'chi', 110, '', '2009-09-27 18:19:15', '2009-09-27 18:19:15'),
(232, 'eng', 110, '', '2009-09-27 18:19:15', '2009-09-27 18:19:15'),
(233, 'cht', 18, '', '2009-08-10 05:36:59', '2009-08-10 05:36:59'),
(234, 'cht', 17, '', '2009-08-10 05:36:59', '2009-08-10 05:36:59'),
(235, 'cht', 16, '', '2009-08-10 04:51:53', '2009-08-10 04:51:53'),
(236, 'cht', 15, '', '2009-08-10 04:03:17', '2009-08-10 04:03:17'),
(237, 'cht', 14, '', '2009-08-10 03:56:23', '2009-08-10 03:56:23'),
(238, 'cht', 13, '', '2009-08-10 03:43:35', '2009-08-10 03:43:35'),
(239, 'cht', 12, '', '2009-08-10 03:33:29', '2009-08-10 03:33:29'),
(240, 'cht', 11, '', '2009-08-10 03:28:58', '2009-08-10 03:28:58'),
(241, 'cht', 10, '活动贝壳项链', '2009-10-10 11:02:02', '2009-10-10 11:02:02'),
(242, 'cht', 9, '中国佛琉璃挂件', '2009-10-10 11:01:36', '2009-10-10 11:01:36'),
(243, 'eng', 1, 'Dream amethyst ear button', '2009-10-10 10:59:33', '2009-10-10 10:59:33'),
(244, 'chi', 1, '梦幻紫水晶耳扣', '2009-10-10 10:59:33', '2009-10-10 10:59:33'),
(245, 'chi', 2, '天海蓝钻戒', '2009-10-10 10:57:49', '2009-10-10 10:57:49'),
(246, 'eng', 2, 'Day sea-blue diamond ring', '2009-10-10 10:57:49', '2009-10-10 10:57:49'),
(247, 'cht', 8, '银龙玉坠', '2009-10-10 11:01:11', '2009-10-10 11:01:11'),
(248, 'chi', 3, '传统玻璃手镯', '2009-10-10 10:58:15', '2009-10-10 10:58:15'),
(249, 'eng', 3, 'Traditional glass bracelets', '2009-10-10 10:58:15', '2009-10-10 10:58:15'),
(250, 'cht', 7, '观音玉坠', '2009-10-10 11:00:27', '2009-10-10 11:00:27'),
(251, 'chi', 4, '观音琉璃挂件', '2009-10-10 10:58:39', '2009-10-10 10:58:39'),
(252, 'eng', 4, 'Kuan Yin Pendant Glass', '2009-10-10 10:58:39', '2009-10-10 10:58:39'),
(253, 'cht', 6, '中国柱状玉耳环', '2009-10-10 11:00:02', '2009-10-10 11:00:02'),
(254, 'chi', 5, '东方古典翡翠玉耳环', '2009-10-10 10:59:06', '2009-10-10 10:59:06'),
(255, 'eng', 5, 'Classical Oriental Jade earrings jade', '2009-10-10 10:59:06', '2009-10-10 10:59:06'),
(256, 'cht', 5, '东方古典翡翠玉耳环', '2009-10-10 10:59:06', '2009-10-10 10:59:06'),
(257, 'chi', 6, '中国柱状玉耳环', '2009-10-10 11:00:02', '2009-10-10 11:00:02'),
(258, 'eng', 6, 'China cylindrical jade earrings', '2009-10-10 11:00:02', '2009-10-10 11:00:02'),
(259, 'cht', 4, '观音琉璃挂件', '2009-10-10 10:58:39', '2009-10-10 10:58:39'),
(260, 'chi', 7, '观音玉坠', '2009-10-10 11:00:27', '2009-10-10 11:00:27'),
(261, 'eng', 7, 'Yin jade pendant', '2009-10-10 11:00:27', '2009-10-10 11:00:27'),
(262, 'chi', 8, '银龙玉坠', '2009-10-10 11:01:11', '2009-10-10 11:01:11'),
(263, 'eng', 8, 'Yinlong jade pendant', '2009-10-10 11:01:11', '2009-10-10 11:01:11'),
(264, 'chi', 9, '中国佛琉璃挂件', '2009-10-10 11:01:36', '2009-10-10 11:01:36'),
(265, 'eng', 9, 'Glass pendants Chinese Buddha', '2009-10-10 11:01:36', '2009-10-10 11:01:36'),
(266, 'chi', 10, '活动贝壳项链', '2009-10-10 11:02:02', '2009-10-10 11:02:02'),
(267, 'eng', 10, 'The activities of Shell Necklace', '2009-10-10 11:02:02', '2009-10-10 11:02:02'),
(268, 'cht', 3, '传统玻璃手镯', '2009-10-10 10:58:15', '2009-10-10 10:58:15'),
(269, 'cht', 2, '天海蓝钻戒', '2009-10-10 10:57:49', '2009-10-10 10:57:49'),
(270, 'cht', 1, '梦幻紫水晶耳扣', '2009-10-10 10:59:33', '2009-10-10 10:59:33'),
(271, 'cht', 108, '', '2009-08-19 12:22:35', '2009-08-19 12:22:35'),
(272, 'cht', 109, NULL, '2009-08-19 12:24:05', '2009-08-19 12:24:05'),
(273, 'cht', 110, '', '2009-09-27 18:19:15', '2009-09-27 18:19:15');

--
-- 导出表中的数据 `svcart_product_i18ns`
--

INSERT INTO `svcart_product_i18ns` (`id`, `locale`, `product_id`, `name`, `style_name`, `description`, `seller_note`, `delivery_note`, `market_price`, `shop_price`, `meta_keywords`, `meta_description`, `api_site_url`, `api_cart_url`, `created`, `modified`) VALUES
(1, 'chi', 1, '梦幻紫水晶耳扣', NULL, '', NULL, NULL, 0.00, 0.00, '梦幻紫水晶耳扣', '梦幻紫水晶耳扣', '', '', '2009-04-09 05:48:31', '2009-04-09 05:48:31'),
(2, 'chi', 2, '天海蓝钻戒', NULL, '', NULL, NULL, 0.00, 0.00, '天海蓝钻戒', '天海蓝钻戒', '', '', '2009-04-09 09:20:36', '2009-04-09 09:21:22'),
(3, 'chi', 3, '传统玻璃手镯', NULL, '', NULL, NULL, 0.00, 0.00, '传统玻璃手镯', '传统玻璃手镯', '', '', '2009-04-09 09:22:57', '2009-04-09 09:24:53'),
(4, 'chi', 4, '观音琉璃挂件', NULL, '', NULL, NULL, 0.00, 0.00, '观音琉璃挂件', '观音琉璃挂件', '', '', '2009-04-09 09:25:42', '2009-04-09 09:26:55'),
(5, 'chi', 5, '东方古典翡翠玉耳环', NULL, '', NULL, NULL, 0.00, 0.00, '东方古典翡翠玉耳环', '东方古典翡翠玉耳环', '', '', '2009-04-09 09:27:43', '2009-04-09 09:32:56'),
(6, 'chi', 6, '中国柱状玉耳环', NULL, '', NULL, NULL, 0.00, 0.00, '中国柱状玉耳环', '中国柱状玉耳环', '', '', '2009-04-09 09:28:16', '2009-04-09 09:32:40'),
(7, 'chi', 7, '观音玉坠', NULL, '', NULL, NULL, 0.00, 0.00, '观音玉坠', '观音玉坠', '', '', '2009-04-09 09:28:50', '2009-04-09 09:32:23'),
(8, 'chi', 8, '银龙玉坠', NULL, '', NULL, NULL, 0.00, 0.00, '银龙玉坠', '银龙玉坠', '', '', '2009-04-09 09:29:40', '2009-04-09 09:31:43'),
(9, 'chi', 9, '中国佛琉璃挂件', NULL, '', NULL, NULL, 0.00, 0.00, '中国佛琉璃挂件', '中国佛琉璃挂件', '', '', '2009-04-09 09:30:15', '2009-04-09 09:31:26'),
(10, 'chi', 10, '活动贝壳项链', NULL, '', NULL, NULL, 0.00, 0.00, '活动贝壳项链', '活动贝壳项链', '', '', '2009-04-09 09:30:48', '2009-04-09 09:31:10'),
(11, 'eng', 1, 'Dream amethyst ear button', NULL, '', NULL, NULL, 0.00, 0.00, '梦幻紫水晶耳扣', '梦幻紫水晶耳扣', '', '', '2009-04-09 05:48:31', '2009-04-09 05:48:31'),
(12, 'eng', 2, 'Day sea-blue diamond ring', NULL, '', NULL, NULL, 0.00, 0.00, '天海蓝钻戒', '天海蓝钻戒', '', '', '2009-04-09 09:20:36', '2009-04-09 09:21:22'),
(13, 'eng', 3, 'Traditional glass bracelets', NULL, '', NULL, NULL, 0.00, 0.00, '传统玻璃手镯', '传统玻璃手镯', '', '', '2009-04-09 09:22:57', '2009-04-09 09:24:53'),
(14, 'eng', 4, 'Kuan Yin Pendant Glass', NULL, '', NULL, NULL, 0.00, 0.00, '观音琉璃挂件', '观音琉璃挂件', '', '', '2009-04-09 09:25:42', '2009-04-09 09:26:55'),
(15, 'eng', 5, 'Classical Oriental Jade earrings jade', NULL, '', NULL, NULL, 0.00, 0.00, '东方古典翡翠玉耳环', '东方古典翡翠玉耳环', '', '', '2009-04-09 09:27:43', '2009-04-09 09:32:56'),
(16, 'eng', 6, 'China cylindrical jade earrings', NULL, '', NULL, NULL, 0.00, 0.00, '中国柱状玉耳环', '中国柱状玉耳环', '', '', '2009-04-09 09:28:16', '2009-04-09 09:32:40'),
(17, 'eng', 7, 'Yin jade pendant', NULL, '', NULL, NULL, 0.00, 0.00, '观音玉坠', '观音玉坠', '', '', '2009-04-09 09:28:50', '2009-04-09 09:32:23'),
(18, 'eng', 8, 'Yinlong jade pendant', NULL, '', NULL, NULL, 0.00, 0.00, '银龙玉坠', '银龙玉坠', '', '', '2009-04-09 09:29:40', '2009-04-09 09:31:43'),
(19, 'eng', 9, 'Glass pendants Chinese Buddha', NULL, '', NULL, NULL, 0.00, 0.00, '中国佛琉璃挂件', '中国佛琉璃挂件', '', '', '2009-04-09 09:30:15', '2009-04-09 09:31:26'),
(20, 'eng', 10, 'The activities of Shell Necklace', NULL, '', NULL, NULL, 0.00, 0.00, '活动贝壳项链', '活动贝壳项链', '', '', '2009-04-09 09:30:48', '2009-04-09 09:31:10'),
(21, 'chi', 41, '商务休闲裤（标准款） 橄榄绿', NULL, '<p>此款产品选用优质美棉做原料，面料采用特殊斜纹组织，经向紧密排列，布面细腻，纹路清晰。面料经过磨毛柔软处理后，表面形成细密的绒毛感，手感异常丰满。既增加了穿着的柔软舒适性也保留了面料原有的挺括，并且在后整理的过程中加入抗静电助剂，有效的防止在穿着时吸灰沾尘的现象。前片采用干净利落的无褶设计，激光刻字纽扣，圆润饱满，选用同色口袋布，彰显高档品质。此款产品适合夏季穿着。</p>', '', '', 0.00, 0.00, '商务休闲裤 ', '此款产品选用优质美棉做原料，面料采用特殊斜纹组织，经向紧密排列，布面细腻，纹路清晰。面料经过磨毛柔软处理后，表面形成细密的绒毛感，手感异常丰满。既增加了穿着的柔软舒适性也', '', '', '2009-08-10 07:29:53', '2009-08-10 07:30:17'),
(22, 'eng', 41, 'Business casual pants (standard paragraph) olivaceoviridis', NULL, '<p>This high-quality products made of raw materials the United States cotton, twill fabric special organization to work closely with, fine cloth, clear lines. After a soft cloth after sanding, the surface of the villi as well as a sense of fullness feeling abnormal. An increase of both soft and comfortable to wear also retains and keeps the original fabric, and finishing the process of adding anti-static additive, effective at preventing wear dust absorption phenomenon James Ash. Clear-cut before the film''s use of non-pleated designs, laser lettering buttons, mellow and full, choose the same color pocket cloth, high-quality shows. This product suitable for summer wear.</p>', '', '', 0.00, 0.00, 'Business casual pants', 'This high-quality products made of raw materials the United States cotton, twill fabric special organization to work closely with, fine cloth, clear lines. After a soft cloth after sanding, the surface of the villi as well as a sense of fullness feeling a', '', '', '2009-08-10 07:29:53', '2009-08-10 07:30:17'),
(23, 'chi', 42, '诺基亚 1508', NULL, '<dl><dt>基本参数</dt><dd><strong>型号</strong><span>1508</span></dd><dd><strong>手机类型</strong><span>CDMA手机</span></dd><dd><strong>上市日期</strong><span>2008年08月</span></dd><dd><strong>手机制式</strong><span>CDMA</span></dd><dd><strong>手机频段</strong><span>CDMA 800</span></dd><dd><strong>手机外形</strong><span>直板</span></dd><dd><strong>主屏材质</strong><span>CSTN</span></dd><dd><strong>主屏色彩</strong><span>65K</span></dd><dd><strong>主屏参数</strong><span>128 x 128</span></dd><dd><strong>理论通话时间</strong><span>3.2小时</span></dd><dd><strong>理论待机时间</strong><span>8.3天</span></dd><dd><strong>体积</strong><span>103.8x43x14.8毫米</span></dd><dd><strong>重量</strong><span>68克</span></dd><dt>基本功能</dt><dd><strong>铃声</strong><span>和弦</span></dd><dd><strong>通讯录</strong><span>500个通讯录联系人</span></dd><dd><strong>录音</strong><span>语音备忘,最长3分钟录音</span></dd><dd><strong>信息功能</strong><span>短信</span></dd><dd><strong>输入法</strong><span>中文,英文</span></dd><dd><strong>办公功能</strong><span>闹钟、收信人列表和日历</span></dd><dd><strong>主要功能</strong><span>支持 CDMA 1x Data,可使用您的手机通过 PC 方便地连接到互联网。</span></dd><dd><strong>附加功能</strong><span>使用内置FM调频收音机及时了解音乐、新闻和天气等内容</span></dd><dt>数据应用功能</dt><dd><strong>蓝牙</strong><span>不支持</span></dd><dd><strong>JAVA</strong><span>不支持</span></dd><dd><strong>WAP上网</strong><span>不支持</span></dd><dd><strong>数据线</strong><span>支持</span></dd><dd><strong>扩展卡</strong><span>不支持</span></dd><dt>多媒体娱乐功能</dt><dd><strong>摄像头</strong><span>无</span></dd><dd><strong>耳机接口</strong><span>2.5mm</span></dd><dd><strong>MP3播放</strong><span>不支持</span></dd><dd><strong>视频播放</strong><span>不支持</span></dd><dd><strong>FM收音</strong><span>支持</span></dd></dl>\r\n<div style="border-bottom: 0pt none; padding: 0pt 10px 10px 0px; display: none;">\r\n<p style="margin: 0px 10px 10px; padding: 5px;">该手机暂无评测，我们将会尽快添加。</p>\r\n</div>\r\n<div style="border-bottom: 0pt none; padding: 0pt 10px 10px 0px; display: none;">\r\n<div>此款手机的常识内容仅供参考，部分内容需要进行实机操作与软件安装，建议事先咨询官方客服进行确认，避免出现问题。</div>\r\n</div>', '', '', 0.00, 0.00, '诺基亚 1508', '诺基亚 1508', '', '', '2009-08-10 07:31:24', '2009-08-10 07:33:56'),
(24, 'chi', 12, '带帽长款条纹T恤 浅灰色', NULL, '<p>依旧是烈日炎炎的夏天，依旧是韩国风，唯一一款长款的设计，既随性又显示好身材！随意的腰身，随意的帽衫，让人十分舒适的一款，就像随意的心情一样，向往自由，充满着蕴藏在心里的激情。VANCL给您带来的这款带帽长款T恤，面料舒适，三种花色任意选择，在炎炎夏日让您充分展示女孩的俏皮与随性。</p>', '', '', 0.00, 0.00, 'T恤 带帽 浅灰色', '依旧是烈日炎炎的夏天，依旧是韩国风，唯一一款长款的设计，既随性又显示好身材！随意的腰身，随意的帽衫，让人十分舒适的一款，就像随意的心情一样，向往自由，充满着蕴藏在心里的激', '', '', '2009-08-10 03:28:58', '2009-08-10 03:28:58'),
(25, 'chi', 13, '带帽长款条纹T恤 浅灰色', NULL, '<p>依旧是烈日炎炎的夏天，依旧是韩国风，唯一一款长款的设计，既随性又显示好身材！随意的腰身，随意的帽衫，让人十分舒适的一款，就像随意的心情一样，向往自由，充满着蕴藏在心里的激情。VANCL给您带来的这款带帽长款T恤，面料舒适，三种花色任意选择，在炎炎夏日让您充分展示女孩的俏皮与随性。</p>', '', '', 0.00, 0.00, 'T恤', '依旧是烈日炎炎的夏天，依旧是韩国风，唯一一款长款的设计，既随性又显示好身材！随意的腰身，随意的帽衫，让人十分舒适的一款，就像随意的心情一样，向往自由，充满着蕴藏在心里的激', '', '', '2009-08-10 03:33:29', '2009-08-10 03:44:36'),
(26, 'eng', 13, 'Hooded long section light gray stripes T shirt', NULL, '<p>Is still extremely hot in the summer, the wind is still in Korea, the only design of a long paragraph, not only with a good body of another show! Waist casual, casual hoody, it''s a very comfortable, just as arbitrary as the heart, longing for freedom, full of hidden passion in his heart. Brought to you VANCL Hooded long section of this T-shirt, fabric comfort, choose three colors in the summer to allow you to fully display the mischievous and the girls with sex.</p>', '', '', 0.00, 0.00, 'T shirt', 'Is still extremely hot in the summer, the wind is still in Korea, the only design of a long paragraph, not only with a good body of another show! Waist casual, casual hoody, it''s a very comfortable, just as arbitrary as the heart, longing for freedom, ful', '', '', '2009-08-10 03:33:29', '2009-08-10 03:44:36'),
(27, 'chi', 14, '带帽长款条纹T恤 浅粉色', NULL, '<p>依旧是烈日炎炎的夏天，依旧是韩国风，唯一一款长款的设计，既随性又显示好身材！随意的腰身，随意的帽衫，让人十分舒适的一款，就像随意的心情一样，向往自由，充满着蕴藏在心里的激</p>', '', '', 0.00, 0.00, 'T恤 带帽', '依旧是烈日炎炎的夏天，依旧是韩国风，唯一一款长款的设计，既随性又显示好身材！随意的腰身，随意的帽衫，让人十分舒适的一款，就像随意的心情一样，向往自由，充满着蕴藏在心里的激', '', '', '2009-08-10 03:43:35', '2009-08-10 03:43:35'),
(28, 'eng', 14, 'Hooded long paragraph pink striped T shirt', NULL, '<p>Is still extremely hot in the summer, the wind is still in Korea, the only design of a long paragraph, not only with a good body of another show! Waist casual, casual hoody, it''s a very comfortable, just as arbitrary as the heart, longing for freedom, ful</p>', '', '', 0.00, 0.00, 'T shirt', 'Is still extremely hot in the summer, the wind is still in Korea, the only design of a long paragraph, not only with a good body of another show! Waist casual, casual hoody, it''s a very comfortable, just as arbitrary as the heart, longing for freedom, ful', '', '', '2009-08-10 03:43:35', '2009-08-10 03:43:35'),
(29, 'chi', 15, '带帽长款条纹T恤 棕色', NULL, '<p>依旧是烈日炎炎的夏天，依旧是韩国风，唯一一款长款的设计，既随性又显示好身材！随意的腰身，随意的帽衫，让人十分舒适的一款，就像随意的心情一样，向往自由，充满着蕴藏在心里的激情。VANCL给您带来的这款带帽长款T恤，面料舒适，三种花色任意选择，在炎炎夏日让您充分展示女孩的俏皮与随性。</p>', '', '', 0.00, 0.00, 'T恤', '依旧是烈日炎炎的夏天，依旧是韩国风，唯一一款长款的设计，既随性又显示好身材！随意的腰身，随意的帽衫，让人十分舒适的一款，就像随意的心情一样，向往自由，充满着蕴藏在心里的激', '', '', '2009-08-10 03:56:23', '2009-08-10 03:56:23'),
(30, 'eng', 15, 'Hooded long paragraph brown striped T shirt', NULL, '<p>Is still extremely hot in the summer, the wind is still in Korea, the only design of a long paragraph, not only with a good body of another show! Waist casual, casual hoody, it''s a very comfortable, just as arbitrary as the heart, longing for freedom, full of hidden passion in his heart. Brought to you VANCL Hooded long section of this T-shirt, fabric comfort, choose three colors in the summer to allow you to fully display the mischievous and the girls with sex.</p>', '', '', 0.00, 0.00, 'T shirt', 'Is still extremely hot in the summer, the wind is still in Korea, the only design of a long paragraph, not only with a good body of another show! Waist casual, casual hoody, it''s a very comfortable, just as arbitrary as the heart, longing for freedom, ful', '', '', '2009-08-10 03:56:23', '2009-08-10 03:56:23'),
(31, 'chi', 16, '速干圆领印花T恤sea life 中国红', NULL, '<p><span style="color: #666666; font-family: 宋体; font-size: 12px; font-weight: 100; line-height: 19px;">值此炎炎夏日来临之季， VANCL遵循简约、舒适、健康设计理念，特推出贴身、柔软、舒适的速干圆领印花T恤衫。<span>&nbsp;</span><br />&nbsp; &nbsp; 本产品面料采用美国棉花公司100%棉针织物吸湿快干整理&ldquo;微型窗&rdquo;技术，将运动人体产生的汗液迅速由服装内部疏导到外部，保持服装内部皮肤干爽舒适，并且在快速干燥的同时带走体表多余的热量，使人体感觉凉爽，舒适自然。<span>&nbsp;</span><br />&nbsp; &nbsp; 富有时尚感的多种印花设计，在传统的休闲风格中增添了流行气息，款式简洁大方，充满活力动感，展现迷人气质，是年轻男女不错的选择！<span> <br /></span></span></p>', '', '', 0.00, 0.00, 'T恤 中国红', '值此炎炎夏日来临之季， VANCL遵循简约、舒适、健康设计理念，特推出贴身、柔软、舒适的速干圆领印花T恤衫。 \r\n    本产品面料采用美国棉花公司100%棉针织物吸湿快干整理“微型窗”技术，将', '', '', '2009-08-10 04:03:17', '2009-08-10 05:52:13'),
(32, 'eng', 16, 'Quick-drying T shirt printing T-Chinese Red sea life', NULL, '<p>On the occasion of the summer season approaching, VANCL follow the simple, comfortable, healthy design, especially the introduction of personal, soft, comfortable T-shirt printing T-Quick-drying.</p>', '', '', 0.00, 0.00, 'T shirt Chinese Red ', 'On the occasion of the summer season approaching, VANCL follow the simple, comfortable, healthy design, especially the introduction of personal, soft, comfortable T-shirt printing T-Quick-drying.', '', '', '2009-08-10 04:03:17', '2009-08-10 05:52:13'),
(33, 'chi', 17, '速干圆领印花T恤sea life 法国蓝', NULL, '<p>值此炎炎夏日来临之季， VANCL遵循简约、舒适、健康设计理念，特推出贴身、柔软、舒适的速干圆领印花T恤衫。 <br />&nbsp;&nbsp;&nbsp; 本产品面料采用美国棉花公司100%棉针织物吸湿快干整理&ldquo;微型窗&rdquo;技术，将</p>', '', '', 0.00, 0.00, 'T恤 法国蓝', '值此炎炎夏日来临之季， VANCL遵循简约、舒适、健康设计理念，特推出贴身、柔软、舒适的速干圆领印花T恤衫。 \r\n    本产品面料采用美国棉花公司100%棉针织物吸湿快干整理“微型窗”技术，将', '', '', '2009-08-10 04:51:53', '2009-08-10 04:51:53'),
(34, 'eng', 17, 'T shirt printing T-dry sea life French Blue', NULL, '<p>On the occasion of the summer season approaching, VANCL follow the simple, comfortable, healthy design, especially the introduction of personal, soft, comfortable T-shirt printing T-Quick-drying.</p>', '', '', 0.00, 0.00, 'T shirt French Blue', 'On the occasion of the summer season approaching, VANCL follow the simple, comfortable, healthy design, especially the introduction of personal, soft, comfortable T-shirt printing T-Quick-drying.', '', '', '2009-08-10 04:51:53', '2009-08-10 04:51:53'),
(35, 'chi', 18, '诺基亚 5630XM', NULL, '<p><br />&nbsp;&nbsp;&nbsp; 温馨提示5630XM的microUSB接口既是充电接口又是数据线接口，所以标配只有一根CA-101数据线（充电线）。<br />基本参数<br />&nbsp;&nbsp;&nbsp; 型号5630XM<br />&nbsp;&nbsp;&nbsp; 手机类型智能手机、音乐手机<br />&nbsp;&nbsp;&nbsp; 上市日期2009年06月<br />&nbsp;&nbsp;&nbsp; 手机制式GSM<br />&nbsp;&nbsp;&nbsp; 手机频段1800/1900/900<br />&nbsp;&nbsp;&nbsp; 手机外形直板手机<br />&nbsp;&nbsp;&nbsp; 主屏尺寸2.2英寸<br />&nbsp;&nbsp;&nbsp; 主屏材质TFT<br />&nbsp;&nbsp;&nbsp; 主屏色彩1600万色<br />&nbsp;&nbsp;&nbsp; 主屏参数240&times;320<br />&nbsp;&nbsp;&nbsp; 操作系统S60 3rd Edition, Feature Pack 2、Symbian OS v9.3<br />&nbsp;&nbsp;&nbsp; CPUARM 11、600MHz<br />&nbsp;&nbsp;&nbsp; 理论通话时间400分钟<br />&nbsp;&nbsp;&nbsp; 理论待机时间420小时<br />&nbsp;&nbsp;&nbsp; 体积112 &times; 46 x 12毫米<br />&nbsp;&nbsp;&nbsp; 重量83g<br />基本功能<br />&nbsp;&nbsp;&nbsp; 铃声MP3、和弦<br />&nbsp;&nbsp;&nbsp; 通讯录名片式<br />&nbsp;&nbsp;&nbsp; 信息功能短信、彩信<br />&nbsp;&nbsp;&nbsp; 电子邮件支持<br />&nbsp;&nbsp;&nbsp; 输入法中文、英文<br />&nbsp;&nbsp;&nbsp; 游戏内置<br />&nbsp;&nbsp;&nbsp; 办公功能Excel, PDF, Powerpoint, Word文件浏览<br />&nbsp;&nbsp;&nbsp; 录音功能支持<br />&nbsp;&nbsp;&nbsp; 主要功能12毫米纤薄机身,600MHz CPU,symbian智能手机<br />&nbsp;&nbsp;&nbsp; 附加功能&ldquo;Say and Play&rdquo;音乐语音控制功能<br />数据应用功能<br />&nbsp;&nbsp;&nbsp; 蓝牙支持蓝牙立体声<br />&nbsp;&nbsp;&nbsp; 数据业务GPRS/EDGE<br />&nbsp;&nbsp;&nbsp; JAVA支持<br />&nbsp;&nbsp;&nbsp; WAP上网支持<br />&nbsp;&nbsp;&nbsp; 数据线支持<br />&nbsp;&nbsp;&nbsp; 扩展卡MicroSD、最大16G、支持热插拔<br />&nbsp;&nbsp;&nbsp; GPS不支持<br />多媒体娱乐功能<br />&nbsp;&nbsp;&nbsp; 摄像头内置摄像头<br />&nbsp;&nbsp;&nbsp; 主摄像头像素320万像素<br />&nbsp;&nbsp;&nbsp; 副摄像头像素10万像素（只能用于自拍）<br />&nbsp;&nbsp;&nbsp; 传感器类型CMOS<br />&nbsp;&nbsp;&nbsp; 闪光灯双LED闪光灯<br />&nbsp;&nbsp;&nbsp; 拍摄功能描述支持4倍数码变焦及提供场景模式,曝光补偿,色调控制,白平衡设置等拍照功能,不支持自动对焦<br />&nbsp;&nbsp;&nbsp; 视频拍摄支持H.263, MPEG-4 格式,15 fps<br />&nbsp;&nbsp;&nbsp; MP3播放AAC,AAC+,AMR-NB,AMR-WB,AU,eAAC+,M4A,Mobile XMF,MP3, MP4,WAV,WMA<br />&nbsp;&nbsp;&nbsp; 耳机接口3.5MM<br />&nbsp;&nbsp;&nbsp; 视频播放3GPP formats (H.263),Flash Video,H.264/AVC,MPEG-4,RealVideo 10,RealVideo 9<br />&nbsp;&nbsp;&nbsp; 图片浏览BMP,EXIF,GIF87a,GIF89a,JPEG,JPEG 2000,MBM,PNG,TIFF,WBMP,WMF<br />&nbsp;&nbsp;&nbsp; 其它应用功能长达22小时的音乐播放时间<br />&nbsp;&nbsp;&nbsp; FM收音支持</p>', '', '', 0.00, 0.00, '诺基亚 5630XM', '诺基亚 5630XM', '', '', '2009-08-10 05:36:58', '2009-08-10 05:36:58'),
(36, 'eng', 18, 'Nokia 5630XM', NULL, '<p><br />&nbsp;&nbsp;&nbsp; 温馨提示5630XM的microUSB接口既是充电接口又是数据线接口，所以标配只有一根CA-101数据线（充电线）。<br />基本参数<br />&nbsp;&nbsp;&nbsp; 型号5630XM<br />&nbsp;&nbsp;&nbsp; 手机类型智能手机、音乐手机<br />&nbsp;&nbsp;&nbsp; 上市日期2009年06月<br />&nbsp;&nbsp;&nbsp; 手机制式GSM<br />&nbsp;&nbsp;&nbsp; 手机频段1800/1900/900<br />&nbsp;&nbsp;&nbsp; 手机外形直板手机<br />&nbsp;&nbsp;&nbsp; 主屏尺寸2.2英寸<br />&nbsp;&nbsp;&nbsp; 主屏材质TFT<br />&nbsp;&nbsp;&nbsp; 主屏色彩1600万色<br />&nbsp;&nbsp;&nbsp; 主屏参数240&times;320<br />&nbsp;&nbsp;&nbsp; 操作系统S60 3rd Edition, Feature Pack 2、Symbian OS v9.3<br />&nbsp;&nbsp;&nbsp; CPUARM 11、600MHz<br />&nbsp;&nbsp;&nbsp; 理论通话时间400分钟<br />&nbsp;&nbsp;&nbsp; 理论待机时间420小时<br />&nbsp;&nbsp;&nbsp; 体积112 &times; 46 x 12毫米<br />&nbsp;&nbsp;&nbsp; 重量83g<br />基本功能<br />&nbsp;&nbsp;&nbsp; 铃声MP3、和弦<br />&nbsp;&nbsp;&nbsp; 通讯录名片式<br />&nbsp;&nbsp;&nbsp; 信息功能短信、彩信<br />&nbsp;&nbsp;&nbsp; 电子邮件支持<br />&nbsp;&nbsp;&nbsp; 输入法中文、英文<br />&nbsp;&nbsp;&nbsp; 游戏内置<br />&nbsp;&nbsp;&nbsp; 办公功能Excel, PDF, Powerpoint, Word文件浏览<br />&nbsp;&nbsp;&nbsp; 录音功能支持<br />&nbsp;&nbsp;&nbsp; 主要功能12毫米纤薄机身,600MHz CPU,symbian智能手机<br />&nbsp;&nbsp;&nbsp; 附加功能&ldquo;Say and Play&rdquo;音乐语音控制功能<br />数据应用功能<br />&nbsp;&nbsp;&nbsp; 蓝牙支持蓝牙立体声<br />&nbsp;&nbsp;&nbsp; 数据业务GPRS/EDGE<br />&nbsp;&nbsp;&nbsp; JAVA支持<br />&nbsp;&nbsp;&nbsp; WAP上网支持<br />&nbsp;&nbsp;&nbsp; 数据线支持<br />&nbsp;&nbsp;&nbsp; 扩展卡MicroSD、最大16G、支持热插拔<br />&nbsp;&nbsp;&nbsp; GPS不支持<br />多媒体娱乐功能<br />&nbsp;&nbsp;&nbsp; 摄像头内置摄像头<br />&nbsp;&nbsp;&nbsp; 主摄像头像素320万像素<br />&nbsp;&nbsp;&nbsp; 副摄像头像素10万像素（只能用于自拍）<br />&nbsp;&nbsp;&nbsp; 传感器类型CMOS<br />&nbsp;&nbsp;&nbsp; 闪光灯双LED闪光灯<br />&nbsp;&nbsp;&nbsp; 拍摄功能描述支持4倍数码变焦及提供场景模式,曝光补偿,色调控制,白平衡设置等拍照功能,不支持自动对焦<br />&nbsp;&nbsp;&nbsp; 视频拍摄支持H.263, MPEG-4 格式,15 fps<br />&nbsp;&nbsp;&nbsp; MP3播放AAC,AAC+,AMR-NB,AMR-WB,AU,eAAC+,M4A,Mobile XMF,MP3, MP4,WAV,WMA<br />&nbsp;&nbsp;&nbsp; 耳机接口3.5MM<br />&nbsp;&nbsp;&nbsp; 视频播放3GPP formats (H.263),Flash Video,H.264/AVC,MPEG-4,RealVideo 10,RealVideo 9<br />&nbsp;&nbsp;&nbsp; 图片浏览BMP,EXIF,GIF87a,GIF89a,JPEG,JPEG 2000,MBM,PNG,TIFF,WBMP,WMF<br />&nbsp;&nbsp;&nbsp; 其它应用功能长达22小时的音乐播放时间<br />&nbsp;&nbsp;&nbsp; FM收音支持</p>', '', '', 0.00, 0.00, 'Nokia 5630XM', 'Nokia 5630XM', '', '', '2009-08-10 05:36:58', '2009-08-10 05:36:58'),
(37, 'chi', 19, '诺基亚 5800', NULL, '<p><br />&nbsp;&nbsp;&nbsp; 5800精英限量版标配两块BL-5J锂电池(1320mAh),AC- 8C+CA-100C充电器,DC-4车充,CA-101D数据线,AD-54线控+HS-45耳机,BH-209蓝牙耳机,8G TF卡,数据/视频线,光盘,手写笔*2,挂绳(三角触片),贴膜,支架,保修卡<br />基本功能<br />&nbsp;&nbsp;&nbsp; [GSM手机] [GPRS] [EDGE] [和弦铃声] [可选铃声] [情景模式] [图形菜单] [待机图片] [内置振动] [免提通话] <br />&nbsp;&nbsp;&nbsp; 上市日期2009年02月<br />&nbsp;&nbsp;&nbsp; 手机制式GSM/GPRS/EDGE<br />&nbsp;&nbsp;&nbsp; 支持频段|850/900/1800/1900MHz|<br />&nbsp;&nbsp;&nbsp; 网络连接GPRS；EDGE；<br />&nbsp;&nbsp;&nbsp; 理论通话时间525分钟<br />&nbsp;&nbsp;&nbsp; 理论待机时间406小时<br />&nbsp;&nbsp;&nbsp; 和弦铃声64和弦<br />&nbsp;&nbsp;&nbsp; 可选铃声可选MP3、WAV、AAC或和弦Midi铃声等格式<br />外观设计<br />&nbsp;&nbsp;&nbsp; [直板手机] [内置天线] <br />&nbsp;&nbsp;&nbsp; 外观设计直板<br />&nbsp;&nbsp;&nbsp; 产品天线内置<br />&nbsp;&nbsp;&nbsp; 产品尺寸111&times;51.7&times;15.5mm<br />&nbsp;&nbsp;&nbsp; 手机重量109克<br />屏幕参数<br />&nbsp;&nbsp;&nbsp; [TFT屏] <br />&nbsp;&nbsp;&nbsp; 屏幕颜色1600万色<br />&nbsp;&nbsp;&nbsp; 屏幕类型TFT<br />&nbsp;&nbsp;&nbsp; 分辨率360&times;640像素<br />&nbsp;&nbsp;&nbsp; 屏幕尺寸3.2英寸　<br />&nbsp;&nbsp;&nbsp; 详细说明卡尔&middot;蔡司认证镜头<br />通讯功能<br />&nbsp;&nbsp;&nbsp; [输入法] [短信功能] [EMS短信] [多媒体短信] [E-Mail] [话机通讯录] [通讯录群组] [通话记录] [语音拨号] [来电图片识别] [来电铃音识别] [全球定位GPS] <br />&nbsp;&nbsp;&nbsp; 输入法中文输入法；<br />&nbsp;&nbsp;&nbsp; 短信功能超长短信：支持；<br />&nbsp;&nbsp;&nbsp; 短信群发支持；<br />&nbsp;&nbsp;&nbsp; E-Mail支持SMTP、POP3、IMAP4等邮件协议，支持 OMA 电子邮件通知功能<br />&nbsp;&nbsp;&nbsp; 全球定位GPS内置SiRFstar III GPS芯片，诺基亚地图 2.0 触摸式应用程序<br />拍照功能<br />&nbsp;&nbsp;&nbsp; [内置] [变焦模式] [定时拍摄] [拍摄模式] [照片特效] [视频拍摄] <br />&nbsp;&nbsp;&nbsp; 摄像头位置内置<br />&nbsp;&nbsp;&nbsp; 像素320万<br />&nbsp;&nbsp;&nbsp; 图像格式JPEG<br />&nbsp;&nbsp;&nbsp; 传感器CMOS<br />&nbsp;&nbsp;&nbsp; 变焦模式数码变焦；自动对焦<br />&nbsp;&nbsp;&nbsp; 照片分辨率最大支持2048*1536分辨率<br />&nbsp;&nbsp;&nbsp; 定时拍摄可选2秒、10秒、20秒自拍模式<br />&nbsp;&nbsp;&nbsp; 拍摄模式可选自动、晴天、阴天、荧光灯、白炽灯等拍摄模式；支持补光灯开启拍摄及夜景模式拍摄<br />&nbsp;&nbsp;&nbsp; 照片特效可选棕褐色、黑白、鲜艳、负片等多种模式<br />&nbsp;&nbsp;&nbsp; 视频拍摄有声视频拍摄<br />&nbsp;&nbsp;&nbsp; 视频输出支持<br />&nbsp;&nbsp;&nbsp; 视频分辨率最大支持640*352分辨率<br />娱乐功能<br />&nbsp;&nbsp;&nbsp; [视频播放] [WAP浏览器] [WWW浏览器] [收音机] [MP3功能] <br />&nbsp;&nbsp;&nbsp; 视频播放支持MPEG4、H.264/AVC、H.263/3GP、RealVideo等视频格式全屏播放<br />&nbsp;&nbsp;&nbsp; WAP浏览器WAP 2.0<br />&nbsp;&nbsp;&nbsp; 收音机内置；FM调频收音机<br />&nbsp;&nbsp;&nbsp; MP3功能支持WMA、MP3、eAAC+等音频格式播放(支持后台播放、播放列表编辑、可选预设、加重低音、古典、爵士、流行、摇滚等音乐播放模式、EQ音效调节及循环播放设置)<br />扩展存储功能<br />&nbsp;&nbsp;&nbsp; [存储卡格式] [Java扩展] [蓝牙接口] [数据线接口] [3.5毫米AV插口] <br />&nbsp;&nbsp;&nbsp; 存储卡格式T-Flash卡；最高支持16G<br />&nbsp;&nbsp;&nbsp; Java扩展Java MIDP 2.0<br />&nbsp;&nbsp;&nbsp; 蓝牙接口蓝牙2.0<br />&nbsp;&nbsp;&nbsp; 数据线接口USB 2.0 数据线<br />高级功能<br />&nbsp;&nbsp;&nbsp; [操作系统] [处理器] [触摸屏] [手写输入] [电子书] [电子字典] [录音] <br />&nbsp;&nbsp;&nbsp; 操作系统系统类型:Symbian<br />&nbsp;&nbsp;&nbsp; 版　　本V9.4<br />&nbsp;&nbsp;&nbsp; 用户界面S60<br />&nbsp;&nbsp;&nbsp; 处理器ARM 11 369 MHz<br />&nbsp;&nbsp;&nbsp; 电子书支持TXT格式<br />附加功能<br />&nbsp;&nbsp;&nbsp; [日历] [计算器] [闹钟] [世界时钟] [记事本] [日程表] [货币换算] [单位换算] [备忘录] <br />&nbsp;&nbsp;&nbsp; 日历支持<br />&nbsp;&nbsp;&nbsp; 计算器支持<br />&nbsp;&nbsp;&nbsp; 闹钟支持<br />&nbsp;&nbsp;&nbsp; 世界时钟支持<br />&nbsp;&nbsp;&nbsp; 记事本支持<br />&nbsp;&nbsp;&nbsp; 日程表支持<br />&nbsp;&nbsp;&nbsp; 货币换算支持<br />&nbsp;&nbsp;&nbsp; 单位换算支持<br />&nbsp;&nbsp;&nbsp; 备忘录支持</p>', '', '', 0.00, 0.00, '诺基亚 5800', '诺基亚 5800', '', '', '2009-08-10 05:53:29', '2009-08-10 05:53:29'),
(38, 'eng', 19, 'Nokia 5800', NULL, '<p><br />&nbsp;&nbsp;&nbsp; 5800精英限量版标配两块BL-5J锂电池(1320mAh),AC- 8C+CA-100C充电器,DC-4车充,CA-101D数据线,AD-54线控+HS-45耳机,BH-209蓝牙耳机,8G TF卡,数据/视频线,光盘,手写笔*2,挂绳(三角触片),贴膜,支架,保修卡<br />基本功能<br />&nbsp;&nbsp;&nbsp; [GSM手机] [GPRS] [EDGE] [和弦铃声] [可选铃声] [情景模式] [图形菜单] [待机图片] [内置振动] [免提通话] <br />&nbsp;&nbsp;&nbsp; 上市日期2009年02月<br />&nbsp;&nbsp;&nbsp; 手机制式GSM/GPRS/EDGE<br />&nbsp;&nbsp;&nbsp; 支持频段|850/900/1800/1900MHz|<br />&nbsp;&nbsp;&nbsp; 网络连接GPRS；EDGE；<br />&nbsp;&nbsp;&nbsp; 理论通话时间525分钟<br />&nbsp;&nbsp;&nbsp; 理论待机时间406小时<br />&nbsp;&nbsp;&nbsp; 和弦铃声64和弦<br />&nbsp;&nbsp;&nbsp; 可选铃声可选MP3、WAV、AAC或和弦Midi铃声等格式<br />外观设计<br />&nbsp;&nbsp;&nbsp; [直板手机] [内置天线] <br />&nbsp;&nbsp;&nbsp; 外观设计直板<br />&nbsp;&nbsp;&nbsp; 产品天线内置<br />&nbsp;&nbsp;&nbsp; 产品尺寸111&times;51.7&times;15.5mm<br />&nbsp;&nbsp;&nbsp; 手机重量109克<br />屏幕参数<br />&nbsp;&nbsp;&nbsp; [TFT屏] <br />&nbsp;&nbsp;&nbsp; 屏幕颜色1600万色<br />&nbsp;&nbsp;&nbsp; 屏幕类型TFT<br />&nbsp;&nbsp;&nbsp; 分辨率360&times;640像素<br />&nbsp;&nbsp;&nbsp; 屏幕尺寸3.2英寸　<br />&nbsp;&nbsp;&nbsp; 详细说明卡尔&middot;蔡司认证镜头<br />通讯功能<br />&nbsp;&nbsp;&nbsp; [输入法] [短信功能] [EMS短信] [多媒体短信] [E-Mail] [话机通讯录] [通讯录群组] [通话记录] [语音拨号] [来电图片识别] [来电铃音识别] [全球定位GPS] <br />&nbsp;&nbsp;&nbsp; 输入法中文输入法；<br />&nbsp;&nbsp;&nbsp; 短信功能超长短信：支持；<br />&nbsp;&nbsp;&nbsp; 短信群发支持；<br />&nbsp;&nbsp;&nbsp; E-Mail支持SMTP、POP3、IMAP4等邮件协议，支持 OMA 电子邮件通知功能<br />&nbsp;&nbsp;&nbsp; 全球定位GPS内置SiRFstar III GPS芯片，诺基亚地图 2.0 触摸式应用程序<br />拍照功能<br />&nbsp;&nbsp;&nbsp; [内置] [变焦模式] [定时拍摄] [拍摄模式] [照片特效] [视频拍摄] <br />&nbsp;&nbsp;&nbsp; 摄像头位置内置<br />&nbsp;&nbsp;&nbsp; 像素320万<br />&nbsp;&nbsp;&nbsp; 图像格式JPEG<br />&nbsp;&nbsp;&nbsp; 传感器CMOS<br />&nbsp;&nbsp;&nbsp; 变焦模式数码变焦；自动对焦<br />&nbsp;&nbsp;&nbsp; 照片分辨率最大支持2048*1536分辨率<br />&nbsp;&nbsp;&nbsp; 定时拍摄可选2秒、10秒、20秒自拍模式<br />&nbsp;&nbsp;&nbsp; 拍摄模式可选自动、晴天、阴天、荧光灯、白炽灯等拍摄模式；支持补光灯开启拍摄及夜景模式拍摄<br />&nbsp;&nbsp;&nbsp; 照片特效可选棕褐色、黑白、鲜艳、负片等多种模式<br />&nbsp;&nbsp;&nbsp; 视频拍摄有声视频拍摄<br />&nbsp;&nbsp;&nbsp; 视频输出支持<br />&nbsp;&nbsp;&nbsp; 视频分辨率最大支持640*352分辨率<br />娱乐功能<br />&nbsp;&nbsp;&nbsp; [视频播放] [WAP浏览器] [WWW浏览器] [收音机] [MP3功能] <br />&nbsp;&nbsp;&nbsp; 视频播放支持MPEG4、H.264/AVC、H.263/3GP、RealVideo等视频格式全屏播放<br />&nbsp;&nbsp;&nbsp; WAP浏览器WAP 2.0<br />&nbsp;&nbsp;&nbsp; 收音机内置；FM调频收音机<br />&nbsp;&nbsp;&nbsp; MP3功能支持WMA、MP3、eAAC+等音频格式播放(支持后台播放、播放列表编辑、可选预设、加重低音、古典、爵士、流行、摇滚等音乐播放模式、EQ音效调节及循环播放设置)<br />扩展存储功能<br />&nbsp;&nbsp;&nbsp; [存储卡格式] [Java扩展] [蓝牙接口] [数据线接口] [3.5毫米AV插口] <br />&nbsp;&nbsp;&nbsp; 存储卡格式T-Flash卡；最高支持16G<br />&nbsp;&nbsp;&nbsp; Java扩展Java MIDP 2.0<br />&nbsp;&nbsp;&nbsp; 蓝牙接口蓝牙2.0<br />&nbsp;&nbsp;&nbsp; 数据线接口USB 2.0 数据线<br />高级功能<br />&nbsp;&nbsp;&nbsp; [操作系统] [处理器] [触摸屏] [手写输入] [电子书] [电子字典] [录音] <br />&nbsp;&nbsp;&nbsp; 操作系统系统类型:Symbian<br />&nbsp;&nbsp;&nbsp; 版　　本V9.4<br />&nbsp;&nbsp;&nbsp; 用户界面S60<br />&nbsp;&nbsp;&nbsp; 处理器ARM 11 369 MHz<br />&nbsp;&nbsp;&nbsp; 电子书支持TXT格式<br />附加功能<br />&nbsp;&nbsp;&nbsp; [日历] [计算器] [闹钟] [世界时钟] [记事本] [日程表] [货币换算] [单位换算] [备忘录] <br />&nbsp;&nbsp;&nbsp; 日历支持<br />&nbsp;&nbsp;&nbsp; 计算器支持<br />&nbsp;&nbsp;&nbsp; 闹钟支持<br />&nbsp;&nbsp;&nbsp; 世界时钟支持<br />&nbsp;&nbsp;&nbsp; 记事本支持<br />&nbsp;&nbsp;&nbsp; 日程表支持<br />&nbsp;&nbsp;&nbsp; 货币换算支持<br />&nbsp;&nbsp;&nbsp; 单位换算支持<br />&nbsp;&nbsp;&nbsp; 备忘录支持</p>', '', '', 0.00, 0.00, 'Nokia 5800', 'Nokia 5800', '', '', '2009-08-10 05:53:29', '2009-08-10 05:53:29'),
(39, 'chi', 20, '诺基亚 6120c', NULL, '<p><br />基本功能<br />&nbsp;&nbsp;&nbsp; [GSM手机] [GPRS] [EDGE] [和弦铃声] [可选铃声] [情景模式] [图形菜单] [待机图片] [内置振动] <br />&nbsp;&nbsp;&nbsp; 上市日期2007年11月<br />&nbsp;&nbsp;&nbsp; 手机制式GSM<br />&nbsp;&nbsp;&nbsp; 支持频段|850/900/1800/1900MHz|<br />&nbsp;&nbsp;&nbsp; 网络连接GPRS；EDGE；<br />&nbsp;&nbsp;&nbsp; 理论通话时间180分钟<br />&nbsp;&nbsp;&nbsp; 理论待机时间250小时<br />&nbsp;&nbsp;&nbsp; 和弦铃声64和弦 格式：MIDI、MP3、AAC<br />&nbsp;&nbsp;&nbsp; 内置振动支持<br />外观设计<br />&nbsp;&nbsp;&nbsp; [直板手机] [内置天线] <br />&nbsp;&nbsp;&nbsp; 外观样式直板<br />&nbsp;&nbsp;&nbsp; 产品天线内置<br />&nbsp;&nbsp;&nbsp; 产品尺寸105&times;46&times;15mm<br />&nbsp;&nbsp;&nbsp; 手机重量89克<br />屏幕参数<br />&nbsp;&nbsp;&nbsp; [TFT屏] <br />&nbsp;&nbsp;&nbsp; 屏幕颜色1600万色<br />&nbsp;&nbsp;&nbsp; 屏幕类型TFT<br />&nbsp;&nbsp;&nbsp; 分辨率240&times;320像素<br />&nbsp;&nbsp;&nbsp; 屏幕尺寸2英寸<br />通讯功能<br />&nbsp;&nbsp;&nbsp; [输入法] [短信功能] [EMS短信] [多媒体短信] [E-Mail] [话机通讯录] [通讯录群组] [通话记录] [语音拨号] [来电图片识别] [来电铃音识别] [全球定位GPS] <br />&nbsp;&nbsp;&nbsp; 输入法T9輸入法；中文输入法<br />&nbsp;&nbsp;&nbsp; 短信功能超长短信：支持； 短信群发：支持<br />&nbsp;&nbsp;&nbsp; EMS短信支持<br />&nbsp;&nbsp;&nbsp; 多媒体短信支持<br />&nbsp;&nbsp;&nbsp; E-Mail支持E-mail,POP3,IMAP4<br />&nbsp;&nbsp;&nbsp; 话机通讯录支持<br />&nbsp;&nbsp;&nbsp; 通讯录群组支持<br />&nbsp;&nbsp;&nbsp; 通话记录支持<br />&nbsp;&nbsp;&nbsp; 语音拨号支持<br />&nbsp;&nbsp;&nbsp; 来电图片识别支持<br />&nbsp;&nbsp;&nbsp; 来电铃音识别支持<br />&nbsp;&nbsp;&nbsp; 全球定位GPS支持外接蓝牙GPS接收器<br />拍照功能<br />&nbsp;&nbsp;&nbsp; [内置] [闪光灯] [变焦模式] [连拍] [拍摄模式] [照片特效] [视频拍摄] <br />&nbsp;&nbsp;&nbsp; 摄像头位置内置<br />&nbsp;&nbsp;&nbsp; 像素200万<br />&nbsp;&nbsp;&nbsp; 传感器CMOS<br />&nbsp;&nbsp;&nbsp; 闪光灯支持<br />&nbsp;&nbsp;&nbsp; 变焦模式4倍数码变焦<br />&nbsp;&nbsp;&nbsp; 照片分辨率最高支持分辨率为1600*1200像素<br />&nbsp;&nbsp;&nbsp; 连拍支持<br />&nbsp;&nbsp;&nbsp; 拍摄模式支持<br />&nbsp;&nbsp;&nbsp; 照片特效支持<br />&nbsp;&nbsp;&nbsp; 视频拍摄录制 H.263 （3gpp） 和 MPEG4 格式的视频片段 播放采用 H.264 （MPEG4）、3gpp、Real 编解码器的影音流媒体<br />&nbsp;&nbsp;&nbsp; 视频分辨率最高支持320&times;240分辨率<br />娱乐功能<br />&nbsp;&nbsp;&nbsp; [视频播放] [WAP浏览器] [WWW浏览器] [收音机] [MP3功能] <br />&nbsp;&nbsp;&nbsp; 视频播放支持播放符合3GP标准的影音流媒体<br />&nbsp;&nbsp;&nbsp; WAP浏览器WAP 2.0<br />&nbsp;&nbsp;&nbsp; WWW浏览器支持<br />&nbsp;&nbsp;&nbsp; 收音机内置<br />&nbsp;&nbsp;&nbsp; MP3功能AAC, AAC+, eAAC+, MP3, MP4, M4A, WMA, Mobile XMF, SP-MIDI, AMR (NB-AMR), MIDI Tones (poly 64), RealAudio 7,8,10, True tones (WB-AMR), WAV<br />扩展存储功能<br />&nbsp;&nbsp;&nbsp; [存储卡格式] [内存容量] [Java扩展] [蓝牙接口] [数据线接口] <br />&nbsp;&nbsp;&nbsp; 存储卡格式T-Flash卡； 支持热插拔，最大支持4GB扩展<br />&nbsp;&nbsp;&nbsp; 内存容量35M<br />&nbsp;&nbsp;&nbsp; Java扩展Java MIDP 2.0<br />&nbsp;&nbsp;&nbsp; 蓝牙接口2.0版蓝牙规范(SIM 卡接入模式、耳机模式、免提模式和 A2DP 模式)<br />&nbsp;&nbsp;&nbsp; 数据线接口支持大容量存储等级的全速率 mini USB 插孔<br />高级功能<br />&nbsp;&nbsp;&nbsp; [操作系统] [SyncML功能] [飞行模式] [电子名片] [电子字典] [录音] <br />&nbsp;&nbsp;&nbsp; 操作系统系统类型:Symbian 版　　本:60 Symbian OS v9.2操作系统<br />&nbsp;&nbsp;&nbsp; SyncML功能支持<br />&nbsp;&nbsp;&nbsp; 飞行模式支持<br />&nbsp;&nbsp;&nbsp; 电子名片增强型动态名片夹<br />&nbsp;&nbsp;&nbsp; 电子字典双语词典<br />&nbsp;&nbsp;&nbsp; 录音支持<br />附加功能<br />&nbsp;&nbsp;&nbsp; [日历] [计算器] [闹钟] [自动键盘锁] <br />&nbsp;&nbsp;&nbsp; 日历支持<br />&nbsp;&nbsp;&nbsp; 计算器支持<br />&nbsp;&nbsp;&nbsp; 闹钟支持<br />&nbsp;&nbsp;&nbsp; 自动键盘锁支持</p>', '', '', 0.00, 0.00, '诺基亚 6120c', '诺基亚 6120c', '', '', '2009-08-10 05:55:13', '2009-08-10 05:55:13'),
(40, 'eng', 20, 'Nokia 6120c', NULL, '<p><br />基本功能<br />&nbsp;&nbsp;&nbsp; [GSM手机] [GPRS] [EDGE] [和弦铃声] [可选铃声] [情景模式] [图形菜单] [待机图片] [内置振动] <br />&nbsp;&nbsp;&nbsp; 上市日期2007年11月<br />&nbsp;&nbsp;&nbsp; 手机制式GSM<br />&nbsp;&nbsp;&nbsp; 支持频段|850/900/1800/1900MHz|<br />&nbsp;&nbsp;&nbsp; 网络连接GPRS；EDGE；<br />&nbsp;&nbsp;&nbsp; 理论通话时间180分钟<br />&nbsp;&nbsp;&nbsp; 理论待机时间250小时<br />&nbsp;&nbsp;&nbsp; 和弦铃声64和弦 格式：MIDI、MP3、AAC<br />&nbsp;&nbsp;&nbsp; 内置振动支持<br />外观设计<br />&nbsp;&nbsp;&nbsp; [直板手机] [内置天线] <br />&nbsp;&nbsp;&nbsp; 外观样式直板<br />&nbsp;&nbsp;&nbsp; 产品天线内置<br />&nbsp;&nbsp;&nbsp; 产品尺寸105&times;46&times;15mm<br />&nbsp;&nbsp;&nbsp; 手机重量89克<br />屏幕参数<br />&nbsp;&nbsp;&nbsp; [TFT屏] <br />&nbsp;&nbsp;&nbsp; 屏幕颜色1600万色<br />&nbsp;&nbsp;&nbsp; 屏幕类型TFT<br />&nbsp;&nbsp;&nbsp; 分辨率240&times;320像素<br />&nbsp;&nbsp;&nbsp; 屏幕尺寸2英寸<br />通讯功能<br />&nbsp;&nbsp;&nbsp; [输入法] [短信功能] [EMS短信] [多媒体短信] [E-Mail] [话机通讯录] [通讯录群组] [通话记录] [语音拨号] [来电图片识别] [来电铃音识别] [全球定位GPS] <br />&nbsp;&nbsp;&nbsp; 输入法T9輸入法；中文输入法<br />&nbsp;&nbsp;&nbsp; 短信功能超长短信：支持； 短信群发：支持<br />&nbsp;&nbsp;&nbsp; EMS短信支持<br />&nbsp;&nbsp;&nbsp; 多媒体短信支持<br />&nbsp;&nbsp;&nbsp; E-Mail支持E-mail,POP3,IMAP4<br />&nbsp;&nbsp;&nbsp; 话机通讯录支持<br />&nbsp;&nbsp;&nbsp; 通讯录群组支持<br />&nbsp;&nbsp;&nbsp; 通话记录支持<br />&nbsp;&nbsp;&nbsp; 语音拨号支持<br />&nbsp;&nbsp;&nbsp; 来电图片识别支持<br />&nbsp;&nbsp;&nbsp; 来电铃音识别支持<br />&nbsp;&nbsp;&nbsp; 全球定位GPS支持外接蓝牙GPS接收器<br />拍照功能<br />&nbsp;&nbsp;&nbsp; [内置] [闪光灯] [变焦模式] [连拍] [拍摄模式] [照片特效] [视频拍摄] <br />&nbsp;&nbsp;&nbsp; 摄像头位置内置<br />&nbsp;&nbsp;&nbsp; 像素200万<br />&nbsp;&nbsp;&nbsp; 传感器CMOS<br />&nbsp;&nbsp;&nbsp; 闪光灯支持<br />&nbsp;&nbsp;&nbsp; 变焦模式4倍数码变焦<br />&nbsp;&nbsp;&nbsp; 照片分辨率最高支持分辨率为1600*1200像素<br />&nbsp;&nbsp;&nbsp; 连拍支持<br />&nbsp;&nbsp;&nbsp; 拍摄模式支持<br />&nbsp;&nbsp;&nbsp; 照片特效支持<br />&nbsp;&nbsp;&nbsp; 视频拍摄录制 H.263 （3gpp） 和 MPEG4 格式的视频片段 播放采用 H.264 （MPEG4）、3gpp、Real 编解码器的影音流媒体<br />&nbsp;&nbsp;&nbsp; 视频分辨率最高支持320&times;240分辨率<br />娱乐功能<br />&nbsp;&nbsp;&nbsp; [视频播放] [WAP浏览器] [WWW浏览器] [收音机] [MP3功能] <br />&nbsp;&nbsp;&nbsp; 视频播放支持播放符合3GP标准的影音流媒体<br />&nbsp;&nbsp;&nbsp; WAP浏览器WAP 2.0<br />&nbsp;&nbsp;&nbsp; WWW浏览器支持<br />&nbsp;&nbsp;&nbsp; 收音机内置<br />&nbsp;&nbsp;&nbsp; MP3功能AAC, AAC+, eAAC+, MP3, MP4, M4A, WMA, Mobile XMF, SP-MIDI, AMR (NB-AMR), MIDI Tones (poly 64), RealAudio 7,8,10, True tones (WB-AMR), WAV<br />扩展存储功能<br />&nbsp;&nbsp;&nbsp; [存储卡格式] [内存容量] [Java扩展] [蓝牙接口] [数据线接口] <br />&nbsp;&nbsp;&nbsp; 存储卡格式T-Flash卡； 支持热插拔，最大支持4GB扩展<br />&nbsp;&nbsp;&nbsp; 内存容量35M<br />&nbsp;&nbsp;&nbsp; Java扩展Java MIDP 2.0<br />&nbsp;&nbsp;&nbsp; 蓝牙接口2.0版蓝牙规范(SIM 卡接入模式、耳机模式、免提模式和 A2DP 模式)<br />&nbsp;&nbsp;&nbsp; 数据线接口支持大容量存储等级的全速率 mini USB 插孔<br />高级功能<br />&nbsp;&nbsp;&nbsp; [操作系统] [SyncML功能] [飞行模式] [电子名片] [电子字典] [录音] <br />&nbsp;&nbsp;&nbsp; 操作系统系统类型:Symbian 版　　本:60 Symbian OS v9.2操作系统<br />&nbsp;&nbsp;&nbsp; SyncML功能支持<br />&nbsp;&nbsp;&nbsp; 飞行模式支持<br />&nbsp;&nbsp;&nbsp; 电子名片增强型动态名片夹<br />&nbsp;&nbsp;&nbsp; 电子字典双语词典<br />&nbsp;&nbsp;&nbsp; 录音支持<br />附加功能<br />&nbsp;&nbsp;&nbsp; [日历] [计算器] [闹钟] [自动键盘锁] <br />&nbsp;&nbsp;&nbsp; 日历支持<br />&nbsp;&nbsp;&nbsp; 计算器支持<br />&nbsp;&nbsp;&nbsp; 闹钟支持<br />&nbsp;&nbsp;&nbsp; 自动键盘锁支持</p>', '', '', 0.00, 0.00, 'Nokia 6120c', 'Nokia 6120c', '', '', '2009-08-10 05:55:13', '2009-08-10 05:55:13'),
(41, 'chi', 21, '诺基亚 6220c', NULL, '<p><br />&nbsp;&nbsp;&nbsp; 温馨提示6220c的耳机由于批次不同会有所不同，型号为WH-101/HS-105或HS-47<br />规格参数<br />&nbsp;&nbsp;&nbsp; [网络频率] [重　量] [尺寸/体积] [可选颜色] [屏幕参数] [WAP上网] <br />&nbsp;&nbsp;&nbsp; 上市日期2008年08月<br />&nbsp;&nbsp;&nbsp; 网络频率GSM/GPRS/EDGE；850/900/1800/1900MHz<br />&nbsp;&nbsp;&nbsp; 重　量90 克<br />&nbsp;&nbsp;&nbsp; 尺寸/体积108&times;46.5&times;15.2mm<br />&nbsp;&nbsp;&nbsp; 屏幕像素1600万色<br />&nbsp;&nbsp;&nbsp; 分辨率240&times;320像素，<br />&nbsp;&nbsp;&nbsp; 屏幕尺寸2.2英寸；<br />&nbsp;&nbsp;&nbsp; 操作系统Symbian 9.3，S60第三版FP2平台<br />&nbsp;&nbsp;&nbsp; 通话时间210 分钟<br />&nbsp;&nbsp;&nbsp; 待机时间250 小时<br />&nbsp;&nbsp;&nbsp; WAP上网支持飞笺<br />&nbsp;&nbsp;&nbsp; 和弦铃声64 和弦<br />通信功能<br />&nbsp;&nbsp;&nbsp; 内存容量120MB<br />&nbsp;&nbsp;&nbsp; 多媒体卡扩展支持microSD卡扩展，最大8GB<br />&nbsp;&nbsp;&nbsp; Java扩展Java MIDP 2.0<br />&nbsp;&nbsp;&nbsp; 摄像头内置；卡尔蔡司镜头，支持自动对焦<br />&nbsp;&nbsp;&nbsp; 摄像头像素500万像素<br />&nbsp;&nbsp;&nbsp; 副摄像头像素30万像素<br />&nbsp;&nbsp;&nbsp; 传感器类型CMOS<br />&nbsp;&nbsp;&nbsp; 闪光灯内置；氙气闪光灯<br />&nbsp;&nbsp;&nbsp; 变焦模式数码变焦<br />&nbsp;&nbsp;&nbsp; 照片分辨率多种照片分辨率选择<br />&nbsp;&nbsp;&nbsp; 拍摄模式多种拍摄模式选择<br />&nbsp;&nbsp;&nbsp; 照片质量多种照片质量选择<br />&nbsp;&nbsp;&nbsp; 视频拍摄有声视频拍摄；VGA分辨率，30fps视频拍摄<br />&nbsp;&nbsp;&nbsp; 视频播放支持3GP、MP4、RM文件播放<br />&nbsp;&nbsp;&nbsp; MP3播放器支持MP3/AAC/ACC+/eAAC+/WMA<br />&nbsp;&nbsp;&nbsp; 收音机FM立体声收音机，支持RDS<br />基本功能<br />&nbsp;&nbsp;&nbsp; [时钟] [内置振动] [录音] [可选铃声] [MP3铃声] [WAP浏览器] [WWW浏览器] [蓝牙A2DP立体声] [数据同步] [无线Modem] [E-Mail] <br />&nbsp;&nbsp;&nbsp; 短信支持信息和电子邮件信息和电子邮件短信息、彩信和电子邮件、简便易用的电子邮件客户端，支持图像、视频、音乐和文档附件<br />&nbsp;&nbsp;&nbsp; 蓝牙接口V2.0，支持A2DP<br />&nbsp;&nbsp;&nbsp; 数据线接口microUSB 2.0接口<br />&nbsp;&nbsp;&nbsp; 耳机接口2.5mm<br />&nbsp;&nbsp;&nbsp; GPS导航芯片内建GPS模块，支持A-GPS功能（一般定位是免费的,语音导航为收费服务,可自行安装免费导航软件）<br />办公应用<br />&nbsp;&nbsp;&nbsp; [办公功能] <br />个人助理<br />&nbsp;&nbsp;&nbsp; [闹钟] [日历] [计算器] [定时器] [秒表] [记事本] [备忘录] [日程表] [世界时钟] [单位换算] [货币换算]</p>', '', '', 0.00, 0.00, '诺基亚 6220c', '诺基亚 6220c', '', '', '2009-08-10 05:59:44', '2009-08-10 05:59:44'),
(42, 'eng', 21, 'Nokia 6220c', NULL, '<p><br />&nbsp;&nbsp;&nbsp; 温馨提示6220c的耳机由于批次不同会有所不同，型号为WH-101/HS-105或HS-47<br />规格参数<br />&nbsp;&nbsp;&nbsp; [网络频率] [重　量] [尺寸/体积] [可选颜色] [屏幕参数] [WAP上网] <br />&nbsp;&nbsp;&nbsp; 上市日期2008年08月<br />&nbsp;&nbsp;&nbsp; 网络频率GSM/GPRS/EDGE；850/900/1800/1900MHz<br />&nbsp;&nbsp;&nbsp; 重　量90 克<br />&nbsp;&nbsp;&nbsp; 尺寸/体积108&times;46.5&times;15.2mm<br />&nbsp;&nbsp;&nbsp; 屏幕像素1600万色<br />&nbsp;&nbsp;&nbsp; 分辨率240&times;320像素，<br />&nbsp;&nbsp;&nbsp; 屏幕尺寸2.2英寸；<br />&nbsp;&nbsp;&nbsp; 操作系统Symbian 9.3，S60第三版FP2平台<br />&nbsp;&nbsp;&nbsp; 通话时间210 分钟<br />&nbsp;&nbsp;&nbsp; 待机时间250 小时<br />&nbsp;&nbsp;&nbsp; WAP上网支持飞笺<br />&nbsp;&nbsp;&nbsp; 和弦铃声64 和弦<br />通信功能<br />&nbsp;&nbsp;&nbsp; 内存容量120MB<br />&nbsp;&nbsp;&nbsp; 多媒体卡扩展支持microSD卡扩展，最大8GB<br />&nbsp;&nbsp;&nbsp; Java扩展Java MIDP 2.0<br />&nbsp;&nbsp;&nbsp; 摄像头内置；卡尔蔡司镜头，支持自动对焦<br />&nbsp;&nbsp;&nbsp; 摄像头像素500万像素<br />&nbsp;&nbsp;&nbsp; 副摄像头像素30万像素<br />&nbsp;&nbsp;&nbsp; 传感器类型CMOS<br />&nbsp;&nbsp;&nbsp; 闪光灯内置；氙气闪光灯<br />&nbsp;&nbsp;&nbsp; 变焦模式数码变焦<br />&nbsp;&nbsp;&nbsp; 照片分辨率多种照片分辨率选择<br />&nbsp;&nbsp;&nbsp; 拍摄模式多种拍摄模式选择<br />&nbsp;&nbsp;&nbsp; 照片质量多种照片质量选择<br />&nbsp;&nbsp;&nbsp; 视频拍摄有声视频拍摄；VGA分辨率，30fps视频拍摄<br />&nbsp;&nbsp;&nbsp; 视频播放支持3GP、MP4、RM文件播放<br />&nbsp;&nbsp;&nbsp; MP3播放器支持MP3/AAC/ACC+/eAAC+/WMA<br />&nbsp;&nbsp;&nbsp; 收音机FM立体声收音机，支持RDS<br />基本功能<br />&nbsp;&nbsp;&nbsp; [时钟] [内置振动] [录音] [可选铃声] [MP3铃声] [WAP浏览器] [WWW浏览器] [蓝牙A2DP立体声] [数据同步] [无线Modem] [E-Mail] <br />&nbsp;&nbsp;&nbsp; 短信支持信息和电子邮件信息和电子邮件短信息、彩信和电子邮件、简便易用的电子邮件客户端，支持图像、视频、音乐和文档附件<br />&nbsp;&nbsp;&nbsp; 蓝牙接口V2.0，支持A2DP<br />&nbsp;&nbsp;&nbsp; 数据线接口microUSB 2.0接口<br />&nbsp;&nbsp;&nbsp; 耳机接口2.5mm<br />&nbsp;&nbsp;&nbsp; GPS导航芯片内建GPS模块，支持A-GPS功能（一般定位是免费的,语音导航为收费服务,可自行安装免费导航软件）<br />办公应用<br />&nbsp;&nbsp;&nbsp; [办公功能] <br />个人助理<br />&nbsp;&nbsp;&nbsp; [闹钟] [日历] [计算器] [定时器] [秒表] [记事本] [备忘录] [日程表] [世界时钟] [单位换算] [货币换算]</p>', '', '', 0.00, 0.00, 'Nokia 6220c', 'Nokia 6220c', '', '', '2009-08-10 05:59:44', '2009-08-10 05:59:44');
INSERT INTO `svcart_product_i18ns` (`id`, `locale`, `product_id`, `name`, `style_name`, `description`, `seller_note`, `delivery_note`, `market_price`, `shop_price`, `meta_keywords`, `meta_description`, `api_site_url`, `api_cart_url`, `created`, `modified`) VALUES
(43, 'chi', 22, '高级免烫全棉衬衫（尊贵款）', NULL, '<p>岁末临近，VANCL推出年底压轴大作&mdash;&mdash;高级免烫全棉衬衫（尊贵款），该款衬衫采用代表当今衬衫环保免烫后整理的最高工艺&mdash;&mdash;防皱定型衬骨＋后烘培。 <br />&nbsp;&nbsp;&nbsp; 面料：特选用了手感柔软，舒适透气的高支斜纹面料，来自新疆海岛棉和长绒棉种植基地培育的长绒棉，这种长绒棉所纺的纱线质地光滑柔软，特别是用于精细轻薄的高纱支，更是制作高品质衬衫的必选原料。除了选材优质，面料的纺纱工艺更是选用了世界最先进的紧密纺(ComforSpin)技术，使纱线的强力高、表面光洁，大幅提高了纱线、织物品质，更经过三道精梳工序及特殊处理，使织物显示出丝绸般的光泽，且柔软光滑、尺寸稳定性和抗皱性较高，从而在根本上保证了后续免烫整理的效果。 <br />&nbsp;&nbsp;&nbsp; 加工：全面采用高档衬衫的加工工艺与专利技术：七处缝线部位加衬防皱定型衬骨的特殊缝制定型工艺，全手工制作，保证了缝线部位的服帖与平整性。成衣成型后，再进行全封闭环境下的后烘培定型处理，此过程对温度、湿度及时间要求严格，以保证成衣保持永久的定形效果。VANCL一贯遵循简约、舒适、健康的理念，所有后烘培整理过程全部采用环保免烫助剂，从而保证了穿着者的从容与大度，更显睿智与邃远。 <br />&nbsp;&nbsp;&nbsp; 细节：领部采用了反面粘合的工艺，使里领更加柔软，提高了穿着者颈部的舒适度。纹路清晰，手感厚实的贝壳扣，来自于纯天然的深水贝壳，经人工打磨及精挑细选，每一粒都独一无二，与成衣相得益彰，浑然天成。</p>', '', '', 0.00, 0.00, '全棉衬衫', '    岁末临近，VANCL推出年底压轴大作——高级免烫全棉衬衫（尊贵款），该款衬衫采用代表当今衬衫环保免烫后整理的最高工艺——防皱定型衬骨＋后烘培。 \r\n    面料：特选用了手感柔软，舒', '', '', '2009-08-10 06:01:20', '2009-08-10 06:01:20'),
(44, 'eng', 22, 'Senior DP cotton shirt (valued paragraph)', NULL, '<p>Fabrics: a special selection of soft, breathable and comfortable high-twill fabric, from sea-island cotton in Xinjiang base and cultivate long-staple cotton of long staple cotton cultivation, this long-staple cotton yarns spun by soft, smooth texture, especially with in fine count high light, but also the production of high-quality raw materials must-shirt. In addition to high-quality materials, fabrics spinning process is the selection of the world''s most advanced spinning (ComforSpin) technology, high-strength yarn, smooth surface, a substantial increase in the yarn, fabric quality, but also combed through three processes and special treatment, so that shows that silky fabric sheen, dimensional stability and a high degree of anti-wrinkle, eventually finishing a follow-up to ensure results.</p>', '', '', 0.00, 0.00, 'Cotton shirt', '  Fabrics: a special selection of soft, breathable and comfortable high-twill fabric, from sea-island cotton in Xinjiang base and cultivate long-staple cotton of long staple cotton cultivation, this long-staple cotton yarns spun by soft, smooth texture, e', '', '', '2009-08-10 06:01:20', '2009-08-10 06:01:20'),
(45, 'chi', 23, '诺基亚 6700c', NULL, '<p><br />基本参数<br />&nbsp;&nbsp;&nbsp; 型号6700c<br />&nbsp;&nbsp;&nbsp; 手机类型3G手机,拍照手机<br />&nbsp;&nbsp;&nbsp; 上市日期2009年07月<br />&nbsp;&nbsp;&nbsp; 上市说明上市时间无法估计,请参照官网信息<br />&nbsp;&nbsp;&nbsp; 手机制式GSM/WCDMA<br />&nbsp;&nbsp;&nbsp; 手机频段850/900/1800/1900/2100<br />&nbsp;&nbsp;&nbsp; 手机外形直板<br />&nbsp;&nbsp;&nbsp; 主屏尺寸2.2 英寸<br />&nbsp;&nbsp;&nbsp; 主屏材质TFT<br />&nbsp;&nbsp;&nbsp; 主屏色彩1,670万色<br />&nbsp;&nbsp;&nbsp; 主屏参数320 x 240 像素<br />&nbsp;&nbsp;&nbsp; 内存容量最高170MB内部可用存储空间<br />&nbsp;&nbsp;&nbsp; 理论通话时间2G(GSM)上限约为8小时;3G(WCDMA)上限约为4小时<br />&nbsp;&nbsp;&nbsp; 理论待机时间300小时以上<br />&nbsp;&nbsp;&nbsp; 可选外壳颜色铬钢色,棕铜色<br />&nbsp;&nbsp;&nbsp; 体积109.8 x 45 x 11.2 毫米<br />&nbsp;&nbsp;&nbsp; 重量116.5 克<br />基本功能<br />&nbsp;&nbsp;&nbsp; 铃声mid,aac,mp3,mp4,m4a,wma以及诺基亚铃声和诺基亚视频铃声<br />&nbsp;&nbsp;&nbsp; 通讯录支持与MS Outlook联系人,日历和便笺的同步,内置A-GPS<br />&nbsp;&nbsp;&nbsp; 信息功能短信,彩信<br />&nbsp;&nbsp;&nbsp; 电子邮件支持IMAP4,POP3,SMTP协议,支持电子邮件附件<br />&nbsp;&nbsp;&nbsp; 输入法中文输入法<br />&nbsp;&nbsp;&nbsp; 游戏预装游戏<br />&nbsp;&nbsp;&nbsp; 办公功能秒表,间隔定时器,备忘录,计算器,日历,单位转换,文字笔记,待办事项<br />&nbsp;&nbsp;&nbsp; 录音功能支持<br />&nbsp;&nbsp;&nbsp; 主要功能WCDMA 3G手机,500万像素,金属质感<br />&nbsp;&nbsp;&nbsp; 附加功能环境光线感应器,自适应背光亮度控制,声控命令<br />数据应用功能<br />&nbsp;&nbsp;&nbsp; 蓝牙2.1版,支持立体声<br />&nbsp;&nbsp;&nbsp; 数据业务GPRS,EDGE,HSDPA,HSUPA<br />&nbsp;&nbsp;&nbsp; JAVA支持<br />&nbsp;&nbsp;&nbsp; WAP上网支持,内置Opera Mini网络浏览器<br />&nbsp;&nbsp;&nbsp; 数据线支持<br />&nbsp;&nbsp;&nbsp; 扩展卡MicroSD,最高支持8GB<br />多媒体娱乐功能<br />&nbsp;&nbsp;&nbsp; 摄像头内置摄像头<br />&nbsp;&nbsp;&nbsp; 摄像头像素500万像素<br />&nbsp;&nbsp;&nbsp; 传感器类型CMOS<br />&nbsp;&nbsp;&nbsp; 闪光灯LED闪光灯<br />&nbsp;&nbsp;&nbsp; 拍摄特色自动对焦<br />&nbsp;&nbsp;&nbsp; 拍摄功能描述最大2592*1944分辨率,4.6毫米焦距,10 厘米到无限远焦距范围,全屏取景器<br />&nbsp;&nbsp;&nbsp; 白平衡模式自动,日光,白炽灯,荧光灯<br />&nbsp;&nbsp;&nbsp; 拍摄模式静止,连拍,自动定时器,摄像<br />&nbsp;&nbsp;&nbsp; 色调模式正常,灰度,怀旧,负片<br />&nbsp;&nbsp;&nbsp; 视频拍摄最高支持 640 x 480 @ 15 帧/秒或 352 x 288 @ 30 帧/秒<br />&nbsp;&nbsp;&nbsp; MP3播放amr,mid,mp3,mp4,m4a,aac,wma<br />&nbsp;&nbsp;&nbsp; 视频播放mp4,3gp;H.263,H.264编解码器;横向模式视频播放<br />&nbsp;&nbsp;&nbsp; 其它应用功能充电,音频和数据传输一体化Micro-USB插孔<br />&nbsp;&nbsp;&nbsp; FM收音不支持</p>', '', '', 0.00, 0.00, '诺基亚 6700c', '诺基亚 6700c', '', '', '2009-08-10 06:02:02', '2009-08-10 07:56:48'),
(46, 'eng', 23, 'Nokia 6700c', NULL, '<p><br />基本参数<br />&nbsp;&nbsp;&nbsp; 型号6700c<br />&nbsp;&nbsp;&nbsp; 手机类型3G手机,拍照手机<br />&nbsp;&nbsp;&nbsp; 上市日期2009年07月<br />&nbsp;&nbsp;&nbsp; 上市说明上市时间无法估计,请参照官网信息<br />&nbsp;&nbsp;&nbsp; 手机制式GSM/WCDMA<br />&nbsp;&nbsp;&nbsp; 手机频段850/900/1800/1900/2100<br />&nbsp;&nbsp;&nbsp; 手机外形直板<br />&nbsp;&nbsp;&nbsp; 主屏尺寸2.2 英寸<br />&nbsp;&nbsp;&nbsp; 主屏材质TFT<br />&nbsp;&nbsp;&nbsp; 主屏色彩1,670万色<br />&nbsp;&nbsp;&nbsp; 主屏参数320 x 240 像素<br />&nbsp;&nbsp;&nbsp; 内存容量最高170MB内部可用存储空间<br />&nbsp;&nbsp;&nbsp; 理论通话时间2G(GSM)上限约为8小时;3G(WCDMA)上限约为4小时<br />&nbsp;&nbsp;&nbsp; 理论待机时间300小时以上<br />&nbsp;&nbsp;&nbsp; 可选外壳颜色铬钢色,棕铜色<br />&nbsp;&nbsp;&nbsp; 体积109.8 x 45 x 11.2 毫米<br />&nbsp;&nbsp;&nbsp; 重量116.5 克<br />基本功能<br />&nbsp;&nbsp;&nbsp; 铃声mid,aac,mp3,mp4,m4a,wma以及诺基亚铃声和诺基亚视频铃声<br />&nbsp;&nbsp;&nbsp; 通讯录支持与MS Outlook联系人,日历和便笺的同步,内置A-GPS<br />&nbsp;&nbsp;&nbsp; 信息功能短信,彩信<br />&nbsp;&nbsp;&nbsp; 电子邮件支持IMAP4,POP3,SMTP协议,支持电子邮件附件<br />&nbsp;&nbsp;&nbsp; 输入法中文输入法<br />&nbsp;&nbsp;&nbsp; 游戏预装游戏<br />&nbsp;&nbsp;&nbsp; 办公功能秒表,间隔定时器,备忘录,计算器,日历,单位转换,文字笔记,待办事项<br />&nbsp;&nbsp;&nbsp; 录音功能支持<br />&nbsp;&nbsp;&nbsp; 主要功能WCDMA 3G手机,500万像素,金属质感<br />&nbsp;&nbsp;&nbsp; 附加功能环境光线感应器,自适应背光亮度控制,声控命令<br />数据应用功能<br />&nbsp;&nbsp;&nbsp; 蓝牙2.1版,支持立体声<br />&nbsp;&nbsp;&nbsp; 数据业务GPRS,EDGE,HSDPA,HSUPA<br />&nbsp;&nbsp;&nbsp; JAVA支持<br />&nbsp;&nbsp;&nbsp; WAP上网支持,内置Opera Mini网络浏览器<br />&nbsp;&nbsp;&nbsp; 数据线支持<br />&nbsp;&nbsp;&nbsp; 扩展卡MicroSD,最高支持8GB<br />多媒体娱乐功能<br />&nbsp;&nbsp;&nbsp; 摄像头内置摄像头<br />&nbsp;&nbsp;&nbsp; 摄像头像素500万像素<br />&nbsp;&nbsp;&nbsp; 传感器类型CMOS<br />&nbsp;&nbsp;&nbsp; 闪光灯LED闪光灯<br />&nbsp;&nbsp;&nbsp; 拍摄特色自动对焦<br />&nbsp;&nbsp;&nbsp; 拍摄功能描述最大2592*1944分辨率,4.6毫米焦距,10 厘米到无限远焦距范围,全屏取景器<br />&nbsp;&nbsp;&nbsp; 白平衡模式自动,日光,白炽灯,荧光灯<br />&nbsp;&nbsp;&nbsp; 拍摄模式静止,连拍,自动定时器,摄像<br />&nbsp;&nbsp;&nbsp; 色调模式正常,灰度,怀旧,负片<br />&nbsp;&nbsp;&nbsp; 视频拍摄最高支持 640 x 480 @ 15 帧/秒或 352 x 288 @ 30 帧/秒<br />&nbsp;&nbsp;&nbsp; MP3播放amr,mid,mp3,mp4,m4a,aac,wma<br />&nbsp;&nbsp;&nbsp; 视频播放mp4,3gp;H.263,H.264编解码器;横向模式视频播放<br />&nbsp;&nbsp;&nbsp; 其它应用功能充电,音频和数据传输一体化Micro-USB插孔<br />&nbsp;&nbsp;&nbsp; FM收音不支持</p>', '', '', 0.00, 0.00, 'Nokia 6700c', 'Nokia 6700c', '', '', '2009-08-10 06:02:02', '2009-08-10 07:56:48'),
(47, 'chi', 24, '诺基亚 E66', NULL, '<p><br />&nbsp;&nbsp;&nbsp; 温馨提示白色版标配的皮套为白色，黑色灰色版标配的皮套为黑色<br />基本功能<br />&nbsp;&nbsp;&nbsp; [GSM手机] [GPRS] [EDGE] [和弦铃声] [可选铃声] [情景模式] [图形菜单] [待机图片] [内置振动] [免提通话] <br />&nbsp;&nbsp;&nbsp; 上市日期2008年09月<br />&nbsp;&nbsp;&nbsp; 手机制式GSM/GPRS/EDGE<br />&nbsp;&nbsp;&nbsp; 支持频段|850/900/1800/1900MHz|<br />&nbsp;&nbsp;&nbsp; 网络连接GPRS；EDGE<br />&nbsp;&nbsp;&nbsp; 理论通话时间450分钟<br />&nbsp;&nbsp;&nbsp; 理论待机时间264小时<br />&nbsp;&nbsp;&nbsp; 和弦铃声64和弦<br />外观设计<br />&nbsp;&nbsp;&nbsp; [滑盖手机] [内置天线] <br />&nbsp;&nbsp;&nbsp; 外观设计滑盖<br />&nbsp;&nbsp;&nbsp; 产品天线内置<br />&nbsp;&nbsp;&nbsp; 产品尺寸107.5&times;49.5&times;13.6mm<br />&nbsp;&nbsp;&nbsp; 手机重量121克<br />屏幕参数<br />&nbsp;&nbsp;&nbsp; [TFT屏] <br />&nbsp;&nbsp;&nbsp; 屏幕颜色1670万色<br />&nbsp;&nbsp;&nbsp; 屏幕类型TFT<br />&nbsp;&nbsp;&nbsp; 分辨率240&times;320像素<br />&nbsp;&nbsp;&nbsp; 屏幕尺寸2.4英寸　<br />通讯功能<br />&nbsp;&nbsp;&nbsp; [输入法] [短信功能] [EMS短信] [多媒体短信] [E-Mail] [话机通讯录] [通讯录群组] [通话记录] [来电图片识别] [来电铃音识别] <br />&nbsp;&nbsp;&nbsp; 输入法中文输入法；<br />&nbsp;&nbsp;&nbsp; 短信功能超长短信：支持；<br />&nbsp;&nbsp;&nbsp; 短信群发支持；<br />拍照功能<br />&nbsp;&nbsp;&nbsp; [内置] [变焦模式] [拍摄模式] [视频拍摄] <br />&nbsp;&nbsp;&nbsp; 摄像头位置内置<br />&nbsp;&nbsp;&nbsp; 像素320万<br />&nbsp;&nbsp;&nbsp; 传感器CMOS<br />&nbsp;&nbsp;&nbsp; 变焦模式数码变焦；自动对焦<br />&nbsp;&nbsp;&nbsp; 照片分辨率最大支持2048*1536分辨率<br />&nbsp;&nbsp;&nbsp; 拍摄模式多种拍摄模式选择<br />&nbsp;&nbsp;&nbsp; 照片质量多种照片质量选择<br />&nbsp;&nbsp;&nbsp; 视频拍摄有声视频拍摄<br />娱乐功能<br />&nbsp;&nbsp;&nbsp; [视频播放] [WAP浏览器] [收音机] [MP3功能] [内置游戏] <br />&nbsp;&nbsp;&nbsp; 视频播放支持全屏播放<br />&nbsp;&nbsp;&nbsp; WAP浏览器WAP 2.0<br />&nbsp;&nbsp;&nbsp; 收音机内置FM收音机<br />&nbsp;&nbsp;&nbsp; MP3功能支持后台播放<br />扩展存储功能<br />&nbsp;&nbsp;&nbsp; [存储卡格式] [Java扩展] [蓝牙接口] [数据线接口] <br />&nbsp;&nbsp;&nbsp; 存储卡格式T-Flash卡；<br />&nbsp;&nbsp;&nbsp; Java扩展Java MIDP 2.0<br />&nbsp;&nbsp;&nbsp; 蓝牙接口蓝牙2.0<br />&nbsp;&nbsp;&nbsp; 数据线接口USB 2.0 数据线<br />&nbsp;&nbsp;&nbsp; 耳机接口2.5mm<br />&nbsp;&nbsp;&nbsp; 存储卡热插拔的 microSD 存储卡插槽（最高支持 8 GB）<br />高级功能<br />&nbsp;&nbsp;&nbsp; [操作系统] [处理器] [录音] <br />&nbsp;&nbsp;&nbsp; 操作系统系统类型:Symbian<br />&nbsp;&nbsp;&nbsp; 版　　本V9.2<br />&nbsp;&nbsp;&nbsp; 用户界面S60<br />&nbsp;&nbsp;&nbsp; 处理器ARM 11 369 MHz<br />附加功能<br />&nbsp;&nbsp;&nbsp; 日历支持<br />&nbsp;&nbsp;&nbsp; 计算器支持<br />&nbsp;&nbsp;&nbsp; 闹钟支持<br />&nbsp;&nbsp;&nbsp; 世界时钟支持<br />&nbsp;&nbsp;&nbsp; 记事本支持<br />&nbsp;&nbsp;&nbsp; 日程表支持<br />&nbsp;&nbsp;&nbsp; 货币换算支持<br />&nbsp;&nbsp;&nbsp; 单位换算支持<br />&nbsp;&nbsp;&nbsp; 备忘录支持</p>', '', '', 0.00, 0.00, '诺基亚 E66', '诺基亚 E66', '', '', '2009-08-10 06:04:30', '2009-08-10 06:04:30'),
(48, 'eng', 24, 'Nokia E66', NULL, '<p><br />&nbsp;&nbsp;&nbsp; 温馨提示白色版标配的皮套为白色，黑色灰色版标配的皮套为黑色<br />基本功能<br />&nbsp;&nbsp;&nbsp; [GSM手机] [GPRS] [EDGE] [和弦铃声] [可选铃声] [情景模式] [图形菜单] [待机图片] [内置振动] [免提通话] <br />&nbsp;&nbsp;&nbsp; 上市日期2008年09月<br />&nbsp;&nbsp;&nbsp; 手机制式GSM/GPRS/EDGE<br />&nbsp;&nbsp;&nbsp; 支持频段|850/900/1800/1900MHz|<br />&nbsp;&nbsp;&nbsp; 网络连接GPRS；EDGE<br />&nbsp;&nbsp;&nbsp; 理论通话时间450分钟<br />&nbsp;&nbsp;&nbsp; 理论待机时间264小时<br />&nbsp;&nbsp;&nbsp; 和弦铃声64和弦<br />外观设计<br />&nbsp;&nbsp;&nbsp; [滑盖手机] [内置天线] <br />&nbsp;&nbsp;&nbsp; 外观设计滑盖<br />&nbsp;&nbsp;&nbsp; 产品天线内置<br />&nbsp;&nbsp;&nbsp; 产品尺寸107.5&times;49.5&times;13.6mm<br />&nbsp;&nbsp;&nbsp; 手机重量121克<br />屏幕参数<br />&nbsp;&nbsp;&nbsp; [TFT屏] <br />&nbsp;&nbsp;&nbsp; 屏幕颜色1670万色<br />&nbsp;&nbsp;&nbsp; 屏幕类型TFT<br />&nbsp;&nbsp;&nbsp; 分辨率240&times;320像素<br />&nbsp;&nbsp;&nbsp; 屏幕尺寸2.4英寸　<br />通讯功能<br />&nbsp;&nbsp;&nbsp; [输入法] [短信功能] [EMS短信] [多媒体短信] [E-Mail] [话机通讯录] [通讯录群组] [通话记录] [来电图片识别] [来电铃音识别] <br />&nbsp;&nbsp;&nbsp; 输入法中文输入法；<br />&nbsp;&nbsp;&nbsp; 短信功能超长短信：支持；<br />&nbsp;&nbsp;&nbsp; 短信群发支持；<br />拍照功能<br />&nbsp;&nbsp;&nbsp; [内置] [变焦模式] [拍摄模式] [视频拍摄] <br />&nbsp;&nbsp;&nbsp; 摄像头位置内置<br />&nbsp;&nbsp;&nbsp; 像素320万<br />&nbsp;&nbsp;&nbsp; 传感器CMOS<br />&nbsp;&nbsp;&nbsp; 变焦模式数码变焦；自动对焦<br />&nbsp;&nbsp;&nbsp; 照片分辨率最大支持2048*1536分辨率<br />&nbsp;&nbsp;&nbsp; 拍摄模式多种拍摄模式选择<br />&nbsp;&nbsp;&nbsp; 照片质量多种照片质量选择<br />&nbsp;&nbsp;&nbsp; 视频拍摄有声视频拍摄<br />娱乐功能<br />&nbsp;&nbsp;&nbsp; [视频播放] [WAP浏览器] [收音机] [MP3功能] [内置游戏] <br />&nbsp;&nbsp;&nbsp; 视频播放支持全屏播放<br />&nbsp;&nbsp;&nbsp; WAP浏览器WAP 2.0<br />&nbsp;&nbsp;&nbsp; 收音机内置FM收音机<br />&nbsp;&nbsp;&nbsp; MP3功能支持后台播放<br />扩展存储功能<br />&nbsp;&nbsp;&nbsp; [存储卡格式] [Java扩展] [蓝牙接口] [数据线接口] <br />&nbsp;&nbsp;&nbsp; 存储卡格式T-Flash卡；<br />&nbsp;&nbsp;&nbsp; Java扩展Java MIDP 2.0<br />&nbsp;&nbsp;&nbsp; 蓝牙接口蓝牙2.0<br />&nbsp;&nbsp;&nbsp; 数据线接口USB 2.0 数据线<br />&nbsp;&nbsp;&nbsp; 耳机接口2.5mm<br />&nbsp;&nbsp;&nbsp; 存储卡热插拔的 microSD 存储卡插槽（最高支持 8 GB）<br />高级功能<br />&nbsp;&nbsp;&nbsp; [操作系统] [处理器] [录音] <br />&nbsp;&nbsp;&nbsp; 操作系统系统类型:Symbian<br />&nbsp;&nbsp;&nbsp; 版　　本V9.2<br />&nbsp;&nbsp;&nbsp; 用户界面S60<br />&nbsp;&nbsp;&nbsp; 处理器ARM 11 369 MHz<br />附加功能<br />&nbsp;&nbsp;&nbsp; 日历支持<br />&nbsp;&nbsp;&nbsp; 计算器支持<br />&nbsp;&nbsp;&nbsp; 闹钟支持<br />&nbsp;&nbsp;&nbsp; 世界时钟支持<br />&nbsp;&nbsp;&nbsp; 记事本支持<br />&nbsp;&nbsp;&nbsp; 日程表支持<br />&nbsp;&nbsp;&nbsp; 货币换算支持<br />&nbsp;&nbsp;&nbsp; 单位换算支持<br />&nbsp;&nbsp;&nbsp; 备忘录支持</p>', '', '', 0.00, 0.00, 'Nokia E66', 'Nokia E66', '', '', '2009-08-10 06:04:30', '2009-08-10 06:04:30'),
(49, 'chi', 25, '诺基亚 E71', NULL, '<p><br />&nbsp;&nbsp;&nbsp; [温馨提示：E71白色版标配为白色皮套，灰色版标配为灰色皮套] <br />基本功能<br />&nbsp;&nbsp;&nbsp; 上市日期2008年11月<br />&nbsp;&nbsp;&nbsp; 手机制式GSM/GPRS/EDGE<br />&nbsp;&nbsp;&nbsp; 支持频段|850/900/1800/1900MHz|<br />&nbsp;&nbsp;&nbsp; 网络连接GPRS；EDGE<br />&nbsp;&nbsp;&nbsp; 理论通话时间630分钟<br />&nbsp;&nbsp;&nbsp; 理论待机时间408小时<br />&nbsp;&nbsp;&nbsp; 和弦铃声64和弦<br />&nbsp;&nbsp;&nbsp; 内存110 MB<br />外观设计<br />&nbsp;&nbsp;&nbsp; [直板手机] [内置天线] <br />&nbsp;&nbsp;&nbsp; 外观设计直板<br />&nbsp;&nbsp;&nbsp; 产品天线内置<br />&nbsp;&nbsp;&nbsp; 可选颜色白色,灰色(黑色和红色目前没有行货)<br />&nbsp;&nbsp;&nbsp; 产品尺寸114&times;57&times;10mm<br />&nbsp;&nbsp;&nbsp; 手机重量127克<br />&nbsp;&nbsp;&nbsp; 体积66 立方厘米<br />屏幕参数<br />&nbsp;&nbsp;&nbsp; [TFT屏] <br />&nbsp;&nbsp;&nbsp; 屏幕颜色1600万色（QVGA）<br />&nbsp;&nbsp;&nbsp; 屏幕类型TFT<br />&nbsp;&nbsp;&nbsp; 分辨率240&times;320像素<br />&nbsp;&nbsp;&nbsp; 屏幕尺寸2.36英寸　<br />&nbsp;&nbsp;&nbsp; 键盘设计完整全键盘<br />通讯功能<br />&nbsp;&nbsp;&nbsp; [输入法] [短信功能] [EMS短信] [多媒体短信] [E-Mail] [话机通讯录] [通话记录] [语音拨号] [来电图片识别] [来电铃音识别] <br />&nbsp;&nbsp;&nbsp; 输入法中文输入法；<br />&nbsp;&nbsp;&nbsp; 短信功能超长短信：支持<br />&nbsp;&nbsp;&nbsp; 短信群发支持；<br />&nbsp;&nbsp;&nbsp; E-Mail支持SMTP、POP3、IMAP4等邮件协议<br />拍照功能<br />&nbsp;&nbsp;&nbsp; [内置] [变焦模式] [连拍] [定时拍摄] [拍摄模式] [视频拍摄] [自动对焦] <br />&nbsp;&nbsp;&nbsp; 摄像头位置内置<br />&nbsp;&nbsp;&nbsp; 像素320万<br />&nbsp;&nbsp;&nbsp; 传感器CMOS<br />&nbsp;&nbsp;&nbsp; 变焦模式数码变焦；自动对焦<br />&nbsp;&nbsp;&nbsp; 照片分辨率最大支持2048*1536分辨率<br />&nbsp;&nbsp;&nbsp; 连拍支持6张高速连拍<br />&nbsp;&nbsp;&nbsp; 定时拍摄支持2秒、10秒、20秒三种定时拍摄模式<br />&nbsp;&nbsp;&nbsp; 拍摄模式静止、连拍、自动定时器、摄像<br />&nbsp;&nbsp;&nbsp; 照片质量多种照片质量选择<br />&nbsp;&nbsp;&nbsp; 视频拍摄有声视频拍摄<br />&nbsp;&nbsp;&nbsp; 详细说明支持曝光补偿调节(-2到+2) 支持白平衡调节(自动、晴天、白炽灯、荧光灯)<br />&nbsp;&nbsp;&nbsp; 闪光灯模式自动、开、防红眼、关<br />&nbsp;&nbsp;&nbsp; 闪光灯有效范围1 米<br />&nbsp;&nbsp;&nbsp; 白平衡模式自动、阳光、白炽、荧光<br />&nbsp;&nbsp;&nbsp; 中央重点测光自动曝光曝光补偿;+2 ~ -2EV（0.7EV 间隔）<br />&nbsp;&nbsp;&nbsp; 场景模式自动、夜间<br />&nbsp;&nbsp;&nbsp; 色调模式正常、怀旧、黑白、负片<br />&nbsp;&nbsp;&nbsp; 视频支持像素640 x 480 像素，每秒 22 帧<br />&nbsp;&nbsp;&nbsp; 视频录制文件格式.mp4、.3gp；编解码器：H.263、MPEG-4 VSP<br />&nbsp;&nbsp;&nbsp; 音频录制格式AMR-WB、AMR-NB<br />&nbsp;&nbsp;&nbsp; 视频白平衡模式自动、阳光、白炽、荧光<br />&nbsp;&nbsp;&nbsp; 片段长度（最长）1 小时<br />&nbsp;&nbsp;&nbsp; 视频播放文件格式Flash Lite 3、mp4、.3gp；编解码器：H.263、MPEG-4 VSP<br />&nbsp;&nbsp;&nbsp; 视频流式播放3gp、mp4、.rm<br />&nbsp;&nbsp;&nbsp; 视频铃声可自定义的视频铃声<br />娱乐功能<br />&nbsp;&nbsp;&nbsp; [视频播放] [WAP浏览器] [收音机] [MP3功能] [内置游戏] [音乐播放器] [媒体播放器] [声控命令] <br />&nbsp;&nbsp;&nbsp; 视频像素级别640 x 480 像素，每秒 22 帧；320 x 240（QVGA），每秒 30/15 帧；176 x 144 像素，每秒 15 帧（QCIF）<br />&nbsp;&nbsp;&nbsp; 视频播放内置Realplayer；支持全屏播放<br />&nbsp;&nbsp;&nbsp; WAP浏览器WAP 2.0<br />&nbsp;&nbsp;&nbsp; 收音机内置FM收音机<br />&nbsp;&nbsp;&nbsp; MP3功能支持MP3、WMA、WAV、AAC、eAAC+等音频格式播放(支持后台播放、播放列表编辑、循环播放设置、均衡器设置及乱序播放设置)<br />&nbsp;&nbsp;&nbsp; 音乐播放文件格式.mp3、.wma、.aac、AAC+、eAAC+<br />&nbsp;&nbsp;&nbsp; 流式音频格式rm、.eAAC+<br />&nbsp;&nbsp;&nbsp; 调频收音机87.5-108 兆赫，支持 RDS<br />&nbsp;&nbsp;&nbsp; 音频接口诺基亚 2.5 毫米 AV 插孔<br />&nbsp;&nbsp;&nbsp; 同步播放与 Windows Media Player 同步音乐<br />&nbsp;&nbsp;&nbsp; 语音辅助功能支持<br />&nbsp;&nbsp;&nbsp; 声控功能特定语者和非特定语者声控拨号（SDND、SIND）<br />&nbsp;&nbsp;&nbsp; 语音编解码器FR、EFR、HRO/1、AMR-HR 和 AMR-FR<br />扩展存储功能<br />&nbsp;&nbsp;&nbsp; [存储卡格式] [Java扩展] [蓝牙接口] [数据线接口] <br />&nbsp;&nbsp;&nbsp; 存储卡格式T-Flash卡，最大支持8G<br />&nbsp;&nbsp;&nbsp; Java扩展Java MIDP 2.0<br />&nbsp;&nbsp;&nbsp; 蓝牙接口蓝牙2.0<br />&nbsp;&nbsp;&nbsp; 数据线接口USB 2.0 数据线<br />&nbsp;&nbsp;&nbsp; 耳机接口2.5 毫米<br />高级功能<br />&nbsp;&nbsp;&nbsp; [操作系统] [处理器] [录音] <br />&nbsp;&nbsp;&nbsp; 操作系统系统类型:Symbian<br />&nbsp;&nbsp;&nbsp; 版　　本V9.2<br />&nbsp;&nbsp;&nbsp; 用户界面S60 3.1版 E系列<br />&nbsp;&nbsp;&nbsp; 处理器ARM 11 369 MHz<br />附加功能<br />&nbsp;&nbsp;&nbsp; 日历支持<br />&nbsp;&nbsp;&nbsp; 计算器支持<br />&nbsp;&nbsp;&nbsp; 闹钟支持<br />&nbsp;&nbsp;&nbsp; 世界时钟支持<br />&nbsp;&nbsp;&nbsp; 定时器支持<br />&nbsp;&nbsp;&nbsp; 记事本支持<br />&nbsp;&nbsp;&nbsp; 日程表支持<br />&nbsp;&nbsp;&nbsp; 货币换算支持<br />&nbsp;&nbsp;&nbsp; 秒表单位换算<br />&nbsp;&nbsp;&nbsp; 备忘录支持<br />更多介绍<br />&nbsp;&nbsp;&nbsp; 名片扫描支持</p>', '', '', 0.00, 0.00, '诺基亚 E71', '诺基亚 E71', '', '', '2009-08-10 06:06:28', '2009-08-10 06:06:28'),
(50, 'eng', 25, 'Nokia E71', NULL, '<p><br />&nbsp;&nbsp;&nbsp; [温馨提示：E71白色版标配为白色皮套，灰色版标配为灰色皮套] <br />基本功能<br />&nbsp;&nbsp;&nbsp; 上市日期2008年11月<br />&nbsp;&nbsp;&nbsp; 手机制式GSM/GPRS/EDGE<br />&nbsp;&nbsp;&nbsp; 支持频段|850/900/1800/1900MHz|<br />&nbsp;&nbsp;&nbsp; 网络连接GPRS；EDGE<br />&nbsp;&nbsp;&nbsp; 理论通话时间630分钟<br />&nbsp;&nbsp;&nbsp; 理论待机时间408小时<br />&nbsp;&nbsp;&nbsp; 和弦铃声64和弦<br />&nbsp;&nbsp;&nbsp; 内存110 MB<br />外观设计<br />&nbsp;&nbsp;&nbsp; [直板手机] [内置天线] <br />&nbsp;&nbsp;&nbsp; 外观设计直板<br />&nbsp;&nbsp;&nbsp; 产品天线内置<br />&nbsp;&nbsp;&nbsp; 可选颜色白色,灰色(黑色和红色目前没有行货)<br />&nbsp;&nbsp;&nbsp; 产品尺寸114&times;57&times;10mm<br />&nbsp;&nbsp;&nbsp; 手机重量127克<br />&nbsp;&nbsp;&nbsp; 体积66 立方厘米<br />屏幕参数<br />&nbsp;&nbsp;&nbsp; [TFT屏] <br />&nbsp;&nbsp;&nbsp; 屏幕颜色1600万色（QVGA）<br />&nbsp;&nbsp;&nbsp; 屏幕类型TFT<br />&nbsp;&nbsp;&nbsp; 分辨率240&times;320像素<br />&nbsp;&nbsp;&nbsp; 屏幕尺寸2.36英寸　<br />&nbsp;&nbsp;&nbsp; 键盘设计完整全键盘<br />通讯功能<br />&nbsp;&nbsp;&nbsp; [输入法] [短信功能] [EMS短信] [多媒体短信] [E-Mail] [话机通讯录] [通话记录] [语音拨号] [来电图片识别] [来电铃音识别] <br />&nbsp;&nbsp;&nbsp; 输入法中文输入法；<br />&nbsp;&nbsp;&nbsp; 短信功能超长短信：支持<br />&nbsp;&nbsp;&nbsp; 短信群发支持；<br />&nbsp;&nbsp;&nbsp; E-Mail支持SMTP、POP3、IMAP4等邮件协议<br />拍照功能<br />&nbsp;&nbsp;&nbsp; [内置] [变焦模式] [连拍] [定时拍摄] [拍摄模式] [视频拍摄] [自动对焦] <br />&nbsp;&nbsp;&nbsp; 摄像头位置内置<br />&nbsp;&nbsp;&nbsp; 像素320万<br />&nbsp;&nbsp;&nbsp; 传感器CMOS<br />&nbsp;&nbsp;&nbsp; 变焦模式数码变焦；自动对焦<br />&nbsp;&nbsp;&nbsp; 照片分辨率最大支持2048*1536分辨率<br />&nbsp;&nbsp;&nbsp; 连拍支持6张高速连拍<br />&nbsp;&nbsp;&nbsp; 定时拍摄支持2秒、10秒、20秒三种定时拍摄模式<br />&nbsp;&nbsp;&nbsp; 拍摄模式静止、连拍、自动定时器、摄像<br />&nbsp;&nbsp;&nbsp; 照片质量多种照片质量选择<br />&nbsp;&nbsp;&nbsp; 视频拍摄有声视频拍摄<br />&nbsp;&nbsp;&nbsp; 详细说明支持曝光补偿调节(-2到+2) 支持白平衡调节(自动、晴天、白炽灯、荧光灯)<br />&nbsp;&nbsp;&nbsp; 闪光灯模式自动、开、防红眼、关<br />&nbsp;&nbsp;&nbsp; 闪光灯有效范围1 米<br />&nbsp;&nbsp;&nbsp; 白平衡模式自动、阳光、白炽、荧光<br />&nbsp;&nbsp;&nbsp; 中央重点测光自动曝光曝光补偿;+2 ~ -2EV（0.7EV 间隔）<br />&nbsp;&nbsp;&nbsp; 场景模式自动、夜间<br />&nbsp;&nbsp;&nbsp; 色调模式正常、怀旧、黑白、负片<br />&nbsp;&nbsp;&nbsp; 视频支持像素640 x 480 像素，每秒 22 帧<br />&nbsp;&nbsp;&nbsp; 视频录制文件格式.mp4、.3gp；编解码器：H.263、MPEG-4 VSP<br />&nbsp;&nbsp;&nbsp; 音频录制格式AMR-WB、AMR-NB<br />&nbsp;&nbsp;&nbsp; 视频白平衡模式自动、阳光、白炽、荧光<br />&nbsp;&nbsp;&nbsp; 片段长度（最长）1 小时<br />&nbsp;&nbsp;&nbsp; 视频播放文件格式Flash Lite 3、mp4、.3gp；编解码器：H.263、MPEG-4 VSP<br />&nbsp;&nbsp;&nbsp; 视频流式播放3gp、mp4、.rm<br />&nbsp;&nbsp;&nbsp; 视频铃声可自定义的视频铃声<br />娱乐功能<br />&nbsp;&nbsp;&nbsp; [视频播放] [WAP浏览器] [收音机] [MP3功能] [内置游戏] [音乐播放器] [媒体播放器] [声控命令] <br />&nbsp;&nbsp;&nbsp; 视频像素级别640 x 480 像素，每秒 22 帧；320 x 240（QVGA），每秒 30/15 帧；176 x 144 像素，每秒 15 帧（QCIF）<br />&nbsp;&nbsp;&nbsp; 视频播放内置Realplayer；支持全屏播放<br />&nbsp;&nbsp;&nbsp; WAP浏览器WAP 2.0<br />&nbsp;&nbsp;&nbsp; 收音机内置FM收音机<br />&nbsp;&nbsp;&nbsp; MP3功能支持MP3、WMA、WAV、AAC、eAAC+等音频格式播放(支持后台播放、播放列表编辑、循环播放设置、均衡器设置及乱序播放设置)<br />&nbsp;&nbsp;&nbsp; 音乐播放文件格式.mp3、.wma、.aac、AAC+、eAAC+<br />&nbsp;&nbsp;&nbsp; 流式音频格式rm、.eAAC+<br />&nbsp;&nbsp;&nbsp; 调频收音机87.5-108 兆赫，支持 RDS<br />&nbsp;&nbsp;&nbsp; 音频接口诺基亚 2.5 毫米 AV 插孔<br />&nbsp;&nbsp;&nbsp; 同步播放与 Windows Media Player 同步音乐<br />&nbsp;&nbsp;&nbsp; 语音辅助功能支持<br />&nbsp;&nbsp;&nbsp; 声控功能特定语者和非特定语者声控拨号（SDND、SIND）<br />&nbsp;&nbsp;&nbsp; 语音编解码器FR、EFR、HRO/1、AMR-HR 和 AMR-FR<br />扩展存储功能<br />&nbsp;&nbsp;&nbsp; [存储卡格式] [Java扩展] [蓝牙接口] [数据线接口] <br />&nbsp;&nbsp;&nbsp; 存储卡格式T-Flash卡，最大支持8G<br />&nbsp;&nbsp;&nbsp; Java扩展Java MIDP 2.0<br />&nbsp;&nbsp;&nbsp; 蓝牙接口蓝牙2.0<br />&nbsp;&nbsp;&nbsp; 数据线接口USB 2.0 数据线<br />&nbsp;&nbsp;&nbsp; 耳机接口2.5 毫米<br />高级功能<br />&nbsp;&nbsp;&nbsp; [操作系统] [处理器] [录音] <br />&nbsp;&nbsp;&nbsp; 操作系统系统类型:Symbian<br />&nbsp;&nbsp;&nbsp; 版　　本V9.2<br />&nbsp;&nbsp;&nbsp; 用户界面S60 3.1版 E系列<br />&nbsp;&nbsp;&nbsp; 处理器ARM 11 369 MHz<br />附加功能<br />&nbsp;&nbsp;&nbsp; 日历支持<br />&nbsp;&nbsp;&nbsp; 计算器支持<br />&nbsp;&nbsp;&nbsp; 闹钟支持<br />&nbsp;&nbsp;&nbsp; 世界时钟支持<br />&nbsp;&nbsp;&nbsp; 定时器支持<br />&nbsp;&nbsp;&nbsp; 记事本支持<br />&nbsp;&nbsp;&nbsp; 日程表支持<br />&nbsp;&nbsp;&nbsp; 货币换算支持<br />&nbsp;&nbsp;&nbsp; 秒表单位换算<br />&nbsp;&nbsp;&nbsp; 备忘录支持<br />更多介绍<br />&nbsp;&nbsp;&nbsp; 名片扫描支持</p>', '', '', 0.00, 0.00, 'Nokia E71', 'Nokia E71', '', '', '2009-08-10 06:06:28', '2009-08-10 06:06:28'),
(51, 'chi', 26, '诺基亚 N78', NULL, '<p><br />基本功能<br />&nbsp;&nbsp;&nbsp; [GSM手机] [GPRS] [EDGE] [和弦铃声] [可选铃声] [情景模式] [图形菜单] [待机图片] [免提通话] [内置振动] <br />&nbsp;&nbsp;&nbsp; 上市日期2008年06月<br />&nbsp;&nbsp;&nbsp; 手机制式GSM/GPRS/EDGE<br />&nbsp;&nbsp;&nbsp; 支持频段850/900/1800/1900MHz<br />&nbsp;&nbsp;&nbsp; 网络连接GPRS；EDGE<br />&nbsp;&nbsp;&nbsp; 理论通话时间上限约为 260 分钟<br />&nbsp;&nbsp;&nbsp; 理论待机时间上限约为 320 小时<br />&nbsp;&nbsp;&nbsp; 和弦铃声64和弦 MP3铃声<br />&nbsp;&nbsp;&nbsp; 内置振动支持<br />外观设计<br />&nbsp;&nbsp;&nbsp; [直板手机] [内置天线] <br />&nbsp;&nbsp;&nbsp; 外观样式直板<br />&nbsp;&nbsp;&nbsp; 产品天线内置<br />&nbsp;&nbsp;&nbsp; 产品尺寸113&times;49&times;15.1mm<br />&nbsp;&nbsp;&nbsp; 手机重量101.8克<br />&nbsp;&nbsp;&nbsp; 操作系统Symbian OS v9.3 Series60 3rd<br />&nbsp;&nbsp;&nbsp; 用户界面第三版 60 系列平台，Feature Pack 2<br />屏幕参数<br />&nbsp;&nbsp;&nbsp; [TFT屏] <br />&nbsp;&nbsp;&nbsp; 屏幕颜色1600万色<br />&nbsp;&nbsp;&nbsp; 屏幕材质TFT<br />&nbsp;&nbsp;&nbsp; 屏幕分辨率240&times;320像素<br />&nbsp;&nbsp;&nbsp; 屏幕尺寸2.4英寸<br />通讯功能<br />&nbsp;&nbsp;&nbsp; [输入法] [短信功能] [EMS短信] [多媒体短信] [话机通讯录] [通讯录群组] [通话记录] [来电图片识别] [来电铃音识别] [全球定位GPS] <br />&nbsp;&nbsp;&nbsp; 输入法中文输入法<br />&nbsp;&nbsp;&nbsp; 短信功能超长短信：支持<br />&nbsp;&nbsp;&nbsp; EMS短信支持<br />&nbsp;&nbsp;&nbsp; 多媒体短信支持<br />&nbsp;&nbsp;&nbsp; 话机通讯录支持<br />&nbsp;&nbsp;&nbsp; 通讯录群组支持<br />&nbsp;&nbsp;&nbsp; 通话记录支持<br />&nbsp;&nbsp;&nbsp; 来电图片识别支持<br />&nbsp;&nbsp;&nbsp; 来电铃音识别支持<br />&nbsp;&nbsp;&nbsp; 全球定位GPS内建GPS接收机。支持照片地理标记功能。结合A-GPS功能可将在拍摄照片的同时记录相片拍摄地的位置信息，让用户无论在网上地图或手机地图上都可以看到照片拍摄的具体位置<br />&nbsp;&nbsp;&nbsp; GPS地图预装诺基亚地图应用程序和可免费下载的地图<br />拍照功能<br />&nbsp;&nbsp;&nbsp; [内置] [变焦模式] [闪光灯] <br />&nbsp;&nbsp;&nbsp; 摄像头位置内置<br />&nbsp;&nbsp;&nbsp; 像素320 万像素（2048x1536）<br />&nbsp;&nbsp;&nbsp; 传感器CMOS 卡尔蔡司光学系统：Tessar&trade; 镜头<br />&nbsp;&nbsp;&nbsp; 变焦模式20倍数码变焦，支持自动对焦<br />&nbsp;&nbsp;&nbsp; 闪光灯防红眼LED闪光灯<br />&nbsp;&nbsp;&nbsp; 焦距4.6 毫米<br />&nbsp;&nbsp;&nbsp; 焦距范围10 厘米 ~ 无限远<br />&nbsp;&nbsp;&nbsp; 近距模式焦距10 厘米 &ndash; 30 厘米<br />&nbsp;&nbsp;&nbsp; 视频分辨率最高可为 VGA，每秒 15 帧<br />&nbsp;&nbsp;&nbsp; 音频录制AAC 立体声，48 千赫<br />&nbsp;&nbsp;&nbsp; 数字录像防震支持<br />&nbsp;&nbsp;&nbsp; 视频片段长度每个视频片段最长可达 60 分钟<br />&nbsp;&nbsp;&nbsp; 视频文件格式.mp4（默认），.3gp（用于彩信）<br />娱乐功能<br />&nbsp;&nbsp;&nbsp; [WAP浏览器] [WWW浏览器] [收音机] [内置游戏] <br />&nbsp;&nbsp;&nbsp; WAP浏览器支持<br />&nbsp;&nbsp;&nbsp; WWW浏览器支持<br />&nbsp;&nbsp;&nbsp; 收音机内置； FM调频立体声收音机<br />&nbsp;&nbsp;&nbsp; 内置游戏支持<br />&nbsp;&nbsp;&nbsp; 数字音乐播放器支持 MP3/ AAC/ AAC+/ eAAC+/ WMA 及播放列表、均衡器和专辑封面(自带听见了爱,音乐让我说话,等广告歌曲)<br />扩展存储功能<br />&nbsp;&nbsp;&nbsp; [存储卡格式] [内存容量] [蓝牙接口] [数据线接口] [无线数据通讯] <br />&nbsp;&nbsp;&nbsp; 存储卡格式micro SD（T-Flash）存储卡，最大支持8G扩展<br />&nbsp;&nbsp;&nbsp; 内存容量70MB<br />&nbsp;&nbsp;&nbsp; 蓝牙接口内置；蓝牙v2.0（支持A2D技术）<br />&nbsp;&nbsp;&nbsp; 数据线接口通过 micro USB 插孔支持 USB 2.0 高速<br />&nbsp;&nbsp;&nbsp; 无线数据通讯无线Modem<br />&nbsp;&nbsp;&nbsp; 耳机接口诺基亚 3.5 毫米 AV 插孔<br />高级功能<br />&nbsp;&nbsp;&nbsp; [操作系统] [处理器] [JAVA] <br />&nbsp;&nbsp;&nbsp; Java&trade;MIDP2.0 C++ 和 Java 软件开发工具包<br />附加功能<br />&nbsp;&nbsp;&nbsp; [日历] [计算器] [闹钟] <br />&nbsp;&nbsp;&nbsp; 日历支持<br />&nbsp;&nbsp;&nbsp; 计算器支持<br />&nbsp;&nbsp;&nbsp; 闹钟支持</p>', '', '', 0.00, 0.00, '诺基亚 N78', '诺基亚 N78', '', '', '2009-08-10 06:08:39', '2009-08-10 06:08:39'),
(52, 'eng', 26, 'Nokia N78', NULL, '<p><br />基本功能<br />&nbsp;&nbsp;&nbsp; [GSM手机] [GPRS] [EDGE] [和弦铃声] [可选铃声] [情景模式] [图形菜单] [待机图片] [免提通话] [内置振动] <br />&nbsp;&nbsp;&nbsp; 上市日期2008年06月<br />&nbsp;&nbsp;&nbsp; 手机制式GSM/GPRS/EDGE<br />&nbsp;&nbsp;&nbsp; 支持频段850/900/1800/1900MHz<br />&nbsp;&nbsp;&nbsp; 网络连接GPRS；EDGE<br />&nbsp;&nbsp;&nbsp; 理论通话时间上限约为 260 分钟<br />&nbsp;&nbsp;&nbsp; 理论待机时间上限约为 320 小时<br />&nbsp;&nbsp;&nbsp; 和弦铃声64和弦 MP3铃声<br />&nbsp;&nbsp;&nbsp; 内置振动支持<br />外观设计<br />&nbsp;&nbsp;&nbsp; [直板手机] [内置天线] <br />&nbsp;&nbsp;&nbsp; 外观样式直板<br />&nbsp;&nbsp;&nbsp; 产品天线内置<br />&nbsp;&nbsp;&nbsp; 产品尺寸113&times;49&times;15.1mm<br />&nbsp;&nbsp;&nbsp; 手机重量101.8克<br />&nbsp;&nbsp;&nbsp; 操作系统Symbian OS v9.3 Series60 3rd<br />&nbsp;&nbsp;&nbsp; 用户界面第三版 60 系列平台，Feature Pack 2<br />屏幕参数<br />&nbsp;&nbsp;&nbsp; [TFT屏] <br />&nbsp;&nbsp;&nbsp; 屏幕颜色1600万色<br />&nbsp;&nbsp;&nbsp; 屏幕材质TFT<br />&nbsp;&nbsp;&nbsp; 屏幕分辨率240&times;320像素<br />&nbsp;&nbsp;&nbsp; 屏幕尺寸2.4英寸<br />通讯功能<br />&nbsp;&nbsp;&nbsp; [输入法] [短信功能] [EMS短信] [多媒体短信] [话机通讯录] [通讯录群组] [通话记录] [来电图片识别] [来电铃音识别] [全球定位GPS] <br />&nbsp;&nbsp;&nbsp; 输入法中文输入法<br />&nbsp;&nbsp;&nbsp; 短信功能超长短信：支持<br />&nbsp;&nbsp;&nbsp; EMS短信支持<br />&nbsp;&nbsp;&nbsp; 多媒体短信支持<br />&nbsp;&nbsp;&nbsp; 话机通讯录支持<br />&nbsp;&nbsp;&nbsp; 通讯录群组支持<br />&nbsp;&nbsp;&nbsp; 通话记录支持<br />&nbsp;&nbsp;&nbsp; 来电图片识别支持<br />&nbsp;&nbsp;&nbsp; 来电铃音识别支持<br />&nbsp;&nbsp;&nbsp; 全球定位GPS内建GPS接收机。支持照片地理标记功能。结合A-GPS功能可将在拍摄照片的同时记录相片拍摄地的位置信息，让用户无论在网上地图或手机地图上都可以看到照片拍摄的具体位置<br />&nbsp;&nbsp;&nbsp; GPS地图预装诺基亚地图应用程序和可免费下载的地图<br />拍照功能<br />&nbsp;&nbsp;&nbsp; [内置] [变焦模式] [闪光灯] <br />&nbsp;&nbsp;&nbsp; 摄像头位置内置<br />&nbsp;&nbsp;&nbsp; 像素320 万像素（2048x1536）<br />&nbsp;&nbsp;&nbsp; 传感器CMOS 卡尔蔡司光学系统：Tessar&trade; 镜头<br />&nbsp;&nbsp;&nbsp; 变焦模式20倍数码变焦，支持自动对焦<br />&nbsp;&nbsp;&nbsp; 闪光灯防红眼LED闪光灯<br />&nbsp;&nbsp;&nbsp; 焦距4.6 毫米<br />&nbsp;&nbsp;&nbsp; 焦距范围10 厘米 ~ 无限远<br />&nbsp;&nbsp;&nbsp; 近距模式焦距10 厘米 &ndash; 30 厘米<br />&nbsp;&nbsp;&nbsp; 视频分辨率最高可为 VGA，每秒 15 帧<br />&nbsp;&nbsp;&nbsp; 音频录制AAC 立体声，48 千赫<br />&nbsp;&nbsp;&nbsp; 数字录像防震支持<br />&nbsp;&nbsp;&nbsp; 视频片段长度每个视频片段最长可达 60 分钟<br />&nbsp;&nbsp;&nbsp; 视频文件格式.mp4（默认），.3gp（用于彩信）<br />娱乐功能<br />&nbsp;&nbsp;&nbsp; [WAP浏览器] [WWW浏览器] [收音机] [内置游戏] <br />&nbsp;&nbsp;&nbsp; WAP浏览器支持<br />&nbsp;&nbsp;&nbsp; WWW浏览器支持<br />&nbsp;&nbsp;&nbsp; 收音机内置； FM调频立体声收音机<br />&nbsp;&nbsp;&nbsp; 内置游戏支持<br />&nbsp;&nbsp;&nbsp; 数字音乐播放器支持 MP3/ AAC/ AAC+/ eAAC+/ WMA 及播放列表、均衡器和专辑封面(自带听见了爱,音乐让我说话,等广告歌曲)<br />扩展存储功能<br />&nbsp;&nbsp;&nbsp; [存储卡格式] [内存容量] [蓝牙接口] [数据线接口] [无线数据通讯] <br />&nbsp;&nbsp;&nbsp; 存储卡格式micro SD（T-Flash）存储卡，最大支持8G扩展<br />&nbsp;&nbsp;&nbsp; 内存容量70MB<br />&nbsp;&nbsp;&nbsp; 蓝牙接口内置；蓝牙v2.0（支持A2D技术）<br />&nbsp;&nbsp;&nbsp; 数据线接口通过 micro USB 插孔支持 USB 2.0 高速<br />&nbsp;&nbsp;&nbsp; 无线数据通讯无线Modem<br />&nbsp;&nbsp;&nbsp; 耳机接口诺基亚 3.5 毫米 AV 插孔<br />高级功能<br />&nbsp;&nbsp;&nbsp; [操作系统] [处理器] [JAVA] <br />&nbsp;&nbsp;&nbsp; Java&trade;MIDP2.0 C++ 和 Java 软件开发工具包<br />附加功能<br />&nbsp;&nbsp;&nbsp; [日历] [计算器] [闹钟] <br />&nbsp;&nbsp;&nbsp; 日历支持<br />&nbsp;&nbsp;&nbsp; 计算器支持<br />&nbsp;&nbsp;&nbsp; 闹钟支持</p>', '', '', 0.00, 0.00, 'Nokia N78', 'Nokia N78', '', '', '2009-08-10 06:08:39', '2009-08-10 06:08:39'),
(53, 'chi', 27, '诺基亚 N81', NULL, '', '', '', 0.00, 0.00, '诺基亚 N81', '诺基亚 N81', '', '', '2009-08-10 06:10:13', '2009-08-10 06:10:13'),
(54, 'eng', 27, 'Nokia N81', NULL, '', '', '', 0.00, 0.00, 'Nokia N81', 'Nokia N81', '', '', '2009-08-10 06:10:13', '2009-08-10 06:10:13'),
(55, 'chi', 28, '     免烫牛津纺全棉短袖衬衫 领尖扣 淡黄色', NULL, '<p><span style="color: #666666; font-family: 宋体; font-size: 12px; font-weight: 100; line-height: 19px;">设计师遵循布料完美肌理，立体剪裁，以直筒明门襟的经典造型、配合圆袋、曲摆的现代人性化裁减，相得益彰，浑然天成。色彩明快的纯色衬衫简洁、自然、为您营造出利落、爽朗的形象，透出热情、优雅的个性：白色、米黄、淡黄色、粉色等十余种明快的纯色缤纷呈现，各有千秋。</span></p>', '', '', 0.00, 0.00, '全棉 短袖衬衫 领尖扣 淡黄色', '设计师遵循布料完美肌理，立体剪裁，以直筒明门襟的经典造型、配合圆袋、曲摆的现代人性化裁减，相得益彰，浑然天成。色彩明快的纯色衬衫简洁、自然、为您营造出利落、爽朗的形象，透', '', '', '2009-08-10 06:14:12', '2009-08-10 06:14:12'),
(56, 'eng', 28, 'Non-iron cotton Oxford button short-sleeved yellow shirt collar tip', NULL, '<p>Designers to follow the perfect fabric texture, three-dimensional cut to门襟Straight out of the classic style with a round bag, before the modern music of the reduction of, each other, totally natural. Bright colors of solid color shirt is simple and natural, for you to create a neat, straightforward image, revealing a warm, elegant personality: white, beige, yellow, pink and so on more than ten kinds of bright solid color colorful show, is different.</p>', '', '', 0.00, 0.00, 'Cotton Short-sleeved shirt Buckle collar tip Yellow', 'Designers to follow the perfect fabric texture, three-dimensional cut to门襟Straight out of the classic style with a round bag, before the modern music of the reduction of, each other, totally natural. Bright colors of solid color shirt is simple and na', '', '', '2009-08-10 06:14:12', '2009-08-10 06:14:12'),
(57, 'chi', 29, '     免烫牛津纺全棉短袖衬衫 领尖扣 紫色', NULL, '<p><span style="color: #666666; font-family: 宋体; font-size: 12px; font-weight: 100; line-height: 19px;">设计师遵循布料完美肌理，立体剪裁，以直筒明门襟的经典造型、配合圆袋、曲摆的现代人性化裁减，相得益彰，浑然天成。色彩明快的纯色衬衫简洁、自然、为您营造出利落、爽朗的形象，透出热情、优雅的个性：白色、米黄、淡黄色、粉色等十余种明快的纯色缤纷呈现，各有千秋。</span></p>', '', '', 0.00, 0.00, '全棉 短袖衬衫 领尖扣 紫色', '设计师遵循布料完美肌理，立体剪裁，以直筒明门襟的经典造型、配合圆袋、曲摆的现代人性化裁减，相得益彰，浑然天成。色彩明快的纯色衬衫简洁、自然、为您营造出利落、爽朗的形象，透', '', '', '2009-08-10 06:14:12', '2009-08-10 06:26:12'),
(58, 'eng', 29, 'Non-iron cotton Oxford button short-sleeved yellow shirt collar tip', NULL, '<p>Designers to follow the perfect fabric texture, three-dimensional cut to门襟Straight out of the classic style with a round bag, before the modern music of the reduction of, each other, totally natural. Bright colors of solid color shirt is simple and natural, for you to create a neat, straightforward image, revealing a warm, elegant personality: white, beige, yellow, pink and so on more than ten kinds of bright solid color colorful show, is different.</p>', '', '', 0.00, 0.00, 'Cotton Short-sleeved shirt Buckle collar tip Yellow', 'Designers to follow the perfect fabric texture, three-dimensional cut to门襟Straight out of the classic style with a round bag, before the modern music of the reduction of, each other, totally natural. Bright colors of solid color shirt is simple and na', '', '', '2009-08-10 06:14:12', '2009-08-10 06:26:12');
INSERT INTO `svcart_product_i18ns` (`id`, `locale`, `product_id`, `name`, `style_name`, `description`, `seller_note`, `delivery_note`, `market_price`, `shop_price`, `meta_keywords`, `meta_description`, `api_site_url`, `api_cart_url`, `created`, `modified`) VALUES
(59, 'chi', 30, '诺基亚 N85', NULL, '<p><br />&nbsp;&nbsp;&nbsp; 颜色说明N85的颜色&ldquo;铜色&rdquo;与&ldquo;黑色&rdquo;区别在于后盖的颜色，前面都是黑色的。黑色的后盖上面有很细小的银灰色条纹，铜色的没有。<br />基本功能<br />&nbsp;&nbsp;&nbsp; [GSM手机] [GPRS] [EDGE] [和弦铃声] [可选铃声] [情景模式] [图形菜单] [待机图片] [动画屏保] [内置振动] [免提通话] <br />&nbsp;&nbsp;&nbsp; 上市日期2008年09月<br />&nbsp;&nbsp;&nbsp; 手机制式GSM/GPRS/EDGE<br />&nbsp;&nbsp;&nbsp; 支持频段|850/900/1800/1900MHz|<br />&nbsp;&nbsp;&nbsp; 和弦铃声64和弦<br />&nbsp;&nbsp;&nbsp; 铃声格式mp3、aac、AAC+ 64 和弦铃声、AMR、WMA<br />外观设计<br />&nbsp;&nbsp;&nbsp; [滑盖手机] [内置天线] <br />&nbsp;&nbsp;&nbsp; 机型双向滑盖，具有弹簧辅助结构<br />&nbsp;&nbsp;&nbsp; 尺寸103x50x16.0毫米<br />&nbsp;&nbsp;&nbsp; 重量128克<br />&nbsp;&nbsp;&nbsp; 体积76立方厘米<br />&nbsp;&nbsp;&nbsp; 数字键盘机盖键（60 系列按键、多媒体键、通话/结束键）,滑盖快捷键（媒体控制/缩放/游戏）,Navi&trade; 多媒体导航键<br />&nbsp;&nbsp;&nbsp; 特殊按键专用媒体/缩放/游戏键<br />&nbsp;&nbsp;&nbsp; 快捷按键专用照相/摄像机和音量键、机盖键，多媒体键<br />&nbsp;&nbsp;&nbsp; 声控命令支持<br />&nbsp;&nbsp;&nbsp; 智能按键照明支持<br />屏幕参数<br />&nbsp;&nbsp;&nbsp; [有源矩阵OLED技术] [亮度控制] [方向传感器] [环境光检测器] <br />&nbsp;&nbsp;&nbsp; 屏幕大小2.6英寸<br />&nbsp;&nbsp;&nbsp; 屏幕颜色1600万色<br />&nbsp;&nbsp;&nbsp; 屏幕类型AMOLED<br />&nbsp;&nbsp;&nbsp; 分辨率240&times;320像素<br />&nbsp;&nbsp;&nbsp; 屏幕工艺有源矩阵 OLED 技术<br />&nbsp;&nbsp;&nbsp; 屏幕支持亮度控制，方向传感器，环境光检测器<br />通讯功能<br />&nbsp;&nbsp;&nbsp; [输入法] [短信功能] [EMS短信] [多媒体短信] [E-Mail] [话机通讯录] [通话记录] [语音拨号] [来电图片识别] [来电铃音识别] [全球定位GPS] <br />&nbsp;&nbsp;&nbsp; 输入法中文输入法<br />&nbsp;&nbsp;&nbsp; E-Mail支持SMTP、POP3、IMAP4等邮件协议<br />&nbsp;&nbsp;&nbsp; 全球定位GPS内置SiRFstar III GPS芯片；内置导航地图<br />&nbsp;&nbsp;&nbsp; 通话时间（最长）GSM 6.9小时<br />&nbsp;&nbsp;&nbsp; 待机时间（最长）GSM 363小时<br />&nbsp;&nbsp;&nbsp; 分组数据浏览时间（最长）5小时42分钟<br />&nbsp;&nbsp;&nbsp; 自动应答自动应答（与耳机或车载套件配合使用）<br />&nbsp;&nbsp;&nbsp; 通话计时支持<br />&nbsp;&nbsp;&nbsp; 短信息支持连锁信息以发送较长的信息，最大600K<br />&nbsp;&nbsp;&nbsp; 电子邮件支持电子邮件附件，支持电子邮件筛选<br />&nbsp;&nbsp;&nbsp; GPS导航内置和单独的 GPS、A-GPS，并且基于蜂窝网络，诺基亚地图 2.0 应用程序<br />拍照功能<br />&nbsp;&nbsp;&nbsp; [内置] [变焦模式] [视频拍摄] <br />&nbsp;&nbsp;&nbsp; 摄像头位置内置<br />&nbsp;&nbsp;&nbsp; 像素500万<br />&nbsp;&nbsp;&nbsp; 传感器CMOS 传感器，卡尔蔡司光学系统，Tessar&trade; 镜头<br />&nbsp;&nbsp;&nbsp; 变焦模式20 倍数码变焦<br />&nbsp;&nbsp;&nbsp; 自动对焦通过辅助灯和两段式快门键自动对焦<br />&nbsp;&nbsp;&nbsp; 焦距焦距：5.45 毫米<br />&nbsp;&nbsp;&nbsp; 焦距范围焦距范围：10 厘米至无限远<br />&nbsp;&nbsp;&nbsp; 拍摄案件专用照相机键<br />&nbsp;&nbsp;&nbsp; 照片分辨率最大支持2592*1944分辨率<br />&nbsp;&nbsp;&nbsp; 闪光灯双 LED 闪光灯<br />&nbsp;&nbsp;&nbsp; 闪光灯模式开、关、自动和消除红眼<br />&nbsp;&nbsp;&nbsp; 拍摄模式静止、连拍、自动定时器、摄像<br />&nbsp;&nbsp;&nbsp; 场景模式自动、用户自定义、微距、肖像、风景、运动和夜间<br />&nbsp;&nbsp;&nbsp; 色调模式正常、怀旧、黑白、负片、逼真<br />&nbsp;&nbsp;&nbsp; 感光度模式高、中、低、自动<br />&nbsp;&nbsp;&nbsp; 视频录制最高支持 640 x 480 像素（VGA）、30 帧/秒<br />&nbsp;&nbsp;&nbsp; 视频变焦最高支持 8 倍数码变焦<br />&nbsp;&nbsp;&nbsp; 正面摄像机视频录制最高支持 352 x 288 像素（CIF）、15 帧/秒<br />&nbsp;&nbsp;&nbsp; 视频录制文件格式.mp4、.3gp；编解码器：H.263、H.264<br />&nbsp;&nbsp;&nbsp; 音频录制格式AMR、AAC 立体声<br />娱乐功能<br />&nbsp;&nbsp;&nbsp; [视频播放] [音频播放] [WAP浏览器] [WWW浏览器] [MP3功能] [内置游戏] <br />&nbsp;&nbsp;&nbsp; 视频播放内置RealPlayer播放器<br />&nbsp;&nbsp;&nbsp; MP3功能支持后台播放、播放列表编辑、EQ音效调节、循环播放设置<br />&nbsp;&nbsp;&nbsp; 视频播放文件格式.mp4、.3gp；编解码器：H.263、H.264<br />&nbsp;&nbsp;&nbsp; 视频流媒体.mp4、.flv、.vmw<br />&nbsp;&nbsp;&nbsp; 视频播放时间（最长）7小时<br />&nbsp;&nbsp;&nbsp; 视频录制时间（最长）2小时54分钟<br />&nbsp;&nbsp;&nbsp; 音乐播放时间（最长）28小时<br />&nbsp;&nbsp;&nbsp; 游戏时间（最长）7小时<br />&nbsp;&nbsp;&nbsp; 横向模式视频播放支持<br />&nbsp;&nbsp;&nbsp; 视频通话最高支持 640 x 480 像素（VGA）、30 帧/秒<br />&nbsp;&nbsp;&nbsp; 视频铃声3 个内置铃声<br />&nbsp;&nbsp;&nbsp; 视频输出通过诺基亚视频数据线（CA-75U，包括在标准销售包装中） 支持电视输出（PAL/NTSC）<br />&nbsp;&nbsp;&nbsp; 音乐播放文件格式mp3、.wma、.aac、eAAC、eAAC+<br />&nbsp;&nbsp;&nbsp; 音频流媒体UPnP 音乐流媒体<br />&nbsp;&nbsp;&nbsp; 调频收音机87.5-108 兆赫，支持 RDS<br />&nbsp;&nbsp;&nbsp; 调频发射器88.1 - 108 兆赫<br />&nbsp;&nbsp;&nbsp; 可视收音机支持<br />扩展存储功能<br />&nbsp;&nbsp;&nbsp; [存储卡格式] [Java扩展] [蓝牙接口] [数据线接口] [USB] <br />&nbsp;&nbsp;&nbsp; 运存74MB<br />&nbsp;&nbsp;&nbsp; 闪存78MB<br />&nbsp;&nbsp;&nbsp; 存储卡格式T-Flash卡，支持热插拔，最高支持8GB<br />&nbsp;&nbsp;&nbsp; Java扩展Java MIDP 2.0<br />&nbsp;&nbsp;&nbsp; 蓝牙接口蓝牙2.0，支持A2DP<br />&nbsp;&nbsp;&nbsp; 数据线接口支持大容量存储模式的 Micro-USB 插孔，高速 USB 2.0<br />&nbsp;&nbsp;&nbsp; 耳机接口3.5 毫米 AV 插孔<br />高级功能<br />&nbsp;&nbsp;&nbsp; [*FM发射器] [操作系统] [PDA功能] [电子书] [录音] [N-GAGE] <br />&nbsp;&nbsp;&nbsp; 操作系统第 9.3 版 Symbian 操作系统<br />&nbsp;&nbsp;&nbsp; 用户界面S60<br />&nbsp;&nbsp;&nbsp; 电子书支持TXT格式<br />&nbsp;&nbsp;&nbsp; 游戏支持专用N-GAGE游戏<br />附加功能<br />&nbsp;&nbsp;&nbsp; [日历] [计算器] [闹钟] [日程表] [单位换算] [文字笔记] [语音笔记] [当前笔记] [待办事项] <br />更多介绍<br />&nbsp;&nbsp;&nbsp; [Flash播放器] [TV-Out电视输出]</p>', '', '', 0.00, 0.00, '诺基亚 N85', '诺基亚 N85', '', '', '2009-08-10 06:21:59', '2009-08-10 06:21:59'),
(60, 'eng', 30, 'Nokia N85', NULL, '<p><br />&nbsp;&nbsp;&nbsp; 颜色说明N85的颜色&ldquo;铜色&rdquo;与&ldquo;黑色&rdquo;区别在于后盖的颜色，前面都是黑色的。黑色的后盖上面有很细小的银灰色条纹，铜色的没有。<br />基本功能<br />&nbsp;&nbsp;&nbsp; [GSM手机] [GPRS] [EDGE] [和弦铃声] [可选铃声] [情景模式] [图形菜单] [待机图片] [动画屏保] [内置振动] [免提通话] <br />&nbsp;&nbsp;&nbsp; 上市日期2008年09月<br />&nbsp;&nbsp;&nbsp; 手机制式GSM/GPRS/EDGE<br />&nbsp;&nbsp;&nbsp; 支持频段|850/900/1800/1900MHz|<br />&nbsp;&nbsp;&nbsp; 和弦铃声64和弦<br />&nbsp;&nbsp;&nbsp; 铃声格式mp3、aac、AAC+ 64 和弦铃声、AMR、WMA<br />外观设计<br />&nbsp;&nbsp;&nbsp; [滑盖手机] [内置天线] <br />&nbsp;&nbsp;&nbsp; 机型双向滑盖，具有弹簧辅助结构<br />&nbsp;&nbsp;&nbsp; 尺寸103x50x16.0毫米<br />&nbsp;&nbsp;&nbsp; 重量128克<br />&nbsp;&nbsp;&nbsp; 体积76立方厘米<br />&nbsp;&nbsp;&nbsp; 数字键盘机盖键（60 系列按键、多媒体键、通话/结束键）,滑盖快捷键（媒体控制/缩放/游戏）,Navi&trade; 多媒体导航键<br />&nbsp;&nbsp;&nbsp; 特殊按键专用媒体/缩放/游戏键<br />&nbsp;&nbsp;&nbsp; 快捷按键专用照相/摄像机和音量键、机盖键，多媒体键<br />&nbsp;&nbsp;&nbsp; 声控命令支持<br />&nbsp;&nbsp;&nbsp; 智能按键照明支持<br />屏幕参数<br />&nbsp;&nbsp;&nbsp; [有源矩阵OLED技术] [亮度控制] [方向传感器] [环境光检测器] <br />&nbsp;&nbsp;&nbsp; 屏幕大小2.6英寸<br />&nbsp;&nbsp;&nbsp; 屏幕颜色1600万色<br />&nbsp;&nbsp;&nbsp; 屏幕类型AMOLED<br />&nbsp;&nbsp;&nbsp; 分辨率240&times;320像素<br />&nbsp;&nbsp;&nbsp; 屏幕工艺有源矩阵 OLED 技术<br />&nbsp;&nbsp;&nbsp; 屏幕支持亮度控制，方向传感器，环境光检测器<br />通讯功能<br />&nbsp;&nbsp;&nbsp; [输入法] [短信功能] [EMS短信] [多媒体短信] [E-Mail] [话机通讯录] [通话记录] [语音拨号] [来电图片识别] [来电铃音识别] [全球定位GPS] <br />&nbsp;&nbsp;&nbsp; 输入法中文输入法<br />&nbsp;&nbsp;&nbsp; E-Mail支持SMTP、POP3、IMAP4等邮件协议<br />&nbsp;&nbsp;&nbsp; 全球定位GPS内置SiRFstar III GPS芯片；内置导航地图<br />&nbsp;&nbsp;&nbsp; 通话时间（最长）GSM 6.9小时<br />&nbsp;&nbsp;&nbsp; 待机时间（最长）GSM 363小时<br />&nbsp;&nbsp;&nbsp; 分组数据浏览时间（最长）5小时42分钟<br />&nbsp;&nbsp;&nbsp; 自动应答自动应答（与耳机或车载套件配合使用）<br />&nbsp;&nbsp;&nbsp; 通话计时支持<br />&nbsp;&nbsp;&nbsp; 短信息支持连锁信息以发送较长的信息，最大600K<br />&nbsp;&nbsp;&nbsp; 电子邮件支持电子邮件附件，支持电子邮件筛选<br />&nbsp;&nbsp;&nbsp; GPS导航内置和单独的 GPS、A-GPS，并且基于蜂窝网络，诺基亚地图 2.0 应用程序<br />拍照功能<br />&nbsp;&nbsp;&nbsp; [内置] [变焦模式] [视频拍摄] <br />&nbsp;&nbsp;&nbsp; 摄像头位置内置<br />&nbsp;&nbsp;&nbsp; 像素500万<br />&nbsp;&nbsp;&nbsp; 传感器CMOS 传感器，卡尔蔡司光学系统，Tessar&trade; 镜头<br />&nbsp;&nbsp;&nbsp; 变焦模式20 倍数码变焦<br />&nbsp;&nbsp;&nbsp; 自动对焦通过辅助灯和两段式快门键自动对焦<br />&nbsp;&nbsp;&nbsp; 焦距焦距：5.45 毫米<br />&nbsp;&nbsp;&nbsp; 焦距范围焦距范围：10 厘米至无限远<br />&nbsp;&nbsp;&nbsp; 拍摄案件专用照相机键<br />&nbsp;&nbsp;&nbsp; 照片分辨率最大支持2592*1944分辨率<br />&nbsp;&nbsp;&nbsp; 闪光灯双 LED 闪光灯<br />&nbsp;&nbsp;&nbsp; 闪光灯模式开、关、自动和消除红眼<br />&nbsp;&nbsp;&nbsp; 拍摄模式静止、连拍、自动定时器、摄像<br />&nbsp;&nbsp;&nbsp; 场景模式自动、用户自定义、微距、肖像、风景、运动和夜间<br />&nbsp;&nbsp;&nbsp; 色调模式正常、怀旧、黑白、负片、逼真<br />&nbsp;&nbsp;&nbsp; 感光度模式高、中、低、自动<br />&nbsp;&nbsp;&nbsp; 视频录制最高支持 640 x 480 像素（VGA）、30 帧/秒<br />&nbsp;&nbsp;&nbsp; 视频变焦最高支持 8 倍数码变焦<br />&nbsp;&nbsp;&nbsp; 正面摄像机视频录制最高支持 352 x 288 像素（CIF）、15 帧/秒<br />&nbsp;&nbsp;&nbsp; 视频录制文件格式.mp4、.3gp；编解码器：H.263、H.264<br />&nbsp;&nbsp;&nbsp; 音频录制格式AMR、AAC 立体声<br />娱乐功能<br />&nbsp;&nbsp;&nbsp; [视频播放] [音频播放] [WAP浏览器] [WWW浏览器] [MP3功能] [内置游戏] <br />&nbsp;&nbsp;&nbsp; 视频播放内置RealPlayer播放器<br />&nbsp;&nbsp;&nbsp; MP3功能支持后台播放、播放列表编辑、EQ音效调节、循环播放设置<br />&nbsp;&nbsp;&nbsp; 视频播放文件格式.mp4、.3gp；编解码器：H.263、H.264<br />&nbsp;&nbsp;&nbsp; 视频流媒体.mp4、.flv、.vmw<br />&nbsp;&nbsp;&nbsp; 视频播放时间（最长）7小时<br />&nbsp;&nbsp;&nbsp; 视频录制时间（最长）2小时54分钟<br />&nbsp;&nbsp;&nbsp; 音乐播放时间（最长）28小时<br />&nbsp;&nbsp;&nbsp; 游戏时间（最长）7小时<br />&nbsp;&nbsp;&nbsp; 横向模式视频播放支持<br />&nbsp;&nbsp;&nbsp; 视频通话最高支持 640 x 480 像素（VGA）、30 帧/秒<br />&nbsp;&nbsp;&nbsp; 视频铃声3 个内置铃声<br />&nbsp;&nbsp;&nbsp; 视频输出通过诺基亚视频数据线（CA-75U，包括在标准销售包装中） 支持电视输出（PAL/NTSC）<br />&nbsp;&nbsp;&nbsp; 音乐播放文件格式mp3、.wma、.aac、eAAC、eAAC+<br />&nbsp;&nbsp;&nbsp; 音频流媒体UPnP 音乐流媒体<br />&nbsp;&nbsp;&nbsp; 调频收音机87.5-108 兆赫，支持 RDS<br />&nbsp;&nbsp;&nbsp; 调频发射器88.1 - 108 兆赫<br />&nbsp;&nbsp;&nbsp; 可视收音机支持<br />扩展存储功能<br />&nbsp;&nbsp;&nbsp; [存储卡格式] [Java扩展] [蓝牙接口] [数据线接口] [USB] <br />&nbsp;&nbsp;&nbsp; 运存74MB<br />&nbsp;&nbsp;&nbsp; 闪存78MB<br />&nbsp;&nbsp;&nbsp; 存储卡格式T-Flash卡，支持热插拔，最高支持8GB<br />&nbsp;&nbsp;&nbsp; Java扩展Java MIDP 2.0<br />&nbsp;&nbsp;&nbsp; 蓝牙接口蓝牙2.0，支持A2DP<br />&nbsp;&nbsp;&nbsp; 数据线接口支持大容量存储模式的 Micro-USB 插孔，高速 USB 2.0<br />&nbsp;&nbsp;&nbsp; 耳机接口3.5 毫米 AV 插孔<br />高级功能<br />&nbsp;&nbsp;&nbsp; [*FM发射器] [操作系统] [PDA功能] [电子书] [录音] [N-GAGE] <br />&nbsp;&nbsp;&nbsp; 操作系统第 9.3 版 Symbian 操作系统<br />&nbsp;&nbsp;&nbsp; 用户界面S60<br />&nbsp;&nbsp;&nbsp; 电子书支持TXT格式<br />&nbsp;&nbsp;&nbsp; 游戏支持专用N-GAGE游戏<br />附加功能<br />&nbsp;&nbsp;&nbsp; [日历] [计算器] [闹钟] [日程表] [单位换算] [文字笔记] [语音笔记] [当前笔记] [待办事项] <br />更多介绍<br />&nbsp;&nbsp;&nbsp; [Flash播放器] [TV-Out电视输出]</p>', '', '', 0.00, 0.00, 'Nokia N85', 'Nokia N85', '', '', '2009-08-10 06:21:59', '2009-08-10 06:21:59'),
(61, 'chi', 31, '诺基亚 N86', NULL, '<p><br />基本参数<br />&nbsp;&nbsp;&nbsp; 型号N86<br />&nbsp;&nbsp;&nbsp; 手机类型音乐手机,智能手机,导航手机,拍照手机<br />&nbsp;&nbsp;&nbsp; 上市日期2009年07月<br />&nbsp;&nbsp;&nbsp; 手机制式GSM/WCDMA<br />&nbsp;&nbsp;&nbsp; 手机频段850/900/1800/1900/2100<br />&nbsp;&nbsp;&nbsp; 手机外形双向滑盖<br />&nbsp;&nbsp;&nbsp; 主屏尺寸2.6英寸<br />&nbsp;&nbsp;&nbsp; 主屏材质OLED<br />&nbsp;&nbsp;&nbsp; 主屏色彩1,670万色<br />&nbsp;&nbsp;&nbsp; 主屏参数320 x 240<br />&nbsp;&nbsp;&nbsp; 操作系统Symbian OS 9.3版,S60 第三版 feature pack 2<br />&nbsp;&nbsp;&nbsp; 理论通话时间6.3小时<br />&nbsp;&nbsp;&nbsp; 理论待机时间315小时<br />&nbsp;&nbsp;&nbsp; 可选外壳颜色黑色<br />&nbsp;&nbsp;&nbsp; 内存8GB<br />&nbsp;&nbsp;&nbsp; 体积103.4 x 51.4 x 16.5-18.5 毫米<br />&nbsp;&nbsp;&nbsp; 重量149 克<br />基本功能<br />&nbsp;&nbsp;&nbsp; 铃声MP3,aac,AAC+格式及64和弦,AMR,WMA<br />&nbsp;&nbsp;&nbsp; 通讯录名片式<br />&nbsp;&nbsp;&nbsp; 信息功能短信,彩信<br />&nbsp;&nbsp;&nbsp; 电子邮件支持IMAP4,POP3及SMTP<br />&nbsp;&nbsp;&nbsp; 输入法中文输入法<br />&nbsp;&nbsp;&nbsp; 游戏内置<br />&nbsp;&nbsp;&nbsp; 办公功能备忘录,计算器,日历,换算器,记事本,代办事务<br />&nbsp;&nbsp;&nbsp; 录音功能支持<br />&nbsp;&nbsp;&nbsp; 附加功能光线感应器,环境亮度感应器<br />数据应用功能<br />&nbsp;&nbsp;&nbsp; 蓝牙支持蓝牙2.0<br />&nbsp;&nbsp;&nbsp; 数据业务GPRS/EDGE/HSDPA<br />&nbsp;&nbsp;&nbsp; JAVA支持<br />&nbsp;&nbsp;&nbsp; WAP上网支持<br />&nbsp;&nbsp;&nbsp; WIFI不支持<br />&nbsp;&nbsp;&nbsp; GPS內置 GPS 及 A-GPS（内置导航软件在开机三个月内可免费使用十天，也可安装第三方导航软件）<br />&nbsp;&nbsp;&nbsp; 数据线支持<br />&nbsp;&nbsp;&nbsp; 扩展卡最大支持16GB MicroSD<br />多媒体娱乐功能<br />&nbsp;&nbsp;&nbsp; 摄像头内置摄像头<br />&nbsp;&nbsp;&nbsp; 主摄像头像素800万<br />&nbsp;&nbsp;&nbsp; 前置摄像头30万(支持视频通话)<br />&nbsp;&nbsp;&nbsp; 传感器类型CMOS<br />&nbsp;&nbsp;&nbsp; 闪光灯双LED闪光灯<br />&nbsp;&nbsp;&nbsp; 拍摄特色卡尔蔡司认证镜头<br />&nbsp;&nbsp;&nbsp; 拍摄功能描述最大支持3280x2464像素,自动对焦,高速快门(最快可达1/1000 秒)<br />&nbsp;&nbsp;&nbsp; 焦距4.61毫米<br />&nbsp;&nbsp;&nbsp; 焦距范围10厘米至无限远<br />&nbsp;&nbsp;&nbsp; 微距对焦10-50 厘米<br />&nbsp;&nbsp;&nbsp; 视频拍摄可摄录高达每秒30格的VGA短片<br />&nbsp;&nbsp;&nbsp; MP3播放mp3,wma,aac,eAAC,eAAC+<br />&nbsp;&nbsp;&nbsp; 耳机接口3.5mm<br />&nbsp;&nbsp;&nbsp; 视频播放支持<br />&nbsp;&nbsp;&nbsp; 多媒体内置立体声喇叭<br />&nbsp;&nbsp;&nbsp; FM收音87.5-108 MHz,支持RDS</p>', '', '', 0.00, 0.00, '诺基亚 N86', '诺基亚 N86', '', '', '2009-08-10 06:23:55', '2009-08-10 06:23:55'),
(62, 'eng', 31, 'Nokia N86', NULL, '<p><br />基本参数<br />&nbsp;&nbsp;&nbsp; 型号N86<br />&nbsp;&nbsp;&nbsp; 手机类型音乐手机,智能手机,导航手机,拍照手机<br />&nbsp;&nbsp;&nbsp; 上市日期2009年07月<br />&nbsp;&nbsp;&nbsp; 手机制式GSM/WCDMA<br />&nbsp;&nbsp;&nbsp; 手机频段850/900/1800/1900/2100<br />&nbsp;&nbsp;&nbsp; 手机外形双向滑盖<br />&nbsp;&nbsp;&nbsp; 主屏尺寸2.6英寸<br />&nbsp;&nbsp;&nbsp; 主屏材质OLED<br />&nbsp;&nbsp;&nbsp; 主屏色彩1,670万色<br />&nbsp;&nbsp;&nbsp; 主屏参数320 x 240<br />&nbsp;&nbsp;&nbsp; 操作系统Symbian OS 9.3版,S60 第三版 feature pack 2<br />&nbsp;&nbsp;&nbsp; 理论通话时间6.3小时<br />&nbsp;&nbsp;&nbsp; 理论待机时间315小时<br />&nbsp;&nbsp;&nbsp; 可选外壳颜色黑色<br />&nbsp;&nbsp;&nbsp; 内存8GB<br />&nbsp;&nbsp;&nbsp; 体积103.4 x 51.4 x 16.5-18.5 毫米<br />&nbsp;&nbsp;&nbsp; 重量149 克<br />基本功能<br />&nbsp;&nbsp;&nbsp; 铃声MP3,aac,AAC+格式及64和弦,AMR,WMA<br />&nbsp;&nbsp;&nbsp; 通讯录名片式<br />&nbsp;&nbsp;&nbsp; 信息功能短信,彩信<br />&nbsp;&nbsp;&nbsp; 电子邮件支持IMAP4,POP3及SMTP<br />&nbsp;&nbsp;&nbsp; 输入法中文输入法<br />&nbsp;&nbsp;&nbsp; 游戏内置<br />&nbsp;&nbsp;&nbsp; 办公功能备忘录,计算器,日历,换算器,记事本,代办事务<br />&nbsp;&nbsp;&nbsp; 录音功能支持<br />&nbsp;&nbsp;&nbsp; 附加功能光线感应器,环境亮度感应器<br />数据应用功能<br />&nbsp;&nbsp;&nbsp; 蓝牙支持蓝牙2.0<br />&nbsp;&nbsp;&nbsp; 数据业务GPRS/EDGE/HSDPA<br />&nbsp;&nbsp;&nbsp; JAVA支持<br />&nbsp;&nbsp;&nbsp; WAP上网支持<br />&nbsp;&nbsp;&nbsp; WIFI不支持<br />&nbsp;&nbsp;&nbsp; GPS內置 GPS 及 A-GPS（内置导航软件在开机三个月内可免费使用十天，也可安装第三方导航软件）<br />&nbsp;&nbsp;&nbsp; 数据线支持<br />&nbsp;&nbsp;&nbsp; 扩展卡最大支持16GB MicroSD<br />多媒体娱乐功能<br />&nbsp;&nbsp;&nbsp; 摄像头内置摄像头<br />&nbsp;&nbsp;&nbsp; 主摄像头像素800万<br />&nbsp;&nbsp;&nbsp; 前置摄像头30万(支持视频通话)<br />&nbsp;&nbsp;&nbsp; 传感器类型CMOS<br />&nbsp;&nbsp;&nbsp; 闪光灯双LED闪光灯<br />&nbsp;&nbsp;&nbsp; 拍摄特色卡尔蔡司认证镜头<br />&nbsp;&nbsp;&nbsp; 拍摄功能描述最大支持3280x2464像素,自动对焦,高速快门(最快可达1/1000 秒)<br />&nbsp;&nbsp;&nbsp; 焦距4.61毫米<br />&nbsp;&nbsp;&nbsp; 焦距范围10厘米至无限远<br />&nbsp;&nbsp;&nbsp; 微距对焦10-50 厘米<br />&nbsp;&nbsp;&nbsp; 视频拍摄可摄录高达每秒30格的VGA短片<br />&nbsp;&nbsp;&nbsp; MP3播放mp3,wma,aac,eAAC,eAAC+<br />&nbsp;&nbsp;&nbsp; 耳机接口3.5mm<br />&nbsp;&nbsp;&nbsp; 视频播放支持<br />&nbsp;&nbsp;&nbsp; 多媒体内置立体声喇叭<br />&nbsp;&nbsp;&nbsp; FM收音87.5-108 MHz,支持RDS</p>', '', '', 0.00, 0.00, 'Nokia N86', 'Nokia N86', '', '', '2009-08-10 06:23:55', '2009-08-10 06:23:55'),
(63, 'chi', 32, '     免烫牛津纺全棉短袖衬衫 领尖扣 淡粉红', NULL, '<p><span style="color: #666666; font-family: 宋体; font-size: 12px; font-weight: 100; line-height: 19px;">设计师遵循布料完美肌理，立体剪裁，以直筒明门襟的经典造型、配合圆袋、曲摆的现代人性化裁减，相得益彰，浑然天成。色彩明快的纯色衬衫简洁、自然、为您营造出利落、爽朗的形象，透出热情、优雅的个性：白色、米黄、淡黄色、粉色等十余种明快的纯色缤纷呈现，各有千秋。</span></p>', '', '', 0.00, 0.00, '全棉 短袖衬衫 领尖扣 淡粉红', '设计师遵循布料完美肌理，立体剪裁，以直筒明门襟的经典造型、配合圆袋、曲摆的现代人性化裁减，相得益彰，浑然天成。色彩明快的纯色衬衫简洁、自然、为您营造出利落、爽朗的形象，透', '', '', '2009-08-10 06:14:12', '2009-08-10 06:36:48'),
(64, 'eng', 32, 'Non-iron cotton Oxford button short-sleeved yellow shirt collar tip', NULL, '<p>Designers to follow the perfect fabric texture, three-dimensional cut to门襟Straight out of the classic style with a round bag, before the modern music of the reduction of, each other, totally natural. Bright colors of solid color shirt is simple and natural, for you to create a neat, straightforward image, revealing a warm, elegant personality: white, beige, yellow, pink and so on more than ten kinds of bright solid color colorful show, is different.</p>', '', '', 0.00, 0.00, 'Cotton Short-sleeved shirt Buckle collar tip Yellow', 'Designers to follow the perfect fabric texture, three-dimensional cut to门襟Straight out of the classic style with a round bag, before the modern music of the reduction of, each other, totally natural. Bright colors of solid color shirt is simple and na', '', '', '2009-08-10 06:14:12', '2009-08-10 06:36:48'),
(65, 'chi', 33, '诺基亚 N96', NULL, '<p><br />&nbsp;&nbsp;&nbsp; 颜色说明移动定制机为正面全黑，边框是银灰的；非定制版为全黑色。<br />规格参数<br />&nbsp;&nbsp;&nbsp; [上市日期] [网络频率] [重　量] [尺寸/体积] [可选颜色] [屏幕参数] [操作系统] [通话时间] [待机时间] <br />&nbsp;&nbsp;&nbsp; 上市日期2008年09月<br />&nbsp;&nbsp;&nbsp; 网络频率GSM/GPRS/EDGE/；850/900/1800/1900<br />&nbsp;&nbsp;&nbsp; 重　量　125 克<br />&nbsp;&nbsp;&nbsp; 尺寸/体积103&times;55&times;18mm<br />&nbsp;&nbsp;&nbsp; 屏幕颜色1600万色<br />&nbsp;&nbsp;&nbsp; 屏幕材质TFT<br />&nbsp;&nbsp;&nbsp; 屏幕像素240&times;320像素<br />&nbsp;&nbsp;&nbsp; 屏幕尺寸2.8英寸<br />&nbsp;&nbsp;&nbsp; 操作系统Symbian 9.2，S60第三版FP2平台<br />&nbsp;&nbsp;&nbsp; 通话时间220 分钟<br />&nbsp;&nbsp;&nbsp; 待机时间220 小时<br />基本功能<br />&nbsp;&nbsp;&nbsp; [时钟] [内置振动] [录音] [可选铃声] [和弦铃声] [MP3铃声] [来电铃声识别] [来电图片识别] [情景模式] [待机图片] [图形菜单] [主题模式] [文件管理器] <br />&nbsp;&nbsp;&nbsp; 和弦铃声64和弦<br />&nbsp;&nbsp;&nbsp; MP3铃声支持<br />&nbsp;&nbsp;&nbsp; 可选铃声支持自设铃声<br />&nbsp;&nbsp;&nbsp; 输入法中文输入法，英文输入法，数字输入法，符号输入法<br />通信功能<br />&nbsp;&nbsp;&nbsp; [内置天线] [短信群发] [EMS短信] [超长短信] [多媒体短信] [语音拨号] [话机通讯录] [通讯录群组] [通话记录] [免提通话] <br />&nbsp;&nbsp;&nbsp; 短信群发支持<br />&nbsp;&nbsp;&nbsp; 超长短信支持<br />&nbsp;&nbsp;&nbsp; 多媒体短信支持<br />&nbsp;&nbsp;&nbsp; 免提通话支持<br />&nbsp;&nbsp;&nbsp; 语音拨号支持<br />多媒体娱乐<br />&nbsp;&nbsp;&nbsp; [TV-Out电视输出] [支持TF卡扩展] [JAVA] [内置摄像头] [闪光灯] [视频拍摄] [MP3播放器] [FM收音机] <br />&nbsp;&nbsp;&nbsp; 内存容量内存容量16G，最大支持16GB的tf卡扩展；运行内存总数:128MB<br />&nbsp;&nbsp;&nbsp; 多媒体卡扩展支持microSD卡扩展<br />&nbsp;&nbsp;&nbsp; Java扩展Java MIDP 2.0<br />&nbsp;&nbsp;&nbsp; 摄像头内置；卡尔蔡司镜头，支持自动对焦<br />&nbsp;&nbsp;&nbsp; 摄像头像素500万像素<br />&nbsp;&nbsp;&nbsp; 副摄像头像素30万像素<br />&nbsp;&nbsp;&nbsp; 传感器类型CMOS<br />&nbsp;&nbsp;&nbsp; 闪光灯内置；双LED补光灯<br />&nbsp;&nbsp;&nbsp; 照片分辨率多种照片分辨率选择<br />&nbsp;&nbsp;&nbsp; 拍摄模式多种拍摄模式选择<br />&nbsp;&nbsp;&nbsp; 照片质量多种照片质量选择<br />&nbsp;&nbsp;&nbsp; 视频拍摄有声视频拍摄；VGA分辨率，30fps视频拍摄<br />&nbsp;&nbsp;&nbsp; 视频播放支持 H.263、H.264、WMV9、RealVideo、FLV 影片播放<br />&nbsp;&nbsp;&nbsp; MP3播放器支持MP3、AAC、AAC+、eAAC+、WMA文件<br />&nbsp;&nbsp;&nbsp; 收音机FM立体声收音机<br />&nbsp;&nbsp;&nbsp; 耳机插口3.5mm接口<br />数据传输<br />&nbsp;&nbsp;&nbsp; [数据同步] [无线Modem] [E-Mail] [GPS导航] [蓝牙] <br />&nbsp;&nbsp;&nbsp; WAP浏览器WAP 2.0<br />&nbsp;&nbsp;&nbsp; WWW浏览器支持RSS订阅<br />&nbsp;&nbsp;&nbsp; 蓝牙接口V2.0，支持A2DP<br />&nbsp;&nbsp;&nbsp; 数据线接口microUSB 2.0接口<br />&nbsp;&nbsp;&nbsp; GPS导航芯片内置GPS，支持AGPS辅助定位功能、GPS相片功能<br />个人助理<br />&nbsp;&nbsp;&nbsp; [GPS导航地图] [闹钟] [日历] [计算器] [秒表] [记事本] [备忘录] [世界时钟] [单位换算] [货币换算]</p>', '', '', 0.00, 0.00, '诺基亚 N96', '诺基亚 N96', '', '', '2009-08-10 06:27:22', '2009-08-10 06:27:22'),
(66, 'eng', 33, 'Nokia N96', NULL, '<p><br />&nbsp;&nbsp;&nbsp; 颜色说明移动定制机为正面全黑，边框是银灰的；非定制版为全黑色。<br />规格参数<br />&nbsp;&nbsp;&nbsp; [上市日期] [网络频率] [重　量] [尺寸/体积] [可选颜色] [屏幕参数] [操作系统] [通话时间] [待机时间] <br />&nbsp;&nbsp;&nbsp; 上市日期2008年09月<br />&nbsp;&nbsp;&nbsp; 网络频率GSM/GPRS/EDGE/；850/900/1800/1900<br />&nbsp;&nbsp;&nbsp; 重　量　125 克<br />&nbsp;&nbsp;&nbsp; 尺寸/体积103&times;55&times;18mm<br />&nbsp;&nbsp;&nbsp; 屏幕颜色1600万色<br />&nbsp;&nbsp;&nbsp; 屏幕材质TFT<br />&nbsp;&nbsp;&nbsp; 屏幕像素240&times;320像素<br />&nbsp;&nbsp;&nbsp; 屏幕尺寸2.8英寸<br />&nbsp;&nbsp;&nbsp; 操作系统Symbian 9.2，S60第三版FP2平台<br />&nbsp;&nbsp;&nbsp; 通话时间220 分钟<br />&nbsp;&nbsp;&nbsp; 待机时间220 小时<br />基本功能<br />&nbsp;&nbsp;&nbsp; [时钟] [内置振动] [录音] [可选铃声] [和弦铃声] [MP3铃声] [来电铃声识别] [来电图片识别] [情景模式] [待机图片] [图形菜单] [主题模式] [文件管理器] <br />&nbsp;&nbsp;&nbsp; 和弦铃声64和弦<br />&nbsp;&nbsp;&nbsp; MP3铃声支持<br />&nbsp;&nbsp;&nbsp; 可选铃声支持自设铃声<br />&nbsp;&nbsp;&nbsp; 输入法中文输入法，英文输入法，数字输入法，符号输入法<br />通信功能<br />&nbsp;&nbsp;&nbsp; [内置天线] [短信群发] [EMS短信] [超长短信] [多媒体短信] [语音拨号] [话机通讯录] [通讯录群组] [通话记录] [免提通话] <br />&nbsp;&nbsp;&nbsp; 短信群发支持<br />&nbsp;&nbsp;&nbsp; 超长短信支持<br />&nbsp;&nbsp;&nbsp; 多媒体短信支持<br />&nbsp;&nbsp;&nbsp; 免提通话支持<br />&nbsp;&nbsp;&nbsp; 语音拨号支持<br />多媒体娱乐<br />&nbsp;&nbsp;&nbsp; [TV-Out电视输出] [支持TF卡扩展] [JAVA] [内置摄像头] [闪光灯] [视频拍摄] [MP3播放器] [FM收音机] <br />&nbsp;&nbsp;&nbsp; 内存容量内存容量16G，最大支持16GB的tf卡扩展；运行内存总数:128MB<br />&nbsp;&nbsp;&nbsp; 多媒体卡扩展支持microSD卡扩展<br />&nbsp;&nbsp;&nbsp; Java扩展Java MIDP 2.0<br />&nbsp;&nbsp;&nbsp; 摄像头内置；卡尔蔡司镜头，支持自动对焦<br />&nbsp;&nbsp;&nbsp; 摄像头像素500万像素<br />&nbsp;&nbsp;&nbsp; 副摄像头像素30万像素<br />&nbsp;&nbsp;&nbsp; 传感器类型CMOS<br />&nbsp;&nbsp;&nbsp; 闪光灯内置；双LED补光灯<br />&nbsp;&nbsp;&nbsp; 照片分辨率多种照片分辨率选择<br />&nbsp;&nbsp;&nbsp; 拍摄模式多种拍摄模式选择<br />&nbsp;&nbsp;&nbsp; 照片质量多种照片质量选择<br />&nbsp;&nbsp;&nbsp; 视频拍摄有声视频拍摄；VGA分辨率，30fps视频拍摄<br />&nbsp;&nbsp;&nbsp; 视频播放支持 H.263、H.264、WMV9、RealVideo、FLV 影片播放<br />&nbsp;&nbsp;&nbsp; MP3播放器支持MP3、AAC、AAC+、eAAC+、WMA文件<br />&nbsp;&nbsp;&nbsp; 收音机FM立体声收音机<br />&nbsp;&nbsp;&nbsp; 耳机插口3.5mm接口<br />数据传输<br />&nbsp;&nbsp;&nbsp; [数据同步] [无线Modem] [E-Mail] [GPS导航] [蓝牙] <br />&nbsp;&nbsp;&nbsp; WAP浏览器WAP 2.0<br />&nbsp;&nbsp;&nbsp; WWW浏览器支持RSS订阅<br />&nbsp;&nbsp;&nbsp; 蓝牙接口V2.0，支持A2DP<br />&nbsp;&nbsp;&nbsp; 数据线接口microUSB 2.0接口<br />&nbsp;&nbsp;&nbsp; GPS导航芯片内置GPS，支持AGPS辅助定位功能、GPS相片功能<br />个人助理<br />&nbsp;&nbsp;&nbsp; [GPS导航地图] [闹钟] [日历] [计算器] [秒表] [记事本] [备忘录] [世界时钟] [单位换算] [货币换算]</p>', '', '', 0.00, 0.00, 'Nokia N96', 'Nokia N96', '', '', '2009-08-10 06:27:22', '2009-08-10 06:27:22'),
(67, 'chi', 34, '诺基亚 N97', NULL, '<p><br />基本参数<br />&nbsp;&nbsp;&nbsp; 型号N97<br />&nbsp;&nbsp;&nbsp; 详细标配两块BP-4L锂电池(1500mAh),AC-10C充电器,CA-100 USB充电线,CA-101数据线,立体声耳机+线控,BH-606蓝牙耳机,触控笔,屏幕保护膜,屏幕擦拭布,手机套,用户手册,保修卡（白色版N97 蓝牙耳机为白色，黑色版N97蓝牙耳机为黑色）<br />&nbsp;&nbsp;&nbsp; 手机类型手写手机,智能手机,商务手机,音乐手机,全键盘手机<br />&nbsp;&nbsp;&nbsp; 上市日期2009年05月<br />&nbsp;&nbsp;&nbsp; 手机制式GSM<br />&nbsp;&nbsp;&nbsp; 手机频段850/900/1800/1900MHz<br />&nbsp;&nbsp;&nbsp; 手机外形滑盖,全键盘<br />&nbsp;&nbsp;&nbsp; 手机系统Symbian OS v9.4,S60 5th Edition<br />&nbsp;&nbsp;&nbsp; 主屏尺寸3.5英寸<br />&nbsp;&nbsp;&nbsp; 主屏材质TFT,电阻屏<br />&nbsp;&nbsp;&nbsp; 主屏色彩1600万色<br />&nbsp;&nbsp;&nbsp; 主屏参数360&times;640像素<br />&nbsp;&nbsp;&nbsp; 理论通话时间400分钟<br />&nbsp;&nbsp;&nbsp; 理论待机时间430小时<br />&nbsp;&nbsp;&nbsp; 机身容量32GB<br />&nbsp;&nbsp;&nbsp; 体积117.2&times;55.3&times;18.25mm<br />&nbsp;&nbsp;&nbsp; 重量150.0g<br />基本功能<br />&nbsp;&nbsp;&nbsp; 铃声支持MP3或MIDI和弦铃声<br />&nbsp;&nbsp;&nbsp; 通讯录名片式<br />&nbsp;&nbsp;&nbsp; 信息功能短信,彩信<br />&nbsp;&nbsp;&nbsp; 电子邮件支持<br />&nbsp;&nbsp;&nbsp; 输入法手写输入,全键盘输入<br />&nbsp;&nbsp;&nbsp; 游戏内置<br />&nbsp;&nbsp;&nbsp; 办公功能日历,日程表,闹钟,Excel,PDF,Powerpoint,Word,Zip阅读<br />&nbsp;&nbsp;&nbsp; 录音功能支持<br />&nbsp;&nbsp;&nbsp; 主要功能S60第二款全触摸手机,配合全键盘操作,给您带来全新的用户体验,诺基亚新一代机皇<br />数据应用功能<br />&nbsp;&nbsp;&nbsp; 蓝牙支持蓝牙立体声<br />&nbsp;&nbsp;&nbsp; 数据业务GPRS/EDGE<br />&nbsp;&nbsp;&nbsp; JAVA支持<br />&nbsp;&nbsp;&nbsp; WAP上网支持<br />&nbsp;&nbsp;&nbsp; 数据线支持<br />&nbsp;&nbsp;&nbsp; 扩展卡最大支持16GB MicroSD<br />&nbsp;&nbsp;&nbsp; GPS支持GPS导航<br />多媒体娱乐功能<br />&nbsp;&nbsp;&nbsp; 摄像头内置摄像头<br />&nbsp;&nbsp;&nbsp; 主摄像头像素500万像素<br />&nbsp;&nbsp;&nbsp; 副摄像头像素30万像素<br />&nbsp;&nbsp;&nbsp; 传感器类型CMOS<br />&nbsp;&nbsp;&nbsp; 闪光灯LED闪光灯<br />&nbsp;&nbsp;&nbsp; 拍摄特色卡尔&middot;蔡司认证镜头<br />&nbsp;&nbsp;&nbsp; 拍摄功能描述最大支持2592 x 1944分辨率,四倍数码变焦,自动对焦,全屏取景<br />&nbsp;&nbsp;&nbsp; 视频拍摄支持640 x 480分辨率,30fps,H.263, MPEG-4 视频拍摄<br />&nbsp;&nbsp;&nbsp; MP3播放AAC, AAC+, AMR-NB, AMR-WB, AU, AWB, eAAC+, M4A, MIDI<br />&nbsp;&nbsp;&nbsp; 视频播放3GPP formats (H.263), Flash Video, H.264/AVC, MPEG-4<br />&nbsp;&nbsp;&nbsp; 耳机接口3.5mm<br />&nbsp;&nbsp;&nbsp; FM收音支持立体声收音机</p>', '', '', 0.00, 0.00, '诺基亚 N97', '诺基亚 N97', '', '', '2009-08-10 06:34:31', '2009-08-10 06:34:31'),
(68, 'eng', 34, 'Nokia N97', NULL, '<p><br />基本参数<br />&nbsp;&nbsp;&nbsp; 型号N97<br />&nbsp;&nbsp;&nbsp; 详细标配两块BP-4L锂电池(1500mAh),AC-10C充电器,CA-100 USB充电线,CA-101数据线,立体声耳机+线控,BH-606蓝牙耳机,触控笔,屏幕保护膜,屏幕擦拭布,手机套,用户手册,保修卡（白色版N97 蓝牙耳机为白色，黑色版N97蓝牙耳机为黑色）<br />&nbsp;&nbsp;&nbsp; 手机类型手写手机,智能手机,商务手机,音乐手机,全键盘手机<br />&nbsp;&nbsp;&nbsp; 上市日期2009年05月<br />&nbsp;&nbsp;&nbsp; 手机制式GSM<br />&nbsp;&nbsp;&nbsp; 手机频段850/900/1800/1900MHz<br />&nbsp;&nbsp;&nbsp; 手机外形滑盖,全键盘<br />&nbsp;&nbsp;&nbsp; 手机系统Symbian OS v9.4,S60 5th Edition<br />&nbsp;&nbsp;&nbsp; 主屏尺寸3.5英寸<br />&nbsp;&nbsp;&nbsp; 主屏材质TFT,电阻屏<br />&nbsp;&nbsp;&nbsp; 主屏色彩1600万色<br />&nbsp;&nbsp;&nbsp; 主屏参数360&times;640像素<br />&nbsp;&nbsp;&nbsp; 理论通话时间400分钟<br />&nbsp;&nbsp;&nbsp; 理论待机时间430小时<br />&nbsp;&nbsp;&nbsp; 机身容量32GB<br />&nbsp;&nbsp;&nbsp; 体积117.2&times;55.3&times;18.25mm<br />&nbsp;&nbsp;&nbsp; 重量150.0g<br />基本功能<br />&nbsp;&nbsp;&nbsp; 铃声支持MP3或MIDI和弦铃声<br />&nbsp;&nbsp;&nbsp; 通讯录名片式<br />&nbsp;&nbsp;&nbsp; 信息功能短信,彩信<br />&nbsp;&nbsp;&nbsp; 电子邮件支持<br />&nbsp;&nbsp;&nbsp; 输入法手写输入,全键盘输入<br />&nbsp;&nbsp;&nbsp; 游戏内置<br />&nbsp;&nbsp;&nbsp; 办公功能日历,日程表,闹钟,Excel,PDF,Powerpoint,Word,Zip阅读<br />&nbsp;&nbsp;&nbsp; 录音功能支持<br />&nbsp;&nbsp;&nbsp; 主要功能S60第二款全触摸手机,配合全键盘操作,给您带来全新的用户体验,诺基亚新一代机皇<br />数据应用功能<br />&nbsp;&nbsp;&nbsp; 蓝牙支持蓝牙立体声<br />&nbsp;&nbsp;&nbsp; 数据业务GPRS/EDGE<br />&nbsp;&nbsp;&nbsp; JAVA支持<br />&nbsp;&nbsp;&nbsp; WAP上网支持<br />&nbsp;&nbsp;&nbsp; 数据线支持<br />&nbsp;&nbsp;&nbsp; 扩展卡最大支持16GB MicroSD<br />&nbsp;&nbsp;&nbsp; GPS支持GPS导航<br />多媒体娱乐功能<br />&nbsp;&nbsp;&nbsp; 摄像头内置摄像头<br />&nbsp;&nbsp;&nbsp; 主摄像头像素500万像素<br />&nbsp;&nbsp;&nbsp; 副摄像头像素30万像素<br />&nbsp;&nbsp;&nbsp; 传感器类型CMOS<br />&nbsp;&nbsp;&nbsp; 闪光灯LED闪光灯<br />&nbsp;&nbsp;&nbsp; 拍摄特色卡尔&middot;蔡司认证镜头<br />&nbsp;&nbsp;&nbsp; 拍摄功能描述最大支持2592 x 1944分辨率,四倍数码变焦,自动对焦,全屏取景<br />&nbsp;&nbsp;&nbsp; 视频拍摄支持640 x 480分辨率,30fps,H.263, MPEG-4 视频拍摄<br />&nbsp;&nbsp;&nbsp; MP3播放AAC, AAC+, AMR-NB, AMR-WB, AU, AWB, eAAC+, M4A, MIDI<br />&nbsp;&nbsp;&nbsp; 视频播放3GPP formats (H.263), Flash Video, H.264/AVC, MPEG-4<br />&nbsp;&nbsp;&nbsp; 耳机接口3.5mm<br />&nbsp;&nbsp;&nbsp; FM收音支持立体声收音机</p>', '', '', 0.00, 0.00, 'Nokia N97', 'Nokia N97', '', '', '2009-08-10 06:34:31', '2009-08-10 06:34:31'),
(69, 'chi', 35, '免烫牛津纺全棉短袖衬衫 领尖扣 水蓝细条纹', NULL, '<p><span style="color: #666666; font-family: 宋体; font-size: 12px; font-weight: 100; line-height: 19px;">设计师遵循布料完美肌理，立体剪裁，以直筒明门襟的经典造型、配合圆袋、曲摆的现代人性化裁减，相得益彰，浑然天成。色彩明快的纯色衬衫简洁、自然、为您营造出利落、爽朗的形象，透出热情、优雅的个性：白色、米黄、淡黄色、粉色等十余种明快的纯色缤纷呈现，各有千秋。</span></p>', '', '', 0.00, 0.00, '全棉 短袖衬衫 领尖扣 水蓝细条纹', '设计师遵循布料完美肌理，立体剪裁，以直筒明门襟的经典造型、配合圆袋、曲摆的现代人性化裁减，相得益彰，浑然天成。色彩明快的纯色衬衫简洁、自然、为您营造出利落、爽朗的形象，透', '', '', '2009-08-10 06:14:12', '2009-08-10 06:39:29'),
(70, 'eng', 35, '免烫牛津纺全棉短袖衬衫 领尖扣 水蓝细条纹', NULL, '<p>Designers to follow the perfect fabric texture, three-dimensional cut to门襟Straight out of the classic style with a round bag, before the modern music of the reduction of, each other, totally natural. Bright colors of solid color shirt is simple and natural, for you to create a neat, straightforward image, revealing a warm, elegant personality: white, beige, yellow, pink and so on more than ten kinds of bright solid color colorful show, is different.</p>', '', '', 0.00, 0.00, 'Cotton Short-sleeved shirt Buckle collar tip Yellow', 'Designers to follow the perfect fabric texture, three-dimensional cut to门襟Straight out of the classic style with a round bag, before the modern music of the reduction of, each other, totally natural. Bright colors of solid color shirt is simple and na', '', '', '2009-08-10 06:14:12', '2009-08-10 06:39:29'),
(71, 'chi', 36, '全棉斜纹直筒卡其裤 灰色', NULL, '<p><span style="color: #666666; font-family: 宋体; font-size: 12px; font-weight: 100; line-height: 19px;">选用美国优质棉花为原料纺织而成，全棉密织斜纹，布面结构紧密细致，薄厚适中，穿着舒适，不起毛，不褪色。采用韩国设计师专为亚洲男士打造的完美版型，前片采用干净利落的无褶设计，简洁合身.整体裤型为收身直筒，线条顺直流畅。YKK双保险反扣拉头、滑动自如，精选青古铜色，彰显高档品质。激光刻字纽扣，圆润饱满。流畅的线条、舒适的穿着感受，无论商务和休闲场合都能从容应对。</span></p>', '', '', 0.00, 0.00, '卡其裤 灰色', '选用美国优质棉花为原料纺织而成，全棉密织斜纹，布面结构紧密细致，薄厚适中，穿着舒适，不起毛，不褪色。采用韩国设计师专为亚洲男士打造的完美版型，前片采用干净利落的无褶设计，', '', '', '2009-08-10 06:49:13', '2009-08-10 06:50:00'),
(72, 'eng', 36, 'Straight khaki cotton twill pants gray', NULL, '<p>Selection of the United States for high-quality cotton textiles from raw materials, dense weave cotton twill, the fabric structure and meticulous, modest薄厚, wearing comfortable, not hair, do not fade. Korean designers specifically for Asian men to create the perfect version of type, the former chip-free use of a clear-cut pleated design, simple fit. The whole body as the receiving-type trousers Straight, smooth straight lines. YKK Zipper反扣double insurance, sliding freely selected Green bronzed, high-quality shows. Laser lettering buttons, mellow and full. Smooth lines, comfortable feeling of wearing, regardless of occasions, both business and leisure calmly.</p>', '', '', 0.00, 0.00, 'Khaki pants gray', 'Selection of the United States for high-quality cotton textiles from raw materials, dense weave cotton twill, the fabric structure and meticulous, modest薄厚, wearing comfortable, not hair, do not fade. Korean designers specifically for Asian men to cre', '', '', '2009-08-10 06:49:13', '2009-08-10 06:50:00'),
(73, 'chi', 37, '全棉斜纹直筒卡其裤 米白色', NULL, '<p><span style="color: #666666; font-family: 宋体; font-size: 12px; font-weight: 100; line-height: 19px;">选用美国优质棉花为原料纺织而成，全棉密织斜纹，布面结构紧密细致，薄厚适中，穿着舒适，不起毛，不褪色。采用韩国设计师专为亚洲男士打造的完美版型，前片采用干净利落的无褶设计，简洁合身.整体裤型为收身直筒，线条顺直流畅。YKK双保险反扣拉头、滑动自如，精选青古铜色，彰显高档品质。激光刻字纽扣，圆润饱满。流畅的线条、舒适的穿着感受，无论商务和休闲场合都能从容应对。</span></p>', '', '', 0.00, 0.00, '卡其裤 米白色', '选用美国优质棉花为原料纺织而成，全棉密织斜纹，布面结构紧密细致，薄厚适中，穿着舒适，不起毛，不褪色。采用韩国设计师专为亚洲男士打造的完美版型，前片采用干净利落的无褶设计，', '', '', '2009-08-10 06:49:13', '2009-08-10 07:04:08'),
(74, 'eng', 37, 'Straight khaki cotton twill pants gray', NULL, '<p>Selection of the United States for high-quality cotton textiles from raw materials, dense weave cotton twill, the fabric structure and meticulous, modest薄厚, wearing comfortable, not hair, do not fade. Korean designers specifically for Asian men to create the perfect version of type, the former chip-free use of a clear-cut pleated design, simple fit. The whole body as the receiving-type trousers Straight, smooth straight lines. YKK Zipper反扣double insurance, sliding freely selected Green bronzed, high-quality shows. Laser lettering buttons, mellow and full. Smooth lines, comfortable feeling of wearing, regardless of occasions, both business and leisure calmly.</p>', '', '', 0.00, 0.00, 'Khaki pants gray', 'Selection of the United States for high-quality cotton textiles from raw materials, dense weave cotton twill, the fabric structure and meticulous, modest薄厚, wearing comfortable, not hair, do not fade. Korean designers specifically for Asian men to cre', '', '', '2009-08-10 06:49:13', '2009-08-10 07:04:08'),
(75, 'chi', 38, '全棉斜纹直筒卡其裤 卡其色', NULL, '<p><span style="color: #666666; font-family: 宋体; font-size: 12px; font-weight: 100; line-height: 19px;">选用美国优质棉花为原料纺织而成，全棉密织斜纹，布面结构紧密细致，薄厚适中，穿着舒适，不起毛，不褪色。采用韩国设计师专为亚洲男士打造的完美版型，前片采用干净利落的无褶设计，简洁合身.整体裤型为收身直筒，线条顺直流畅。YKK双保险反扣拉头、滑动自如，精选青古铜色，彰显高档品质。激光刻字纽扣，圆润饱满。流畅的线条、舒适的穿着感受，无论商务和休闲场合都能从容应对。</span></p>', '', '', 0.00, 0.00, '卡其裤 卡其色', '选用美国优质棉花为原料纺织而成，全棉密织斜纹，布面结构紧密细致，薄厚适中，穿着舒适，不起毛，不褪色。采用韩国设计师专为亚洲男士打造的完美版型，前片采用干净利落的无褶设计，', '', '', '2009-08-10 06:49:13', '2009-08-10 07:09:18'),
(76, 'eng', 38, 'Straight khaki cotton twill pants gray', NULL, '<p>Selection of the United States for high-quality cotton textiles from raw materials, dense weave cotton twill, the fabric structure and meticulous, modest薄厚, wearing comfortable, not hair, do not fade. Korean designers specifically for Asian men to create the perfect version of type, the former chip-free use of a clear-cut pleated design, simple fit. The whole body as the receiving-type trousers Straight, smooth straight lines. YKK Zipper反扣double insurance, sliding freely selected Green bronzed, high-quality shows. Laser lettering buttons, mellow and full. Smooth lines, comfortable feeling of wearing, regardless of occasions, both business and leisure calmly.</p>', '', '', 0.00, 0.00, 'Khaki pants gray', 'Selection of the United States for high-quality cotton textiles from raw materials, dense weave cotton twill, the fabric structure and meticulous, modest薄厚, wearing comfortable, not hair, do not fade. Korean designers specifically for Asian men to cre', '', '', '2009-08-10 06:49:13', '2009-08-10 07:09:18'),
(77, 'chi', 39, '全棉斜纹直筒卡其裤 黑色', NULL, '<p><span style="color: #666666; font-family: 宋体; font-size: 12px; font-weight: 100; line-height: 19px;">选用美国优质棉花为原料纺织而成，全棉密织斜纹，布面结构紧密细致，薄厚适中，穿着舒适，不起毛，不褪色。采用韩国设计师专为亚洲男士打造的完美版型，前片采用干净利落的无褶设计，简洁合身.整体裤型为收身直筒，线条顺直流畅。YKK双保险反扣拉头、滑动自如，精选青古铜色，彰显高档品质。激光刻字纽扣，圆润饱满。流畅的线条、舒适的穿着感受，无论商务和休闲场合都能从容应对。</span></p>', '', '', 0.00, 0.00, '卡其裤 黑色', '选用美国优质棉花为原料纺织而成，全棉密织斜纹，布面结构紧密细致，薄厚适中，穿着舒适，不起毛，不褪色。采用韩国设计师专为亚洲男士打造的完美版型，前片采用干净利落的无褶设计，', '', '', '2009-08-10 06:49:13', '2009-08-10 07:14:24'),
(78, 'eng', 39, 'Straight khaki cotton twill pants Black', NULL, '<p>Selection of the United States for high-quality cotton textiles from raw materials, dense weave cotton twill, the fabric structure and meticulous, modest薄厚, wearing comfortable, not hair, do not fade. Korean designers specifically for Asian men to create the perfect version of type, the former chip-free use of a clear-cut pleated design, simple fit. The whole body as the receiving-type trousers Straight, smooth straight lines. YKK Zipper反扣double insurance, sliding freely selected Green bronzed, high-quality shows. Laser lettering buttons, mellow and full. Smooth lines, comfortable feeling of wearing, regardless of occasions, both business and leisure calmly.</p>', '', '', 0.00, 0.00, 'Khaki pants Black', 'Selection of the United States for high-quality cotton textiles from raw materials, dense weave cotton twill, the fabric structure and meticulous, modest薄厚, wearing comfortable, not hair, do not fade. Korean designers specifically for Asian men to cre', '', '', '2009-08-10 06:49:13', '2009-08-10 07:14:24'),
(79, 'chi', 40, '全棉斜纹直筒卡其裤 藏青色', '', '<p><span style="color: #666666; font-family: 宋体; font-size: 12px; font-weight: 100; line-height: 19px;">选用美国优质棉花为原料纺织而成，全棉密织斜纹，布面结构紧密细致，薄厚适中，穿着舒适，不起毛，不褪色。采用韩国设计师专为亚洲男士打造的完美版型，前片采用干净利落的无褶设计，简洁合身.整体裤型为收身直筒，线条顺直流畅。YKK双保险反扣拉头、滑动自如，精选青古铜色，彰显高档品质。激光刻字纽扣，圆润饱满。流畅的线条、舒适的穿着感受，无论商务和休闲场合都能从容应对。</span></p>', '', '', 0.00, 0.00, '卡其裤 藏青色', '选用美国优质棉花为原料纺织而成，全棉密织斜纹，布面结构紧密细致，薄厚适中，穿着舒适，不起毛，不褪色。采用韩国设计师专为亚洲男士打造的完美版型，前片采用干净利落的无褶设计，', '', '', '2009-08-10 06:49:13', '2009-08-20 03:32:09'),
(80, 'eng', 40, 'Straight khaki cotton twill pants Navy', '', '<p>Selection of the United States for high-quality cotton textiles from raw materials, dense weave cotton twill, the fabric structure and meticulous, modest薄厚, wearing comfortable, not hair, do not fade. Korean designers specifically for Asian men to create the perfect version of type, the former chip-free use of a clear-cut pleated design, simple fit. The whole body as the receiving-type trousers Straight, smooth straight lines. YKK Zipper反扣double insurance, sliding freely selected Green bronzed, high-quality shows. Laser lettering buttons, mellow and full. Smooth lines, comfortable feeling of wearing, regardless of occasions, both business and leisure calmly.</p>', '', '', 0.00, 0.00, 'Khaki pants Navy', 'Selection of the United States for high-quality cotton textiles from raw materials, dense weave cotton twill, the fabric structure and meticulous, modest薄厚, wearing comfortable, not hair, do not fade. Korean designers specifically for Asian men to cre', '', '', '2009-08-10 06:49:13', '2009-08-20 03:32:09'),
(81, 'chi', 48, '欧式丝光舒适板鞋（女款） 黑色', NULL, '<p>源于街头文化的潮流代表帆布鞋，是一个可爱，快乐且纯真的世界。灵动的丝光布把帆布鞋带到想象的世界，在创意与灵感的碰撞中诠释出自己时尚哲学。这种雅致的色调令它在夏日备受瞩目，幻化无穷而随心所欲。</p>', '', '', 0.00, 0.00, '欧式丝光舒适板鞋', '源于街头文化的潮流代表帆布鞋，是一个可爱，快乐且纯真的世界。灵动的丝光布把帆布鞋带到想象的世界，在创意与灵感的碰撞中诠释出自己时尚哲学。这种雅致的色调令它在夏日备受瞩目，', '', '', '2009-08-10 07:49:47', '2009-08-10 07:55:06');
INSERT INTO `svcart_product_i18ns` (`id`, `locale`, `product_id`, `name`, `style_name`, `description`, `seller_note`, `delivery_note`, `market_price`, `shop_price`, `meta_keywords`, `meta_description`, `api_site_url`, `api_cart_url`, `created`, `modified`) VALUES
(82, 'eng', 42, 'Nokia 1508', NULL, '<dl><dt>基本参数</dt><dd><strong>型号</strong><span>1508</span></dd><dd><strong>手机类型</strong><span>CDMA手机</span></dd><dd><strong>上市日期</strong><span>2008年08月</span></dd><dd><strong>手机制式</strong><span>CDMA</span></dd><dd><strong>手机频段</strong><span>CDMA 800</span></dd><dd><strong>手机外形</strong><span>直板</span></dd><dd><strong>主屏材质</strong><span>CSTN</span></dd><dd><strong>主屏色彩</strong><span>65K</span></dd><dd><strong>主屏参数</strong><span>128 x 128</span></dd><dd><strong>理论通话时间</strong><span>3.2小时</span></dd><dd><strong>理论待机时间</strong><span>8.3天</span></dd><dd><strong>体积</strong><span>103.8x43x14.8毫米</span></dd><dd><strong>重量</strong><span>68克</span></dd><dt>基本功能</dt><dd><strong>铃声</strong><span>和弦</span></dd><dd><strong>通讯录</strong><span>500个通讯录联系人</span></dd><dd><strong>录音</strong><span>语音备忘,最长3分钟录音</span></dd><dd><strong>信息功能</strong><span>短信</span></dd><dd><strong>输入法</strong><span>中文,英文</span></dd><dd><strong>办公功能</strong><span>闹钟、收信人列表和日历</span></dd><dd><strong>主要功能</strong><span>支持 CDMA 1x Data,可使用您的手机通过 PC 方便地连接到互联网。</span></dd><dd><strong>附加功能</strong><span>使用内置FM调频收音机及时了解音乐、新闻和天气等内容</span></dd><dt>数据应用功能</dt><dd><strong>蓝牙</strong><span>不支持</span></dd><dd><strong>JAVA</strong><span>不支持</span></dd><dd><strong>WAP上网</strong><span>不支持</span></dd><dd><strong>数据线</strong><span>支持</span></dd><dd><strong>扩展卡</strong><span>不支持</span></dd><dt>多媒体娱乐功能</dt><dd><strong>摄像头</strong><span>无</span></dd><dd><strong>耳机接口</strong><span>2.5mm</span></dd><dd><strong>MP3播放</strong><span>不支持</span></dd><dd><strong>视频播放</strong><span>不支持</span></dd><dd><strong>FM收音</strong><span>支持</span></dd></dl>\r\n<div style="border-bottom: 0pt none; padding: 0pt 10px 10px 0px; display: none;">\r\n<p style="margin: 0px 10px 10px; padding: 5px;">该手机暂无评测，我们将会尽快添加。</p>\r\n</div>\r\n<div style="border-bottom: 0pt none; padding: 0pt 10px 10px 0px; display: none;">\r\n<div>此款手机的常识内容仅供参考，部分内容需要进行实机操作与软件安装，建议事先咨询官方客服进行确认，避免出现问题。</div>\r\n</div>', '', '', 0.00, 0.00, 'Nokia 1508', 'Nokia 1508', '', '', '2009-08-10 07:31:24', '2009-08-10 07:33:56'),
(83, 'chi', 47, '欧式丝光舒适板鞋（女款） 蓝色', NULL, '<p>源于街头文化的潮流代表帆布鞋，是一个可爱，快乐且纯真的世界。灵动的丝光布把帆布鞋带到想象的世界，在创意与灵感的碰撞中诠释出自己时尚哲学。这种雅致的色调令它在夏日备受瞩目，幻化无穷而随心所欲。</p>', '', '', 0.00, 0.00, '欧式丝光舒适板鞋', '源于街头文化的潮流代表帆布鞋，是一个可爱，快乐且纯真的世界。灵动的丝光布把帆布鞋带到想象的世界，在创意与灵感的碰撞中诠释出自己时尚哲学。这种雅致的色调令它在夏日备受瞩目，', '', '', '2009-08-10 07:49:47', '2009-08-10 07:49:47'),
(84, 'eng', 47, 'Continental Comfort mercerizing(female section) blue', NULL, '<p>Stems from the trend of street culture on behalf of canvas shoes, is a lovely, happy and innocent world. Smart cloth to canvas the mercerizing shoelaces to imagine the world of the collision between creativity and inspiration in their own fashion philosophy of interpretation. This elegant colors make it a great deal of attention in the summer, and want, turned into endless.</p>', '', '', 0.00, 0.00, 'Continental Comfort mercerizing', 'Stems from the trend of street culture on behalf of canvas shoes, is a lovely, happy and innocent world. Smart cloth to canvas the mercerizing shoelaces to imagine the world of the collision between creativity and inspiration in their own fashion philosop', '', '', '2009-08-10 07:49:47', '2009-08-10 07:49:47'),
(85, 'chi', 43, '商务休闲裤（标准款） 黑色', '', '<p>此款产品选用优质美棉做原料，面料采用特殊斜纹组织，经向紧密排列，布面细腻，纹路清晰。面料经过磨毛柔软处理后，表面形成细密的绒毛感，手感异常丰满。既增加了穿着的柔软舒适性也保留了面料原有的挺括，并且在后整理的过程中加入抗静电助剂，有效的防止在穿着时吸灰沾尘的现象。前片采用干净利落的无褶设计，激光刻字纽扣，圆润饱满，选用同色口袋布，彰显高档品质。此款产品适合夏季穿着。</p>', '', '', 0.00, 0.00, '商务休闲裤 ', '此款产品选用优质美棉做原料，面料采用特殊斜纹组织，经向紧密排列，布面细腻，纹路清晰。面料经过磨毛柔软处理后，表面形成细密的绒毛感，手感异常丰满。既增加了穿着的柔软舒适性也', '', '', '2009-08-10 07:29:53', '2009-09-08 04:41:05'),
(86, 'eng', 43, 'Business casual pants (standard paragraph) Black', '', '<p>This high-quality products made of raw materials the United States cotton, twill fabric special organization to work closely with, fine cloth, clear lines. After a soft cloth after sanding, the surface of the villi as well as a sense of fullness feeling abnormal. An increase of both soft and comfortable to wear also retains and keeps the original fabric, and finishing the process of adding anti-static additive, effective at preventing wear dust absorption phenomenon James Ash. Clear-cut before the film''s use of non-pleated designs, laser lettering buttons, mellow and full, choose the same color pocket cloth, high-quality shows. This product suitable for summer wear.</p>', '', '', 0.00, 0.00, 'Business casual pants', 'This high-quality products made of raw materials the United States cotton, twill fabric special organization to work closely with, fine cloth, clear lines. After a soft cloth after sanding, the surface of the villi as well as a sense of fullness feeling a', '', '', '2009-08-10 07:29:53', '2009-09-08 04:41:05'),
(87, 'chi', 44, '商务休闲裤（标准款） 浅卡其', NULL, '<p>此款产品选用优质美棉做原料，面料采用特殊斜纹组织，经向紧密排列，布面细腻，纹路清晰。面料经过磨毛柔软处理后，表面形成细密的绒毛感，手感异常丰满。既增加了穿着的柔软舒适性也保留了面料原有的挺括，并且在后整理的过程中加入抗静电助剂，有效的防止在穿着时吸灰沾尘的现象。前片采用干净利落的无褶设计，激光刻字纽扣，圆润饱满，选用同色口袋布，彰显高档品质。此款产品适合夏季穿着。</p>', '', '', 0.00, 0.00, '商务休闲裤 ', '此款产品选用优质美棉做原料，面料采用特殊斜纹组织，经向紧密排列，布面细腻，纹路清晰。面料经过磨毛柔软处理后，表面形成细密的绒毛感，手感异常丰满。既增加了穿着的柔软舒适性也', '', '', '2009-08-10 07:29:53', '2009-08-10 07:36:05'),
(88, 'eng', 44, 'Business casual pants (standard paragraph) Light khaki', NULL, '<p>This high-quality products made of raw materials the United States cotton, twill fabric special organization to work closely with, fine cloth, clear lines. After a soft cloth after sanding, the surface of the villi as well as a sense of fullness feeling abnormal. An increase of both soft and comfortable to wear also retains and keeps the original fabric, and finishing the process of adding anti-static additive, effective at preventing wear dust absorption phenomenon James Ash. Clear-cut before the film''s use of non-pleated designs, laser lettering buttons, mellow and full, choose the same color pocket cloth, high-quality shows. This product suitable for summer wear.</p>', '', '', 0.00, 0.00, 'Business casual pants', 'This high-quality products made of raw materials the United States cotton, twill fabric special organization to work closely with, fine cloth, clear lines. After a soft cloth after sanding, the surface of the villi as well as a sense of fullness feeling a', '', '', '2009-08-10 07:29:53', '2009-08-10 07:36:05'),
(89, 'chi', 45, '商务休闲裤（标准款）深卡其', NULL, '<p>此款产品选用优质美棉做原料，面料采用特殊斜纹组织，经向紧密排列，布面细腻，纹路清晰。面料经过磨毛柔软处理后，表面形成细密的绒毛感，手感异常丰满。既增加了穿着的柔软舒适性也保留了面料原有的挺括，并且在后整理的过程中加入抗静电助剂，有效的防止在穿着时吸灰沾尘的现象。前片采用干净利落的无褶设计，激光刻字纽扣，圆润饱满，选用同色口袋布，彰显高档品质。此款产品适合夏季穿着。</p>', '', '', 0.00, 0.00, '商务休闲裤 ', '此款产品选用优质美棉做原料，面料采用特殊斜纹组织，经向紧密排列，布面细腻，纹路清晰。面料经过磨毛柔软处理后，表面形成细密的绒毛感，手感异常丰满。既增加了穿着的柔软舒适性也', '', '', '2009-08-10 07:29:53', '2009-08-10 07:38:45'),
(90, 'eng', 45, 'Business casual pants (standard paragraph) Deep khaki', NULL, '<p>This high-quality products made of raw materials the United States cotton, twill fabric special organization to work closely with, fine cloth, clear lines. After a soft cloth after sanding, the surface of the villi as well as a sense of fullness feeling abnormal. An increase of both soft and comfortable to wear also retains and keeps the original fabric, and finishing the process of adding anti-static additive, effective at preventing wear dust absorption phenomenon James Ash. Clear-cut before the film''s use of non-pleated designs, laser lettering buttons, mellow and full, choose the same color pocket cloth, high-quality shows. This product suitable for summer wear.</p>', '', '', 0.00, 0.00, 'Business casual pants', 'This high-quality products made of raw materials the United States cotton, twill fabric special organization to work closely with, fine cloth, clear lines. After a soft cloth after sanding, the surface of the villi as well as a sense of fullness feeling a', '', '', '2009-08-10 07:29:53', '2009-08-10 07:38:45'),
(91, 'chi', 46, '商务休闲裤（标准款）藏青', NULL, '<p>此款产品选用优质美棉做原料，面料采用特殊斜纹组织，经向紧密排列，布面细腻，纹路清晰。面料经过磨毛柔软处理后，表面形成细密的绒毛感，手感异常丰满。既增加了穿着的柔软舒适性也保留了面料原有的挺括，并且在后整理的过程中加入抗静电助剂，有效的防止在穿着时吸灰沾尘的现象。前片采用干净利落的无褶设计，激光刻字纽扣，圆润饱满，选用同色口袋布，彰显高档品质。此款产品适合夏季穿着。</p>', '', '', 0.00, 0.00, '商务休闲裤 ', '此款产品选用优质美棉做原料，面料采用特殊斜纹组织，经向紧密排列，布面细腻，纹路清晰。面料经过磨毛柔软处理后，表面形成细密的绒毛感，手感异常丰满。既增加了穿着的柔软舒适性也', '', '', '2009-08-10 07:29:53', '2009-08-10 07:41:17'),
(92, 'eng', 46, 'Business casual pants (standard paragraph) Navy', NULL, '<p>This high-quality products made of raw materials the United States cotton, twill fabric special organization to work closely with, fine cloth, clear lines. After a soft cloth after sanding, the surface of the villi as well as a sense of fullness feeling abnormal. An increase of both soft and comfortable to wear also retains and keeps the original fabric, and finishing the process of adding anti-static additive, effective at preventing wear dust absorption phenomenon James Ash. Clear-cut before the film''s use of non-pleated designs, laser lettering buttons, mellow and full, choose the same color pocket cloth, high-quality shows. This product suitable for summer wear.</p>', '', '', 0.00, 0.00, 'Business casual pants', 'This high-quality products made of raw materials the United States cotton, twill fabric special organization to work closely with, fine cloth, clear lines. After a soft cloth after sanding, the surface of the villi as well as a sense of fullness feeling a', '', '', '2009-08-10 07:29:53', '2009-08-10 07:41:17'),
(93, 'eng', 48, 'Continental Comfort mercerizing(female section) black', NULL, '<p>Stems from the trend of street culture on behalf of canvas shoes, is a lovely, happy and innocent world. Smart cloth to canvas the mercerizing shoelaces to imagine the world of the collision between creativity and inspiration in their own fashion philosophy of interpretation. This elegant colors make it a great deal of attention in the summer, and want, turned into endless.</p>', '', '', 0.00, 0.00, 'Continental Comfort mercerizing', 'Stems from the trend of street culture on behalf of canvas shoes, is a lovely, happy and innocent world. Smart cloth to canvas the mercerizing shoelaces to imagine the world of the collision between creativity and inspiration in their own fashion philosop', '', '', '2009-08-10 07:49:47', '2009-08-10 07:55:06'),
(94, 'chi', 50, '欧式丝光舒适板鞋（女款） 白色', '', '<p>源于街头文化的潮流代表帆布鞋，是一个可爱，快乐且纯真的世界。灵动的丝光布把帆布鞋带到想象的世界，在创意与灵感的碰撞中诠释出自己时尚哲学。这种雅致的色调令它在夏日备受瞩目，幻化无穷而随心所欲。</p>', '', '', 0.00, 0.00, '欧式丝光舒适板鞋', '源于街头文化的潮流代表帆布鞋，是一个可爱，快乐且纯真的世界。灵动的丝光布把帆布鞋带到想象的世界，在创意与灵感的碰撞中诠释出自己时尚哲学。这种雅致的色调令它在夏日备受瞩目，', '', '', '2009-08-10 07:49:47', '2009-08-20 03:31:38'),
(95, 'eng', 50, 'Continental Comfort mercerizing(female section) White', '', '<p>Stems from the trend of street culture on behalf of canvas shoes, is a lovely, happy and innocent world. Smart cloth to canvas the mercerizing shoelaces to imagine the world of the collision between creativity and inspiration in their own fashion philosophy of interpretation. This elegant colors make it a great deal of attention in the summer, and want, turned into endless.</p>', '', '', 0.00, 0.00, 'Continental Comfort mercerizing', 'Stems from the trend of street culture on behalf of canvas shoes, is a lovely, happy and innocent world. Smart cloth to canvas the mercerizing shoelaces to imagine the world of the collision between creativity and inspiration in their own fashion philosop', '', '', '2009-08-10 07:49:47', '2009-08-20 03:31:38'),
(96, 'chi', 51, '欧式丝光舒适板鞋（女款） 灰色', NULL, '<p>源于街头文化的潮流代表帆布鞋，是一个可爱，快乐且纯真的世界。灵动的丝光布把帆布鞋带到想象的世界，在创意与灵感的碰撞中诠释出自己时尚哲学。这种雅致的色调令它在夏日备受瞩目，幻化无穷而随心所欲。</p>', '', '', 0.00, 0.00, '欧式丝光舒适板鞋', '源于街头文化的潮流代表帆布鞋，是一个可爱，快乐且纯真的世界。灵动的丝光布把帆布鞋带到想象的世界，在创意与灵感的碰撞中诠释出自己时尚哲学。这种雅致的色调令它在夏日备受瞩目，', '', '', '2009-08-10 07:49:47', '2009-08-10 08:00:17'),
(97, 'eng', 51, 'Continental Comfort mercerizing(female section) gray', NULL, '<p>Stems from the trend of street culture on behalf of canvas shoes, is a lovely, happy and innocent world. Smart cloth to canvas the mercerizing shoelaces to imagine the world of the collision between creativity and inspiration in their own fashion philosophy of interpretation. This elegant colors make it a great deal of attention in the summer, and want, turned into endless.</p>', '', '', 0.00, 0.00, 'Continental Comfort mercerizing', 'Stems from the trend of street culture on behalf of canvas shoes, is a lovely, happy and innocent world. Smart cloth to canvas the mercerizing shoelaces to imagine the world of the collision between creativity and inspiration in their own fashion philosop', '', '', '2009-08-10 07:49:47', '2009-08-10 08:00:17'),
(98, 'chi', 52, '欧式丝光舒适板鞋（女款） 紫色', NULL, '<p>源于街头文化的潮流代表帆布鞋，是一个可爱，快乐且纯真的世界。灵动的丝光布把帆布鞋带到想象的世界，在创意与灵感的碰撞中诠释出自己时尚哲学。这种雅致的色调令它在夏日备受瞩目，幻化无穷而随心所欲。</p>', '', '', 0.00, 0.00, '欧式丝光舒适板鞋', '源于街头文化的潮流代表帆布鞋，是一个可爱，快乐且纯真的世界。灵动的丝光布把帆布鞋带到想象的世界，在创意与灵感的碰撞中诠释出自己时尚哲学。这种雅致的色调令它在夏日备受瞩目，', '', '', '2009-08-10 07:49:47', '2009-08-10 08:27:07'),
(99, 'eng', 52, 'Continental Comfort mercerizing(female section) blue', NULL, '<p>Stems from the trend of street culture on behalf of canvas shoes, is a lovely, happy and innocent world. Smart cloth to canvas the mercerizing shoelaces to imagine the world of the collision between creativity and inspiration in their own fashion philosophy of interpretation. This elegant colors make it a great deal of attention in the summer, and want, turned into endless.</p>', '', '', 0.00, 0.00, 'Continental Comfort mercerizing', 'Stems from the trend of street culture on behalf of canvas shoes, is a lovely, happy and innocent world. Smart cloth to canvas the mercerizing shoelaces to imagine the world of the collision between creativity and inspiration in their own fashion philosop', '', '', '2009-08-10 07:49:47', '2009-08-10 08:27:07'),
(100, 'chi', 53, '摩托罗拉 A3100', NULL, '<p><br />基本参数<br />&nbsp;&nbsp;&nbsp; 型号A3100<br />&nbsp;&nbsp;&nbsp; 手机类型智能手机,手写手机,3G手机,照相手机<br />&nbsp;&nbsp;&nbsp; 上市日期2009年05月<br />&nbsp;&nbsp;&nbsp; 手机制式GSM/WCDMA<br />&nbsp;&nbsp;&nbsp; 手机频段850/900/1800/1900<br />&nbsp;&nbsp;&nbsp; 手机外形直板<br />&nbsp;&nbsp;&nbsp; 主屏尺寸2.8英寸触屏<br />&nbsp;&nbsp;&nbsp; 主屏材质TFT<br />&nbsp;&nbsp;&nbsp; 主屏色彩6万5千色<br />&nbsp;&nbsp;&nbsp; 主屏参数240 x 320<br />&nbsp;&nbsp;&nbsp; 操作系统Windows Mobile 6.1 Professional<br />&nbsp;&nbsp;&nbsp; CPUQUALCOMM 7206A 528 MHz<br />&nbsp;&nbsp;&nbsp; RAM128MB<br />&nbsp;&nbsp;&nbsp; ROM256MB<br />&nbsp;&nbsp;&nbsp; 理论待机时间80-130小时<br />&nbsp;&nbsp;&nbsp; 体积110x13.7x59.7mm<br />&nbsp;&nbsp;&nbsp; 重量119g<br />&nbsp;&nbsp;&nbsp; 外壳材质金属拉丝材质，360度全向点转轨迹球<br />基本功能<br />&nbsp;&nbsp;&nbsp; 铃声MP3<br />&nbsp;&nbsp;&nbsp; 通讯录名片式<br />&nbsp;&nbsp;&nbsp; 信息功能短信,彩信<br />&nbsp;&nbsp;&nbsp; 电子邮件支持专业移动版Outlook,轻松收发电子邮件,且支持附件收发<br />&nbsp;&nbsp;&nbsp; 输入法手写,A4输入法<br />&nbsp;&nbsp;&nbsp; 游戏内置<br />&nbsp;&nbsp;&nbsp; 办公功能专业移动Office软件,可编辑Word/Excel/PPT,使用PDF/ZIP<br />&nbsp;&nbsp;&nbsp; 录音功能支持<br />&nbsp;&nbsp;&nbsp; 主要功能酷炫滑动用户界面,移动BLOG<br />&nbsp;&nbsp;&nbsp; 附加功能内置ActiveSync软件<br />数据应用功能<br />&nbsp;&nbsp;&nbsp; 蓝牙支持<br />&nbsp;&nbsp;&nbsp; 数据业务GPRS/EDGE/HSDPA/WIFI<br />&nbsp;&nbsp;&nbsp; JAVA支持<br />&nbsp;&nbsp;&nbsp; WAP上网支持HTML网络浏览,支持用户浏览器<br />&nbsp;&nbsp;&nbsp; 数据线支持USB 2.0高速<br />&nbsp;&nbsp;&nbsp; GPS预置新一代互联网GPS导航,1500万条兴趣点信息,在线驴友分享互动社区,实时交通路况<br />&nbsp;&nbsp;&nbsp; A-GPS支持A-GPS辅助定位<br />&nbsp;&nbsp;&nbsp; 扩展卡MicroSD,最大支持32GB<br />多媒体娱乐功能<br />&nbsp;&nbsp;&nbsp; 摄像头内置摄像头<br />&nbsp;&nbsp;&nbsp; 摄像头像素300万<br />&nbsp;&nbsp;&nbsp; 传感器类型CMOS<br />&nbsp;&nbsp;&nbsp; 闪光灯LED<br />&nbsp;&nbsp;&nbsp; 拍摄特色自动对焦<br />&nbsp;&nbsp;&nbsp; 视频拍摄支持<br />&nbsp;&nbsp;&nbsp; MP3播放支持<br />&nbsp;&nbsp;&nbsp; 耳机接口3.5毫米<br />&nbsp;&nbsp;&nbsp; 视频播放支持<br />&nbsp;&nbsp;&nbsp; 多媒体Windows Media Player 10播放器</p>', '', '', 0.00, 0.00, '摩托罗拉 A3100', '摩托罗拉 A3100', '', '', '2009-08-10 08:00:35', '2009-08-10 11:21:35'),
(101, 'eng', 53, 'Motorola A3100', NULL, '<p><br />基本参数<br />&nbsp;&nbsp;&nbsp; 型号A3100<br />&nbsp;&nbsp;&nbsp; 手机类型智能手机,手写手机,3G手机,照相手机<br />&nbsp;&nbsp;&nbsp; 上市日期2009年05月<br />&nbsp;&nbsp;&nbsp; 手机制式GSM/WCDMA<br />&nbsp;&nbsp;&nbsp; 手机频段850/900/1800/1900<br />&nbsp;&nbsp;&nbsp; 手机外形直板<br />&nbsp;&nbsp;&nbsp; 主屏尺寸2.8英寸触屏<br />&nbsp;&nbsp;&nbsp; 主屏材质TFT<br />&nbsp;&nbsp;&nbsp; 主屏色彩6万5千色<br />&nbsp;&nbsp;&nbsp; 主屏参数240 x 320<br />&nbsp;&nbsp;&nbsp; 操作系统Windows Mobile 6.1 Professional<br />&nbsp;&nbsp;&nbsp; CPUQUALCOMM 7206A 528 MHz<br />&nbsp;&nbsp;&nbsp; RAM128MB<br />&nbsp;&nbsp;&nbsp; ROM256MB<br />&nbsp;&nbsp;&nbsp; 理论待机时间80-130小时<br />&nbsp;&nbsp;&nbsp; 体积110x13.7x59.7mm<br />&nbsp;&nbsp;&nbsp; 重量119g<br />&nbsp;&nbsp;&nbsp; 外壳材质金属拉丝材质，360度全向点转轨迹球<br />基本功能<br />&nbsp;&nbsp;&nbsp; 铃声MP3<br />&nbsp;&nbsp;&nbsp; 通讯录名片式<br />&nbsp;&nbsp;&nbsp; 信息功能短信,彩信<br />&nbsp;&nbsp;&nbsp; 电子邮件支持专业移动版Outlook,轻松收发电子邮件,且支持附件收发<br />&nbsp;&nbsp;&nbsp; 输入法手写,A4输入法<br />&nbsp;&nbsp;&nbsp; 游戏内置<br />&nbsp;&nbsp;&nbsp; 办公功能专业移动Office软件,可编辑Word/Excel/PPT,使用PDF/ZIP<br />&nbsp;&nbsp;&nbsp; 录音功能支持<br />&nbsp;&nbsp;&nbsp; 主要功能酷炫滑动用户界面,移动BLOG<br />&nbsp;&nbsp;&nbsp; 附加功能内置ActiveSync软件<br />数据应用功能<br />&nbsp;&nbsp;&nbsp; 蓝牙支持<br />&nbsp;&nbsp;&nbsp; 数据业务GPRS/EDGE/HSDPA/WIFI<br />&nbsp;&nbsp;&nbsp; JAVA支持<br />&nbsp;&nbsp;&nbsp; WAP上网支持HTML网络浏览,支持用户浏览器<br />&nbsp;&nbsp;&nbsp; 数据线支持USB 2.0高速<br />&nbsp;&nbsp;&nbsp; GPS预置新一代互联网GPS导航,1500万条兴趣点信息,在线驴友分享互动社区,实时交通路况<br />&nbsp;&nbsp;&nbsp; A-GPS支持A-GPS辅助定位<br />&nbsp;&nbsp;&nbsp; 扩展卡MicroSD,最大支持32GB<br />多媒体娱乐功能<br />&nbsp;&nbsp;&nbsp; 摄像头内置摄像头<br />&nbsp;&nbsp;&nbsp; 摄像头像素300万<br />&nbsp;&nbsp;&nbsp; 传感器类型CMOS<br />&nbsp;&nbsp;&nbsp; 闪光灯LED<br />&nbsp;&nbsp;&nbsp; 拍摄特色自动对焦<br />&nbsp;&nbsp;&nbsp; 视频拍摄支持<br />&nbsp;&nbsp;&nbsp; MP3播放支持<br />&nbsp;&nbsp;&nbsp; 耳机接口3.5毫米<br />&nbsp;&nbsp;&nbsp; 视频播放支持<br />&nbsp;&nbsp;&nbsp; 多媒体Windows Media Player 10播放器</p>', '', '', 0.00, 0.00, 'Motorola A3100', 'Motorola A3100', '', '', '2009-08-10 08:00:35', '2009-08-10 11:21:35'),
(102, 'cht', 56, '诺基亚N96', '诺基亚N96', '<p>诺基亚N96采用了<strong><span style="color: #ff0000; font-size: small;">双向滑盖</span></strong>设计，机身整体呈灰黑色，沉稳、大气，机身材质采用了高强度的塑料材质，手机背面采用了抛光面板的设计风格。N96三维体积103*55*20mm，重量为125g。屏幕方面，诺基亚N96配备一块<strong><span style="color: #ff0000; font-size: small;">2.8英寸</span></strong>的屏幕，支持<strong><span style="color: #ff0000; font-size: small;">1670万色</span></strong>显示，分辨率达到QVGA（320&times;240）水准。</p>\r\n<p><img src="file:///C:/DOCUME%7E1/user/LOCALS%7E1/Temp/moz-screenshot.jpg" alt="" /></p>\r\n<p>&nbsp;</p>\r\n<p>&nbsp;<img src="http://img2.zol.com.cn/product/21/896/ceN6LBMCid3X6.jpg" alt="" /></p>\r\n<p>诺基亚N96设置有专门的<strong><span style="color: #ff0000; font-size: small;">音乐播放键</span></strong>和标准的3.5毫米音频插口，支持多格式音乐播放。内置了<strong><span style="color: #ff0000; font-size: small;">多媒体播放器</span></strong>，支持FM调频收音机等娱乐功能。N96手机支持<strong><span style="color: #ff0000; font-size: small;">N-Gage游戏平台</span></strong>，内置包括<span style="color: #ff0000; font-size: small;"><strong>《PinBall》完整版</strong></span>在内的四款N-Gage游戏，除了手机本身内置的游戏，还可以从N-Gage的网站下载或者购买最新的游戏，而且可以在论坛里和其他玩家一起讨论。</p>\r\n<p><img src="http://img2.zol.com.cn/product/21/898/cekkw57qJjSI.jpg" alt="" /></p>\r\n<p>&nbsp;</p>', '500万摄像头 microSD 工程塑料 蓝牙 数码相机 内置游戏 滑盖 高档 2008年09月 320×240 像素 黑色', '500万摄像头', 0.00, 0.00, '500万摄像头 microSD 工程塑料 蓝牙 数码相机 内置游戏 滑盖 高档 2008年09月 320×240 像素 黑色', '500万摄像头 microSD 工程塑料 蓝牙 数码相机 内置游戏 滑盖 高档 2008年09月 320×240 像素 黑色', '', '', '2009-08-19 06:57:45', '2009-08-19 06:58:45'),
(103, 'cht', 55, '诺基亚N85', '诺基亚N85', '<p>诺基亚N85参数</p>\r\n<div>&nbsp;</div>\r\n<div>\r\n<table style="width: 100%;" border="0" cellspacing="1" cellpadding="0" bgcolor="#c5d7ed">\r\n<tbody>\r\n<tr>\r\n<td colspan="2" bgcolor="#f1f7fc">\r\n<p><strong>基本参数</strong></p>\r\n</td>\r\n</tr>\r\n<tr>\r\n<td width="100" align="left" valign="center" bgcolor="#ffffff">手机昵称</td>\r\n<td width="450" bgcolor="#ffffff">N85</td>\r\n</tr>\r\n<tr>\r\n<td width="100" align="left" valign="center" bgcolor="#ffffff">上市日期</td>\r\n<td width="450" bgcolor="#ffffff">2008年10月</td>\r\n</tr>\r\n<tr>\r\n<td width="100" align="left" valign="center" bgcolor="#ffffff">手机类型</td>\r\n<td width="450" bgcolor="#ffffff">3G手机；拍照手机；智能手机</td>\r\n</tr>\r\n<tr>\r\n<td width="100" align="left" valign="center" bgcolor="#ffffff">手机制式</td>\r\n<td width="450" bgcolor="#ffffff">GSM</td>\r\n</tr>\r\n<tr>\r\n<td width="100" align="left" valign="center" bgcolor="#ffffff">支持频段</td>\r\n<td width="450" bgcolor="#ffffff">GSM850/900/1800/1900MHz</td>\r\n</tr>\r\n<tr>\r\n<td width="100" align="left" valign="center" bgcolor="#ffffff">数据传输</td>\r\n<td width="450" bgcolor="#ffffff">GPRS、EDGE</td>\r\n</tr>\r\n<tr>\r\n<td width="100" align="left" valign="center" bgcolor="#ffffff">屏幕材质</td>\r\n<td width="450" bgcolor="#ffffff">AMOLED</td>\r\n</tr>\r\n<tr>\r\n<td width="100" align="left" valign="center" bgcolor="#ffffff">屏幕色彩</td>\r\n<td width="450" bgcolor="#ffffff">1600万色</td>\r\n</tr>\r\n<tr>\r\n<td width="100" align="left" valign="center" bgcolor="#ffffff">主屏尺寸</td>\r\n<td width="450" bgcolor="#ffffff">2.6英寸</td>\r\n</tr>\r\n<tr>\r\n<td width="100" align="left" valign="center" bgcolor="#ffffff">主屏参数</td>\r\n<td width="450" bgcolor="#ffffff">QVGA 320&times;240像素</td>\r\n</tr>\r\n<tr>\r\n<td width="100" align="left" valign="center" bgcolor="#ffffff">铃音描述</td>\r\n<td width="450" bgcolor="#ffffff">可选MP3、WAV、AAC或和弦Midi铃声等格式</td>\r\n</tr>\r\n<tr>\r\n<td width="100" align="left" valign="center" bgcolor="#ffffff">操作系统</td>\r\n<td width="450" bgcolor="#ffffff">Symbian OS v9.3操作系统与S60 v3.2平台的组合</td>\r\n</tr>\r\n<tr>\r\n<td width="100" align="left" valign="center" bgcolor="#ffffff">机身内存</td>\r\n<td width="450" bgcolor="#ffffff">74MB 内部动态存储空间<br /> 78MB 内置NAND闪存</td>\r\n</tr>\r\n<tr>\r\n<td width="100" align="left" valign="center" bgcolor="#ffffff">存储卡</td>\r\n<td width="450" bgcolor="#ffffff">支持MicroSD(T-Flash)卡扩展最大至8GB</td>\r\n</tr>\r\n<tr>\r\n<td width="100" align="left" valign="center" bgcolor="#ffffff">电池规格</td>\r\n<td width="450" bgcolor="#ffffff">1200毫安时锂电池</td>\r\n</tr>\r\n<tr>\r\n<td width="100" align="left" valign="center" bgcolor="#ffffff">标配</td>\r\n<td width="450" bgcolor="#ffffff">诺基亚 N85<br /> 诺基亚电池（BL-5K）<br /> 诺基亚旅行充电器（AC-10）<br /> 诺基亚视频数据线（CA-75U）<br /> 诺基亚数据线（CA-101）<br /> 诺基亚音乐耳机（HS-45、AD-54）<br /> 诺基亚 8 GB microSD 卡（MU-43）<br /> 《用户手册》<br /> 《快速入门》</td>\r\n</tr>\r\n<tr>\r\n<td width="100" align="left" valign="center" bgcolor="#ffffff">理论通话时间</td>\r\n<td width="450" bgcolor="#ffffff">6.9 小时</td>\r\n</tr>\r\n<tr>\r\n<td width="100" align="left" valign="center" bgcolor="#ffffff">理论待机时间</td>\r\n<td width="450" bgcolor="#ffffff">363 小时</td>\r\n</tr>\r\n<tr>\r\n<td colspan="2" bgcolor="#f1f7fc">\r\n<p><strong>产品外形</strong></p>\r\n</td>\r\n</tr>\r\n<tr>\r\n<td width="100" align="left" valign="center" bgcolor="#ffffff">外观设计</td>\r\n<td width="450" bgcolor="#ffffff">双向滑盖</td>\r\n</tr>\r\n<tr>\r\n<td width="100" align="left" valign="center" bgcolor="#ffffff">产品尺寸</td>\r\n<td width="450" bgcolor="#ffffff">103&times;50&times;16mm<br /> 体积：76 立方厘米</td>\r\n</tr>\r\n<tr>\r\n<td width="100" align="left" valign="center" bgcolor="#ffffff">手机重量</td>\r\n<td width="450" bgcolor="#ffffff">128克</td>\r\n</tr>\r\n<tr>\r\n<td width="100" align="left" valign="center" bgcolor="#ffffff">产品天线</td>\r\n<td width="450" bgcolor="#ffffff">内置</td>\r\n</tr>\r\n<tr>\r\n<td colspan="2" bgcolor="#f1f7fc">\r\n<p><strong>拍照功能</strong></p>\r\n</td>\r\n</tr>\r\n<tr>\r\n<td style="padding: 8px 0px;" colspan="2" width="550" align="left" valign="center" bgcolor="#ffffff">\r\n<table border="0" cellspacing="1" cellpadding="0" align="left">\r\n<tbody>\r\n<tr>\r\n<td style="padding: 5px 0px 5px 10px;" width="100">\r\n<table style="width: 100%;" border="0" cellspacing="1" cellpadding="0" bgcolor="#c5d7ed">\r\n<tbody>\r\n<tr>\r\n<td style="padding: 2px; font-weight: bold;" width="100%" align="middle" bgcolor="#f1f7fc">定时器</td>\r\n</tr>\r\n</tbody>\r\n</table>\r\n</td>\r\n<td style="padding: 5px 0px 5px 10px;" width="100">&nbsp;</td>\r\n</tr>\r\n</tbody>\r\n</table>\r\n</td>\r\n</tr>\r\n<tr>\r\n<td width="100" align="left" valign="center" bgcolor="#ffffff">摄像头</td>\r\n<td width="450" bgcolor="#ffffff">内置</td>\r\n</tr>\r\n<tr>\r\n<td width="100" align="left" valign="center" bgcolor="#ffffff">摄像头像素</td>\r\n<td width="450" bgcolor="#ffffff">500万像素</td>\r\n</tr>\r\n<tr>\r\n<td width="100" align="left" valign="center" bgcolor="#ffffff">连拍功能</td>\r\n<td width="450" bgcolor="#ffffff">支持</td>\r\n</tr>\r\n<tr>\r\n<td width="100" align="left" valign="center" bgcolor="#ffffff">LED闪光灯</td>\r\n<td width="450" bgcolor="#ffffff">双LED 闪光灯</td>\r\n</tr>\r\n<tr>\r\n<td width="100" align="left" valign="center" bgcolor="#ffffff">数码变焦</td>\r\n<td width="450" bgcolor="#ffffff">20 倍数码变焦</td>\r\n</tr>\r\n<tr>\r\n<td width="100" align="left" valign="center" bgcolor="#ffffff">拍摄模式</td>\r\n<td width="450" bgcolor="#ffffff">静止、连拍、自动定时器、摄像</td>\r\n</tr>\r\n<tr>\r\n<td width="100" align="left" valign="center" bgcolor="#ffffff">照片特效</td>\r\n<td width="450" bgcolor="#ffffff">正常、怀旧、黑白、负片、逼真</td>\r\n</tr>\r\n<tr>\r\n<td width="100" align="left" valign="center" bgcolor="#ffffff">拍照描述</td>\r\n<td width="450" bgcolor="#ffffff">支持最大2592&times;1944分辨率照片拍摄<br /> 支持JPEG、Exif格式<br /> 白平衡模式：自动、阳光、阴天、白炽灯、荧光灯<br /> 感光度模式：高、中、低、自动</td>\r\n</tr>\r\n<tr>\r\n<td width="100" align="left" valign="center" bgcolor="#ffffff">视频拍摄</td>\r\n<td width="450" bgcolor="#ffffff">最高支持640 x 480 像素（VGA）、30 帧/秒</td>\r\n</tr>\r\n<tr>\r\n<td colspan="2" bgcolor="#f1f7fc">\r\n<p><strong>娱乐功能</strong></p>\r\n</td>\r\n</tr>\r\n<tr>\r\n<td style="padding: 8px 0px;" colspan="2" width="550" align="left" valign="center" bgcolor="#ffffff">\r\n<table border="0" cellspacing="1" cellpadding="0" align="left">\r\n<tbody>\r\n<tr>\r\n<td style="padding: 5px 0px 5px 10px;" width="100">\r\n<table style="width: 100%;" border="0" cellspacing="1" cellpadding="0" bgcolor="#c5d7ed">\r\n<tbody>\r\n<tr>\r\n<td style="padding: 2px; font-weight: bold;" width="100%" align="middle" bgcolor="#f1f7fc">收音机</td>\r\n</tr>\r\n</tbody>\r\n</table>\r\n</td>\r\n<td style="padding: 5px 0px 5px 10px;" width="100">\r\n<table style="width: 100%;" border="0" cellspacing="1" cellpadding="0" bgcolor="#c5d7ed">\r\n<tbody>\r\n<tr>\r\n<td style="padding: 2px; font-weight: bold;" width="100%" align="middle" bgcolor="#f1f7fc">TV-OUT</td>\r\n</tr>\r\n</tbody>\r\n</table>\r\n</td>\r\n<td style="padding: 5px 0px 5px 10px;" width="100">\r\n<table style="width: 100%;" border="0" cellspacing="1" cellpadding="0" bgcolor="#c5d7ed">\r\n<tbody>\r\n<tr>\r\n<td style="padding: 2px; font-weight: bold;" width="100%" align="middle" bgcolor="#f1f7fc">录音功能</td>\r\n</tr>\r\n</tbody>\r\n</table>\r\n</td>\r\n<td style="padding: 5px 0px 5px 10px;" width="100">\r\n<table style="width: 100%;" border="0" cellspacing="1" cellpadding="0" bgcolor="#c5d7ed">\r\n<tbody>\r\n<tr>\r\n<td style="padding: 2px; font-weight: bold;" width="100%" align="middle" bgcolor="#f1f7fc">电子书</td>\r\n</tr>\r\n</tbody>\r\n</table>\r\n</td>\r\n<td style="padding: 5px 0px 5px 10px;" width="100">&nbsp;</td>\r\n</tr>\r\n</tbody>\r\n</table>\r\n</td>\r\n</tr>\r\n<tr>\r\n<td width="100" align="left" valign="center" bgcolor="#ffffff">视频播放</td>\r\n<td width="450" bgcolor="#ffffff">内置RealPlayer播放器, 支持MPEG4、H.264/AVC、H.263/3GP、RealVideo等视频格式全屏播放</td>\r\n</tr>\r\n<tr>\r\n<td width="100" align="left" valign="center" bgcolor="#ffffff">音乐播放</td>\r\n<td width="450" bgcolor="#ffffff">内置播放器, 支持mp3、.wma、.aac、eAAC、eAAC+格式</td>\r\n</tr>\r\n<tr>\r\n<td width="100" align="left" valign="center" bgcolor="#ffffff">游戏</td>\r\n<td width="450" bgcolor="#ffffff">内置</td>\r\n</tr>\r\n<tr>\r\n<td width="100" align="left" valign="center" bgcolor="#ffffff">Java功能</td>\r\n<td width="450" bgcolor="#ffffff">支持Java MIDP 2.0 CLDC 1.1</td>\r\n</tr>\r\n<tr>\r\n<td width="100" align="left" valign="center" bgcolor="#ffffff">Flash功能</td>\r\n<td width="450" bgcolor="#ffffff">第3.0版Flash lite播放器</td>\r\n</tr>\r\n<tr>\r\n<td colspan="2" bgcolor="#f1f7fc">\r\n<p><strong>数据功能</strong></p>\r\n</td>\r\n</tr>\r\n<tr>\r\n<td style="padding: 8px 0px;" colspan="2" width="550" align="left" valign="center" bgcolor="#ffffff">\r\n<table border="0" cellspacing="1" cellpadding="0" align="left">\r\n<tbody>\r\n<tr>\r\n<td style="padding: 5px 0px 5px 10px;" width="100">\r\n<table style="width: 100%;" border="0" cellspacing="1" cellpadding="0" bgcolor="#c5d7ed">\r\n<tbody>\r\n<tr>\r\n<td style="padding: 2px; font-weight: bold;" width="100%" align="middle" bgcolor="#f1f7fc">蓝牙功能</td>\r\n</tr>\r\n</tbody>\r\n</table>\r\n</td>\r\n<td style="padding: 5px 0px 5px 10px;" width="100">&nbsp;</td>\r\n</tr>\r\n</tbody>\r\n</table>\r\n</td>\r\n</tr>\r\n<tr>\r\n<td width="100" align="left" valign="center" bgcolor="#ffffff">数据线接口</td>\r\n<td width="450" bgcolor="#ffffff">USB数据线 3.5mm立体声耳机插孔</td>\r\n</tr>\r\n<tr>\r\n<td colspan="2" bgcolor="#f1f7fc">\r\n<p><strong>基本功能</strong></p>\r\n</td>\r\n</tr>\r\n<tr>\r\n<td style="padding: 8px 0px;" colspan="2" width="550" align="left" valign="center" bgcolor="#ffffff">\r\n<table border="0" cellspacing="1" cellpadding="0" align="left">\r\n<tbody>\r\n<tr>\r\n<td style="padding: 5px 0px 5px 10px;" width="100">\r\n<table style="width: 100%;" border="0" cellspacing="1" cellpadding="0" bgcolor="#c5d7ed">\r\n<tbody>\r\n<tr>\r\n<td style="padding: 2px; font-weight: bold;" width="100%" align="middle" bgcolor="#f1f7fc">短信(SMS)</td>\r\n</tr>\r\n</tbody>\r\n</table>\r\n</td>\r\n<td style="padding: 5px 0px 5px 10px;" width="100">\r\n<table style="width: 100%;" border="0" cellspacing="1" cellpadding="0" bgcolor="#c5d7ed">\r\n<tbody>\r\n<tr>\r\n<td style="padding: 2px; font-weight: bold;" width="100%" align="middle" bgcolor="#f1f7fc">彩信(MMS)</td>\r\n</tr>\r\n</tbody>\r\n</table>\r\n</td>\r\n<td style="padding: 5px 0px 5px 10px;" width="100">\r\n<table style="width: 100%;" border="0" cellspacing="1" cellpadding="0" bgcolor="#c5d7ed">\r\n<tbody>\r\n<tr>\r\n<td style="padding: 2px; font-weight: bold;" width="100%" align="middle" bgcolor="#f1f7fc">免提通话</td>\r\n</tr>\r\n</tbody>\r\n</table>\r\n</td>\r\n<td style="padding: 5px 0px 5px 10px;" width="100">\r\n<table style="width: 100%;" border="0" cellspacing="1" cellpadding="0" bgcolor="#c5d7ed">\r\n<tbody>\r\n<tr>\r\n<td style="padding: 2px; font-weight: bold;" width="100%" align="middle" bgcolor="#f1f7fc">情景模式</td>\r\n</tr>\r\n</tbody>\r\n</table>\r\n</td>\r\n<td style="padding: 5px 0px 5px 10px;" width="100">\r\n<table style="width: 100%;" border="0" cellspacing="1" cellpadding="0" bgcolor="#c5d7ed">\r\n<tbody>\r\n<tr>\r\n<td style="padding: 2px; font-weight: bold;" width="100%" align="middle" bgcolor="#f1f7fc">闹钟功能</td>\r\n</tr>\r\n</tbody>\r\n</table>\r\n</td>\r\n</tr>\r\n<tr>\r\n<td style="padding: 5px 0px 5px 10px;" width="100">\r\n<table style="width: 100%;" border="0" cellspacing="1" cellpadding="0" bgcolor="#c5d7ed">\r\n<tbody>\r\n<tr>\r\n<td style="padding: 2px; font-weight: bold;" width="100%" align="middle" bgcolor="#f1f7fc">日历功能</td>\r\n</tr>\r\n</tbody>\r\n</table>\r\n</td>\r\n<td style="padding: 5px 0px 5px 10px;" width="100">&nbsp;</td>\r\n</tr>\r\n</tbody>\r\n</table>\r\n</td>\r\n</tr>\r\n<tr>\r\n<td width="100" align="left" valign="center" bgcolor="#ffffff">输入方式</td>\r\n<td width="450" bgcolor="#ffffff">键盘</td>\r\n</tr>\r\n<tr>\r\n<td width="100" align="left" valign="center" bgcolor="#ffffff">通话记录</td>\r\n<td width="450" bgcolor="#ffffff">未接来电+已接来电+已拨电话记录</td>\r\n</tr>\r\n<tr>\r\n<td width="100" align="left" valign="center" bgcolor="#ffffff">通讯录</td>\r\n<td width="450" bgcolor="#ffffff">S60标准化名片式通讯录</td>\r\n</tr>\r\n<tr>\r\n<td colspan="2" bgcolor="#f1f7fc">\r\n<p><strong>网络功能</strong></p>\r\n</td>\r\n</tr>\r\n<tr>\r\n<td style="padding: 8px 0px;" colspan="2" width="550" align="left" valign="center" bgcolor="#ffffff">\r\n<table border="0" cellspacing="1" cellpadding="0" align="left">\r\n<tbody>\r\n<tr>\r\n<td style="padding: 5px 0px 5px 10px;" width="100">\r\n<table style="width: 100%;" border="0" cellspacing="1" cellpadding="0" bgcolor="#c5d7ed">\r\n<tbody>\r\n<tr>\r\n<td style="padding: 2px; font-weight: bold;" width="100%" align="middle" bgcolor="#f1f7fc">电子邮件</td>\r\n</tr>\r\n</tbody>\r\n</table>\r\n</td>\r\n<td style="padding: 5px 0px 5px 10px;" width="100">\r\n<table style="width: 100%;" border="0" cellspacing="1" cellpadding="0" bgcolor="#c5d7ed">\r\n<tbody>\r\n<tr>\r\n<td style="padding: 2px; font-weight: bold;" width="100%" align="middle" bgcolor="#f1f7fc">WWW浏览器</td>\r\n</tr>\r\n</tbody>\r\n</table>\r\n</td>\r\n<td style="padding: 5px 0px 5px 10px;" width="100">\r\n<table style="width: 100%;" border="0" cellspacing="1" cellpadding="0" bgcolor="#c5d7ed">\r\n<tbody>\r\n<tr>\r\n<td style="padding: 2px; font-weight: bold;" width="100%" align="middle" bgcolor="#f1f7fc">WAP浏览器</td>\r\n</tr>\r\n</tbody>\r\n</table>\r\n</td>\r\n<td style="padding: 5px 0px 5px 10px;" width="100">&nbsp;</td>\r\n</tr>\r\n</tbody>\r\n</table>\r\n</td>\r\n</tr>\r\n<tr>\r\n<td colspan="2" bgcolor="#f1f7fc">\r\n<p><strong>商务功能</strong></p>\r\n</td>\r\n</tr>\r\n<tr>\r\n<td style="padding: 8px 0px;" colspan="2" width="550" align="left" valign="center" bgcolor="#ffffff">\r\n<table border="0" cellspacing="1" cellpadding="0" align="left">\r\n<tbody>\r\n<tr>\r\n<td style="padding: 5px 0px 5px 10px;" width="100">\r\n<table style="width: 100%;" border="0" cellspacing="1" cellpadding="0" bgcolor="#c5d7ed">\r\n<tbody>\r\n<tr>\r\n<td style="padding: 2px; font-weight: bold;" width="100%" align="middle" bgcolor="#f1f7fc">飞行模式</td>\r\n</tr>\r\n</tbody>\r\n</table>\r\n</td>\r\n<td style="padding: 5px 0px 5px 10px;" width="100">\r\n<table style="width: 100%;" border="0" cellspacing="1" cellpadding="0" bgcolor="#c5d7ed">\r\n<tbody>\r\n<tr>\r\n<td style="padding: 2px; font-weight: bold;" width="100%" align="middle" bgcolor="#f1f7fc">语音拨号</td>\r\n</tr>\r\n</tbody>\r\n</table>\r\n</td>\r\n<td style="padding: 5px 0px 5px 10px;" width="100">\r\n<table style="width: 100%;" border="0" cellspacing="1" cellpadding="0" bgcolor="#c5d7ed">\r\n<tbody>\r\n<tr>\r\n<td style="padding: 2px; font-weight: bold;" width="100%" align="middle" bgcolor="#f1f7fc">备忘录</td>\r\n</tr>\r\n</tbody>\r\n</table>\r\n</td>\r\n<td style="padding: 5px 0px 5px 10px;" width="100">\r\n<table style="width: 100%;" border="0" cellspacing="1" cellpadding="0" bgcolor="#c5d7ed">\r\n<tbody>\r\n<tr>\r\n<td style="padding: 2px; font-weight: bold;" width="100%" align="middle" bgcolor="#f1f7fc">日程表</td>\r\n</tr>\r\n</tbody>\r\n</table>\r\n</td>\r\n<td style="padding: 5px 0px 5px 10px;" width="100">\r\n<table style="width: 100%;" border="0" cellspacing="1" cellpadding="0" bgcolor="#c5d7ed">\r\n<tbody>\r\n<tr>\r\n<td style="padding: 2px; font-weight: bold;" width="100%" align="middle" bgcolor="#f1f7fc">世界时间</td>\r\n</tr>\r\n</tbody>\r\n</table>\r\n</td>\r\n</tr>\r\n<tr>\r\n<td style="padding: 5px 0px 5px 10px;" width="100">&nbsp;</td>\r\n</tr>\r\n</tbody>\r\n</table>\r\n</td>\r\n</tr>\r\n<tr>\r\n<td colspan="2" bgcolor="#f1f7fc">\r\n<p><strong>其他功能</strong></p>\r\n</td>\r\n</tr>\r\n<tr>\r\n<td style="padding: 8px 0px;" colspan="2" width="550" align="left" valign="center" bgcolor="#ffffff">\r\n<table border="0" cellspacing="1" cellpadding="0" align="left">\r\n<tbody>\r\n<tr>\r\n<td style="padding: 5px 0px 5px 10px;" width="100">\r\n<table style="width: 100%;" border="0" cellspacing="1" cellpadding="0" bgcolor="#c5d7ed">\r\n<tbody>\r\n<tr>\r\n<td style="padding: 2px; font-weight: bold;" width="100%" align="middle" bgcolor="#f1f7fc">GPS功能</td>\r\n</tr>\r\n</tbody>\r\n</table>\r\n</td>\r\n<td style="padding: 5px 0px 5px 10px;" width="100">\r\n<table style="width: 100%;" border="0" cellspacing="1" cellpadding="0" bgcolor="#c5d7ed">\r\n<tbody>\r\n<tr>\r\n<td style="padding: 2px; font-weight: bold;" width="100%" align="middle" bgcolor="#f1f7fc">电子词典</td>\r\n</tr>\r\n</tbody>\r\n</table>\r\n</td>\r\n<td style="padding: 5px 0px 5px 10px;" width="100">\r\n<table style="width: 100%;" border="0" cellspacing="1" cellpadding="0" bgcolor="#c5d7ed">\r\n<tbody>\r\n<tr>\r\n<td style="padding: 2px; font-weight: bold;" width="100%" align="middle" bgcolor="#f1f7fc">待机图片</td>\r\n</tr>\r\n</tbody>\r\n</table>\r\n</td>\r\n<td style="padding: 5px 0px 5px 10px;" width="100">\r\n<table style="width: 100%;" border="0" cellspacing="1" cellpadding="0" bgcolor="#c5d7ed">\r\n<tbody>\r\n<tr>\r\n<td style="padding: 2px; font-weight: bold;" width="100%" align="middle" bgcolor="#f1f7fc">计算器</td>\r\n</tr>\r\n</tbody>\r\n</table>\r\n</td>\r\n<td style="padding: 5px 0px 5px 10px;" width="100">\r\n<table style="width: 100%;" border="0" cellspacing="1" cellpadding="0" bgcolor="#c5d7ed">\r\n<tbody>\r\n<tr>\r\n<td style="padding: 2px; font-weight: bold;" width="100%" align="middle" bgcolor="#f1f7fc">来电铃声识别</td>\r\n</tr>\r\n</tbody>\r\n</table>\r\n</td>\r\n</tr>\r\n<tr>\r\n<td style="padding: 5px 0px 5px 10px;" width="100">\r\n<table style="width: 100%;" border="0" cellspacing="1" cellpadding="0" bgcolor="#c5d7ed">\r\n<tbody>\r\n<tr>\r\n<td style="padding: 2px; font-weight: bold;" width="100%" align="middle" bgcolor="#f1f7fc">来电图片识别</td>\r\n</tr>\r\n</tbody>\r\n</table>\r\n</td>\r\n<td style="padding: 5px 0px 5px 10px;" width="100">\r\n<table style="width: 100%;" border="0" cellspacing="1" cellpadding="0" bgcolor="#c5d7ed">\r\n<tbody>\r\n<tr>\r\n<td style="padding: 2px; font-weight: bold;" width="100%" align="middle" bgcolor="#f1f7fc">来电防火墙</td>\r\n</tr>\r\n</tbody>\r\n</table>\r\n</td>\r\n<td style="padding: 5px 0px 5px 10px;" width="100">\r\n<table style="width: 100%;" border="0" cellspacing="1" cellpadding="0" bgcolor="#c5d7ed">\r\n<tbody>\r\n<tr>\r\n<td style="padding: 2px; font-weight: bold;" width="100%" align="middle" bgcolor="#f1f7fc">动画屏保</td>\r\n</tr>\r\n</tbody>\r\n</table>\r\n</td>\r\n<td style="padding: 5px 0px 5px 10px;" width="100">\r\n<table style="width: 100%;" border="0" cellspacing="1" cellpadding="0" bgcolor="#c5d7ed">\r\n<tbody>\r\n<tr>\r\n<td style="padding: 2px; font-weight: bold;" width="100%" align="middle" bgcolor="#f1f7fc">图形菜单</td>\r\n</tr>\r\n</tbody>\r\n</table>\r\n</td>\r\n<td style="padding: 5px 0px 5px 10px;" width="100">\r\n<table style="width: 100%;" border="0" cellspacing="1" cellpadding="0" bgcolor="#c5d7ed">\r\n<tbody>\r\n<tr>\r\n<td style="padding: 2px; font-weight: bold;" width="100%" align="middle" bgcolor="#f1f7fc">秒表</td>\r\n</tr>\r\n</tbody>\r\n</table>\r\n</td>\r\n</tr>\r\n<tr>\r\n<td style="padding: 5px 0px 5px 10px;" width="100">\r\n<table style="width: 100%;" border="0" cellspacing="1" cellpadding="0" bgcolor="#c5d7ed">\r\n<tbody>\r\n<tr>\r\n<td style="padding: 2px; font-weight: bold;" width="100%" align="middle" bgcolor="#f1f7fc">单位换算</td>\r\n</tr>\r\n</tbody>\r\n</table>\r\n</td>\r\n<td style="padding: 5px 0px 5px 10px;" width="100">\r\n<table style="width: 100%;" border="0" cellspacing="1" cellpadding="0">\r\n<tbody>\r\n<tr>\r\n<td style="padding: 2px; float: none;" width="100%" align="middle">&nbsp;</td>\r\n</tr>\r\n</tbody>\r\n</table>\r\n</td>\r\n</tr>\r\n</tbody>\r\n</table>\r\n</td>\r\n</tr>\r\n</tbody>\r\n</table>\r\n</div>\r\n<p>&nbsp;</p>', '', '', 0.00, 0.00, '2008年10月 GSM,850,900,1800,1900 黑色', '', '', '', '2009-08-19 06:50:15', '2009-08-19 06:50:32'),
(104, 'cht', 54, '三星SGH-F258', '三星SGH-F258', '<p>从整体来看，三星SGH-F258比较<span style="color: #ff0000; font-size: small;"><strong>时尚</strong></span>可爱，三围尺寸为94&times;46&times;17.5mm，重量为96克，曲线柔和具有玲珑美感。</p>\r\n<p>&nbsp;</p>\r\n<p>三星F258的前面板整体应用<strong><span style="color: #ff0000; font-size: small;">镜面效果</span></strong>，2.0英寸显示屏幕略显窄小，导航键与功能键在滑盖滑开之前是前面板的全部控制键，没有挂断和接听键，不过，五向键有<span style="font-size: small;"><strong><span style="color: #ff0000;">音乐操</span><span style="color: #ff0000;">作</span></strong></span>功能，明确显示了F258音乐手机的定位。</p>\r\n<p>&nbsp;</p>\r\n<p>F258的数字键键区采用了极具金属质感的平板式设计，每颗按键的面积足够大，按键与按键之间的间隔明显，操作起来手感舒适。</p>', '', '', 0.00, 0.00, '滑盖 GSM 258 时尚 蓝牙 黑色 金色 白色', '从整体来看，三星SGH-F258比较时尚可爱，三围尺寸为94×46×17.5mm，重量为96克，曲线柔和具有玲珑美感\r\n', '', '', '2009-08-19 06:44:36', '2009-08-19 06:46:31'),
(105, 'cht', 51, '欧式丝光舒适板鞋（女款） 灰色', NULL, '<p>源于街头文化的潮流代表帆布鞋，是一个可爱，快乐且纯真的世界。灵动的丝光布把帆布鞋带到想象的世界，在创意与灵感的碰撞中诠释出自己时尚哲学。这种雅致的色调令它在夏日备受瞩目，幻化无穷而随心所欲。</p>', '', '', 0.00, 0.00, '欧式丝光舒适板鞋', '源于街头文化的潮流代表帆布鞋，是一个可爱，快乐且纯真的世界。灵动的丝光布把帆布鞋带到想象的世界，在创意与灵感的碰撞中诠释出自己时尚哲学。这种雅致的色调令它在夏日备受瞩目，', '', '', '2009-08-10 07:49:47', '2009-08-10 08:00:17'),
(106, 'cht', 52, '欧式丝光舒适板鞋（女款） 紫色', NULL, '<p>源于街头文化的潮流代表帆布鞋，是一个可爱，快乐且纯真的世界。灵动的丝光布把帆布鞋带到想象的世界，在创意与灵感的碰撞中诠释出自己时尚哲学。这种雅致的色调令它在夏日备受瞩目，幻化无穷而随心所欲。</p>', '', '', 0.00, 0.00, '欧式丝光舒适板鞋', '源于街头文化的潮流代表帆布鞋，是一个可爱，快乐且纯真的世界。灵动的丝光布把帆布鞋带到想象的世界，在创意与灵感的碰撞中诠释出自己时尚哲学。这种雅致的色调令它在夏日备受瞩目，', '', '', '2009-08-10 07:49:47', '2009-08-10 08:27:07');
INSERT INTO `svcart_product_i18ns` (`id`, `locale`, `product_id`, `name`, `style_name`, `description`, `seller_note`, `delivery_note`, `market_price`, `shop_price`, `meta_keywords`, `meta_description`, `api_site_url`, `api_cart_url`, `created`, `modified`) VALUES
(107, 'cht', 53, '摩托罗拉 A3100', NULL, '<p><br />基本参数<br />&nbsp;&nbsp;&nbsp; 型号A3100<br />&nbsp;&nbsp;&nbsp; 手机类型智能手机,手写手机,3G手机,照相手机<br />&nbsp;&nbsp;&nbsp; 上市日期2009年05月<br />&nbsp;&nbsp;&nbsp; 手机制式GSM/WCDMA<br />&nbsp;&nbsp;&nbsp; 手机频段850/900/1800/1900<br />&nbsp;&nbsp;&nbsp; 手机外形直板<br />&nbsp;&nbsp;&nbsp; 主屏尺寸2.8英寸触屏<br />&nbsp;&nbsp;&nbsp; 主屏材质TFT<br />&nbsp;&nbsp;&nbsp; 主屏色彩6万5千色<br />&nbsp;&nbsp;&nbsp; 主屏参数240 x 320<br />&nbsp;&nbsp;&nbsp; 操作系统Windows Mobile 6.1 Professional<br />&nbsp;&nbsp;&nbsp; CPUQUALCOMM 7206A 528 MHz<br />&nbsp;&nbsp;&nbsp; RAM128MB<br />&nbsp;&nbsp;&nbsp; ROM256MB<br />&nbsp;&nbsp;&nbsp; 理论待机时间80-130小时<br />&nbsp;&nbsp;&nbsp; 体积110x13.7x59.7mm<br />&nbsp;&nbsp;&nbsp; 重量119g<br />&nbsp;&nbsp;&nbsp; 外壳材质金属拉丝材质，360度全向点转轨迹球<br />基本功能<br />&nbsp;&nbsp;&nbsp; 铃声MP3<br />&nbsp;&nbsp;&nbsp; 通讯录名片式<br />&nbsp;&nbsp;&nbsp; 信息功能短信,彩信<br />&nbsp;&nbsp;&nbsp; 电子邮件支持专业移动版Outlook,轻松收发电子邮件,且支持附件收发<br />&nbsp;&nbsp;&nbsp; 输入法手写,A4输入法<br />&nbsp;&nbsp;&nbsp; 游戏内置<br />&nbsp;&nbsp;&nbsp; 办公功能专业移动Office软件,可编辑Word/Excel/PPT,使用PDF/ZIP<br />&nbsp;&nbsp;&nbsp; 录音功能支持<br />&nbsp;&nbsp;&nbsp; 主要功能酷炫滑动用户界面,移动BLOG<br />&nbsp;&nbsp;&nbsp; 附加功能内置ActiveSync软件<br />数据应用功能<br />&nbsp;&nbsp;&nbsp; 蓝牙支持<br />&nbsp;&nbsp;&nbsp; 数据业务GPRS/EDGE/HSDPA/WIFI<br />&nbsp;&nbsp;&nbsp; JAVA支持<br />&nbsp;&nbsp;&nbsp; WAP上网支持HTML网络浏览,支持用户浏览器<br />&nbsp;&nbsp;&nbsp; 数据线支持USB 2.0高速<br />&nbsp;&nbsp;&nbsp; GPS预置新一代互联网GPS导航,1500万条兴趣点信息,在线驴友分享互动社区,实时交通路况<br />&nbsp;&nbsp;&nbsp; A-GPS支持A-GPS辅助定位<br />&nbsp;&nbsp;&nbsp; 扩展卡MicroSD,最大支持32GB<br />多媒体娱乐功能<br />&nbsp;&nbsp;&nbsp; 摄像头内置摄像头<br />&nbsp;&nbsp;&nbsp; 摄像头像素300万<br />&nbsp;&nbsp;&nbsp; 传感器类型CMOS<br />&nbsp;&nbsp;&nbsp; 闪光灯LED<br />&nbsp;&nbsp;&nbsp; 拍摄特色自动对焦<br />&nbsp;&nbsp;&nbsp; 视频拍摄支持<br />&nbsp;&nbsp;&nbsp; MP3播放支持<br />&nbsp;&nbsp;&nbsp; 耳机接口3.5毫米<br />&nbsp;&nbsp;&nbsp; 视频播放支持<br />&nbsp;&nbsp;&nbsp; 多媒体Windows Media Player 10播放器</p>', '', '', 0.00, 0.00, '摩托罗拉 A3100', '摩托罗拉 A3100', '', '', '2009-08-10 08:00:35', '2009-08-10 11:21:35'),
(108, 'cht', 46, '商务休闲裤（标准款）藏青', NULL, '<p>此款产品选用优质美棉做原料，面料采用特殊斜纹组织，经向紧密排列，布面细腻，纹路清晰。面料经过磨毛柔软处理后，表面形成细密的绒毛感，手感异常丰满。既增加了穿着的柔软舒适性也保留了面料原有的挺括，并且在后整理的过程中加入抗静电助剂，有效的防止在穿着时吸灰沾尘的现象。前片采用干净利落的无褶设计，激光刻字纽扣，圆润饱满，选用同色口袋布，彰显高档品质。此款产品适合夏季穿着。</p>', '', '', 0.00, 0.00, '商务休闲裤 ', '此款产品选用优质美棉做原料，面料采用特殊斜纹组织，经向紧密排列，布面细腻，纹路清晰。面料经过磨毛柔软处理后，表面形成细密的绒毛感，手感异常丰满。既增加了穿着的柔软舒适性也', '', '', '2009-08-10 07:29:53', '2009-08-10 07:41:17'),
(109, 'cht', 47, '欧式丝光舒适板鞋（女款） 蓝色', NULL, '<p>源于街头文化的潮流代表帆布鞋，是一个可爱，快乐且纯真的世界。灵动的丝光布把帆布鞋带到想象的世界，在创意与灵感的碰撞中诠释出自己时尚哲学。这种雅致的色调令它在夏日备受瞩目，幻化无穷而随心所欲。</p>', '', '', 0.00, 0.00, '欧式丝光舒适板鞋', '源于街头文化的潮流代表帆布鞋，是一个可爱，快乐且纯真的世界。灵动的丝光布把帆布鞋带到想象的世界，在创意与灵感的碰撞中诠释出自己时尚哲学。这种雅致的色调令它在夏日备受瞩目，', '', '', '2009-08-10 07:49:47', '2009-08-10 07:49:47'),
(110, 'cht', 48, '欧式丝光舒适板鞋（女款） 黑色', NULL, '<p>源于街头文化的潮流代表帆布鞋，是一个可爱，快乐且纯真的世界。灵动的丝光布把帆布鞋带到想象的世界，在创意与灵感的碰撞中诠释出自己时尚哲学。这种雅致的色调令它在夏日备受瞩目，幻化无穷而随心所欲。</p>', '', '', 0.00, 0.00, '欧式丝光舒适板鞋', '源于街头文化的潮流代表帆布鞋，是一个可爱，快乐且纯真的世界。灵动的丝光布把帆布鞋带到想象的世界，在创意与灵感的碰撞中诠释出自己时尚哲学。这种雅致的色调令它在夏日备受瞩目，', '', '', '2009-08-10 07:49:47', '2009-08-10 07:55:06'),
(111, 'cht', 50, '欧式丝光舒适板鞋（女款） 白色', '', '<p>源于街头文化的潮流代表帆布鞋，是一个可爱，快乐且纯真的世界。灵动的丝光布把帆布鞋带到想象的世界，在创意与灵感的碰撞中诠释出自己时尚哲学。这种雅致的色调令它在夏日备受瞩目，幻化无穷而随心所欲。</p>', '', '', 0.00, 0.00, '欧式丝光舒适板鞋', '源于街头文化的潮流代表帆布鞋，是一个可爱，快乐且纯真的世界。灵动的丝光布把帆布鞋带到想象的世界，在创意与灵感的碰撞中诠释出自己时尚哲学。这种雅致的色调令它在夏日备受瞩目，', '', '', '2009-08-10 07:49:47', '2009-08-20 03:31:38'),
(112, 'cht', 41, '商务休闲裤（标准款） 橄榄绿', NULL, '<p>此款产品选用优质美棉做原料，面料采用特殊斜纹组织，经向紧密排列，布面细腻，纹路清晰。面料经过磨毛柔软处理后，表面形成细密的绒毛感，手感异常丰满。既增加了穿着的柔软舒适性也保留了面料原有的挺括，并且在后整理的过程中加入抗静电助剂，有效的防止在穿着时吸灰沾尘的现象。前片采用干净利落的无褶设计，激光刻字纽扣，圆润饱满，选用同色口袋布，彰显高档品质。此款产品适合夏季穿着。</p>', '', '', 0.00, 0.00, '商务休闲裤 ', '此款产品选用优质美棉做原料，面料采用特殊斜纹组织，经向紧密排列，布面细腻，纹路清晰。面料经过磨毛柔软处理后，表面形成细密的绒毛感，手感异常丰满。既增加了穿着的柔软舒适性也', '', '', '2009-08-10 07:29:53', '2009-08-10 07:30:17'),
(113, 'cht', 42, '诺基亚 1508', NULL, '<dl><dt>基本参数</dt><dd><strong>型号</strong><span>1508</span></dd><dd><strong>手机类型</strong><span>CDMA手机</span></dd><dd><strong>上市日期</strong><span>2008年08月</span></dd><dd><strong>手机制式</strong><span>CDMA</span></dd><dd><strong>手机频段</strong><span>CDMA 800</span></dd><dd><strong>手机外形</strong><span>直板</span></dd><dd><strong>主屏材质</strong><span>CSTN</span></dd><dd><strong>主屏色彩</strong><span>65K</span></dd><dd><strong>主屏参数</strong><span>128 x 128</span></dd><dd><strong>理论通话时间</strong><span>3.2小时</span></dd><dd><strong>理论待机时间</strong><span>8.3天</span></dd><dd><strong>体积</strong><span>103.8x43x14.8毫米</span></dd><dd><strong>重量</strong><span>68克</span></dd><dt>基本功能</dt><dd><strong>铃声</strong><span>和弦</span></dd><dd><strong>通讯录</strong><span>500个通讯录联系人</span></dd><dd><strong>录音</strong><span>语音备忘,最长3分钟录音</span></dd><dd><strong>信息功能</strong><span>短信</span></dd><dd><strong>输入法</strong><span>中文,英文</span></dd><dd><strong>办公功能</strong><span>闹钟、收信人列表和日历</span></dd><dd><strong>主要功能</strong><span>支持 CDMA 1x Data,可使用您的手机通过 PC 方便地连接到互联网。</span></dd><dd><strong>附加功能</strong><span>使用内置FM调频收音机及时了解音乐、新闻和天气等内容</span></dd><dt>数据应用功能</dt><dd><strong>蓝牙</strong><span>不支持</span></dd><dd><strong>JAVA</strong><span>不支持</span></dd><dd><strong>WAP上网</strong><span>不支持</span></dd><dd><strong>数据线</strong><span>支持</span></dd><dd><strong>扩展卡</strong><span>不支持</span></dd><dt>多媒体娱乐功能</dt><dd><strong>摄像头</strong><span>无</span></dd><dd><strong>耳机接口</strong><span>2.5mm</span></dd><dd><strong>MP3播放</strong><span>不支持</span></dd><dd><strong>视频播放</strong><span>不支持</span></dd><dd><strong>FM收音</strong><span>支持</span></dd></dl>\r\n<div style="border-bottom: 0pt none; padding: 0pt 10px 10px 0px; display: none;">\r\n<p style="margin: 0px 10px 10px; padding: 5px;">该手机暂无评测，我们将会尽快添加。</p>\r\n</div>\r\n<div style="border-bottom: 0pt none; padding: 0pt 10px 10px 0px; display: none;">\r\n<div>此款手机的常识内容仅供参考，部分内容需要进行实机操作与软件安装，建议事先咨询官方客服进行确认，避免出现问题。</div>\r\n</div>', '', '', 0.00, 0.00, '诺基亚 1508', '诺基亚 1508', '', '', '2009-08-10 07:31:24', '2009-08-10 07:33:56'),
(114, 'cht', 43, '商务休闲裤（标准款） 黑色', '', '<p>此款产品选用优质美棉做原料，面料采用特殊斜纹组织，经向紧密排列，布面细腻，纹路清晰。面料经过磨毛柔软处理后，表面形成细密的绒毛感，手感异常丰满。既增加了穿着的柔软舒适性也保留了面料原有的挺括，并且在后整理的过程中加入抗静电助剂，有效的防止在穿着时吸灰沾尘的现象。前片采用干净利落的无褶设计，激光刻字纽扣，圆润饱满，选用同色口袋布，彰显高档品质。此款产品适合夏季穿着。</p>', '', '', 0.00, 0.00, '商务休闲裤 ', '此款产品选用优质美棉做原料，面料采用特殊斜纹组织，经向紧密排列，布面细腻，纹路清晰。面料经过磨毛柔软处理后，表面形成细密的绒毛感，手感异常丰满。既增加了穿着的柔软舒适性也', '', '', '2009-08-10 07:29:53', '2009-09-08 04:41:05'),
(115, 'cht', 44, '商务休闲裤（标准款） 浅卡其', NULL, '<p>此款产品选用优质美棉做原料，面料采用特殊斜纹组织，经向紧密排列，布面细腻，纹路清晰。面料经过磨毛柔软处理后，表面形成细密的绒毛感，手感异常丰满。既增加了穿着的柔软舒适性也保留了面料原有的挺括，并且在后整理的过程中加入抗静电助剂，有效的防止在穿着时吸灰沾尘的现象。前片采用干净利落的无褶设计，激光刻字纽扣，圆润饱满，选用同色口袋布，彰显高档品质。此款产品适合夏季穿着。</p>', '', '', 0.00, 0.00, '商务休闲裤 ', '此款产品选用优质美棉做原料，面料采用特殊斜纹组织，经向紧密排列，布面细腻，纹路清晰。面料经过磨毛柔软处理后，表面形成细密的绒毛感，手感异常丰满。既增加了穿着的柔软舒适性也', '', '', '2009-08-10 07:29:53', '2009-08-10 07:36:05'),
(116, 'cht', 45, '商务休闲裤（标准款）深卡其', NULL, '<p>此款产品选用优质美棉做原料，面料采用特殊斜纹组织，经向紧密排列，布面细腻，纹路清晰。面料经过磨毛柔软处理后，表面形成细密的绒毛感，手感异常丰满。既增加了穿着的柔软舒适性也保留了面料原有的挺括，并且在后整理的过程中加入抗静电助剂，有效的防止在穿着时吸灰沾尘的现象。前片采用干净利落的无褶设计，激光刻字纽扣，圆润饱满，选用同色口袋布，彰显高档品质。此款产品适合夏季穿着。</p>', '', '', 0.00, 0.00, '商务休闲裤 ', '此款产品选用优质美棉做原料，面料采用特殊斜纹组织，经向紧密排列，布面细腻，纹路清晰。面料经过磨毛柔软处理后，表面形成细密的绒毛感，手感异常丰满。既增加了穿着的柔软舒适性也', '', '', '2009-08-10 07:29:53', '2009-08-10 07:38:45'),
(117, 'cht', 37, '全棉斜纹直筒卡其裤 米白色', NULL, '<p><span style="color: #666666; font-family: 宋体; font-size: 12px; font-weight: 100; line-height: 19px;">选用美国优质棉花为原料纺织而成，全棉密织斜纹，布面结构紧密细致，薄厚适中，穿着舒适，不起毛，不褪色。采用韩国设计师专为亚洲男士打造的完美版型，前片采用干净利落的无褶设计，简洁合身.整体裤型为收身直筒，线条顺直流畅。YKK双保险反扣拉头、滑动自如，精选青古铜色，彰显高档品质。激光刻字纽扣，圆润饱满。流畅的线条、舒适的穿着感受，无论商务和休闲场合都能从容应对。</span></p>', '', '', 0.00, 0.00, '卡其裤 米白色', '选用美国优质棉花为原料纺织而成，全棉密织斜纹，布面结构紧密细致，薄厚适中，穿着舒适，不起毛，不褪色。采用韩国设计师专为亚洲男士打造的完美版型，前片采用干净利落的无褶设计，', '', '', '2009-08-10 06:49:13', '2009-08-10 07:04:08'),
(118, 'cht', 38, '全棉斜纹直筒卡其裤 卡其色', NULL, '<p><span style="color: #666666; font-family: 宋体; font-size: 12px; font-weight: 100; line-height: 19px;">选用美国优质棉花为原料纺织而成，全棉密织斜纹，布面结构紧密细致，薄厚适中，穿着舒适，不起毛，不褪色。采用韩国设计师专为亚洲男士打造的完美版型，前片采用干净利落的无褶设计，简洁合身.整体裤型为收身直筒，线条顺直流畅。YKK双保险反扣拉头、滑动自如，精选青古铜色，彰显高档品质。激光刻字纽扣，圆润饱满。流畅的线条、舒适的穿着感受，无论商务和休闲场合都能从容应对。</span></p>', '', '', 0.00, 0.00, '卡其裤 卡其色', '选用美国优质棉花为原料纺织而成，全棉密织斜纹，布面结构紧密细致，薄厚适中，穿着舒适，不起毛，不褪色。采用韩国设计师专为亚洲男士打造的完美版型，前片采用干净利落的无褶设计，', '', '', '2009-08-10 06:49:13', '2009-08-10 07:09:18'),
(119, 'cht', 39, '全棉斜纹直筒卡其裤 黑色', NULL, '<p><span style="color: #666666; font-family: 宋体; font-size: 12px; font-weight: 100; line-height: 19px;">选用美国优质棉花为原料纺织而成，全棉密织斜纹，布面结构紧密细致，薄厚适中，穿着舒适，不起毛，不褪色。采用韩国设计师专为亚洲男士打造的完美版型，前片采用干净利落的无褶设计，简洁合身.整体裤型为收身直筒，线条顺直流畅。YKK双保险反扣拉头、滑动自如，精选青古铜色，彰显高档品质。激光刻字纽扣，圆润饱满。流畅的线条、舒适的穿着感受，无论商务和休闲场合都能从容应对。</span></p>', '', '', 0.00, 0.00, '卡其裤 黑色', '选用美国优质棉花为原料纺织而成，全棉密织斜纹，布面结构紧密细致，薄厚适中，穿着舒适，不起毛，不褪色。采用韩国设计师专为亚洲男士打造的完美版型，前片采用干净利落的无褶设计，', '', '', '2009-08-10 06:49:13', '2009-08-10 07:14:24'),
(120, 'cht', 40, '全棉斜纹直筒卡其裤 藏青色', '', '<p><span style="color: #666666; font-family: 宋体; font-size: 12px; font-weight: 100; line-height: 19px;">选用美国优质棉花为原料纺织而成，全棉密织斜纹，布面结构紧密细致，薄厚适中，穿着舒适，不起毛，不褪色。采用韩国设计师专为亚洲男士打造的完美版型，前片采用干净利落的无褶设计，简洁合身.整体裤型为收身直筒，线条顺直流畅。YKK双保险反扣拉头、滑动自如，精选青古铜色，彰显高档品质。激光刻字纽扣，圆润饱满。流畅的线条、舒适的穿着感受，无论商务和休闲场合都能从容应对。</span></p>', '', '', 0.00, 0.00, '卡其裤 藏青色', '选用美国优质棉花为原料纺织而成，全棉密织斜纹，布面结构紧密细致，薄厚适中，穿着舒适，不起毛，不褪色。采用韩国设计师专为亚洲男士打造的完美版型，前片采用干净利落的无褶设计，', '', '', '2009-08-10 06:49:13', '2009-08-20 03:32:09'),
(121, 'cht', 36, '全棉斜纹直筒卡其裤 灰色', NULL, '<p><span style="color: #666666; font-family: 宋体; font-size: 12px; font-weight: 100; line-height: 19px;">选用美国优质棉花为原料纺织而成，全棉密织斜纹，布面结构紧密细致，薄厚适中，穿着舒适，不起毛，不褪色。采用韩国设计师专为亚洲男士打造的完美版型，前片采用干净利落的无褶设计，简洁合身.整体裤型为收身直筒，线条顺直流畅。YKK双保险反扣拉头、滑动自如，精选青古铜色，彰显高档品质。激光刻字纽扣，圆润饱满。流畅的线条、舒适的穿着感受，无论商务和休闲场合都能从容应对。</span></p>', '', '', 0.00, 0.00, '卡其裤 灰色', '选用美国优质棉花为原料纺织而成，全棉密织斜纹，布面结构紧密细致，薄厚适中，穿着舒适，不起毛，不褪色。采用韩国设计师专为亚洲男士打造的完美版型，前片采用干净利落的无褶设计，', '', '', '2009-08-10 06:49:13', '2009-08-10 06:50:00'),
(122, 'cht', 35, '免烫牛津纺全棉短袖衬衫 领尖扣 水蓝细条纹', NULL, '<p><span style="color: #666666; font-family: 宋体; font-size: 12px; font-weight: 100; line-height: 19px;">设计师遵循布料完美肌理，立体剪裁，以直筒明门襟的经典造型、配合圆袋、曲摆的现代人性化裁减，相得益彰，浑然天成。色彩明快的纯色衬衫简洁、自然、为您营造出利落、爽朗的形象，透出热情、优雅的个性：白色、米黄、淡黄色、粉色等十余种明快的纯色缤纷呈现，各有千秋。</span></p>', '', '', 0.00, 0.00, '全棉 短袖衬衫 领尖扣 水蓝细条纹', '设计师遵循布料完美肌理，立体剪裁，以直筒明门襟的经典造型、配合圆袋、曲摆的现代人性化裁减，相得益彰，浑然天成。色彩明快的纯色衬衫简洁、自然、为您营造出利落、爽朗的形象，透', '', '', '2009-08-10 06:14:12', '2009-08-10 06:39:29'),
(123, 'cht', 32, '     免烫牛津纺全棉短袖衬衫 领尖扣 淡粉红', NULL, '<p><span style="color: #666666; font-family: 宋体; font-size: 12px; font-weight: 100; line-height: 19px;">设计师遵循布料完美肌理，立体剪裁，以直筒明门襟的经典造型、配合圆袋、曲摆的现代人性化裁减，相得益彰，浑然天成。色彩明快的纯色衬衫简洁、自然、为您营造出利落、爽朗的形象，透出热情、优雅的个性：白色、米黄、淡黄色、粉色等十余种明快的纯色缤纷呈现，各有千秋。</span></p>', '', '', 0.00, 0.00, '全棉 短袖衬衫 领尖扣 淡粉红', '设计师遵循布料完美肌理，立体剪裁，以直筒明门襟的经典造型、配合圆袋、曲摆的现代人性化裁减，相得益彰，浑然天成。色彩明快的纯色衬衫简洁、自然、为您营造出利落、爽朗的形象，透', '', '', '2009-08-10 06:14:12', '2009-08-10 06:36:48'),
(124, 'cht', 33, '诺基亚 N96', NULL, '<p><br />&nbsp;&nbsp;&nbsp; 颜色说明移动定制机为正面全黑，边框是银灰的；非定制版为全黑色。<br />规格参数<br />&nbsp;&nbsp;&nbsp; [上市日期] [网络频率] [重　量] [尺寸/体积] [可选颜色] [屏幕参数] [操作系统] [通话时间] [待机时间] <br />&nbsp;&nbsp;&nbsp; 上市日期2008年09月<br />&nbsp;&nbsp;&nbsp; 网络频率GSM/GPRS/EDGE/；850/900/1800/1900<br />&nbsp;&nbsp;&nbsp; 重　量　125 克<br />&nbsp;&nbsp;&nbsp; 尺寸/体积103&times;55&times;18mm<br />&nbsp;&nbsp;&nbsp; 屏幕颜色1600万色<br />&nbsp;&nbsp;&nbsp; 屏幕材质TFT<br />&nbsp;&nbsp;&nbsp; 屏幕像素240&times;320像素<br />&nbsp;&nbsp;&nbsp; 屏幕尺寸2.8英寸<br />&nbsp;&nbsp;&nbsp; 操作系统Symbian 9.2，S60第三版FP2平台<br />&nbsp;&nbsp;&nbsp; 通话时间220 分钟<br />&nbsp;&nbsp;&nbsp; 待机时间220 小时<br />基本功能<br />&nbsp;&nbsp;&nbsp; [时钟] [内置振动] [录音] [可选铃声] [和弦铃声] [MP3铃声] [来电铃声识别] [来电图片识别] [情景模式] [待机图片] [图形菜单] [主题模式] [文件管理器] <br />&nbsp;&nbsp;&nbsp; 和弦铃声64和弦<br />&nbsp;&nbsp;&nbsp; MP3铃声支持<br />&nbsp;&nbsp;&nbsp; 可选铃声支持自设铃声<br />&nbsp;&nbsp;&nbsp; 输入法中文输入法，英文输入法，数字输入法，符号输入法<br />通信功能<br />&nbsp;&nbsp;&nbsp; [内置天线] [短信群发] [EMS短信] [超长短信] [多媒体短信] [语音拨号] [话机通讯录] [通讯录群组] [通话记录] [免提通话] <br />&nbsp;&nbsp;&nbsp; 短信群发支持<br />&nbsp;&nbsp;&nbsp; 超长短信支持<br />&nbsp;&nbsp;&nbsp; 多媒体短信支持<br />&nbsp;&nbsp;&nbsp; 免提通话支持<br />&nbsp;&nbsp;&nbsp; 语音拨号支持<br />多媒体娱乐<br />&nbsp;&nbsp;&nbsp; [TV-Out电视输出] [支持TF卡扩展] [JAVA] [内置摄像头] [闪光灯] [视频拍摄] [MP3播放器] [FM收音机] <br />&nbsp;&nbsp;&nbsp; 内存容量内存容量16G，最大支持16GB的tf卡扩展；运行内存总数:128MB<br />&nbsp;&nbsp;&nbsp; 多媒体卡扩展支持microSD卡扩展<br />&nbsp;&nbsp;&nbsp; Java扩展Java MIDP 2.0<br />&nbsp;&nbsp;&nbsp; 摄像头内置；卡尔蔡司镜头，支持自动对焦<br />&nbsp;&nbsp;&nbsp; 摄像头像素500万像素<br />&nbsp;&nbsp;&nbsp; 副摄像头像素30万像素<br />&nbsp;&nbsp;&nbsp; 传感器类型CMOS<br />&nbsp;&nbsp;&nbsp; 闪光灯内置；双LED补光灯<br />&nbsp;&nbsp;&nbsp; 照片分辨率多种照片分辨率选择<br />&nbsp;&nbsp;&nbsp; 拍摄模式多种拍摄模式选择<br />&nbsp;&nbsp;&nbsp; 照片质量多种照片质量选择<br />&nbsp;&nbsp;&nbsp; 视频拍摄有声视频拍摄；VGA分辨率，30fps视频拍摄<br />&nbsp;&nbsp;&nbsp; 视频播放支持 H.263、H.264、WMV9、RealVideo、FLV 影片播放<br />&nbsp;&nbsp;&nbsp; MP3播放器支持MP3、AAC、AAC+、eAAC+、WMA文件<br />&nbsp;&nbsp;&nbsp; 收音机FM立体声收音机<br />&nbsp;&nbsp;&nbsp; 耳机插口3.5mm接口<br />数据传输<br />&nbsp;&nbsp;&nbsp; [数据同步] [无线Modem] [E-Mail] [GPS导航] [蓝牙] <br />&nbsp;&nbsp;&nbsp; WAP浏览器WAP 2.0<br />&nbsp;&nbsp;&nbsp; WWW浏览器支持RSS订阅<br />&nbsp;&nbsp;&nbsp; 蓝牙接口V2.0，支持A2DP<br />&nbsp;&nbsp;&nbsp; 数据线接口microUSB 2.0接口<br />&nbsp;&nbsp;&nbsp; GPS导航芯片内置GPS，支持AGPS辅助定位功能、GPS相片功能<br />个人助理<br />&nbsp;&nbsp;&nbsp; [GPS导航地图] [闹钟] [日历] [计算器] [秒表] [记事本] [备忘录] [世界时钟] [单位换算] [货币换算]</p>', '', '', 0.00, 0.00, '诺基亚 N96', '诺基亚 N96', '', '', '2009-08-10 06:27:22', '2009-08-10 06:27:22'),
(125, 'cht', 34, '诺基亚 N97', NULL, '<p><br />基本参数<br />&nbsp;&nbsp;&nbsp; 型号N97<br />&nbsp;&nbsp;&nbsp; 详细标配两块BP-4L锂电池(1500mAh),AC-10C充电器,CA-100 USB充电线,CA-101数据线,立体声耳机+线控,BH-606蓝牙耳机,触控笔,屏幕保护膜,屏幕擦拭布,手机套,用户手册,保修卡（白色版N97 蓝牙耳机为白色，黑色版N97蓝牙耳机为黑色）<br />&nbsp;&nbsp;&nbsp; 手机类型手写手机,智能手机,商务手机,音乐手机,全键盘手机<br />&nbsp;&nbsp;&nbsp; 上市日期2009年05月<br />&nbsp;&nbsp;&nbsp; 手机制式GSM<br />&nbsp;&nbsp;&nbsp; 手机频段850/900/1800/1900MHz<br />&nbsp;&nbsp;&nbsp; 手机外形滑盖,全键盘<br />&nbsp;&nbsp;&nbsp; 手机系统Symbian OS v9.4,S60 5th Edition<br />&nbsp;&nbsp;&nbsp; 主屏尺寸3.5英寸<br />&nbsp;&nbsp;&nbsp; 主屏材质TFT,电阻屏<br />&nbsp;&nbsp;&nbsp; 主屏色彩1600万色<br />&nbsp;&nbsp;&nbsp; 主屏参数360&times;640像素<br />&nbsp;&nbsp;&nbsp; 理论通话时间400分钟<br />&nbsp;&nbsp;&nbsp; 理论待机时间430小时<br />&nbsp;&nbsp;&nbsp; 机身容量32GB<br />&nbsp;&nbsp;&nbsp; 体积117.2&times;55.3&times;18.25mm<br />&nbsp;&nbsp;&nbsp; 重量150.0g<br />基本功能<br />&nbsp;&nbsp;&nbsp; 铃声支持MP3或MIDI和弦铃声<br />&nbsp;&nbsp;&nbsp; 通讯录名片式<br />&nbsp;&nbsp;&nbsp; 信息功能短信,彩信<br />&nbsp;&nbsp;&nbsp; 电子邮件支持<br />&nbsp;&nbsp;&nbsp; 输入法手写输入,全键盘输入<br />&nbsp;&nbsp;&nbsp; 游戏内置<br />&nbsp;&nbsp;&nbsp; 办公功能日历,日程表,闹钟,Excel,PDF,Powerpoint,Word,Zip阅读<br />&nbsp;&nbsp;&nbsp; 录音功能支持<br />&nbsp;&nbsp;&nbsp; 主要功能S60第二款全触摸手机,配合全键盘操作,给您带来全新的用户体验,诺基亚新一代机皇<br />数据应用功能<br />&nbsp;&nbsp;&nbsp; 蓝牙支持蓝牙立体声<br />&nbsp;&nbsp;&nbsp; 数据业务GPRS/EDGE<br />&nbsp;&nbsp;&nbsp; JAVA支持<br />&nbsp;&nbsp;&nbsp; WAP上网支持<br />&nbsp;&nbsp;&nbsp; 数据线支持<br />&nbsp;&nbsp;&nbsp; 扩展卡最大支持16GB MicroSD<br />&nbsp;&nbsp;&nbsp; GPS支持GPS导航<br />多媒体娱乐功能<br />&nbsp;&nbsp;&nbsp; 摄像头内置摄像头<br />&nbsp;&nbsp;&nbsp; 主摄像头像素500万像素<br />&nbsp;&nbsp;&nbsp; 副摄像头像素30万像素<br />&nbsp;&nbsp;&nbsp; 传感器类型CMOS<br />&nbsp;&nbsp;&nbsp; 闪光灯LED闪光灯<br />&nbsp;&nbsp;&nbsp; 拍摄特色卡尔&middot;蔡司认证镜头<br />&nbsp;&nbsp;&nbsp; 拍摄功能描述最大支持2592 x 1944分辨率,四倍数码变焦,自动对焦,全屏取景<br />&nbsp;&nbsp;&nbsp; 视频拍摄支持640 x 480分辨率,30fps,H.263, MPEG-4 视频拍摄<br />&nbsp;&nbsp;&nbsp; MP3播放AAC, AAC+, AMR-NB, AMR-WB, AU, AWB, eAAC+, M4A, MIDI<br />&nbsp;&nbsp;&nbsp; 视频播放3GPP formats (H.263), Flash Video, H.264/AVC, MPEG-4<br />&nbsp;&nbsp;&nbsp; 耳机接口3.5mm<br />&nbsp;&nbsp;&nbsp; FM收音支持立体声收音机</p>', '', '', 0.00, 0.00, '诺基亚 N97', '诺基亚 N97', '', '', '2009-08-10 06:34:31', '2009-08-10 06:34:31'),
(126, 'cht', 31, '诺基亚 N86', NULL, '<p><br />基本参数<br />&nbsp;&nbsp;&nbsp; 型号N86<br />&nbsp;&nbsp;&nbsp; 手机类型音乐手机,智能手机,导航手机,拍照手机<br />&nbsp;&nbsp;&nbsp; 上市日期2009年07月<br />&nbsp;&nbsp;&nbsp; 手机制式GSM/WCDMA<br />&nbsp;&nbsp;&nbsp; 手机频段850/900/1800/1900/2100<br />&nbsp;&nbsp;&nbsp; 手机外形双向滑盖<br />&nbsp;&nbsp;&nbsp; 主屏尺寸2.6英寸<br />&nbsp;&nbsp;&nbsp; 主屏材质OLED<br />&nbsp;&nbsp;&nbsp; 主屏色彩1,670万色<br />&nbsp;&nbsp;&nbsp; 主屏参数320 x 240<br />&nbsp;&nbsp;&nbsp; 操作系统Symbian OS 9.3版,S60 第三版 feature pack 2<br />&nbsp;&nbsp;&nbsp; 理论通话时间6.3小时<br />&nbsp;&nbsp;&nbsp; 理论待机时间315小时<br />&nbsp;&nbsp;&nbsp; 可选外壳颜色黑色<br />&nbsp;&nbsp;&nbsp; 内存8GB<br />&nbsp;&nbsp;&nbsp; 体积103.4 x 51.4 x 16.5-18.5 毫米<br />&nbsp;&nbsp;&nbsp; 重量149 克<br />基本功能<br />&nbsp;&nbsp;&nbsp; 铃声MP3,aac,AAC+格式及64和弦,AMR,WMA<br />&nbsp;&nbsp;&nbsp; 通讯录名片式<br />&nbsp;&nbsp;&nbsp; 信息功能短信,彩信<br />&nbsp;&nbsp;&nbsp; 电子邮件支持IMAP4,POP3及SMTP<br />&nbsp;&nbsp;&nbsp; 输入法中文输入法<br />&nbsp;&nbsp;&nbsp; 游戏内置<br />&nbsp;&nbsp;&nbsp; 办公功能备忘录,计算器,日历,换算器,记事本,代办事务<br />&nbsp;&nbsp;&nbsp; 录音功能支持<br />&nbsp;&nbsp;&nbsp; 附加功能光线感应器,环境亮度感应器<br />数据应用功能<br />&nbsp;&nbsp;&nbsp; 蓝牙支持蓝牙2.0<br />&nbsp;&nbsp;&nbsp; 数据业务GPRS/EDGE/HSDPA<br />&nbsp;&nbsp;&nbsp; JAVA支持<br />&nbsp;&nbsp;&nbsp; WAP上网支持<br />&nbsp;&nbsp;&nbsp; WIFI不支持<br />&nbsp;&nbsp;&nbsp; GPS內置 GPS 及 A-GPS（内置导航软件在开机三个月内可免费使用十天，也可安装第三方导航软件）<br />&nbsp;&nbsp;&nbsp; 数据线支持<br />&nbsp;&nbsp;&nbsp; 扩展卡最大支持16GB MicroSD<br />多媒体娱乐功能<br />&nbsp;&nbsp;&nbsp; 摄像头内置摄像头<br />&nbsp;&nbsp;&nbsp; 主摄像头像素800万<br />&nbsp;&nbsp;&nbsp; 前置摄像头30万(支持视频通话)<br />&nbsp;&nbsp;&nbsp; 传感器类型CMOS<br />&nbsp;&nbsp;&nbsp; 闪光灯双LED闪光灯<br />&nbsp;&nbsp;&nbsp; 拍摄特色卡尔蔡司认证镜头<br />&nbsp;&nbsp;&nbsp; 拍摄功能描述最大支持3280x2464像素,自动对焦,高速快门(最快可达1/1000 秒)<br />&nbsp;&nbsp;&nbsp; 焦距4.61毫米<br />&nbsp;&nbsp;&nbsp; 焦距范围10厘米至无限远<br />&nbsp;&nbsp;&nbsp; 微距对焦10-50 厘米<br />&nbsp;&nbsp;&nbsp; 视频拍摄可摄录高达每秒30格的VGA短片<br />&nbsp;&nbsp;&nbsp; MP3播放mp3,wma,aac,eAAC,eAAC+<br />&nbsp;&nbsp;&nbsp; 耳机接口3.5mm<br />&nbsp;&nbsp;&nbsp; 视频播放支持<br />&nbsp;&nbsp;&nbsp; 多媒体内置立体声喇叭<br />&nbsp;&nbsp;&nbsp; FM收音87.5-108 MHz,支持RDS</p>', '', '', 0.00, 0.00, '诺基亚 N86', '诺基亚 N86', '', '', '2009-08-10 06:23:55', '2009-08-10 06:23:55'),
(127, 'cht', 30, '诺基亚 N85', NULL, '<p><br />&nbsp;&nbsp;&nbsp; 颜色说明N85的颜色&ldquo;铜色&rdquo;与&ldquo;黑色&rdquo;区别在于后盖的颜色，前面都是黑色的。黑色的后盖上面有很细小的银灰色条纹，铜色的没有。<br />基本功能<br />&nbsp;&nbsp;&nbsp; [GSM手机] [GPRS] [EDGE] [和弦铃声] [可选铃声] [情景模式] [图形菜单] [待机图片] [动画屏保] [内置振动] [免提通话] <br />&nbsp;&nbsp;&nbsp; 上市日期2008年09月<br />&nbsp;&nbsp;&nbsp; 手机制式GSM/GPRS/EDGE<br />&nbsp;&nbsp;&nbsp; 支持频段|850/900/1800/1900MHz|<br />&nbsp;&nbsp;&nbsp; 和弦铃声64和弦<br />&nbsp;&nbsp;&nbsp; 铃声格式mp3、aac、AAC+ 64 和弦铃声、AMR、WMA<br />外观设计<br />&nbsp;&nbsp;&nbsp; [滑盖手机] [内置天线] <br />&nbsp;&nbsp;&nbsp; 机型双向滑盖，具有弹簧辅助结构<br />&nbsp;&nbsp;&nbsp; 尺寸103x50x16.0毫米<br />&nbsp;&nbsp;&nbsp; 重量128克<br />&nbsp;&nbsp;&nbsp; 体积76立方厘米<br />&nbsp;&nbsp;&nbsp; 数字键盘机盖键（60 系列按键、多媒体键、通话/结束键）,滑盖快捷键（媒体控制/缩放/游戏）,Navi&trade; 多媒体导航键<br />&nbsp;&nbsp;&nbsp; 特殊按键专用媒体/缩放/游戏键<br />&nbsp;&nbsp;&nbsp; 快捷按键专用照相/摄像机和音量键、机盖键，多媒体键<br />&nbsp;&nbsp;&nbsp; 声控命令支持<br />&nbsp;&nbsp;&nbsp; 智能按键照明支持<br />屏幕参数<br />&nbsp;&nbsp;&nbsp; [有源矩阵OLED技术] [亮度控制] [方向传感器] [环境光检测器] <br />&nbsp;&nbsp;&nbsp; 屏幕大小2.6英寸<br />&nbsp;&nbsp;&nbsp; 屏幕颜色1600万色<br />&nbsp;&nbsp;&nbsp; 屏幕类型AMOLED<br />&nbsp;&nbsp;&nbsp; 分辨率240&times;320像素<br />&nbsp;&nbsp;&nbsp; 屏幕工艺有源矩阵 OLED 技术<br />&nbsp;&nbsp;&nbsp; 屏幕支持亮度控制，方向传感器，环境光检测器<br />通讯功能<br />&nbsp;&nbsp;&nbsp; [输入法] [短信功能] [EMS短信] [多媒体短信] [E-Mail] [话机通讯录] [通话记录] [语音拨号] [来电图片识别] [来电铃音识别] [全球定位GPS] <br />&nbsp;&nbsp;&nbsp; 输入法中文输入法<br />&nbsp;&nbsp;&nbsp; E-Mail支持SMTP、POP3、IMAP4等邮件协议<br />&nbsp;&nbsp;&nbsp; 全球定位GPS内置SiRFstar III GPS芯片；内置导航地图<br />&nbsp;&nbsp;&nbsp; 通话时间（最长）GSM 6.9小时<br />&nbsp;&nbsp;&nbsp; 待机时间（最长）GSM 363小时<br />&nbsp;&nbsp;&nbsp; 分组数据浏览时间（最长）5小时42分钟<br />&nbsp;&nbsp;&nbsp; 自动应答自动应答（与耳机或车载套件配合使用）<br />&nbsp;&nbsp;&nbsp; 通话计时支持<br />&nbsp;&nbsp;&nbsp; 短信息支持连锁信息以发送较长的信息，最大600K<br />&nbsp;&nbsp;&nbsp; 电子邮件支持电子邮件附件，支持电子邮件筛选<br />&nbsp;&nbsp;&nbsp; GPS导航内置和单独的 GPS、A-GPS，并且基于蜂窝网络，诺基亚地图 2.0 应用程序<br />拍照功能<br />&nbsp;&nbsp;&nbsp; [内置] [变焦模式] [视频拍摄] <br />&nbsp;&nbsp;&nbsp; 摄像头位置内置<br />&nbsp;&nbsp;&nbsp; 像素500万<br />&nbsp;&nbsp;&nbsp; 传感器CMOS 传感器，卡尔蔡司光学系统，Tessar&trade; 镜头<br />&nbsp;&nbsp;&nbsp; 变焦模式20 倍数码变焦<br />&nbsp;&nbsp;&nbsp; 自动对焦通过辅助灯和两段式快门键自动对焦<br />&nbsp;&nbsp;&nbsp; 焦距焦距：5.45 毫米<br />&nbsp;&nbsp;&nbsp; 焦距范围焦距范围：10 厘米至无限远<br />&nbsp;&nbsp;&nbsp; 拍摄案件专用照相机键<br />&nbsp;&nbsp;&nbsp; 照片分辨率最大支持2592*1944分辨率<br />&nbsp;&nbsp;&nbsp; 闪光灯双 LED 闪光灯<br />&nbsp;&nbsp;&nbsp; 闪光灯模式开、关、自动和消除红眼<br />&nbsp;&nbsp;&nbsp; 拍摄模式静止、连拍、自动定时器、摄像<br />&nbsp;&nbsp;&nbsp; 场景模式自动、用户自定义、微距、肖像、风景、运动和夜间<br />&nbsp;&nbsp;&nbsp; 色调模式正常、怀旧、黑白、负片、逼真<br />&nbsp;&nbsp;&nbsp; 感光度模式高、中、低、自动<br />&nbsp;&nbsp;&nbsp; 视频录制最高支持 640 x 480 像素（VGA）、30 帧/秒<br />&nbsp;&nbsp;&nbsp; 视频变焦最高支持 8 倍数码变焦<br />&nbsp;&nbsp;&nbsp; 正面摄像机视频录制最高支持 352 x 288 像素（CIF）、15 帧/秒<br />&nbsp;&nbsp;&nbsp; 视频录制文件格式.mp4、.3gp；编解码器：H.263、H.264<br />&nbsp;&nbsp;&nbsp; 音频录制格式AMR、AAC 立体声<br />娱乐功能<br />&nbsp;&nbsp;&nbsp; [视频播放] [音频播放] [WAP浏览器] [WWW浏览器] [MP3功能] [内置游戏] <br />&nbsp;&nbsp;&nbsp; 视频播放内置RealPlayer播放器<br />&nbsp;&nbsp;&nbsp; MP3功能支持后台播放、播放列表编辑、EQ音效调节、循环播放设置<br />&nbsp;&nbsp;&nbsp; 视频播放文件格式.mp4、.3gp；编解码器：H.263、H.264<br />&nbsp;&nbsp;&nbsp; 视频流媒体.mp4、.flv、.vmw<br />&nbsp;&nbsp;&nbsp; 视频播放时间（最长）7小时<br />&nbsp;&nbsp;&nbsp; 视频录制时间（最长）2小时54分钟<br />&nbsp;&nbsp;&nbsp; 音乐播放时间（最长）28小时<br />&nbsp;&nbsp;&nbsp; 游戏时间（最长）7小时<br />&nbsp;&nbsp;&nbsp; 横向模式视频播放支持<br />&nbsp;&nbsp;&nbsp; 视频通话最高支持 640 x 480 像素（VGA）、30 帧/秒<br />&nbsp;&nbsp;&nbsp; 视频铃声3 个内置铃声<br />&nbsp;&nbsp;&nbsp; 视频输出通过诺基亚视频数据线（CA-75U，包括在标准销售包装中） 支持电视输出（PAL/NTSC）<br />&nbsp;&nbsp;&nbsp; 音乐播放文件格式mp3、.wma、.aac、eAAC、eAAC+<br />&nbsp;&nbsp;&nbsp; 音频流媒体UPnP 音乐流媒体<br />&nbsp;&nbsp;&nbsp; 调频收音机87.5-108 兆赫，支持 RDS<br />&nbsp;&nbsp;&nbsp; 调频发射器88.1 - 108 兆赫<br />&nbsp;&nbsp;&nbsp; 可视收音机支持<br />扩展存储功能<br />&nbsp;&nbsp;&nbsp; [存储卡格式] [Java扩展] [蓝牙接口] [数据线接口] [USB] <br />&nbsp;&nbsp;&nbsp; 运存74MB<br />&nbsp;&nbsp;&nbsp; 闪存78MB<br />&nbsp;&nbsp;&nbsp; 存储卡格式T-Flash卡，支持热插拔，最高支持8GB<br />&nbsp;&nbsp;&nbsp; Java扩展Java MIDP 2.0<br />&nbsp;&nbsp;&nbsp; 蓝牙接口蓝牙2.0，支持A2DP<br />&nbsp;&nbsp;&nbsp; 数据线接口支持大容量存储模式的 Micro-USB 插孔，高速 USB 2.0<br />&nbsp;&nbsp;&nbsp; 耳机接口3.5 毫米 AV 插孔<br />高级功能<br />&nbsp;&nbsp;&nbsp; [*FM发射器] [操作系统] [PDA功能] [电子书] [录音] [N-GAGE] <br />&nbsp;&nbsp;&nbsp; 操作系统第 9.3 版 Symbian 操作系统<br />&nbsp;&nbsp;&nbsp; 用户界面S60<br />&nbsp;&nbsp;&nbsp; 电子书支持TXT格式<br />&nbsp;&nbsp;&nbsp; 游戏支持专用N-GAGE游戏<br />附加功能<br />&nbsp;&nbsp;&nbsp; [日历] [计算器] [闹钟] [日程表] [单位换算] [文字笔记] [语音笔记] [当前笔记] [待办事项] <br />更多介绍<br />&nbsp;&nbsp;&nbsp; [Flash播放器] [TV-Out电视输出]</p>', '', '', 0.00, 0.00, '诺基亚 N85', '诺基亚 N85', '', '', '2009-08-10 06:21:59', '2009-08-10 06:21:59'),
(128, 'cht', 29, '     免烫牛津纺全棉短袖衬衫 领尖扣 紫色', NULL, '<p><span style="color: #666666; font-family: 宋体; font-size: 12px; font-weight: 100; line-height: 19px;">设计师遵循布料完美肌理，立体剪裁，以直筒明门襟的经典造型、配合圆袋、曲摆的现代人性化裁减，相得益彰，浑然天成。色彩明快的纯色衬衫简洁、自然、为您营造出利落、爽朗的形象，透出热情、优雅的个性：白色、米黄、淡黄色、粉色等十余种明快的纯色缤纷呈现，各有千秋。</span></p>', '', '', 0.00, 0.00, '全棉 短袖衬衫 领尖扣 紫色', '设计师遵循布料完美肌理，立体剪裁，以直筒明门襟的经典造型、配合圆袋、曲摆的现代人性化裁减，相得益彰，浑然天成。色彩明快的纯色衬衫简洁、自然、为您营造出利落、爽朗的形象，透', '', '', '2009-08-10 06:14:12', '2009-08-10 06:26:12'),
(129, 'cht', 27, '诺基亚 N81', NULL, '', '', '', 0.00, 0.00, '诺基亚 N81', '诺基亚 N81', '', '', '2009-08-10 06:10:13', '2009-08-10 06:10:13'),
(130, 'cht', 28, '     免烫牛津纺全棉短袖衬衫 领尖扣 淡黄色', NULL, '<p><span style="color: #666666; font-family: 宋体; font-size: 12px; font-weight: 100; line-height: 19px;">设计师遵循布料完美肌理，立体剪裁，以直筒明门襟的经典造型、配合圆袋、曲摆的现代人性化裁减，相得益彰，浑然天成。色彩明快的纯色衬衫简洁、自然、为您营造出利落、爽朗的形象，透出热情、优雅的个性：白色、米黄、淡黄色、粉色等十余种明快的纯色缤纷呈现，各有千秋。</span></p>', '', '', 0.00, 0.00, '全棉 短袖衬衫 领尖扣 淡黄色', '设计师遵循布料完美肌理，立体剪裁，以直筒明门襟的经典造型、配合圆袋、曲摆的现代人性化裁减，相得益彰，浑然天成。色彩明快的纯色衬衫简洁、自然、为您营造出利落、爽朗的形象，透', '', '', '2009-08-10 06:14:12', '2009-08-10 06:14:12'),
(131, 'cht', 26, '诺基亚 N78', NULL, '<p><br />基本功能<br />&nbsp;&nbsp;&nbsp; [GSM手机] [GPRS] [EDGE] [和弦铃声] [可选铃声] [情景模式] [图形菜单] [待机图片] [免提通话] [内置振动] <br />&nbsp;&nbsp;&nbsp; 上市日期2008年06月<br />&nbsp;&nbsp;&nbsp; 手机制式GSM/GPRS/EDGE<br />&nbsp;&nbsp;&nbsp; 支持频段850/900/1800/1900MHz<br />&nbsp;&nbsp;&nbsp; 网络连接GPRS；EDGE<br />&nbsp;&nbsp;&nbsp; 理论通话时间上限约为 260 分钟<br />&nbsp;&nbsp;&nbsp; 理论待机时间上限约为 320 小时<br />&nbsp;&nbsp;&nbsp; 和弦铃声64和弦 MP3铃声<br />&nbsp;&nbsp;&nbsp; 内置振动支持<br />外观设计<br />&nbsp;&nbsp;&nbsp; [直板手机] [内置天线] <br />&nbsp;&nbsp;&nbsp; 外观样式直板<br />&nbsp;&nbsp;&nbsp; 产品天线内置<br />&nbsp;&nbsp;&nbsp; 产品尺寸113&times;49&times;15.1mm<br />&nbsp;&nbsp;&nbsp; 手机重量101.8克<br />&nbsp;&nbsp;&nbsp; 操作系统Symbian OS v9.3 Series60 3rd<br />&nbsp;&nbsp;&nbsp; 用户界面第三版 60 系列平台，Feature Pack 2<br />屏幕参数<br />&nbsp;&nbsp;&nbsp; [TFT屏] <br />&nbsp;&nbsp;&nbsp; 屏幕颜色1600万色<br />&nbsp;&nbsp;&nbsp; 屏幕材质TFT<br />&nbsp;&nbsp;&nbsp; 屏幕分辨率240&times;320像素<br />&nbsp;&nbsp;&nbsp; 屏幕尺寸2.4英寸<br />通讯功能<br />&nbsp;&nbsp;&nbsp; [输入法] [短信功能] [EMS短信] [多媒体短信] [话机通讯录] [通讯录群组] [通话记录] [来电图片识别] [来电铃音识别] [全球定位GPS] <br />&nbsp;&nbsp;&nbsp; 输入法中文输入法<br />&nbsp;&nbsp;&nbsp; 短信功能超长短信：支持<br />&nbsp;&nbsp;&nbsp; EMS短信支持<br />&nbsp;&nbsp;&nbsp; 多媒体短信支持<br />&nbsp;&nbsp;&nbsp; 话机通讯录支持<br />&nbsp;&nbsp;&nbsp; 通讯录群组支持<br />&nbsp;&nbsp;&nbsp; 通话记录支持<br />&nbsp;&nbsp;&nbsp; 来电图片识别支持<br />&nbsp;&nbsp;&nbsp; 来电铃音识别支持<br />&nbsp;&nbsp;&nbsp; 全球定位GPS内建GPS接收机。支持照片地理标记功能。结合A-GPS功能可将在拍摄照片的同时记录相片拍摄地的位置信息，让用户无论在网上地图或手机地图上都可以看到照片拍摄的具体位置<br />&nbsp;&nbsp;&nbsp; GPS地图预装诺基亚地图应用程序和可免费下载的地图<br />拍照功能<br />&nbsp;&nbsp;&nbsp; [内置] [变焦模式] [闪光灯] <br />&nbsp;&nbsp;&nbsp; 摄像头位置内置<br />&nbsp;&nbsp;&nbsp; 像素320 万像素（2048x1536）<br />&nbsp;&nbsp;&nbsp; 传感器CMOS 卡尔蔡司光学系统：Tessar&trade; 镜头<br />&nbsp;&nbsp;&nbsp; 变焦模式20倍数码变焦，支持自动对焦<br />&nbsp;&nbsp;&nbsp; 闪光灯防红眼LED闪光灯<br />&nbsp;&nbsp;&nbsp; 焦距4.6 毫米<br />&nbsp;&nbsp;&nbsp; 焦距范围10 厘米 ~ 无限远<br />&nbsp;&nbsp;&nbsp; 近距模式焦距10 厘米 &ndash; 30 厘米<br />&nbsp;&nbsp;&nbsp; 视频分辨率最高可为 VGA，每秒 15 帧<br />&nbsp;&nbsp;&nbsp; 音频录制AAC 立体声，48 千赫<br />&nbsp;&nbsp;&nbsp; 数字录像防震支持<br />&nbsp;&nbsp;&nbsp; 视频片段长度每个视频片段最长可达 60 分钟<br />&nbsp;&nbsp;&nbsp; 视频文件格式.mp4（默认），.3gp（用于彩信）<br />娱乐功能<br />&nbsp;&nbsp;&nbsp; [WAP浏览器] [WWW浏览器] [收音机] [内置游戏] <br />&nbsp;&nbsp;&nbsp; WAP浏览器支持<br />&nbsp;&nbsp;&nbsp; WWW浏览器支持<br />&nbsp;&nbsp;&nbsp; 收音机内置； FM调频立体声收音机<br />&nbsp;&nbsp;&nbsp; 内置游戏支持<br />&nbsp;&nbsp;&nbsp; 数字音乐播放器支持 MP3/ AAC/ AAC+/ eAAC+/ WMA 及播放列表、均衡器和专辑封面(自带听见了爱,音乐让我说话,等广告歌曲)<br />扩展存储功能<br />&nbsp;&nbsp;&nbsp; [存储卡格式] [内存容量] [蓝牙接口] [数据线接口] [无线数据通讯] <br />&nbsp;&nbsp;&nbsp; 存储卡格式micro SD（T-Flash）存储卡，最大支持8G扩展<br />&nbsp;&nbsp;&nbsp; 内存容量70MB<br />&nbsp;&nbsp;&nbsp; 蓝牙接口内置；蓝牙v2.0（支持A2D技术）<br />&nbsp;&nbsp;&nbsp; 数据线接口通过 micro USB 插孔支持 USB 2.0 高速<br />&nbsp;&nbsp;&nbsp; 无线数据通讯无线Modem<br />&nbsp;&nbsp;&nbsp; 耳机接口诺基亚 3.5 毫米 AV 插孔<br />高级功能<br />&nbsp;&nbsp;&nbsp; [操作系统] [处理器] [JAVA] <br />&nbsp;&nbsp;&nbsp; Java&trade;MIDP2.0 C++ 和 Java 软件开发工具包<br />附加功能<br />&nbsp;&nbsp;&nbsp; [日历] [计算器] [闹钟] <br />&nbsp;&nbsp;&nbsp; 日历支持<br />&nbsp;&nbsp;&nbsp; 计算器支持<br />&nbsp;&nbsp;&nbsp; 闹钟支持</p>', '', '', 0.00, 0.00, '诺基亚 N78', '诺基亚 N78', '', '', '2009-08-10 06:08:39', '2009-08-10 06:08:39'),
(132, 'cht', 25, '诺基亚 E71', NULL, '<p><br />&nbsp;&nbsp;&nbsp; [温馨提示：E71白色版标配为白色皮套，灰色版标配为灰色皮套] <br />基本功能<br />&nbsp;&nbsp;&nbsp; 上市日期2008年11月<br />&nbsp;&nbsp;&nbsp; 手机制式GSM/GPRS/EDGE<br />&nbsp;&nbsp;&nbsp; 支持频段|850/900/1800/1900MHz|<br />&nbsp;&nbsp;&nbsp; 网络连接GPRS；EDGE<br />&nbsp;&nbsp;&nbsp; 理论通话时间630分钟<br />&nbsp;&nbsp;&nbsp; 理论待机时间408小时<br />&nbsp;&nbsp;&nbsp; 和弦铃声64和弦<br />&nbsp;&nbsp;&nbsp; 内存110 MB<br />外观设计<br />&nbsp;&nbsp;&nbsp; [直板手机] [内置天线] <br />&nbsp;&nbsp;&nbsp; 外观设计直板<br />&nbsp;&nbsp;&nbsp; 产品天线内置<br />&nbsp;&nbsp;&nbsp; 可选颜色白色,灰色(黑色和红色目前没有行货)<br />&nbsp;&nbsp;&nbsp; 产品尺寸114&times;57&times;10mm<br />&nbsp;&nbsp;&nbsp; 手机重量127克<br />&nbsp;&nbsp;&nbsp; 体积66 立方厘米<br />屏幕参数<br />&nbsp;&nbsp;&nbsp; [TFT屏] <br />&nbsp;&nbsp;&nbsp; 屏幕颜色1600万色（QVGA）<br />&nbsp;&nbsp;&nbsp; 屏幕类型TFT<br />&nbsp;&nbsp;&nbsp; 分辨率240&times;320像素<br />&nbsp;&nbsp;&nbsp; 屏幕尺寸2.36英寸　<br />&nbsp;&nbsp;&nbsp; 键盘设计完整全键盘<br />通讯功能<br />&nbsp;&nbsp;&nbsp; [输入法] [短信功能] [EMS短信] [多媒体短信] [E-Mail] [话机通讯录] [通话记录] [语音拨号] [来电图片识别] [来电铃音识别] <br />&nbsp;&nbsp;&nbsp; 输入法中文输入法；<br />&nbsp;&nbsp;&nbsp; 短信功能超长短信：支持<br />&nbsp;&nbsp;&nbsp; 短信群发支持；<br />&nbsp;&nbsp;&nbsp; E-Mail支持SMTP、POP3、IMAP4等邮件协议<br />拍照功能<br />&nbsp;&nbsp;&nbsp; [内置] [变焦模式] [连拍] [定时拍摄] [拍摄模式] [视频拍摄] [自动对焦] <br />&nbsp;&nbsp;&nbsp; 摄像头位置内置<br />&nbsp;&nbsp;&nbsp; 像素320万<br />&nbsp;&nbsp;&nbsp; 传感器CMOS<br />&nbsp;&nbsp;&nbsp; 变焦模式数码变焦；自动对焦<br />&nbsp;&nbsp;&nbsp; 照片分辨率最大支持2048*1536分辨率<br />&nbsp;&nbsp;&nbsp; 连拍支持6张高速连拍<br />&nbsp;&nbsp;&nbsp; 定时拍摄支持2秒、10秒、20秒三种定时拍摄模式<br />&nbsp;&nbsp;&nbsp; 拍摄模式静止、连拍、自动定时器、摄像<br />&nbsp;&nbsp;&nbsp; 照片质量多种照片质量选择<br />&nbsp;&nbsp;&nbsp; 视频拍摄有声视频拍摄<br />&nbsp;&nbsp;&nbsp; 详细说明支持曝光补偿调节(-2到+2) 支持白平衡调节(自动、晴天、白炽灯、荧光灯)<br />&nbsp;&nbsp;&nbsp; 闪光灯模式自动、开、防红眼、关<br />&nbsp;&nbsp;&nbsp; 闪光灯有效范围1 米<br />&nbsp;&nbsp;&nbsp; 白平衡模式自动、阳光、白炽、荧光<br />&nbsp;&nbsp;&nbsp; 中央重点测光自动曝光曝光补偿;+2 ~ -2EV（0.7EV 间隔）<br />&nbsp;&nbsp;&nbsp; 场景模式自动、夜间<br />&nbsp;&nbsp;&nbsp; 色调模式正常、怀旧、黑白、负片<br />&nbsp;&nbsp;&nbsp; 视频支持像素640 x 480 像素，每秒 22 帧<br />&nbsp;&nbsp;&nbsp; 视频录制文件格式.mp4、.3gp；编解码器：H.263、MPEG-4 VSP<br />&nbsp;&nbsp;&nbsp; 音频录制格式AMR-WB、AMR-NB<br />&nbsp;&nbsp;&nbsp; 视频白平衡模式自动、阳光、白炽、荧光<br />&nbsp;&nbsp;&nbsp; 片段长度（最长）1 小时<br />&nbsp;&nbsp;&nbsp; 视频播放文件格式Flash Lite 3、mp4、.3gp；编解码器：H.263、MPEG-4 VSP<br />&nbsp;&nbsp;&nbsp; 视频流式播放3gp、mp4、.rm<br />&nbsp;&nbsp;&nbsp; 视频铃声可自定义的视频铃声<br />娱乐功能<br />&nbsp;&nbsp;&nbsp; [视频播放] [WAP浏览器] [收音机] [MP3功能] [内置游戏] [音乐播放器] [媒体播放器] [声控命令] <br />&nbsp;&nbsp;&nbsp; 视频像素级别640 x 480 像素，每秒 22 帧；320 x 240（QVGA），每秒 30/15 帧；176 x 144 像素，每秒 15 帧（QCIF）<br />&nbsp;&nbsp;&nbsp; 视频播放内置Realplayer；支持全屏播放<br />&nbsp;&nbsp;&nbsp; WAP浏览器WAP 2.0<br />&nbsp;&nbsp;&nbsp; 收音机内置FM收音机<br />&nbsp;&nbsp;&nbsp; MP3功能支持MP3、WMA、WAV、AAC、eAAC+等音频格式播放(支持后台播放、播放列表编辑、循环播放设置、均衡器设置及乱序播放设置)<br />&nbsp;&nbsp;&nbsp; 音乐播放文件格式.mp3、.wma、.aac、AAC+、eAAC+<br />&nbsp;&nbsp;&nbsp; 流式音频格式rm、.eAAC+<br />&nbsp;&nbsp;&nbsp; 调频收音机87.5-108 兆赫，支持 RDS<br />&nbsp;&nbsp;&nbsp; 音频接口诺基亚 2.5 毫米 AV 插孔<br />&nbsp;&nbsp;&nbsp; 同步播放与 Windows Media Player 同步音乐<br />&nbsp;&nbsp;&nbsp; 语音辅助功能支持<br />&nbsp;&nbsp;&nbsp; 声控功能特定语者和非特定语者声控拨号（SDND、SIND）<br />&nbsp;&nbsp;&nbsp; 语音编解码器FR、EFR、HRO/1、AMR-HR 和 AMR-FR<br />扩展存储功能<br />&nbsp;&nbsp;&nbsp; [存储卡格式] [Java扩展] [蓝牙接口] [数据线接口] <br />&nbsp;&nbsp;&nbsp; 存储卡格式T-Flash卡，最大支持8G<br />&nbsp;&nbsp;&nbsp; Java扩展Java MIDP 2.0<br />&nbsp;&nbsp;&nbsp; 蓝牙接口蓝牙2.0<br />&nbsp;&nbsp;&nbsp; 数据线接口USB 2.0 数据线<br />&nbsp;&nbsp;&nbsp; 耳机接口2.5 毫米<br />高级功能<br />&nbsp;&nbsp;&nbsp; [操作系统] [处理器] [录音] <br />&nbsp;&nbsp;&nbsp; 操作系统系统类型:Symbian<br />&nbsp;&nbsp;&nbsp; 版　　本V9.2<br />&nbsp;&nbsp;&nbsp; 用户界面S60 3.1版 E系列<br />&nbsp;&nbsp;&nbsp; 处理器ARM 11 369 MHz<br />附加功能<br />&nbsp;&nbsp;&nbsp; 日历支持<br />&nbsp;&nbsp;&nbsp; 计算器支持<br />&nbsp;&nbsp;&nbsp; 闹钟支持<br />&nbsp;&nbsp;&nbsp; 世界时钟支持<br />&nbsp;&nbsp;&nbsp; 定时器支持<br />&nbsp;&nbsp;&nbsp; 记事本支持<br />&nbsp;&nbsp;&nbsp; 日程表支持<br />&nbsp;&nbsp;&nbsp; 货币换算支持<br />&nbsp;&nbsp;&nbsp; 秒表单位换算<br />&nbsp;&nbsp;&nbsp; 备忘录支持<br />更多介绍<br />&nbsp;&nbsp;&nbsp; 名片扫描支持</p>', '', '', 0.00, 0.00, '诺基亚 E71', '诺基亚 E71', '', '', '2009-08-10 06:06:28', '2009-08-10 06:06:28');
INSERT INTO `svcart_product_i18ns` (`id`, `locale`, `product_id`, `name`, `style_name`, `description`, `seller_note`, `delivery_note`, `market_price`, `shop_price`, `meta_keywords`, `meta_description`, `api_site_url`, `api_cart_url`, `created`, `modified`) VALUES
(133, 'cht', 24, '诺基亚 E66', NULL, '<p><br />&nbsp;&nbsp;&nbsp; 温馨提示白色版标配的皮套为白色，黑色灰色版标配的皮套为黑色<br />基本功能<br />&nbsp;&nbsp;&nbsp; [GSM手机] [GPRS] [EDGE] [和弦铃声] [可选铃声] [情景模式] [图形菜单] [待机图片] [内置振动] [免提通话] <br />&nbsp;&nbsp;&nbsp; 上市日期2008年09月<br />&nbsp;&nbsp;&nbsp; 手机制式GSM/GPRS/EDGE<br />&nbsp;&nbsp;&nbsp; 支持频段|850/900/1800/1900MHz|<br />&nbsp;&nbsp;&nbsp; 网络连接GPRS；EDGE<br />&nbsp;&nbsp;&nbsp; 理论通话时间450分钟<br />&nbsp;&nbsp;&nbsp; 理论待机时间264小时<br />&nbsp;&nbsp;&nbsp; 和弦铃声64和弦<br />外观设计<br />&nbsp;&nbsp;&nbsp; [滑盖手机] [内置天线] <br />&nbsp;&nbsp;&nbsp; 外观设计滑盖<br />&nbsp;&nbsp;&nbsp; 产品天线内置<br />&nbsp;&nbsp;&nbsp; 产品尺寸107.5&times;49.5&times;13.6mm<br />&nbsp;&nbsp;&nbsp; 手机重量121克<br />屏幕参数<br />&nbsp;&nbsp;&nbsp; [TFT屏] <br />&nbsp;&nbsp;&nbsp; 屏幕颜色1670万色<br />&nbsp;&nbsp;&nbsp; 屏幕类型TFT<br />&nbsp;&nbsp;&nbsp; 分辨率240&times;320像素<br />&nbsp;&nbsp;&nbsp; 屏幕尺寸2.4英寸　<br />通讯功能<br />&nbsp;&nbsp;&nbsp; [输入法] [短信功能] [EMS短信] [多媒体短信] [E-Mail] [话机通讯录] [通讯录群组] [通话记录] [来电图片识别] [来电铃音识别] <br />&nbsp;&nbsp;&nbsp; 输入法中文输入法；<br />&nbsp;&nbsp;&nbsp; 短信功能超长短信：支持；<br />&nbsp;&nbsp;&nbsp; 短信群发支持；<br />拍照功能<br />&nbsp;&nbsp;&nbsp; [内置] [变焦模式] [拍摄模式] [视频拍摄] <br />&nbsp;&nbsp;&nbsp; 摄像头位置内置<br />&nbsp;&nbsp;&nbsp; 像素320万<br />&nbsp;&nbsp;&nbsp; 传感器CMOS<br />&nbsp;&nbsp;&nbsp; 变焦模式数码变焦；自动对焦<br />&nbsp;&nbsp;&nbsp; 照片分辨率最大支持2048*1536分辨率<br />&nbsp;&nbsp;&nbsp; 拍摄模式多种拍摄模式选择<br />&nbsp;&nbsp;&nbsp; 照片质量多种照片质量选择<br />&nbsp;&nbsp;&nbsp; 视频拍摄有声视频拍摄<br />娱乐功能<br />&nbsp;&nbsp;&nbsp; [视频播放] [WAP浏览器] [收音机] [MP3功能] [内置游戏] <br />&nbsp;&nbsp;&nbsp; 视频播放支持全屏播放<br />&nbsp;&nbsp;&nbsp; WAP浏览器WAP 2.0<br />&nbsp;&nbsp;&nbsp; 收音机内置FM收音机<br />&nbsp;&nbsp;&nbsp; MP3功能支持后台播放<br />扩展存储功能<br />&nbsp;&nbsp;&nbsp; [存储卡格式] [Java扩展] [蓝牙接口] [数据线接口] <br />&nbsp;&nbsp;&nbsp; 存储卡格式T-Flash卡；<br />&nbsp;&nbsp;&nbsp; Java扩展Java MIDP 2.0<br />&nbsp;&nbsp;&nbsp; 蓝牙接口蓝牙2.0<br />&nbsp;&nbsp;&nbsp; 数据线接口USB 2.0 数据线<br />&nbsp;&nbsp;&nbsp; 耳机接口2.5mm<br />&nbsp;&nbsp;&nbsp; 存储卡热插拔的 microSD 存储卡插槽（最高支持 8 GB）<br />高级功能<br />&nbsp;&nbsp;&nbsp; [操作系统] [处理器] [录音] <br />&nbsp;&nbsp;&nbsp; 操作系统系统类型:Symbian<br />&nbsp;&nbsp;&nbsp; 版　　本V9.2<br />&nbsp;&nbsp;&nbsp; 用户界面S60<br />&nbsp;&nbsp;&nbsp; 处理器ARM 11 369 MHz<br />附加功能<br />&nbsp;&nbsp;&nbsp; 日历支持<br />&nbsp;&nbsp;&nbsp; 计算器支持<br />&nbsp;&nbsp;&nbsp; 闹钟支持<br />&nbsp;&nbsp;&nbsp; 世界时钟支持<br />&nbsp;&nbsp;&nbsp; 记事本支持<br />&nbsp;&nbsp;&nbsp; 日程表支持<br />&nbsp;&nbsp;&nbsp; 货币换算支持<br />&nbsp;&nbsp;&nbsp; 单位换算支持<br />&nbsp;&nbsp;&nbsp; 备忘录支持</p>', '', '', 0.00, 0.00, '诺基亚 E66', '诺基亚 E66', '', '', '2009-08-10 06:04:30', '2009-08-10 06:04:30'),
(134, 'chi', 54, '三星SGH-F258', '三星SGH-F258', '<p>从整体来看，三星SGH-F258比较<span style="color: #ff0000; font-size: small;"><strong>时尚</strong></span>可爱，三围尺寸为94&times;46&times;17.5mm，重量为96克，曲线柔和具有玲珑美感。</p>\r\n<p>&nbsp;</p>\r\n<p>三星F258的前面板整体应用<strong><span style="color: #ff0000; font-size: small;">镜面效果</span></strong>，2.0英寸显示屏幕略显窄小，导航键与功能键在滑盖滑开之前是前面板的全部控制键，没有挂断和接听键，不过，五向键有<span style="font-size: small;"><strong><span style="color: #ff0000;">音乐操</span><span style="color: #ff0000;">作</span></strong></span>功能，明确显示了F258音乐手机的定位。</p>\r\n<p>&nbsp;</p>\r\n<p>F258的数字键键区采用了极具金属质感的平板式设计，每颗按键的面积足够大，按键与按键之间的间隔明显，操作起来手感舒适。</p>', '', '', 0.00, 0.00, '滑盖 GSM 258 时尚 蓝牙 黑色 金色 白色', '从整体来看，三星SGH-F258比较时尚可爱，三围尺寸为94×46×17.5mm，重量为96克，曲线柔和具有玲珑美感\r\n', '', '', '2009-08-19 06:44:36', '2009-08-19 06:46:31'),
(135, 'eng', 54, 'Samsung SGH-F258', 'Samsung SGH-F258', '<div id="result_box" style="text-align: left;" dir="ltr">Overall, the Samsung SGH-F258 comparative fashion lovely size measurements for the 94 &times; 46 &times; 17.5mm, weighs 96 grams, with soft curves of exquisite beauty. <br /><br />&nbsp;<br /><br /> Samsung F258 the overall application of the front panel mirror effect, 2.0-inch display screen a bit small, navigation keys and function keys to open the slide before sliding the entire front panel control keys, not to hang up and answer the key, however, five music operations to function keys, a clear indication of the F258 music mobile phone positioning. <br /><br />&nbsp;<br /><br /> F258 keypad number keys of a highly metal texture of flat-panel design, the size of each key is large enough, keys and the interval between the obvious keys to operate them feel comfortable.</div>', '', '', 0.00, 0.00, ' Bluetooth GSM 258 slider style white black gold', 'Overall, the Samsung SGH-F258 comparative fashion lovely size measurements for the 94 × 46 × 17.5mm, weighs 96 grams, with soft curves of exquisite beauty\r\n搜索', '', '', '2009-08-19 06:44:36', '2009-08-19 06:46:31'),
(136, 'cht', 23, '诺基亚 6700c', NULL, '<p><br />基本参数<br />&nbsp;&nbsp;&nbsp; 型号6700c<br />&nbsp;&nbsp;&nbsp; 手机类型3G手机,拍照手机<br />&nbsp;&nbsp;&nbsp; 上市日期2009年07月<br />&nbsp;&nbsp;&nbsp; 上市说明上市时间无法估计,请参照官网信息<br />&nbsp;&nbsp;&nbsp; 手机制式GSM/WCDMA<br />&nbsp;&nbsp;&nbsp; 手机频段850/900/1800/1900/2100<br />&nbsp;&nbsp;&nbsp; 手机外形直板<br />&nbsp;&nbsp;&nbsp; 主屏尺寸2.2 英寸<br />&nbsp;&nbsp;&nbsp; 主屏材质TFT<br />&nbsp;&nbsp;&nbsp; 主屏色彩1,670万色<br />&nbsp;&nbsp;&nbsp; 主屏参数320 x 240 像素<br />&nbsp;&nbsp;&nbsp; 内存容量最高170MB内部可用存储空间<br />&nbsp;&nbsp;&nbsp; 理论通话时间2G(GSM)上限约为8小时;3G(WCDMA)上限约为4小时<br />&nbsp;&nbsp;&nbsp; 理论待机时间300小时以上<br />&nbsp;&nbsp;&nbsp; 可选外壳颜色铬钢色,棕铜色<br />&nbsp;&nbsp;&nbsp; 体积109.8 x 45 x 11.2 毫米<br />&nbsp;&nbsp;&nbsp; 重量116.5 克<br />基本功能<br />&nbsp;&nbsp;&nbsp; 铃声mid,aac,mp3,mp4,m4a,wma以及诺基亚铃声和诺基亚视频铃声<br />&nbsp;&nbsp;&nbsp; 通讯录支持与MS Outlook联系人,日历和便笺的同步,内置A-GPS<br />&nbsp;&nbsp;&nbsp; 信息功能短信,彩信<br />&nbsp;&nbsp;&nbsp; 电子邮件支持IMAP4,POP3,SMTP协议,支持电子邮件附件<br />&nbsp;&nbsp;&nbsp; 输入法中文输入法<br />&nbsp;&nbsp;&nbsp; 游戏预装游戏<br />&nbsp;&nbsp;&nbsp; 办公功能秒表,间隔定时器,备忘录,计算器,日历,单位转换,文字笔记,待办事项<br />&nbsp;&nbsp;&nbsp; 录音功能支持<br />&nbsp;&nbsp;&nbsp; 主要功能WCDMA 3G手机,500万像素,金属质感<br />&nbsp;&nbsp;&nbsp; 附加功能环境光线感应器,自适应背光亮度控制,声控命令<br />数据应用功能<br />&nbsp;&nbsp;&nbsp; 蓝牙2.1版,支持立体声<br />&nbsp;&nbsp;&nbsp; 数据业务GPRS,EDGE,HSDPA,HSUPA<br />&nbsp;&nbsp;&nbsp; JAVA支持<br />&nbsp;&nbsp;&nbsp; WAP上网支持,内置Opera Mini网络浏览器<br />&nbsp;&nbsp;&nbsp; 数据线支持<br />&nbsp;&nbsp;&nbsp; 扩展卡MicroSD,最高支持8GB<br />多媒体娱乐功能<br />&nbsp;&nbsp;&nbsp; 摄像头内置摄像头<br />&nbsp;&nbsp;&nbsp; 摄像头像素500万像素<br />&nbsp;&nbsp;&nbsp; 传感器类型CMOS<br />&nbsp;&nbsp;&nbsp; 闪光灯LED闪光灯<br />&nbsp;&nbsp;&nbsp; 拍摄特色自动对焦<br />&nbsp;&nbsp;&nbsp; 拍摄功能描述最大2592*1944分辨率,4.6毫米焦距,10 厘米到无限远焦距范围,全屏取景器<br />&nbsp;&nbsp;&nbsp; 白平衡模式自动,日光,白炽灯,荧光灯<br />&nbsp;&nbsp;&nbsp; 拍摄模式静止,连拍,自动定时器,摄像<br />&nbsp;&nbsp;&nbsp; 色调模式正常,灰度,怀旧,负片<br />&nbsp;&nbsp;&nbsp; 视频拍摄最高支持 640 x 480 @ 15 帧/秒或 352 x 288 @ 30 帧/秒<br />&nbsp;&nbsp;&nbsp; MP3播放amr,mid,mp3,mp4,m4a,aac,wma<br />&nbsp;&nbsp;&nbsp; 视频播放mp4,3gp;H.263,H.264编解码器;横向模式视频播放<br />&nbsp;&nbsp;&nbsp; 其它应用功能充电,音频和数据传输一体化Micro-USB插孔<br />&nbsp;&nbsp;&nbsp; FM收音不支持</p>', '', '', 0.00, 0.00, '诺基亚 6700c', '诺基亚 6700c', '', '', '2009-08-10 06:02:02', '2009-08-10 07:56:48'),
(137, 'chi', 55, '诺基亚N85', '诺基亚N85', '<p>诺基亚N85参数</p>\r\n<div>&nbsp;</div>\r\n<div>\r\n<table style="width: 100%;" border="0" cellspacing="1" cellpadding="0" bgcolor="#c5d7ed">\r\n<tbody>\r\n<tr>\r\n<td colspan="2" bgcolor="#f1f7fc">\r\n<p><strong>基本参数</strong></p>\r\n</td>\r\n</tr>\r\n<tr>\r\n<td width="100" align="left" valign="center" bgcolor="#ffffff">手机昵称</td>\r\n<td width="450" bgcolor="#ffffff">N85</td>\r\n</tr>\r\n<tr>\r\n<td width="100" align="left" valign="center" bgcolor="#ffffff">上市日期</td>\r\n<td width="450" bgcolor="#ffffff">2008年10月</td>\r\n</tr>\r\n<tr>\r\n<td width="100" align="left" valign="center" bgcolor="#ffffff">手机类型</td>\r\n<td width="450" bgcolor="#ffffff">3G手机；拍照手机；智能手机</td>\r\n</tr>\r\n<tr>\r\n<td width="100" align="left" valign="center" bgcolor="#ffffff">手机制式</td>\r\n<td width="450" bgcolor="#ffffff">GSM</td>\r\n</tr>\r\n<tr>\r\n<td width="100" align="left" valign="center" bgcolor="#ffffff">支持频段</td>\r\n<td width="450" bgcolor="#ffffff">GSM850/900/1800/1900MHz</td>\r\n</tr>\r\n<tr>\r\n<td width="100" align="left" valign="center" bgcolor="#ffffff">数据传输</td>\r\n<td width="450" bgcolor="#ffffff">GPRS、EDGE</td>\r\n</tr>\r\n<tr>\r\n<td width="100" align="left" valign="center" bgcolor="#ffffff">屏幕材质</td>\r\n<td width="450" bgcolor="#ffffff">AMOLED</td>\r\n</tr>\r\n<tr>\r\n<td width="100" align="left" valign="center" bgcolor="#ffffff">屏幕色彩</td>\r\n<td width="450" bgcolor="#ffffff">1600万色</td>\r\n</tr>\r\n<tr>\r\n<td width="100" align="left" valign="center" bgcolor="#ffffff">主屏尺寸</td>\r\n<td width="450" bgcolor="#ffffff">2.6英寸</td>\r\n</tr>\r\n<tr>\r\n<td width="100" align="left" valign="center" bgcolor="#ffffff">主屏参数</td>\r\n<td width="450" bgcolor="#ffffff">QVGA 320&times;240像素</td>\r\n</tr>\r\n<tr>\r\n<td width="100" align="left" valign="center" bgcolor="#ffffff">铃音描述</td>\r\n<td width="450" bgcolor="#ffffff">可选MP3、WAV、AAC或和弦Midi铃声等格式</td>\r\n</tr>\r\n<tr>\r\n<td width="100" align="left" valign="center" bgcolor="#ffffff">操作系统</td>\r\n<td width="450" bgcolor="#ffffff">Symbian OS v9.3操作系统与S60 v3.2平台的组合</td>\r\n</tr>\r\n<tr>\r\n<td width="100" align="left" valign="center" bgcolor="#ffffff">机身内存</td>\r\n<td width="450" bgcolor="#ffffff">74MB 内部动态存储空间<br /> 78MB 内置NAND闪存</td>\r\n</tr>\r\n<tr>\r\n<td width="100" align="left" valign="center" bgcolor="#ffffff">存储卡</td>\r\n<td width="450" bgcolor="#ffffff">支持MicroSD(T-Flash)卡扩展最大至8GB</td>\r\n</tr>\r\n<tr>\r\n<td width="100" align="left" valign="center" bgcolor="#ffffff">电池规格</td>\r\n<td width="450" bgcolor="#ffffff">1200毫安时锂电池</td>\r\n</tr>\r\n<tr>\r\n<td width="100" align="left" valign="center" bgcolor="#ffffff">标配</td>\r\n<td width="450" bgcolor="#ffffff">诺基亚 N85<br /> 诺基亚电池（BL-5K）<br /> 诺基亚旅行充电器（AC-10）<br /> 诺基亚视频数据线（CA-75U）<br /> 诺基亚数据线（CA-101）<br /> 诺基亚音乐耳机（HS-45、AD-54）<br /> 诺基亚 8 GB microSD 卡（MU-43）<br /> 《用户手册》<br /> 《快速入门》</td>\r\n</tr>\r\n<tr>\r\n<td width="100" align="left" valign="center" bgcolor="#ffffff">理论通话时间</td>\r\n<td width="450" bgcolor="#ffffff">6.9 小时</td>\r\n</tr>\r\n<tr>\r\n<td width="100" align="left" valign="center" bgcolor="#ffffff">理论待机时间</td>\r\n<td width="450" bgcolor="#ffffff">363 小时</td>\r\n</tr>\r\n<tr>\r\n<td colspan="2" bgcolor="#f1f7fc">\r\n<p><strong>产品外形</strong></p>\r\n</td>\r\n</tr>\r\n<tr>\r\n<td width="100" align="left" valign="center" bgcolor="#ffffff">外观设计</td>\r\n<td width="450" bgcolor="#ffffff">双向滑盖</td>\r\n</tr>\r\n<tr>\r\n<td width="100" align="left" valign="center" bgcolor="#ffffff">产品尺寸</td>\r\n<td width="450" bgcolor="#ffffff">103&times;50&times;16mm<br /> 体积：76 立方厘米</td>\r\n</tr>\r\n<tr>\r\n<td width="100" align="left" valign="center" bgcolor="#ffffff">手机重量</td>\r\n<td width="450" bgcolor="#ffffff">128克</td>\r\n</tr>\r\n<tr>\r\n<td width="100" align="left" valign="center" bgcolor="#ffffff">产品天线</td>\r\n<td width="450" bgcolor="#ffffff">内置</td>\r\n</tr>\r\n<tr>\r\n<td colspan="2" bgcolor="#f1f7fc">\r\n<p><strong>拍照功能</strong></p>\r\n</td>\r\n</tr>\r\n<tr>\r\n<td style="padding: 8px 0px;" colspan="2" width="550" align="left" valign="center" bgcolor="#ffffff">\r\n<table border="0" cellspacing="1" cellpadding="0" align="left">\r\n<tbody>\r\n<tr>\r\n<td style="padding: 5px 0px 5px 10px;" width="100">\r\n<table style="width: 100%;" border="0" cellspacing="1" cellpadding="0" bgcolor="#c5d7ed">\r\n<tbody>\r\n<tr>\r\n<td style="padding: 2px; font-weight: bold;" width="100%" align="middle" bgcolor="#f1f7fc">定时器</td>\r\n</tr>\r\n</tbody>\r\n</table>\r\n</td>\r\n<td style="padding: 5px 0px 5px 10px;" width="100">&nbsp;</td>\r\n</tr>\r\n</tbody>\r\n</table>\r\n</td>\r\n</tr>\r\n<tr>\r\n<td width="100" align="left" valign="center" bgcolor="#ffffff">摄像头</td>\r\n<td width="450" bgcolor="#ffffff">内置</td>\r\n</tr>\r\n<tr>\r\n<td width="100" align="left" valign="center" bgcolor="#ffffff">摄像头像素</td>\r\n<td width="450" bgcolor="#ffffff">500万像素</td>\r\n</tr>\r\n<tr>\r\n<td width="100" align="left" valign="center" bgcolor="#ffffff">连拍功能</td>\r\n<td width="450" bgcolor="#ffffff">支持</td>\r\n</tr>\r\n<tr>\r\n<td width="100" align="left" valign="center" bgcolor="#ffffff">LED闪光灯</td>\r\n<td width="450" bgcolor="#ffffff">双LED 闪光灯</td>\r\n</tr>\r\n<tr>\r\n<td width="100" align="left" valign="center" bgcolor="#ffffff">数码变焦</td>\r\n<td width="450" bgcolor="#ffffff">20 倍数码变焦</td>\r\n</tr>\r\n<tr>\r\n<td width="100" align="left" valign="center" bgcolor="#ffffff">拍摄模式</td>\r\n<td width="450" bgcolor="#ffffff">静止、连拍、自动定时器、摄像</td>\r\n</tr>\r\n<tr>\r\n<td width="100" align="left" valign="center" bgcolor="#ffffff">照片特效</td>\r\n<td width="450" bgcolor="#ffffff">正常、怀旧、黑白、负片、逼真</td>\r\n</tr>\r\n<tr>\r\n<td width="100" align="left" valign="center" bgcolor="#ffffff">拍照描述</td>\r\n<td width="450" bgcolor="#ffffff">支持最大2592&times;1944分辨率照片拍摄<br /> 支持JPEG、Exif格式<br /> 白平衡模式：自动、阳光、阴天、白炽灯、荧光灯<br /> 感光度模式：高、中、低、自动</td>\r\n</tr>\r\n<tr>\r\n<td width="100" align="left" valign="center" bgcolor="#ffffff">视频拍摄</td>\r\n<td width="450" bgcolor="#ffffff">最高支持640 x 480 像素（VGA）、30 帧/秒</td>\r\n</tr>\r\n<tr>\r\n<td colspan="2" bgcolor="#f1f7fc">\r\n<p><strong>娱乐功能</strong></p>\r\n</td>\r\n</tr>\r\n<tr>\r\n<td style="padding: 8px 0px;" colspan="2" width="550" align="left" valign="center" bgcolor="#ffffff">\r\n<table border="0" cellspacing="1" cellpadding="0" align="left">\r\n<tbody>\r\n<tr>\r\n<td style="padding: 5px 0px 5px 10px;" width="100">\r\n<table style="width: 100%;" border="0" cellspacing="1" cellpadding="0" bgcolor="#c5d7ed">\r\n<tbody>\r\n<tr>\r\n<td style="padding: 2px; font-weight: bold;" width="100%" align="middle" bgcolor="#f1f7fc">收音机</td>\r\n</tr>\r\n</tbody>\r\n</table>\r\n</td>\r\n<td style="padding: 5px 0px 5px 10px;" width="100">\r\n<table style="width: 100%;" border="0" cellspacing="1" cellpadding="0" bgcolor="#c5d7ed">\r\n<tbody>\r\n<tr>\r\n<td style="padding: 2px; font-weight: bold;" width="100%" align="middle" bgcolor="#f1f7fc">TV-OUT</td>\r\n</tr>\r\n</tbody>\r\n</table>\r\n</td>\r\n<td style="padding: 5px 0px 5px 10px;" width="100">\r\n<table style="width: 100%;" border="0" cellspacing="1" cellpadding="0" bgcolor="#c5d7ed">\r\n<tbody>\r\n<tr>\r\n<td style="padding: 2px; font-weight: bold;" width="100%" align="middle" bgcolor="#f1f7fc">录音功能</td>\r\n</tr>\r\n</tbody>\r\n</table>\r\n</td>\r\n<td style="padding: 5px 0px 5px 10px;" width="100">\r\n<table style="width: 100%;" border="0" cellspacing="1" cellpadding="0" bgcolor="#c5d7ed">\r\n<tbody>\r\n<tr>\r\n<td style="padding: 2px; font-weight: bold;" width="100%" align="middle" bgcolor="#f1f7fc">电子书</td>\r\n</tr>\r\n</tbody>\r\n</table>\r\n</td>\r\n<td style="padding: 5px 0px 5px 10px;" width="100">&nbsp;</td>\r\n</tr>\r\n</tbody>\r\n</table>\r\n</td>\r\n</tr>\r\n<tr>\r\n<td width="100" align="left" valign="center" bgcolor="#ffffff">视频播放</td>\r\n<td width="450" bgcolor="#ffffff">内置RealPlayer播放器, 支持MPEG4、H.264/AVC、H.263/3GP、RealVideo等视频格式全屏播放</td>\r\n</tr>\r\n<tr>\r\n<td width="100" align="left" valign="center" bgcolor="#ffffff">音乐播放</td>\r\n<td width="450" bgcolor="#ffffff">内置播放器, 支持mp3、.wma、.aac、eAAC、eAAC+格式</td>\r\n</tr>\r\n<tr>\r\n<td width="100" align="left" valign="center" bgcolor="#ffffff">游戏</td>\r\n<td width="450" bgcolor="#ffffff">内置</td>\r\n</tr>\r\n<tr>\r\n<td width="100" align="left" valign="center" bgcolor="#ffffff">Java功能</td>\r\n<td width="450" bgcolor="#ffffff">支持Java MIDP 2.0 CLDC 1.1</td>\r\n</tr>\r\n<tr>\r\n<td width="100" align="left" valign="center" bgcolor="#ffffff">Flash功能</td>\r\n<td width="450" bgcolor="#ffffff">第3.0版Flash lite播放器</td>\r\n</tr>\r\n<tr>\r\n<td colspan="2" bgcolor="#f1f7fc">\r\n<p><strong>数据功能</strong></p>\r\n</td>\r\n</tr>\r\n<tr>\r\n<td style="padding: 8px 0px;" colspan="2" width="550" align="left" valign="center" bgcolor="#ffffff">\r\n<table border="0" cellspacing="1" cellpadding="0" align="left">\r\n<tbody>\r\n<tr>\r\n<td style="padding: 5px 0px 5px 10px;" width="100">\r\n<table style="width: 100%;" border="0" cellspacing="1" cellpadding="0" bgcolor="#c5d7ed">\r\n<tbody>\r\n<tr>\r\n<td style="padding: 2px; font-weight: bold;" width="100%" align="middle" bgcolor="#f1f7fc">蓝牙功能</td>\r\n</tr>\r\n</tbody>\r\n</table>\r\n</td>\r\n<td style="padding: 5px 0px 5px 10px;" width="100">&nbsp;</td>\r\n</tr>\r\n</tbody>\r\n</table>\r\n</td>\r\n</tr>\r\n<tr>\r\n<td width="100" align="left" valign="center" bgcolor="#ffffff">数据线接口</td>\r\n<td width="450" bgcolor="#ffffff">USB数据线 3.5mm立体声耳机插孔</td>\r\n</tr>\r\n<tr>\r\n<td colspan="2" bgcolor="#f1f7fc">\r\n<p><strong>基本功能</strong></p>\r\n</td>\r\n</tr>\r\n<tr>\r\n<td style="padding: 8px 0px;" colspan="2" width="550" align="left" valign="center" bgcolor="#ffffff">\r\n<table border="0" cellspacing="1" cellpadding="0" align="left">\r\n<tbody>\r\n<tr>\r\n<td style="padding: 5px 0px 5px 10px;" width="100">\r\n<table style="width: 100%;" border="0" cellspacing="1" cellpadding="0" bgcolor="#c5d7ed">\r\n<tbody>\r\n<tr>\r\n<td style="padding: 2px; font-weight: bold;" width="100%" align="middle" bgcolor="#f1f7fc">短信(SMS)</td>\r\n</tr>\r\n</tbody>\r\n</table>\r\n</td>\r\n<td style="padding: 5px 0px 5px 10px;" width="100">\r\n<table style="width: 100%;" border="0" cellspacing="1" cellpadding="0" bgcolor="#c5d7ed">\r\n<tbody>\r\n<tr>\r\n<td style="padding: 2px; font-weight: bold;" width="100%" align="middle" bgcolor="#f1f7fc">彩信(MMS)</td>\r\n</tr>\r\n</tbody>\r\n</table>\r\n</td>\r\n<td style="padding: 5px 0px 5px 10px;" width="100">\r\n<table style="width: 100%;" border="0" cellspacing="1" cellpadding="0" bgcolor="#c5d7ed">\r\n<tbody>\r\n<tr>\r\n<td style="padding: 2px; font-weight: bold;" width="100%" align="middle" bgcolor="#f1f7fc">免提通话</td>\r\n</tr>\r\n</tbody>\r\n</table>\r\n</td>\r\n<td style="padding: 5px 0px 5px 10px;" width="100">\r\n<table style="width: 100%;" border="0" cellspacing="1" cellpadding="0" bgcolor="#c5d7ed">\r\n<tbody>\r\n<tr>\r\n<td style="padding: 2px; font-weight: bold;" width="100%" align="middle" bgcolor="#f1f7fc">情景模式</td>\r\n</tr>\r\n</tbody>\r\n</table>\r\n</td>\r\n<td style="padding: 5px 0px 5px 10px;" width="100">\r\n<table style="width: 100%;" border="0" cellspacing="1" cellpadding="0" bgcolor="#c5d7ed">\r\n<tbody>\r\n<tr>\r\n<td style="padding: 2px; font-weight: bold;" width="100%" align="middle" bgcolor="#f1f7fc">闹钟功能</td>\r\n</tr>\r\n</tbody>\r\n</table>\r\n</td>\r\n</tr>\r\n<tr>\r\n<td style="padding: 5px 0px 5px 10px;" width="100">\r\n<table style="width: 100%;" border="0" cellspacing="1" cellpadding="0" bgcolor="#c5d7ed">\r\n<tbody>\r\n<tr>\r\n<td style="padding: 2px; font-weight: bold;" width="100%" align="middle" bgcolor="#f1f7fc">日历功能</td>\r\n</tr>\r\n</tbody>\r\n</table>\r\n</td>\r\n<td style="padding: 5px 0px 5px 10px;" width="100">&nbsp;</td>\r\n</tr>\r\n</tbody>\r\n</table>\r\n</td>\r\n</tr>\r\n<tr>\r\n<td width="100" align="left" valign="center" bgcolor="#ffffff">输入方式</td>\r\n<td width="450" bgcolor="#ffffff">键盘</td>\r\n</tr>\r\n<tr>\r\n<td width="100" align="left" valign="center" bgcolor="#ffffff">通话记录</td>\r\n<td width="450" bgcolor="#ffffff">未接来电+已接来电+已拨电话记录</td>\r\n</tr>\r\n<tr>\r\n<td width="100" align="left" valign="center" bgcolor="#ffffff">通讯录</td>\r\n<td width="450" bgcolor="#ffffff">S60标准化名片式通讯录</td>\r\n</tr>\r\n<tr>\r\n<td colspan="2" bgcolor="#f1f7fc">\r\n<p><strong>网络功能</strong></p>\r\n</td>\r\n</tr>\r\n<tr>\r\n<td style="padding: 8px 0px;" colspan="2" width="550" align="left" valign="center" bgcolor="#ffffff">\r\n<table border="0" cellspacing="1" cellpadding="0" align="left">\r\n<tbody>\r\n<tr>\r\n<td style="padding: 5px 0px 5px 10px;" width="100">\r\n<table style="width: 100%;" border="0" cellspacing="1" cellpadding="0" bgcolor="#c5d7ed">\r\n<tbody>\r\n<tr>\r\n<td style="padding: 2px; font-weight: bold;" width="100%" align="middle" bgcolor="#f1f7fc">电子邮件</td>\r\n</tr>\r\n</tbody>\r\n</table>\r\n</td>\r\n<td style="padding: 5px 0px 5px 10px;" width="100">\r\n<table style="width: 100%;" border="0" cellspacing="1" cellpadding="0" bgcolor="#c5d7ed">\r\n<tbody>\r\n<tr>\r\n<td style="padding: 2px; font-weight: bold;" width="100%" align="middle" bgcolor="#f1f7fc">WWW浏览器</td>\r\n</tr>\r\n</tbody>\r\n</table>\r\n</td>\r\n<td style="padding: 5px 0px 5px 10px;" width="100">\r\n<table style="width: 100%;" border="0" cellspacing="1" cellpadding="0" bgcolor="#c5d7ed">\r\n<tbody>\r\n<tr>\r\n<td style="padding: 2px; font-weight: bold;" width="100%" align="middle" bgcolor="#f1f7fc">WAP浏览器</td>\r\n</tr>\r\n</tbody>\r\n</table>\r\n</td>\r\n<td style="padding: 5px 0px 5px 10px;" width="100">&nbsp;</td>\r\n</tr>\r\n</tbody>\r\n</table>\r\n</td>\r\n</tr>\r\n<tr>\r\n<td colspan="2" bgcolor="#f1f7fc">\r\n<p><strong>商务功能</strong></p>\r\n</td>\r\n</tr>\r\n<tr>\r\n<td style="padding: 8px 0px;" colspan="2" width="550" align="left" valign="center" bgcolor="#ffffff">\r\n<table border="0" cellspacing="1" cellpadding="0" align="left">\r\n<tbody>\r\n<tr>\r\n<td style="padding: 5px 0px 5px 10px;" width="100">\r\n<table style="width: 100%;" border="0" cellspacing="1" cellpadding="0" bgcolor="#c5d7ed">\r\n<tbody>\r\n<tr>\r\n<td style="padding: 2px; font-weight: bold;" width="100%" align="middle" bgcolor="#f1f7fc">飞行模式</td>\r\n</tr>\r\n</tbody>\r\n</table>\r\n</td>\r\n<td style="padding: 5px 0px 5px 10px;" width="100">\r\n<table style="width: 100%;" border="0" cellspacing="1" cellpadding="0" bgcolor="#c5d7ed">\r\n<tbody>\r\n<tr>\r\n<td style="padding: 2px; font-weight: bold;" width="100%" align="middle" bgcolor="#f1f7fc">语音拨号</td>\r\n</tr>\r\n</tbody>\r\n</table>\r\n</td>\r\n<td style="padding: 5px 0px 5px 10px;" width="100">\r\n<table style="width: 100%;" border="0" cellspacing="1" cellpadding="0" bgcolor="#c5d7ed">\r\n<tbody>\r\n<tr>\r\n<td style="padding: 2px; font-weight: bold;" width="100%" align="middle" bgcolor="#f1f7fc">备忘录</td>\r\n</tr>\r\n</tbody>\r\n</table>\r\n</td>\r\n<td style="padding: 5px 0px 5px 10px;" width="100">\r\n<table style="width: 100%;" border="0" cellspacing="1" cellpadding="0" bgcolor="#c5d7ed">\r\n<tbody>\r\n<tr>\r\n<td style="padding: 2px; font-weight: bold;" width="100%" align="middle" bgcolor="#f1f7fc">日程表</td>\r\n</tr>\r\n</tbody>\r\n</table>\r\n</td>\r\n<td style="padding: 5px 0px 5px 10px;" width="100">\r\n<table style="width: 100%;" border="0" cellspacing="1" cellpadding="0" bgcolor="#c5d7ed">\r\n<tbody>\r\n<tr>\r\n<td style="padding: 2px; font-weight: bold;" width="100%" align="middle" bgcolor="#f1f7fc">世界时间</td>\r\n</tr>\r\n</tbody>\r\n</table>\r\n</td>\r\n</tr>\r\n<tr>\r\n<td style="padding: 5px 0px 5px 10px;" width="100">&nbsp;</td>\r\n</tr>\r\n</tbody>\r\n</table>\r\n</td>\r\n</tr>\r\n<tr>\r\n<td colspan="2" bgcolor="#f1f7fc">\r\n<p><strong>其他功能</strong></p>\r\n</td>\r\n</tr>\r\n<tr>\r\n<td style="padding: 8px 0px;" colspan="2" width="550" align="left" valign="center" bgcolor="#ffffff">\r\n<table border="0" cellspacing="1" cellpadding="0" align="left">\r\n<tbody>\r\n<tr>\r\n<td style="padding: 5px 0px 5px 10px;" width="100">\r\n<table style="width: 100%;" border="0" cellspacing="1" cellpadding="0" bgcolor="#c5d7ed">\r\n<tbody>\r\n<tr>\r\n<td style="padding: 2px; font-weight: bold;" width="100%" align="middle" bgcolor="#f1f7fc">GPS功能</td>\r\n</tr>\r\n</tbody>\r\n</table>\r\n</td>\r\n<td style="padding: 5px 0px 5px 10px;" width="100">\r\n<table style="width: 100%;" border="0" cellspacing="1" cellpadding="0" bgcolor="#c5d7ed">\r\n<tbody>\r\n<tr>\r\n<td style="padding: 2px; font-weight: bold;" width="100%" align="middle" bgcolor="#f1f7fc">电子词典</td>\r\n</tr>\r\n</tbody>\r\n</table>\r\n</td>\r\n<td style="padding: 5px 0px 5px 10px;" width="100">\r\n<table style="width: 100%;" border="0" cellspacing="1" cellpadding="0" bgcolor="#c5d7ed">\r\n<tbody>\r\n<tr>\r\n<td style="padding: 2px; font-weight: bold;" width="100%" align="middle" bgcolor="#f1f7fc">待机图片</td>\r\n</tr>\r\n</tbody>\r\n</table>\r\n</td>\r\n<td style="padding: 5px 0px 5px 10px;" width="100">\r\n<table style="width: 100%;" border="0" cellspacing="1" cellpadding="0" bgcolor="#c5d7ed">\r\n<tbody>\r\n<tr>\r\n<td style="padding: 2px; font-weight: bold;" width="100%" align="middle" bgcolor="#f1f7fc">计算器</td>\r\n</tr>\r\n</tbody>\r\n</table>\r\n</td>\r\n<td style="padding: 5px 0px 5px 10px;" width="100">\r\n<table style="width: 100%;" border="0" cellspacing="1" cellpadding="0" bgcolor="#c5d7ed">\r\n<tbody>\r\n<tr>\r\n<td style="padding: 2px; font-weight: bold;" width="100%" align="middle" bgcolor="#f1f7fc">来电铃声识别</td>\r\n</tr>\r\n</tbody>\r\n</table>\r\n</td>\r\n</tr>\r\n<tr>\r\n<td style="padding: 5px 0px 5px 10px;" width="100">\r\n<table style="width: 100%;" border="0" cellspacing="1" cellpadding="0" bgcolor="#c5d7ed">\r\n<tbody>\r\n<tr>\r\n<td style="padding: 2px; font-weight: bold;" width="100%" align="middle" bgcolor="#f1f7fc">来电图片识别</td>\r\n</tr>\r\n</tbody>\r\n</table>\r\n</td>\r\n<td style="padding: 5px 0px 5px 10px;" width="100">\r\n<table style="width: 100%;" border="0" cellspacing="1" cellpadding="0" bgcolor="#c5d7ed">\r\n<tbody>\r\n<tr>\r\n<td style="padding: 2px; font-weight: bold;" width="100%" align="middle" bgcolor="#f1f7fc">来电防火墙</td>\r\n</tr>\r\n</tbody>\r\n</table>\r\n</td>\r\n<td style="padding: 5px 0px 5px 10px;" width="100">\r\n<table style="width: 100%;" border="0" cellspacing="1" cellpadding="0" bgcolor="#c5d7ed">\r\n<tbody>\r\n<tr>\r\n<td style="padding: 2px; font-weight: bold;" width="100%" align="middle" bgcolor="#f1f7fc">动画屏保</td>\r\n</tr>\r\n</tbody>\r\n</table>\r\n</td>\r\n<td style="padding: 5px 0px 5px 10px;" width="100">\r\n<table style="width: 100%;" border="0" cellspacing="1" cellpadding="0" bgcolor="#c5d7ed">\r\n<tbody>\r\n<tr>\r\n<td style="padding: 2px; font-weight: bold;" width="100%" align="middle" bgcolor="#f1f7fc">图形菜单</td>\r\n</tr>\r\n</tbody>\r\n</table>\r\n</td>\r\n<td style="padding: 5px 0px 5px 10px;" width="100">\r\n<table style="width: 100%;" border="0" cellspacing="1" cellpadding="0" bgcolor="#c5d7ed">\r\n<tbody>\r\n<tr>\r\n<td style="padding: 2px; font-weight: bold;" width="100%" align="middle" bgcolor="#f1f7fc">秒表</td>\r\n</tr>\r\n</tbody>\r\n</table>\r\n</td>\r\n</tr>\r\n<tr>\r\n<td style="padding: 5px 0px 5px 10px;" width="100">\r\n<table style="width: 100%;" border="0" cellspacing="1" cellpadding="0" bgcolor="#c5d7ed">\r\n<tbody>\r\n<tr>\r\n<td style="padding: 2px; font-weight: bold;" width="100%" align="middle" bgcolor="#f1f7fc">单位换算</td>\r\n</tr>\r\n</tbody>\r\n</table>\r\n</td>\r\n<td style="padding: 5px 0px 5px 10px;" width="100">\r\n<table style="width: 100%;" border="0" cellspacing="1" cellpadding="0">\r\n<tbody>\r\n<tr>\r\n<td style="padding: 2px; float: none;" width="100%" align="middle">&nbsp;</td>\r\n</tr>\r\n</tbody>\r\n</table>\r\n</td>\r\n</tr>\r\n</tbody>\r\n</table>\r\n</td>\r\n</tr>\r\n</tbody>\r\n</table>\r\n</div>\r\n<p>&nbsp;</p>', '', '', 0.00, 0.00, '2008年10月 GSM,850,900,1800,1900 黑色', '', '', '', '2009-08-19 06:50:15', '2009-08-19 06:50:32');
INSERT INTO `svcart_product_i18ns` (`id`, `locale`, `product_id`, `name`, `style_name`, `description`, `seller_note`, `delivery_note`, `market_price`, `shop_price`, `meta_keywords`, `meta_description`, `api_site_url`, `api_cart_url`, `created`, `modified`) VALUES
(138, 'eng', 55, 'Nokia N85', 'Nokia N85', '<p>诺基亚N85参数</p>\r\n<div>&nbsp;</div>\r\n<div>\r\n<table style="width: 100%;" border="0" cellspacing="1" cellpadding="0" bgcolor="#c5d7ed">\r\n<tbody>\r\n<tr>\r\n<td colspan="2" bgcolor="#f1f7fc">\r\n<p><strong>基本参数</strong></p>\r\n</td>\r\n</tr>\r\n<tr>\r\n<td width="100" align="left" valign="center" bgcolor="#ffffff">手机昵称</td>\r\n<td width="450" bgcolor="#ffffff">N85</td>\r\n</tr>\r\n<tr>\r\n<td width="100" align="left" valign="center" bgcolor="#ffffff">上市日期</td>\r\n<td width="450" bgcolor="#ffffff">2008年10月</td>\r\n</tr>\r\n<tr>\r\n<td width="100" align="left" valign="center" bgcolor="#ffffff">手机类型</td>\r\n<td width="450" bgcolor="#ffffff">3G手机；拍照手机；智能手机</td>\r\n</tr>\r\n<tr>\r\n<td width="100" align="left" valign="center" bgcolor="#ffffff">手机制式</td>\r\n<td width="450" bgcolor="#ffffff">GSM</td>\r\n</tr>\r\n<tr>\r\n<td width="100" align="left" valign="center" bgcolor="#ffffff">支持频段</td>\r\n<td width="450" bgcolor="#ffffff">GSM850/900/1800/1900MHz</td>\r\n</tr>\r\n<tr>\r\n<td width="100" align="left" valign="center" bgcolor="#ffffff">数据传输</td>\r\n<td width="450" bgcolor="#ffffff">GPRS、EDGE</td>\r\n</tr>\r\n<tr>\r\n<td width="100" align="left" valign="center" bgcolor="#ffffff">屏幕材质</td>\r\n<td width="450" bgcolor="#ffffff">AMOLED</td>\r\n</tr>\r\n<tr>\r\n<td width="100" align="left" valign="center" bgcolor="#ffffff">屏幕色彩</td>\r\n<td width="450" bgcolor="#ffffff">1600万色</td>\r\n</tr>\r\n<tr>\r\n<td width="100" align="left" valign="center" bgcolor="#ffffff">主屏尺寸</td>\r\n<td width="450" bgcolor="#ffffff">2.6英寸</td>\r\n</tr>\r\n<tr>\r\n<td width="100" align="left" valign="center" bgcolor="#ffffff">主屏参数</td>\r\n<td width="450" bgcolor="#ffffff">QVGA 320&times;240像素</td>\r\n</tr>\r\n<tr>\r\n<td width="100" align="left" valign="center" bgcolor="#ffffff">铃音描述</td>\r\n<td width="450" bgcolor="#ffffff">可选MP3、WAV、AAC或和弦Midi铃声等格式</td>\r\n</tr>\r\n<tr>\r\n<td width="100" align="left" valign="center" bgcolor="#ffffff">操作系统</td>\r\n<td width="450" bgcolor="#ffffff">Symbian OS v9.3操作系统与S60 v3.2平台的组合</td>\r\n</tr>\r\n<tr>\r\n<td width="100" align="left" valign="center" bgcolor="#ffffff">机身内存</td>\r\n<td width="450" bgcolor="#ffffff">74MB 内部动态存储空间<br /> 78MB 内置NAND闪存</td>\r\n</tr>\r\n<tr>\r\n<td width="100" align="left" valign="center" bgcolor="#ffffff">存储卡</td>\r\n<td width="450" bgcolor="#ffffff">支持MicroSD(T-Flash)卡扩展最大至8GB</td>\r\n</tr>\r\n<tr>\r\n<td width="100" align="left" valign="center" bgcolor="#ffffff">电池规格</td>\r\n<td width="450" bgcolor="#ffffff">1200毫安时锂电池</td>\r\n</tr>\r\n<tr>\r\n<td width="100" align="left" valign="center" bgcolor="#ffffff">标配</td>\r\n<td width="450" bgcolor="#ffffff">诺基亚 N85<br /> 诺基亚电池（BL-5K）<br /> 诺基亚旅行充电器（AC-10）<br /> 诺基亚视频数据线（CA-75U）<br /> 诺基亚数据线（CA-101）<br /> 诺基亚音乐耳机（HS-45、AD-54）<br /> 诺基亚 8 GB microSD 卡（MU-43）<br /> 《用户手册》<br /> 《快速入门》</td>\r\n</tr>\r\n<tr>\r\n<td width="100" align="left" valign="center" bgcolor="#ffffff">理论通话时间</td>\r\n<td width="450" bgcolor="#ffffff">6.9 小时</td>\r\n</tr>\r\n<tr>\r\n<td width="100" align="left" valign="center" bgcolor="#ffffff">理论待机时间</td>\r\n<td width="450" bgcolor="#ffffff">363 小时</td>\r\n</tr>\r\n<tr>\r\n<td colspan="2" bgcolor="#f1f7fc">\r\n<p><strong>产品外形</strong></p>\r\n</td>\r\n</tr>\r\n<tr>\r\n<td width="100" align="left" valign="center" bgcolor="#ffffff">外观设计</td>\r\n<td width="450" bgcolor="#ffffff">双向滑盖</td>\r\n</tr>\r\n<tr>\r\n<td width="100" align="left" valign="center" bgcolor="#ffffff">产品尺寸</td>\r\n<td width="450" bgcolor="#ffffff">103&times;50&times;16mm<br /> 体积：76 立方厘米</td>\r\n</tr>\r\n<tr>\r\n<td width="100" align="left" valign="center" bgcolor="#ffffff">手机重量</td>\r\n<td width="450" bgcolor="#ffffff">128克</td>\r\n</tr>\r\n<tr>\r\n<td width="100" align="left" valign="center" bgcolor="#ffffff">产品天线</td>\r\n<td width="450" bgcolor="#ffffff">内置</td>\r\n</tr>\r\n<tr>\r\n<td colspan="2" bgcolor="#f1f7fc">\r\n<p><strong>拍照功能</strong></p>\r\n</td>\r\n</tr>\r\n<tr>\r\n<td style="padding: 8px 0px;" colspan="2" width="550" align="left" valign="center" bgcolor="#ffffff">\r\n<table border="0" cellspacing="1" cellpadding="0" align="left">\r\n<tbody>\r\n<tr>\r\n<td style="padding: 5px 0px 5px 10px;" width="100">\r\n<table style="width: 100%;" border="0" cellspacing="1" cellpadding="0" bgcolor="#c5d7ed">\r\n<tbody>\r\n<tr>\r\n<td style="padding: 2px; font-weight: bold;" width="100%" align="middle" bgcolor="#f1f7fc">定时器</td>\r\n</tr>\r\n</tbody>\r\n</table>\r\n</td>\r\n<td style="padding: 5px 0px 5px 10px;" width="100">&nbsp;</td>\r\n</tr>\r\n</tbody>\r\n</table>\r\n</td>\r\n</tr>\r\n<tr>\r\n<td width="100" align="left" valign="center" bgcolor="#ffffff">摄像头</td>\r\n<td width="450" bgcolor="#ffffff">内置</td>\r\n</tr>\r\n<tr>\r\n<td width="100" align="left" valign="center" bgcolor="#ffffff">摄像头像素</td>\r\n<td width="450" bgcolor="#ffffff">500万像素</td>\r\n</tr>\r\n<tr>\r\n<td width="100" align="left" valign="center" bgcolor="#ffffff">连拍功能</td>\r\n<td width="450" bgcolor="#ffffff">支持</td>\r\n</tr>\r\n<tr>\r\n<td width="100" align="left" valign="center" bgcolor="#ffffff">LED闪光灯</td>\r\n<td width="450" bgcolor="#ffffff">双LED 闪光灯</td>\r\n</tr>\r\n<tr>\r\n<td width="100" align="left" valign="center" bgcolor="#ffffff">数码变焦</td>\r\n<td width="450" bgcolor="#ffffff">20 倍数码变焦</td>\r\n</tr>\r\n<tr>\r\n<td width="100" align="left" valign="center" bgcolor="#ffffff">拍摄模式</td>\r\n<td width="450" bgcolor="#ffffff">静止、连拍、自动定时器、摄像</td>\r\n</tr>\r\n<tr>\r\n<td width="100" align="left" valign="center" bgcolor="#ffffff">照片特效</td>\r\n<td width="450" bgcolor="#ffffff">正常、怀旧、黑白、负片、逼真</td>\r\n</tr>\r\n<tr>\r\n<td width="100" align="left" valign="center" bgcolor="#ffffff">拍照描述</td>\r\n<td width="450" bgcolor="#ffffff">支持最大2592&times;1944分辨率照片拍摄<br /> 支持JPEG、Exif格式<br /> 白平衡模式：自动、阳光、阴天、白炽灯、荧光灯<br /> 感光度模式：高、中、低、自动</td>\r\n</tr>\r\n<tr>\r\n<td width="100" align="left" valign="center" bgcolor="#ffffff">视频拍摄</td>\r\n<td width="450" bgcolor="#ffffff">最高支持640 x 480 像素（VGA）、30 帧/秒</td>\r\n</tr>\r\n<tr>\r\n<td colspan="2" bgcolor="#f1f7fc">\r\n<p><strong>娱乐功能</strong></p>\r\n</td>\r\n</tr>\r\n<tr>\r\n<td style="padding: 8px 0px;" colspan="2" width="550" align="left" valign="center" bgcolor="#ffffff">\r\n<table border="0" cellspacing="1" cellpadding="0" align="left">\r\n<tbody>\r\n<tr>\r\n<td style="padding: 5px 0px 5px 10px;" width="100">\r\n<table style="width: 100%;" border="0" cellspacing="1" cellpadding="0" bgcolor="#c5d7ed">\r\n<tbody>\r\n<tr>\r\n<td style="padding: 2px; font-weight: bold;" width="100%" align="middle" bgcolor="#f1f7fc">收音机</td>\r\n</tr>\r\n</tbody>\r\n</table>\r\n</td>\r\n<td style="padding: 5px 0px 5px 10px;" width="100">\r\n<table style="width: 100%;" border="0" cellspacing="1" cellpadding="0" bgcolor="#c5d7ed">\r\n<tbody>\r\n<tr>\r\n<td style="padding: 2px; font-weight: bold;" width="100%" align="middle" bgcolor="#f1f7fc">TV-OUT</td>\r\n</tr>\r\n</tbody>\r\n</table>\r\n</td>\r\n<td style="padding: 5px 0px 5px 10px;" width="100">\r\n<table style="width: 100%;" border="0" cellspacing="1" cellpadding="0" bgcolor="#c5d7ed">\r\n<tbody>\r\n<tr>\r\n<td style="padding: 2px; font-weight: bold;" width="100%" align="middle" bgcolor="#f1f7fc">录音功能</td>\r\n</tr>\r\n</tbody>\r\n</table>\r\n</td>\r\n<td style="padding: 5px 0px 5px 10px;" width="100">\r\n<table style="width: 100%;" border="0" cellspacing="1" cellpadding="0" bgcolor="#c5d7ed">\r\n<tbody>\r\n<tr>\r\n<td style="padding: 2px; font-weight: bold;" width="100%" align="middle" bgcolor="#f1f7fc">电子书</td>\r\n</tr>\r\n</tbody>\r\n</table>\r\n</td>\r\n<td style="padding: 5px 0px 5px 10px;" width="100">&nbsp;</td>\r\n</tr>\r\n</tbody>\r\n</table>\r\n</td>\r\n</tr>\r\n<tr>\r\n<td width="100" align="left" valign="center" bgcolor="#ffffff">视频播放</td>\r\n<td width="450" bgcolor="#ffffff">内置RealPlayer播放器, 支持MPEG4、H.264/AVC、H.263/3GP、RealVideo等视频格式全屏播放</td>\r\n</tr>\r\n<tr>\r\n<td width="100" align="left" valign="center" bgcolor="#ffffff">音乐播放</td>\r\n<td width="450" bgcolor="#ffffff">内置播放器, 支持mp3、.wma、.aac、eAAC、eAAC+格式</td>\r\n</tr>\r\n<tr>\r\n<td width="100" align="left" valign="center" bgcolor="#ffffff">游戏</td>\r\n<td width="450" bgcolor="#ffffff">内置</td>\r\n</tr>\r\n<tr>\r\n<td width="100" align="left" valign="center" bgcolor="#ffffff">Java功能</td>\r\n<td width="450" bgcolor="#ffffff">支持Java MIDP 2.0 CLDC 1.1</td>\r\n</tr>\r\n<tr>\r\n<td width="100" align="left" valign="center" bgcolor="#ffffff">Flash功能</td>\r\n<td width="450" bgcolor="#ffffff">第3.0版Flash lite播放器</td>\r\n</tr>\r\n<tr>\r\n<td colspan="2" bgcolor="#f1f7fc">\r\n<p><strong>数据功能</strong></p>\r\n</td>\r\n</tr>\r\n<tr>\r\n<td style="padding: 8px 0px;" colspan="2" width="550" align="left" valign="center" bgcolor="#ffffff">\r\n<table border="0" cellspacing="1" cellpadding="0" align="left">\r\n<tbody>\r\n<tr>\r\n<td style="padding: 5px 0px 5px 10px;" width="100">\r\n<table style="width: 100%;" border="0" cellspacing="1" cellpadding="0" bgcolor="#c5d7ed">\r\n<tbody>\r\n<tr>\r\n<td style="padding: 2px; font-weight: bold;" width="100%" align="middle" bgcolor="#f1f7fc">蓝牙功能</td>\r\n</tr>\r\n</tbody>\r\n</table>\r\n</td>\r\n<td style="padding: 5px 0px 5px 10px;" width="100">&nbsp;</td>\r\n</tr>\r\n</tbody>\r\n</table>\r\n</td>\r\n</tr>\r\n<tr>\r\n<td width="100" align="left" valign="center" bgcolor="#ffffff">数据线接口</td>\r\n<td width="450" bgcolor="#ffffff">USB数据线 3.5mm立体声耳机插孔</td>\r\n</tr>\r\n<tr>\r\n<td colspan="2" bgcolor="#f1f7fc">\r\n<p><strong>基本功能</strong></p>\r\n</td>\r\n</tr>\r\n<tr>\r\n<td style="padding: 8px 0px;" colspan="2" width="550" align="left" valign="center" bgcolor="#ffffff">\r\n<table border="0" cellspacing="1" cellpadding="0" align="left">\r\n<tbody>\r\n<tr>\r\n<td style="padding: 5px 0px 5px 10px;" width="100">\r\n<table style="width: 100%;" border="0" cellspacing="1" cellpadding="0" bgcolor="#c5d7ed">\r\n<tbody>\r\n<tr>\r\n<td style="padding: 2px; font-weight: bold;" width="100%" align="middle" bgcolor="#f1f7fc">短信(SMS)</td>\r\n</tr>\r\n</tbody>\r\n</table>\r\n</td>\r\n<td style="padding: 5px 0px 5px 10px;" width="100">\r\n<table style="width: 100%;" border="0" cellspacing="1" cellpadding="0" bgcolor="#c5d7ed">\r\n<tbody>\r\n<tr>\r\n<td style="padding: 2px; font-weight: bold;" width="100%" align="middle" bgcolor="#f1f7fc">彩信(MMS)</td>\r\n</tr>\r\n</tbody>\r\n</table>\r\n</td>\r\n<td style="padding: 5px 0px 5px 10px;" width="100">\r\n<table style="width: 100%;" border="0" cellspacing="1" cellpadding="0" bgcolor="#c5d7ed">\r\n<tbody>\r\n<tr>\r\n<td style="padding: 2px; font-weight: bold;" width="100%" align="middle" bgcolor="#f1f7fc">免提通话</td>\r\n</tr>\r\n</tbody>\r\n</table>\r\n</td>\r\n<td style="padding: 5px 0px 5px 10px;" width="100">\r\n<table style="width: 100%;" border="0" cellspacing="1" cellpadding="0" bgcolor="#c5d7ed">\r\n<tbody>\r\n<tr>\r\n<td style="padding: 2px; font-weight: bold;" width="100%" align="middle" bgcolor="#f1f7fc">情景模式</td>\r\n</tr>\r\n</tbody>\r\n</table>\r\n</td>\r\n<td style="padding: 5px 0px 5px 10px;" width="100">\r\n<table style="width: 100%;" border="0" cellspacing="1" cellpadding="0" bgcolor="#c5d7ed">\r\n<tbody>\r\n<tr>\r\n<td style="padding: 2px; font-weight: bold;" width="100%" align="middle" bgcolor="#f1f7fc">闹钟功能</td>\r\n</tr>\r\n</tbody>\r\n</table>\r\n</td>\r\n</tr>\r\n<tr>\r\n<td style="padding: 5px 0px 5px 10px;" width="100">\r\n<table style="width: 100%;" border="0" cellspacing="1" cellpadding="0" bgcolor="#c5d7ed">\r\n<tbody>\r\n<tr>\r\n<td style="padding: 2px; font-weight: bold;" width="100%" align="middle" bgcolor="#f1f7fc">日历功能</td>\r\n</tr>\r\n</tbody>\r\n</table>\r\n</td>\r\n<td style="padding: 5px 0px 5px 10px;" width="100">&nbsp;</td>\r\n</tr>\r\n</tbody>\r\n</table>\r\n</td>\r\n</tr>\r\n<tr>\r\n<td width="100" align="left" valign="center" bgcolor="#ffffff">输入方式</td>\r\n<td width="450" bgcolor="#ffffff">键盘</td>\r\n</tr>\r\n<tr>\r\n<td width="100" align="left" valign="center" bgcolor="#ffffff">通话记录</td>\r\n<td width="450" bgcolor="#ffffff">未接来电+已接来电+已拨电话记录</td>\r\n</tr>\r\n<tr>\r\n<td width="100" align="left" valign="center" bgcolor="#ffffff">通讯录</td>\r\n<td width="450" bgcolor="#ffffff">S60标准化名片式通讯录</td>\r\n</tr>\r\n<tr>\r\n<td colspan="2" bgcolor="#f1f7fc">\r\n<p><strong>网络功能</strong></p>\r\n</td>\r\n</tr>\r\n<tr>\r\n<td style="padding: 8px 0px;" colspan="2" width="550" align="left" valign="center" bgcolor="#ffffff">\r\n<table border="0" cellspacing="1" cellpadding="0" align="left">\r\n<tbody>\r\n<tr>\r\n<td style="padding: 5px 0px 5px 10px;" width="100">\r\n<table style="width: 100%;" border="0" cellspacing="1" cellpadding="0" bgcolor="#c5d7ed">\r\n<tbody>\r\n<tr>\r\n<td style="padding: 2px; font-weight: bold;" width="100%" align="middle" bgcolor="#f1f7fc">电子邮件</td>\r\n</tr>\r\n</tbody>\r\n</table>\r\n</td>\r\n<td style="padding: 5px 0px 5px 10px;" width="100">\r\n<table style="width: 100%;" border="0" cellspacing="1" cellpadding="0" bgcolor="#c5d7ed">\r\n<tbody>\r\n<tr>\r\n<td style="padding: 2px; font-weight: bold;" width="100%" align="middle" bgcolor="#f1f7fc">WWW浏览器</td>\r\n</tr>\r\n</tbody>\r\n</table>\r\n</td>\r\n<td style="padding: 5px 0px 5px 10px;" width="100">\r\n<table style="width: 100%;" border="0" cellspacing="1" cellpadding="0" bgcolor="#c5d7ed">\r\n<tbody>\r\n<tr>\r\n<td style="padding: 2px; font-weight: bold;" width="100%" align="middle" bgcolor="#f1f7fc">WAP浏览器</td>\r\n</tr>\r\n</tbody>\r\n</table>\r\n</td>\r\n<td style="padding: 5px 0px 5px 10px;" width="100">&nbsp;</td>\r\n</tr>\r\n</tbody>\r\n</table>\r\n</td>\r\n</tr>\r\n<tr>\r\n<td colspan="2" bgcolor="#f1f7fc">\r\n<p><strong>商务功能</strong></p>\r\n</td>\r\n</tr>\r\n<tr>\r\n<td style="padding: 8px 0px;" colspan="2" width="550" align="left" valign="center" bgcolor="#ffffff">\r\n<table border="0" cellspacing="1" cellpadding="0" align="left">\r\n<tbody>\r\n<tr>\r\n<td style="padding: 5px 0px 5px 10px;" width="100">\r\n<table style="width: 100%;" border="0" cellspacing="1" cellpadding="0" bgcolor="#c5d7ed">\r\n<tbody>\r\n<tr>\r\n<td style="padding: 2px; font-weight: bold;" width="100%" align="middle" bgcolor="#f1f7fc">飞行模式</td>\r\n</tr>\r\n</tbody>\r\n</table>\r\n</td>\r\n<td style="padding: 5px 0px 5px 10px;" width="100">\r\n<table style="width: 100%;" border="0" cellspacing="1" cellpadding="0" bgcolor="#c5d7ed">\r\n<tbody>\r\n<tr>\r\n<td style="padding: 2px; font-weight: bold;" width="100%" align="middle" bgcolor="#f1f7fc">语音拨号</td>\r\n</tr>\r\n</tbody>\r\n</table>\r\n</td>\r\n<td style="padding: 5px 0px 5px 10px;" width="100">\r\n<table style="width: 100%;" border="0" cellspacing="1" cellpadding="0" bgcolor="#c5d7ed">\r\n<tbody>\r\n<tr>\r\n<td style="padding: 2px; font-weight: bold;" width="100%" align="middle" bgcolor="#f1f7fc">备忘录</td>\r\n</tr>\r\n</tbody>\r\n</table>\r\n</td>\r\n<td style="padding: 5px 0px 5px 10px;" width="100">\r\n<table style="width: 100%;" border="0" cellspacing="1" cellpadding="0" bgcolor="#c5d7ed">\r\n<tbody>\r\n<tr>\r\n<td style="padding: 2px; font-weight: bold;" width="100%" align="middle" bgcolor="#f1f7fc">日程表</td>\r\n</tr>\r\n</tbody>\r\n</table>\r\n</td>\r\n<td style="padding: 5px 0px 5px 10px;" width="100">\r\n<table style="width: 100%;" border="0" cellspacing="1" cellpadding="0" bgcolor="#c5d7ed">\r\n<tbody>\r\n<tr>\r\n<td style="padding: 2px; font-weight: bold;" width="100%" align="middle" bgcolor="#f1f7fc">世界时间</td>\r\n</tr>\r\n</tbody>\r\n</table>\r\n</td>\r\n</tr>\r\n<tr>\r\n<td style="padding: 5px 0px 5px 10px;" width="100">&nbsp;</td>\r\n</tr>\r\n</tbody>\r\n</table>\r\n</td>\r\n</tr>\r\n<tr>\r\n<td colspan="2" bgcolor="#f1f7fc">\r\n<p><strong>其他功能</strong></p>\r\n</td>\r\n</tr>\r\n<tr>\r\n<td style="padding: 8px 0px;" colspan="2" width="550" align="left" valign="center" bgcolor="#ffffff">\r\n<table border="0" cellspacing="1" cellpadding="0" align="left">\r\n<tbody>\r\n<tr>\r\n<td style="padding: 5px 0px 5px 10px;" width="100">\r\n<table style="width: 100%;" border="0" cellspacing="1" cellpadding="0" bgcolor="#c5d7ed">\r\n<tbody>\r\n<tr>\r\n<td style="padding: 2px; font-weight: bold;" width="100%" align="middle" bgcolor="#f1f7fc">GPS功能</td>\r\n</tr>\r\n</tbody>\r\n</table>\r\n</td>\r\n<td style="padding: 5px 0px 5px 10px;" width="100">\r\n<table style="width: 100%;" border="0" cellspacing="1" cellpadding="0" bgcolor="#c5d7ed">\r\n<tbody>\r\n<tr>\r\n<td style="padding: 2px; font-weight: bold;" width="100%" align="middle" bgcolor="#f1f7fc">电子词典</td>\r\n</tr>\r\n</tbody>\r\n</table>\r\n</td>\r\n<td style="padding: 5px 0px 5px 10px;" width="100">\r\n<table style="width: 100%;" border="0" cellspacing="1" cellpadding="0" bgcolor="#c5d7ed">\r\n<tbody>\r\n<tr>\r\n<td style="padding: 2px; font-weight: bold;" width="100%" align="middle" bgcolor="#f1f7fc">待机图片</td>\r\n</tr>\r\n</tbody>\r\n</table>\r\n</td>\r\n<td style="padding: 5px 0px 5px 10px;" width="100">\r\n<table style="width: 100%;" border="0" cellspacing="1" cellpadding="0" bgcolor="#c5d7ed">\r\n<tbody>\r\n<tr>\r\n<td style="padding: 2px; font-weight: bold;" width="100%" align="middle" bgcolor="#f1f7fc">计算器</td>\r\n</tr>\r\n</tbody>\r\n</table>\r\n</td>\r\n<td style="padding: 5px 0px 5px 10px;" width="100">\r\n<table style="width: 100%;" border="0" cellspacing="1" cellpadding="0" bgcolor="#c5d7ed">\r\n<tbody>\r\n<tr>\r\n<td style="padding: 2px; font-weight: bold;" width="100%" align="middle" bgcolor="#f1f7fc">来电铃声识别</td>\r\n</tr>\r\n</tbody>\r\n</table>\r\n</td>\r\n</tr>\r\n<tr>\r\n<td style="padding: 5px 0px 5px 10px;" width="100">\r\n<table style="width: 100%;" border="0" cellspacing="1" cellpadding="0" bgcolor="#c5d7ed">\r\n<tbody>\r\n<tr>\r\n<td style="padding: 2px; font-weight: bold;" width="100%" align="middle" bgcolor="#f1f7fc">来电图片识别</td>\r\n</tr>\r\n</tbody>\r\n</table>\r\n</td>\r\n<td style="padding: 5px 0px 5px 10px;" width="100">\r\n<table style="width: 100%;" border="0" cellspacing="1" cellpadding="0" bgcolor="#c5d7ed">\r\n<tbody>\r\n<tr>\r\n<td style="padding: 2px; font-weight: bold;" width="100%" align="middle" bgcolor="#f1f7fc">来电防火墙</td>\r\n</tr>\r\n</tbody>\r\n</table>\r\n</td>\r\n<td style="padding: 5px 0px 5px 10px;" width="100">\r\n<table style="width: 100%;" border="0" cellspacing="1" cellpadding="0" bgcolor="#c5d7ed">\r\n<tbody>\r\n<tr>\r\n<td style="padding: 2px; font-weight: bold;" width="100%" align="middle" bgcolor="#f1f7fc">动画屏保</td>\r\n</tr>\r\n</tbody>\r\n</table>\r\n</td>\r\n<td style="padding: 5px 0px 5px 10px;" width="100">\r\n<table style="width: 100%;" border="0" cellspacing="1" cellpadding="0" bgcolor="#c5d7ed">\r\n<tbody>\r\n<tr>\r\n<td style="padding: 2px; font-weight: bold;" width="100%" align="middle" bgcolor="#f1f7fc">图形菜单</td>\r\n</tr>\r\n</tbody>\r\n</table>\r\n</td>\r\n<td style="padding: 5px 0px 5px 10px;" width="100">\r\n<table style="width: 100%;" border="0" cellspacing="1" cellpadding="0" bgcolor="#c5d7ed">\r\n<tbody>\r\n<tr>\r\n<td style="padding: 2px; font-weight: bold;" width="100%" align="middle" bgcolor="#f1f7fc">秒表</td>\r\n</tr>\r\n</tbody>\r\n</table>\r\n</td>\r\n</tr>\r\n<tr>\r\n<td style="padding: 5px 0px 5px 10px;" width="100">\r\n<table style="width: 100%;" border="0" cellspacing="1" cellpadding="0" bgcolor="#c5d7ed">\r\n<tbody>\r\n<tr>\r\n<td style="padding: 2px; font-weight: bold;" width="100%" align="middle" bgcolor="#f1f7fc">单位换算</td>\r\n</tr>\r\n</tbody>\r\n</table>\r\n</td>\r\n<td style="padding: 5px 0px 5px 10px;" width="100">\r\n<table style="width: 100%;" border="0" cellspacing="1" cellpadding="0">\r\n<tbody>\r\n<tr>\r\n<td style="padding: 2px; float: none;" width="100%" align="middle">&nbsp;</td>\r\n</tr>\r\n</tbody>\r\n</table>\r\n</td>\r\n</tr>\r\n</tbody>\r\n</table>\r\n</td>\r\n</tr>\r\n</tbody>\r\n</table>\r\n</div>\r\n<p>&nbsp;</p>', '', '', 0.00, 0.00, 'October 2008 GSM, 850,900,1800,1900 black', '', '', '', '2009-08-19 06:50:15', '2009-08-19 06:50:32'),
(139, 'cht', 14, '带帽长款条纹T恤 浅粉色', NULL, '<p>依旧是烈日炎炎的夏天，依旧是韩国风，唯一一款长款的设计，既随性又显示好身材！随意的腰身，随意的帽衫，让人十分舒适的一款，就像随意的心情一样，向往自由，充满着蕴藏在心里的激</p>', '', '', 0.00, 0.00, 'T恤 带帽', '依旧是烈日炎炎的夏天，依旧是韩国风，唯一一款长款的设计，既随性又显示好身材！随意的腰身，随意的帽衫，让人十分舒适的一款，就像随意的心情一样，向往自由，充满着蕴藏在心里的激', '', '', '2009-08-10 03:43:35', '2009-08-10 03:43:35'),
(140, 'cht', 15, '带帽长款条纹T恤 棕色', NULL, '<p>依旧是烈日炎炎的夏天，依旧是韩国风，唯一一款长款的设计，既随性又显示好身材！随意的腰身，随意的帽衫，让人十分舒适的一款，就像随意的心情一样，向往自由，充满着蕴藏在心里的激情。VANCL给您带来的这款带帽长款T恤，面料舒适，三种花色任意选择，在炎炎夏日让您充分展示女孩的俏皮与随性。</p>', '', '', 0.00, 0.00, 'T恤', '依旧是烈日炎炎的夏天，依旧是韩国风，唯一一款长款的设计，既随性又显示好身材！随意的腰身，随意的帽衫，让人十分舒适的一款，就像随意的心情一样，向往自由，充满着蕴藏在心里的激', '', '', '2009-08-10 03:56:23', '2009-08-10 03:56:23'),
(141, 'cht', 16, '速干圆领印花T恤sea life 中国红', NULL, '<p><span style="color: #666666; font-family: 宋体; font-size: 12px; font-weight: 100; line-height: 19px;">值此炎炎夏日来临之季， VANCL遵循简约、舒适、健康设计理念，特推出贴身、柔软、舒适的速干圆领印花T恤衫。<span>&nbsp;</span><br />&nbsp; &nbsp; 本产品面料采用美国棉花公司100%棉针织物吸湿快干整理&ldquo;微型窗&rdquo;技术，将运动人体产生的汗液迅速由服装内部疏导到外部，保持服装内部皮肤干爽舒适，并且在快速干燥的同时带走体表多余的热量，使人体感觉凉爽，舒适自然。<span>&nbsp;</span><br />&nbsp; &nbsp; 富有时尚感的多种印花设计，在传统的休闲风格中增添了流行气息，款式简洁大方，充满活力动感，展现迷人气质，是年轻男女不错的选择！<span> <br /></span></span></p>', '', '', 0.00, 0.00, 'T恤 中国红', '值此炎炎夏日来临之季， VANCL遵循简约、舒适、健康设计理念，特推出贴身、柔软、舒适的速干圆领印花T恤衫。 \r\n    本产品面料采用美国棉花公司100%棉针织物吸湿快干整理“微型窗”技术，将', '', '', '2009-08-10 04:03:17', '2009-08-10 05:52:13'),
(142, 'cht', 17, '速干圆领印花T恤sea life 法国蓝', NULL, '<p>值此炎炎夏日来临之季， VANCL遵循简约、舒适、健康设计理念，特推出贴身、柔软、舒适的速干圆领印花T恤衫。 <br />&nbsp;&nbsp;&nbsp; 本产品面料采用美国棉花公司100%棉针织物吸湿快干整理&ldquo;微型窗&rdquo;技术，将</p>', '', '', 0.00, 0.00, 'T恤 法国蓝', '值此炎炎夏日来临之季， VANCL遵循简约、舒适、健康设计理念，特推出贴身、柔软、舒适的速干圆领印花T恤衫。 \r\n    本产品面料采用美国棉花公司100%棉针织物吸湿快干整理“微型窗”技术，将', '', '', '2009-08-10 04:51:53', '2009-08-10 04:51:53'),
(143, 'cht', 18, '诺基亚 5630XM', NULL, '<p><br />&nbsp;&nbsp;&nbsp; 温馨提示5630XM的microUSB接口既是充电接口又是数据线接口，所以标配只有一根CA-101数据线（充电线）。<br />基本参数<br />&nbsp;&nbsp;&nbsp; 型号5630XM<br />&nbsp;&nbsp;&nbsp; 手机类型智能手机、音乐手机<br />&nbsp;&nbsp;&nbsp; 上市日期2009年06月<br />&nbsp;&nbsp;&nbsp; 手机制式GSM<br />&nbsp;&nbsp;&nbsp; 手机频段1800/1900/900<br />&nbsp;&nbsp;&nbsp; 手机外形直板手机<br />&nbsp;&nbsp;&nbsp; 主屏尺寸2.2英寸<br />&nbsp;&nbsp;&nbsp; 主屏材质TFT<br />&nbsp;&nbsp;&nbsp; 主屏色彩1600万色<br />&nbsp;&nbsp;&nbsp; 主屏参数240&times;320<br />&nbsp;&nbsp;&nbsp; 操作系统S60 3rd Edition, Feature Pack 2、Symbian OS v9.3<br />&nbsp;&nbsp;&nbsp; CPUARM 11、600MHz<br />&nbsp;&nbsp;&nbsp; 理论通话时间400分钟<br />&nbsp;&nbsp;&nbsp; 理论待机时间420小时<br />&nbsp;&nbsp;&nbsp; 体积112 &times; 46 x 12毫米<br />&nbsp;&nbsp;&nbsp; 重量83g<br />基本功能<br />&nbsp;&nbsp;&nbsp; 铃声MP3、和弦<br />&nbsp;&nbsp;&nbsp; 通讯录名片式<br />&nbsp;&nbsp;&nbsp; 信息功能短信、彩信<br />&nbsp;&nbsp;&nbsp; 电子邮件支持<br />&nbsp;&nbsp;&nbsp; 输入法中文、英文<br />&nbsp;&nbsp;&nbsp; 游戏内置<br />&nbsp;&nbsp;&nbsp; 办公功能Excel, PDF, Powerpoint, Word文件浏览<br />&nbsp;&nbsp;&nbsp; 录音功能支持<br />&nbsp;&nbsp;&nbsp; 主要功能12毫米纤薄机身,600MHz CPU,symbian智能手机<br />&nbsp;&nbsp;&nbsp; 附加功能&ldquo;Say and Play&rdquo;音乐语音控制功能<br />数据应用功能<br />&nbsp;&nbsp;&nbsp; 蓝牙支持蓝牙立体声<br />&nbsp;&nbsp;&nbsp; 数据业务GPRS/EDGE<br />&nbsp;&nbsp;&nbsp; JAVA支持<br />&nbsp;&nbsp;&nbsp; WAP上网支持<br />&nbsp;&nbsp;&nbsp; 数据线支持<br />&nbsp;&nbsp;&nbsp; 扩展卡MicroSD、最大16G、支持热插拔<br />&nbsp;&nbsp;&nbsp; GPS不支持<br />多媒体娱乐功能<br />&nbsp;&nbsp;&nbsp; 摄像头内置摄像头<br />&nbsp;&nbsp;&nbsp; 主摄像头像素320万像素<br />&nbsp;&nbsp;&nbsp; 副摄像头像素10万像素（只能用于自拍）<br />&nbsp;&nbsp;&nbsp; 传感器类型CMOS<br />&nbsp;&nbsp;&nbsp; 闪光灯双LED闪光灯<br />&nbsp;&nbsp;&nbsp; 拍摄功能描述支持4倍数码变焦及提供场景模式,曝光补偿,色调控制,白平衡设置等拍照功能,不支持自动对焦<br />&nbsp;&nbsp;&nbsp; 视频拍摄支持H.263, MPEG-4 格式,15 fps<br />&nbsp;&nbsp;&nbsp; MP3播放AAC,AAC+,AMR-NB,AMR-WB,AU,eAAC+,M4A,Mobile XMF,MP3, MP4,WAV,WMA<br />&nbsp;&nbsp;&nbsp; 耳机接口3.5MM<br />&nbsp;&nbsp;&nbsp; 视频播放3GPP formats (H.263),Flash Video,H.264/AVC,MPEG-4,RealVideo 10,RealVideo 9<br />&nbsp;&nbsp;&nbsp; 图片浏览BMP,EXIF,GIF87a,GIF89a,JPEG,JPEG 2000,MBM,PNG,TIFF,WBMP,WMF<br />&nbsp;&nbsp;&nbsp; 其它应用功能长达22小时的音乐播放时间<br />&nbsp;&nbsp;&nbsp; FM收音支持</p>', '', '', 0.00, 0.00, '诺基亚 5630XM', '诺基亚 5630XM', '', '', '2009-08-10 05:36:58', '2009-08-10 05:36:58'),
(144, 'cht', 19, '诺基亚 5800', NULL, '<p><br />&nbsp;&nbsp;&nbsp; 5800精英限量版标配两块BL-5J锂电池(1320mAh),AC- 8C+CA-100C充电器,DC-4车充,CA-101D数据线,AD-54线控+HS-45耳机,BH-209蓝牙耳机,8G TF卡,数据/视频线,光盘,手写笔*2,挂绳(三角触片),贴膜,支架,保修卡<br />基本功能<br />&nbsp;&nbsp;&nbsp; [GSM手机] [GPRS] [EDGE] [和弦铃声] [可选铃声] [情景模式] [图形菜单] [待机图片] [内置振动] [免提通话] <br />&nbsp;&nbsp;&nbsp; 上市日期2009年02月<br />&nbsp;&nbsp;&nbsp; 手机制式GSM/GPRS/EDGE<br />&nbsp;&nbsp;&nbsp; 支持频段|850/900/1800/1900MHz|<br />&nbsp;&nbsp;&nbsp; 网络连接GPRS；EDGE；<br />&nbsp;&nbsp;&nbsp; 理论通话时间525分钟<br />&nbsp;&nbsp;&nbsp; 理论待机时间406小时<br />&nbsp;&nbsp;&nbsp; 和弦铃声64和弦<br />&nbsp;&nbsp;&nbsp; 可选铃声可选MP3、WAV、AAC或和弦Midi铃声等格式<br />外观设计<br />&nbsp;&nbsp;&nbsp; [直板手机] [内置天线] <br />&nbsp;&nbsp;&nbsp; 外观设计直板<br />&nbsp;&nbsp;&nbsp; 产品天线内置<br />&nbsp;&nbsp;&nbsp; 产品尺寸111&times;51.7&times;15.5mm<br />&nbsp;&nbsp;&nbsp; 手机重量109克<br />屏幕参数<br />&nbsp;&nbsp;&nbsp; [TFT屏] <br />&nbsp;&nbsp;&nbsp; 屏幕颜色1600万色<br />&nbsp;&nbsp;&nbsp; 屏幕类型TFT<br />&nbsp;&nbsp;&nbsp; 分辨率360&times;640像素<br />&nbsp;&nbsp;&nbsp; 屏幕尺寸3.2英寸　<br />&nbsp;&nbsp;&nbsp; 详细说明卡尔&middot;蔡司认证镜头<br />通讯功能<br />&nbsp;&nbsp;&nbsp; [输入法] [短信功能] [EMS短信] [多媒体短信] [E-Mail] [话机通讯录] [通讯录群组] [通话记录] [语音拨号] [来电图片识别] [来电铃音识别] [全球定位GPS] <br />&nbsp;&nbsp;&nbsp; 输入法中文输入法；<br />&nbsp;&nbsp;&nbsp; 短信功能超长短信：支持；<br />&nbsp;&nbsp;&nbsp; 短信群发支持；<br />&nbsp;&nbsp;&nbsp; E-Mail支持SMTP、POP3、IMAP4等邮件协议，支持 OMA 电子邮件通知功能<br />&nbsp;&nbsp;&nbsp; 全球定位GPS内置SiRFstar III GPS芯片，诺基亚地图 2.0 触摸式应用程序<br />拍照功能<br />&nbsp;&nbsp;&nbsp; [内置] [变焦模式] [定时拍摄] [拍摄模式] [照片特效] [视频拍摄] <br />&nbsp;&nbsp;&nbsp; 摄像头位置内置<br />&nbsp;&nbsp;&nbsp; 像素320万<br />&nbsp;&nbsp;&nbsp; 图像格式JPEG<br />&nbsp;&nbsp;&nbsp; 传感器CMOS<br />&nbsp;&nbsp;&nbsp; 变焦模式数码变焦；自动对焦<br />&nbsp;&nbsp;&nbsp; 照片分辨率最大支持2048*1536分辨率<br />&nbsp;&nbsp;&nbsp; 定时拍摄可选2秒、10秒、20秒自拍模式<br />&nbsp;&nbsp;&nbsp; 拍摄模式可选自动、晴天、阴天、荧光灯、白炽灯等拍摄模式；支持补光灯开启拍摄及夜景模式拍摄<br />&nbsp;&nbsp;&nbsp; 照片特效可选棕褐色、黑白、鲜艳、负片等多种模式<br />&nbsp;&nbsp;&nbsp; 视频拍摄有声视频拍摄<br />&nbsp;&nbsp;&nbsp; 视频输出支持<br />&nbsp;&nbsp;&nbsp; 视频分辨率最大支持640*352分辨率<br />娱乐功能<br />&nbsp;&nbsp;&nbsp; [视频播放] [WAP浏览器] [WWW浏览器] [收音机] [MP3功能] <br />&nbsp;&nbsp;&nbsp; 视频播放支持MPEG4、H.264/AVC、H.263/3GP、RealVideo等视频格式全屏播放<br />&nbsp;&nbsp;&nbsp; WAP浏览器WAP 2.0<br />&nbsp;&nbsp;&nbsp; 收音机内置；FM调频收音机<br />&nbsp;&nbsp;&nbsp; MP3功能支持WMA、MP3、eAAC+等音频格式播放(支持后台播放、播放列表编辑、可选预设、加重低音、古典、爵士、流行、摇滚等音乐播放模式、EQ音效调节及循环播放设置)<br />扩展存储功能<br />&nbsp;&nbsp;&nbsp; [存储卡格式] [Java扩展] [蓝牙接口] [数据线接口] [3.5毫米AV插口] <br />&nbsp;&nbsp;&nbsp; 存储卡格式T-Flash卡；最高支持16G<br />&nbsp;&nbsp;&nbsp; Java扩展Java MIDP 2.0<br />&nbsp;&nbsp;&nbsp; 蓝牙接口蓝牙2.0<br />&nbsp;&nbsp;&nbsp; 数据线接口USB 2.0 数据线<br />高级功能<br />&nbsp;&nbsp;&nbsp; [操作系统] [处理器] [触摸屏] [手写输入] [电子书] [电子字典] [录音] <br />&nbsp;&nbsp;&nbsp; 操作系统系统类型:Symbian<br />&nbsp;&nbsp;&nbsp; 版　　本V9.4<br />&nbsp;&nbsp;&nbsp; 用户界面S60<br />&nbsp;&nbsp;&nbsp; 处理器ARM 11 369 MHz<br />&nbsp;&nbsp;&nbsp; 电子书支持TXT格式<br />附加功能<br />&nbsp;&nbsp;&nbsp; [日历] [计算器] [闹钟] [世界时钟] [记事本] [日程表] [货币换算] [单位换算] [备忘录] <br />&nbsp;&nbsp;&nbsp; 日历支持<br />&nbsp;&nbsp;&nbsp; 计算器支持<br />&nbsp;&nbsp;&nbsp; 闹钟支持<br />&nbsp;&nbsp;&nbsp; 世界时钟支持<br />&nbsp;&nbsp;&nbsp; 记事本支持<br />&nbsp;&nbsp;&nbsp; 日程表支持<br />&nbsp;&nbsp;&nbsp; 货币换算支持<br />&nbsp;&nbsp;&nbsp; 单位换算支持<br />&nbsp;&nbsp;&nbsp; 备忘录支持</p>', '', '', 0.00, 0.00, '诺基亚 5800', '诺基亚 5800', '', '', '2009-08-10 05:53:29', '2009-08-10 05:53:29'),
(145, 'cht', 20, '诺基亚 6120c', NULL, '<p><br />基本功能<br />&nbsp;&nbsp;&nbsp; [GSM手机] [GPRS] [EDGE] [和弦铃声] [可选铃声] [情景模式] [图形菜单] [待机图片] [内置振动] <br />&nbsp;&nbsp;&nbsp; 上市日期2007年11月<br />&nbsp;&nbsp;&nbsp; 手机制式GSM<br />&nbsp;&nbsp;&nbsp; 支持频段|850/900/1800/1900MHz|<br />&nbsp;&nbsp;&nbsp; 网络连接GPRS；EDGE；<br />&nbsp;&nbsp;&nbsp; 理论通话时间180分钟<br />&nbsp;&nbsp;&nbsp; 理论待机时间250小时<br />&nbsp;&nbsp;&nbsp; 和弦铃声64和弦 格式：MIDI、MP3、AAC<br />&nbsp;&nbsp;&nbsp; 内置振动支持<br />外观设计<br />&nbsp;&nbsp;&nbsp; [直板手机] [内置天线] <br />&nbsp;&nbsp;&nbsp; 外观样式直板<br />&nbsp;&nbsp;&nbsp; 产品天线内置<br />&nbsp;&nbsp;&nbsp; 产品尺寸105&times;46&times;15mm<br />&nbsp;&nbsp;&nbsp; 手机重量89克<br />屏幕参数<br />&nbsp;&nbsp;&nbsp; [TFT屏] <br />&nbsp;&nbsp;&nbsp; 屏幕颜色1600万色<br />&nbsp;&nbsp;&nbsp; 屏幕类型TFT<br />&nbsp;&nbsp;&nbsp; 分辨率240&times;320像素<br />&nbsp;&nbsp;&nbsp; 屏幕尺寸2英寸<br />通讯功能<br />&nbsp;&nbsp;&nbsp; [输入法] [短信功能] [EMS短信] [多媒体短信] [E-Mail] [话机通讯录] [通讯录群组] [通话记录] [语音拨号] [来电图片识别] [来电铃音识别] [全球定位GPS] <br />&nbsp;&nbsp;&nbsp; 输入法T9輸入法；中文输入法<br />&nbsp;&nbsp;&nbsp; 短信功能超长短信：支持； 短信群发：支持<br />&nbsp;&nbsp;&nbsp; EMS短信支持<br />&nbsp;&nbsp;&nbsp; 多媒体短信支持<br />&nbsp;&nbsp;&nbsp; E-Mail支持E-mail,POP3,IMAP4<br />&nbsp;&nbsp;&nbsp; 话机通讯录支持<br />&nbsp;&nbsp;&nbsp; 通讯录群组支持<br />&nbsp;&nbsp;&nbsp; 通话记录支持<br />&nbsp;&nbsp;&nbsp; 语音拨号支持<br />&nbsp;&nbsp;&nbsp; 来电图片识别支持<br />&nbsp;&nbsp;&nbsp; 来电铃音识别支持<br />&nbsp;&nbsp;&nbsp; 全球定位GPS支持外接蓝牙GPS接收器<br />拍照功能<br />&nbsp;&nbsp;&nbsp; [内置] [闪光灯] [变焦模式] [连拍] [拍摄模式] [照片特效] [视频拍摄] <br />&nbsp;&nbsp;&nbsp; 摄像头位置内置<br />&nbsp;&nbsp;&nbsp; 像素200万<br />&nbsp;&nbsp;&nbsp; 传感器CMOS<br />&nbsp;&nbsp;&nbsp; 闪光灯支持<br />&nbsp;&nbsp;&nbsp; 变焦模式4倍数码变焦<br />&nbsp;&nbsp;&nbsp; 照片分辨率最高支持分辨率为1600*1200像素<br />&nbsp;&nbsp;&nbsp; 连拍支持<br />&nbsp;&nbsp;&nbsp; 拍摄模式支持<br />&nbsp;&nbsp;&nbsp; 照片特效支持<br />&nbsp;&nbsp;&nbsp; 视频拍摄录制 H.263 （3gpp） 和 MPEG4 格式的视频片段 播放采用 H.264 （MPEG4）、3gpp、Real 编解码器的影音流媒体<br />&nbsp;&nbsp;&nbsp; 视频分辨率最高支持320&times;240分辨率<br />娱乐功能<br />&nbsp;&nbsp;&nbsp; [视频播放] [WAP浏览器] [WWW浏览器] [收音机] [MP3功能] <br />&nbsp;&nbsp;&nbsp; 视频播放支持播放符合3GP标准的影音流媒体<br />&nbsp;&nbsp;&nbsp; WAP浏览器WAP 2.0<br />&nbsp;&nbsp;&nbsp; WWW浏览器支持<br />&nbsp;&nbsp;&nbsp; 收音机内置<br />&nbsp;&nbsp;&nbsp; MP3功能AAC, AAC+, eAAC+, MP3, MP4, M4A, WMA, Mobile XMF, SP-MIDI, AMR (NB-AMR), MIDI Tones (poly 64), RealAudio 7,8,10, True tones (WB-AMR), WAV<br />扩展存储功能<br />&nbsp;&nbsp;&nbsp; [存储卡格式] [内存容量] [Java扩展] [蓝牙接口] [数据线接口] <br />&nbsp;&nbsp;&nbsp; 存储卡格式T-Flash卡； 支持热插拔，最大支持4GB扩展<br />&nbsp;&nbsp;&nbsp; 内存容量35M<br />&nbsp;&nbsp;&nbsp; Java扩展Java MIDP 2.0<br />&nbsp;&nbsp;&nbsp; 蓝牙接口2.0版蓝牙规范(SIM 卡接入模式、耳机模式、免提模式和 A2DP 模式)<br />&nbsp;&nbsp;&nbsp; 数据线接口支持大容量存储等级的全速率 mini USB 插孔<br />高级功能<br />&nbsp;&nbsp;&nbsp; [操作系统] [SyncML功能] [飞行模式] [电子名片] [电子字典] [录音] <br />&nbsp;&nbsp;&nbsp; 操作系统系统类型:Symbian 版　　本:60 Symbian OS v9.2操作系统<br />&nbsp;&nbsp;&nbsp; SyncML功能支持<br />&nbsp;&nbsp;&nbsp; 飞行模式支持<br />&nbsp;&nbsp;&nbsp; 电子名片增强型动态名片夹<br />&nbsp;&nbsp;&nbsp; 电子字典双语词典<br />&nbsp;&nbsp;&nbsp; 录音支持<br />附加功能<br />&nbsp;&nbsp;&nbsp; [日历] [计算器] [闹钟] [自动键盘锁] <br />&nbsp;&nbsp;&nbsp; 日历支持<br />&nbsp;&nbsp;&nbsp; 计算器支持<br />&nbsp;&nbsp;&nbsp; 闹钟支持<br />&nbsp;&nbsp;&nbsp; 自动键盘锁支持</p>', '', '', 0.00, 0.00, '诺基亚 6120c', '诺基亚 6120c', '', '', '2009-08-10 05:55:13', '2009-08-10 05:55:13'),
(146, 'cht', 21, '诺基亚 6220c', NULL, '<p><br />&nbsp;&nbsp;&nbsp; 温馨提示6220c的耳机由于批次不同会有所不同，型号为WH-101/HS-105或HS-47<br />规格参数<br />&nbsp;&nbsp;&nbsp; [网络频率] [重　量] [尺寸/体积] [可选颜色] [屏幕参数] [WAP上网] <br />&nbsp;&nbsp;&nbsp; 上市日期2008年08月<br />&nbsp;&nbsp;&nbsp; 网络频率GSM/GPRS/EDGE；850/900/1800/1900MHz<br />&nbsp;&nbsp;&nbsp; 重　量90 克<br />&nbsp;&nbsp;&nbsp; 尺寸/体积108&times;46.5&times;15.2mm<br />&nbsp;&nbsp;&nbsp; 屏幕像素1600万色<br />&nbsp;&nbsp;&nbsp; 分辨率240&times;320像素，<br />&nbsp;&nbsp;&nbsp; 屏幕尺寸2.2英寸；<br />&nbsp;&nbsp;&nbsp; 操作系统Symbian 9.3，S60第三版FP2平台<br />&nbsp;&nbsp;&nbsp; 通话时间210 分钟<br />&nbsp;&nbsp;&nbsp; 待机时间250 小时<br />&nbsp;&nbsp;&nbsp; WAP上网支持飞笺<br />&nbsp;&nbsp;&nbsp; 和弦铃声64 和弦<br />通信功能<br />&nbsp;&nbsp;&nbsp; 内存容量120MB<br />&nbsp;&nbsp;&nbsp; 多媒体卡扩展支持microSD卡扩展，最大8GB<br />&nbsp;&nbsp;&nbsp; Java扩展Java MIDP 2.0<br />&nbsp;&nbsp;&nbsp; 摄像头内置；卡尔蔡司镜头，支持自动对焦<br />&nbsp;&nbsp;&nbsp; 摄像头像素500万像素<br />&nbsp;&nbsp;&nbsp; 副摄像头像素30万像素<br />&nbsp;&nbsp;&nbsp; 传感器类型CMOS<br />&nbsp;&nbsp;&nbsp; 闪光灯内置；氙气闪光灯<br />&nbsp;&nbsp;&nbsp; 变焦模式数码变焦<br />&nbsp;&nbsp;&nbsp; 照片分辨率多种照片分辨率选择<br />&nbsp;&nbsp;&nbsp; 拍摄模式多种拍摄模式选择<br />&nbsp;&nbsp;&nbsp; 照片质量多种照片质量选择<br />&nbsp;&nbsp;&nbsp; 视频拍摄有声视频拍摄；VGA分辨率，30fps视频拍摄<br />&nbsp;&nbsp;&nbsp; 视频播放支持3GP、MP4、RM文件播放<br />&nbsp;&nbsp;&nbsp; MP3播放器支持MP3/AAC/ACC+/eAAC+/WMA<br />&nbsp;&nbsp;&nbsp; 收音机FM立体声收音机，支持RDS<br />基本功能<br />&nbsp;&nbsp;&nbsp; [时钟] [内置振动] [录音] [可选铃声] [MP3铃声] [WAP浏览器] [WWW浏览器] [蓝牙A2DP立体声] [数据同步] [无线Modem] [E-Mail] <br />&nbsp;&nbsp;&nbsp; 短信支持信息和电子邮件信息和电子邮件短信息、彩信和电子邮件、简便易用的电子邮件客户端，支持图像、视频、音乐和文档附件<br />&nbsp;&nbsp;&nbsp; 蓝牙接口V2.0，支持A2DP<br />&nbsp;&nbsp;&nbsp; 数据线接口microUSB 2.0接口<br />&nbsp;&nbsp;&nbsp; 耳机接口2.5mm<br />&nbsp;&nbsp;&nbsp; GPS导航芯片内建GPS模块，支持A-GPS功能（一般定位是免费的,语音导航为收费服务,可自行安装免费导航软件）<br />办公应用<br />&nbsp;&nbsp;&nbsp; [办公功能] <br />个人助理<br />&nbsp;&nbsp;&nbsp; [闹钟] [日历] [计算器] [定时器] [秒表] [记事本] [备忘录] [日程表] [世界时钟] [单位换算] [货币换算]</p>', '', '', 0.00, 0.00, '诺基亚 6220c', '诺基亚 6220c', '', '', '2009-08-10 05:59:44', '2009-08-10 05:59:44'),
(147, 'cht', 22, '高级免烫全棉衬衫（尊贵款）', NULL, '<p>岁末临近，VANCL推出年底压轴大作&mdash;&mdash;高级免烫全棉衬衫（尊贵款），该款衬衫采用代表当今衬衫环保免烫后整理的最高工艺&mdash;&mdash;防皱定型衬骨＋后烘培。 <br />&nbsp;&nbsp;&nbsp; 面料：特选用了手感柔软，舒适透气的高支斜纹面料，来自新疆海岛棉和长绒棉种植基地培育的长绒棉，这种长绒棉所纺的纱线质地光滑柔软，特别是用于精细轻薄的高纱支，更是制作高品质衬衫的必选原料。除了选材优质，面料的纺纱工艺更是选用了世界最先进的紧密纺(ComforSpin)技术，使纱线的强力高、表面光洁，大幅提高了纱线、织物品质，更经过三道精梳工序及特殊处理，使织物显示出丝绸般的光泽，且柔软光滑、尺寸稳定性和抗皱性较高，从而在根本上保证了后续免烫整理的效果。 <br />&nbsp;&nbsp;&nbsp; 加工：全面采用高档衬衫的加工工艺与专利技术：七处缝线部位加衬防皱定型衬骨的特殊缝制定型工艺，全手工制作，保证了缝线部位的服帖与平整性。成衣成型后，再进行全封闭环境下的后烘培定型处理，此过程对温度、湿度及时间要求严格，以保证成衣保持永久的定形效果。VANCL一贯遵循简约、舒适、健康的理念，所有后烘培整理过程全部采用环保免烫助剂，从而保证了穿着者的从容与大度，更显睿智与邃远。 <br />&nbsp;&nbsp;&nbsp; 细节：领部采用了反面粘合的工艺，使里领更加柔软，提高了穿着者颈部的舒适度。纹路清晰，手感厚实的贝壳扣，来自于纯天然的深水贝壳，经人工打磨及精挑细选，每一粒都独一无二，与成衣相得益彰，浑然天成。</p>', '', '', 0.00, 0.00, '全棉衬衫', '    岁末临近，VANCL推出年底压轴大作——高级免烫全棉衬衫（尊贵款），该款衬衫采用代表当今衬衫环保免烫后整理的最高工艺——防皱定型衬骨＋后烘培。 \r\n    面料：特选用了手感柔软，舒', '', '', '2009-08-10 06:01:20', '2009-08-10 06:01:20'),
(148, 'chi', 56, '诺基亚N96', '诺基亚N96', '<p>诺基亚N96采用了<strong><span style="color: #ff0000; font-size: small;">双向滑盖</span></strong>设计，机身整体呈灰黑色，沉稳、大气，机身材质采用了高强度的塑料材质，手机背面采用了抛光面板的设计风格。N96三维体积103*55*20mm，重量为125g。屏幕方面，诺基亚N96配备一块<strong><span style="color: #ff0000; font-size: small;">2.8英寸</span></strong>的屏幕，支持<strong><span style="color: #ff0000; font-size: small;">1670万色</span></strong>显示，分辨率达到QVGA（320&times;240）水准。</p>\r\n<p><img src="file:///C:/DOCUME%7E1/user/LOCALS%7E1/Temp/moz-screenshot.jpg" alt="" /></p>\r\n<p>&nbsp;</p>\r\n<p>&nbsp;<img src="http://img2.zol.com.cn/product/21/896/ceN6LBMCid3X6.jpg" alt="" /></p>\r\n<p>诺基亚N96设置有专门的<strong><span style="color: #ff0000; font-size: small;">音乐播放键</span></strong>和标准的3.5毫米音频插口，支持多格式音乐播放。内置了<strong><span style="color: #ff0000; font-size: small;">多媒体播放器</span></strong>，支持FM调频收音机等娱乐功能。N96手机支持<strong><span style="color: #ff0000; font-size: small;">N-Gage游戏平台</span></strong>，内置包括<span style="color: #ff0000; font-size: small;"><strong>《PinBall》完整版</strong></span>在内的四款N-Gage游戏，除了手机本身内置的游戏，还可以从N-Gage的网站下载或者购买最新的游戏，而且可以在论坛里和其他玩家一起讨论。</p>\r\n<p><img src="http://img2.zol.com.cn/product/21/898/cekkw57qJjSI.jpg" alt="" /></p>\r\n<p>&nbsp;</p>', '500万摄像头 microSD 工程塑料 蓝牙 数码相机 内置游戏 滑盖 高档 2008年09月 320×240 像素 黑色', '500万摄像头', 0.00, 0.00, '500万摄像头 microSD 工程塑料 蓝牙 数码相机 内置游戏 滑盖 高档 2008年09月 320×240 像素 黑色', '500万摄像头 microSD 工程塑料 蓝牙 数码相机 内置游戏 滑盖 高档 2008年09月 320×240 像素 黑色', '', '', '2009-08-19 06:57:45', '2009-08-19 06:58:45'),
(149, 'eng', 56, 'Nokia N96', 'Nokia N96', '<p>诺基亚N96采用了<strong><span style="color: #ff0000; font-size: small;">双向滑盖</span></strong>设计，机身整体呈灰黑色，沉稳、大气，机身材质采用了高强度的塑料材质，手机背面采用了抛光面板的设计风格。N96三维体积103*55*20mm，重量为125g。屏幕方面，诺基亚N96配备一块<strong><span style="color: #ff0000; font-size: small;">2.8英寸</span></strong>的屏幕，支持<strong><span style="color: #ff0000; font-size: small;">1670万色</span></strong>显示，分辨率达到QVGA（320&times;240）水准。</p>\r\n<p><img src="file:///C:/DOCUME%7E1/user/LOCALS%7E1/Temp/moz-screenshot.jpg" alt="" /></p>\r\n<p>&nbsp;</p>\r\n<p>&nbsp;<img src="http://img2.zol.com.cn/product/21/896/ceN6LBMCid3X6.jpg" alt="" /></p>\r\n<p>诺基亚N96设置有专门的<strong><span style="color: #ff0000; font-size: small;">音乐播放键</span></strong>和标准的3.5毫米音频插口，支持多格式音乐播放。内置了<strong><span style="color: #ff0000; font-size: small;">多媒体播放器</span></strong>，支持FM调频收音机等娱乐功能。N96手机支持<strong><span style="color: #ff0000; font-size: small;">N-Gage游戏平台</span></strong>，内置包括<span style="color: #ff0000; font-size: small;"><strong>《PinBall》完整版</strong></span>在内的四款N-Gage游戏，除了手机本身内置的游戏，还可以从N-Gage的网站下载或者购买最新的游戏，而且可以在论坛里和其他玩家一起讨论。</p>\r\n<p><img src="http://img2.zol.com.cn/product/21/898/cekkw57qJjSI.jpg" alt="" /></p>\r\n<p>&nbsp;</p>', '500万摄像头 microSD 工程塑料 蓝牙 数码相机 内置游戏 滑盖 高档 2008年09月 320×240 像素 黑色', '500万摄像头', 0.00, 0.00, '500万摄像头 microSD 工程塑料 蓝牙 数码相机 内置游戏 滑盖 高档 2008年09月 320×240 像素 黑色', '500万摄像头 microSD 工程塑料 蓝牙 数码相机 内置游戏 滑盖 高档 2008年09月 320×240 像素 黑色\r\n', '', '', '2009-08-19 06:57:45', '2009-08-19 06:58:45'),
(150, 'cht', 5, '东方古典翡翠玉耳环', NULL, '', NULL, NULL, 0.00, 0.00, '东方古典翡翠玉耳环', '东方古典翡翠玉耳环', '', '', '2009-04-09 09:27:43', '2009-04-09 09:32:56'),
(151, 'cht', 6, '中国柱状玉耳环', NULL, '', NULL, NULL, 0.00, 0.00, '中国柱状玉耳环', '中国柱状玉耳环', '', '', '2009-04-09 09:28:16', '2009-04-09 09:32:40'),
(152, 'cht', 7, '观音玉坠', NULL, '', NULL, NULL, 0.00, 0.00, '观音玉坠', '观音玉坠', '', '', '2009-04-09 09:28:50', '2009-04-09 09:32:23'),
(153, 'cht', 8, '银龙玉坠', NULL, '', NULL, NULL, 0.00, 0.00, '银龙玉坠', '银龙玉坠', '', '', '2009-04-09 09:29:40', '2009-04-09 09:31:43'),
(154, 'cht', 9, '中国佛琉璃挂件', NULL, '', NULL, NULL, 0.00, 0.00, '中国佛琉璃挂件', '中国佛琉璃挂件', '', '', '2009-04-09 09:30:15', '2009-04-09 09:31:26'),
(155, 'cht', 10, '活动贝壳项链', NULL, '', NULL, NULL, 0.00, 0.00, '活动贝壳项链', '活动贝壳项链', '', '', '2009-04-09 09:30:48', '2009-04-09 09:31:10'),
(156, 'cht', 12, '带帽长款条纹T恤 浅灰色', NULL, '<p>依旧是烈日炎炎的夏天，依旧是韩国风，唯一一款长款的设计，既随性又显示好身材！随意的腰身，随意的帽衫，让人十分舒适的一款，就像随意的心情一样，向往自由，充满着蕴藏在心里的激情。VANCL给您带来的这款带帽长款T恤，面料舒适，三种花色任意选择，在炎炎夏日让您充分展示女孩的俏皮与随性。</p>', '', '', 0.00, 0.00, 'T恤 带帽 浅灰色', '依旧是烈日炎炎的夏天，依旧是韩国风，唯一一款长款的设计，既随性又显示好身材！随意的腰身，随意的帽衫，让人十分舒适的一款，就像随意的心情一样，向往自由，充满着蕴藏在心里的激', '', '', '2009-08-10 03:28:58', '2009-08-10 03:28:58'),
(157, 'cht', 13, '带帽长款条纹T恤 浅灰色', NULL, '<p>依旧是烈日炎炎的夏天，依旧是韩国风，唯一一款长款的设计，既随性又显示好身材！随意的腰身，随意的帽衫，让人十分舒适的一款，就像随意的心情一样，向往自由，充满着蕴藏在心里的激情。VANCL给您带来的这款带帽长款T恤，面料舒适，三种花色任意选择，在炎炎夏日让您充分展示女孩的俏皮与随性。</p>', '', '', 0.00, 0.00, 'T恤', '依旧是烈日炎炎的夏天，依旧是韩国风，唯一一款长款的设计，既随性又显示好身材！随意的腰身，随意的帽衫，让人十分舒适的一款，就像随意的心情一样，向往自由，充满着蕴藏在心里的激', '', '', '2009-08-10 03:33:29', '2009-08-10 03:44:36'),
(158, 'chi', 57, '移动100元充值卡', NULL, '', '移动100元充值卡', '移动100元充值卡', 0.00, 0.00, '移动100元充值卡', '移动100元充值卡', '', '', '2009-08-19 12:19:44', '2009-08-19 12:19:44'),
(159, 'eng', 57, 'Mobile 100 prepaid card', NULL, '', 'Mobile 100 prepaid card', '', 0.00, 0.00, 'Mobile 100 prepaid card', 'Mobile 100 prepaid card', '', '', '2009-08-19 12:19:44', '2009-08-19 12:19:44');
INSERT INTO `svcart_product_i18ns` (`id`, `locale`, `product_id`, `name`, `style_name`, `description`, `seller_note`, `delivery_note`, `market_price`, `shop_price`, `meta_keywords`, `meta_description`, `api_site_url`, `api_cart_url`, `created`, `modified`) VALUES
(160, 'chi', 58, '服务1', NULL, '', NULL, NULL, 0.00, 0.00, '', '', '', '', '2009-08-19 12:22:18', '2009-08-19 12:22:18'),
(161, 'eng', 58, '服务1', NULL, '', NULL, NULL, 0.00, 0.00, '', '', '', '', '2009-08-19 12:22:18', '2009-08-19 12:22:18'),
(162, 'chi', 59, '下载1', NULL, '', NULL, NULL, 0.00, 0.00, '下载1', '下载1下载1', '', '', '2009-08-19 12:24:05', '2009-08-19 12:24:05'),
(163, 'eng', 59, '下载1', NULL, '', NULL, NULL, 0.00, 0.00, '下载1下载1', '下载1下载1', '', '', '2009-08-19 12:24:05', '2009-08-19 12:24:05'),
(164, 'chi', 60, '花式墨镜', '老卵的眼镜', '', '啊啊啊啊啊啊啊', '福非fffff', 0.00, 0.00, '墨镜,黑的,色素', '很漂亮 很美观 很人品', 'test', 'test1', '2009-09-27 18:19:15', '2009-09-27 18:40:40'),
(165, 'eng', 60, 'glasses', 't-2009', '', '', '', 0.00, 0.00, '墨镜,黑的,色素', '很漂亮 很美观 很人品', '', '', '2009-09-27 18:19:15', '2009-09-27 18:40:40'),
(166, 'cht', 4, '观音琉璃挂件', NULL, '', NULL, NULL, 0.00, 0.00, '观音琉璃挂件', '观音琉璃挂件', '', '', '2009-04-09 09:25:42', '2009-04-09 09:26:55'),
(167, 'cht', 3, '传统玻璃手镯', NULL, '', NULL, NULL, 0.00, 0.00, '传统玻璃手镯', '传统玻璃手镯', '', '', '2009-04-09 09:22:57', '2009-04-09 09:24:53'),
(168, 'cht', 1, '梦幻紫水晶耳扣', NULL, '', NULL, NULL, 0.00, 0.00, '梦幻紫水晶耳扣', '梦幻紫水晶耳扣', '', '', '2009-04-09 05:48:31', '2009-04-09 05:48:31'),
(169, 'cht', 2, '天海蓝钻戒', NULL, '', NULL, NULL, 0.00, 0.00, '天海蓝钻戒', '天海蓝钻戒', '', '', '2009-04-09 09:20:36', '2009-04-09 09:21:22'),
(170, 'cht', 57, '移动100元充值卡', NULL, '', '移动100元充值卡', '移动100元充值卡', 0.00, 0.00, '移动100元充值卡', '移动100元充值卡', '', '', '2009-08-19 12:19:44', '2009-08-19 12:19:44'),
(171, 'cht', 58, '服务1', NULL, '', NULL, NULL, 0.00, 0.00, '', '', '', '', '2009-08-19 12:22:18', '2009-08-19 12:22:18'),
(172, 'cht', 59, '下载1', NULL, '', NULL, NULL, 0.00, 0.00, '下载1', '下载1下载1', '', '', '2009-08-19 12:24:05', '2009-08-19 12:24:05'),
(173, 'cht', 60, '花式墨镜', '老卵的眼镜', '', '啊啊啊啊啊啊啊', '福非fffff', 0.00, 0.00, '墨镜,黑的,色素', '很漂亮 很美观 很人品', 'test', 'test1', '2009-09-27 18:19:15', '2009-09-27 18:40:40');

--
-- 导出表中的数据 `svcart_product_locale_prices`
--

INSERT INTO `svcart_product_locale_prices` (`id`, `product_id`, `locale`, `status`, `product_price`, `param01`, `param02`, `param03`, `param04`, `param05`, `created`, `modified`) VALUES
(1, 54, 'chi', '1', 2223.00, '', '', '', '', '', '2009-08-19 06:44:36', '2009-08-19 06:46:31'),
(2, 54, 'eng', '1', 2221.00, '', '', '', '', '', '2009-08-19 06:44:36', '2009-08-19 06:46:31'),
(3, 55, 'chi', '1', 12122.00, '', '', '', '', '', '2009-08-19 06:50:15', '2009-08-19 06:50:32'),
(4, 55, 'eng', '1', 22212.00, '', '', '', '', '', '2009-08-19 06:50:15', '2009-08-19 06:50:32'),
(5, 56, 'chi', '0', 2133.00, '', '', '', '', '', '2009-08-19 06:57:45', '2009-08-19 06:58:45'),
(6, 56, 'eng', '0', 2133.00, '', '', '', '', '', '2009-08-19 06:57:45', '2009-08-19 06:58:45'),
(7, 57, 'chi', '0', 0.00, '', '', '', '', '', '2009-08-19 12:19:44', '2009-08-19 12:19:44'),
(8, 57, 'eng', '0', 0.00, '', '', '', '', '', '2009-08-19 12:19:44', '2009-08-19 12:19:44'),
(9, 58, 'chi', '0', 0.00, '', '', '', '', '', '2009-08-19 12:22:18', '2009-08-19 12:22:18'),
(10, 58, 'eng', '0', 0.00, '', '', '', '', '', '2009-08-19 12:22:18', '2009-08-19 12:22:18'),
(11, 59, 'chi', '0', 0.00, '', '', '', '', '', '2009-08-19 12:24:05', '2009-08-19 12:24:05'),
(12, 59, 'eng', '0', 0.00, '', '', '', '', '', '2009-08-19 12:24:05', '2009-08-19 12:24:05'),
(13, 50, 'chi', '0', 0.00, '', '', '', '', '', '2009-08-20 03:31:38', '2009-08-20 03:31:38'),
(14, 50, 'eng', '0', 0.00, '', '', '', '', '', '2009-08-20 03:31:38', '2009-08-20 03:31:38'),
(15, 40, 'chi', '0', 0.00, '', '', '', '', '', '2009-08-20 03:32:09', '2009-08-20 03:32:09'),
(16, 40, 'eng', '0', 0.00, '', '', '', '', '', '2009-08-20 03:32:09', '2009-08-20 03:32:09'),
(17, 43, 'chi', '0', 0.00, '0', '0', '0', '0', '0', '2009-09-07 09:09:59', '2009-09-08 04:41:05'),
(18, 43, 'eng', '0', 0.00, '0', '0', '0', '0', '0', '2009-09-07 09:09:59', '2009-09-08 04:41:05'),
(19, 60, 'chi', '0', 2223.00, '0', '0', '0', '0', '0', '2009-09-27 18:19:15', '2009-09-27 18:40:40'),
(20, 60, 'eng', '0', 0.00, '0', '0', '0', '0', '0', '2009-09-27 18:19:15', '2009-09-27 18:40:40'),
(21, 43, 'cht', '0', 0.00, '0', '0', '0', '0', '0', '2009-09-07 09:09:59', '2009-09-08 04:41:05'),
(22, 40, 'cht', '0', 0.00, '', '', '', '', '', '2009-08-20 03:32:09', '2009-08-20 03:32:09'),
(23, 50, 'cht', '0', 0.00, '', '', '', '', '', '2009-08-20 03:31:38', '2009-08-20 03:31:38'),
(24, 59, 'cht', '0', 0.00, '', '', '', '', '', '2009-08-19 12:24:05', '2009-08-19 12:24:05'),
(25, 58, 'cht', '0', 0.00, '', '', '', '', '', '2009-08-19 12:22:18', '2009-08-19 12:22:18'),
(26, 57, 'cht', '0', 0.00, '', '', '', '', '', '2009-08-19 12:19:44', '2009-08-19 12:19:44'),
(27, 56, 'cht', '0', 2133.00, '', '', '', '', '', '2009-08-19 06:57:45', '2009-08-19 06:58:45'),
(28, 55, 'cht', '1', 12122.00, '', '', '', '', '', '2009-08-19 06:50:15', '2009-08-19 06:50:32'),
(29, 54, 'cht', '1', 2223.00, '', '', '', '', '', '2009-08-19 06:44:36', '2009-08-19 06:46:31'),
(30, 60, 'cht', '0', 2223.00, '0', '0', '0', '0', '0', '2009-09-27 18:19:15', '2009-09-27 18:40:40');

--
-- 导出表中的数据 `svcart_product_ranks`
--

INSERT INTO `svcart_product_ranks` (`id`, `product_id`, `rank_id`, `is_default_rank`, `product_price`, `created`, `modified`) VALUES
(1, 53, 1, '0', 0.00, '2009-08-10 11:21:35', '2009-08-10 11:21:35'),
(2, 54, 1, '0', 4104.95, '2009-08-19 06:46:31', '2009-08-19 06:46:31'),
(3, 55, 1, '0', 2859.50, '2009-08-19 06:50:32', '2009-08-19 06:50:32'),
(4, 56, 1, '0', 3515.00, '2009-08-19 06:58:45', '2009-08-19 06:58:45'),
(5, 57, 1, '0', 95.00, '2009-08-19 12:19:44', '2009-08-19 12:19:44'),
(6, 58, 1, '0', 10.45, '2009-08-19 12:22:18', '2009-08-19 12:22:18'),
(7, 58, 1, '0', 10.45, '2009-08-19 12:22:18', '2009-08-19 12:22:18'),
(8, 58, 1, '0', 10.45, '2009-08-19 12:22:18', '2009-08-19 12:22:18'),
(9, 59, 1, '0', 10.45, '2009-08-19 12:24:05', '2009-08-19 12:24:05'),
(10, 59, 1, '0', 10.45, '2009-08-19 12:24:05', '2009-08-19 12:24:05'),
(11, 59, 1, '0', 10.45, '2009-08-19 12:24:05', '2009-08-19 12:24:05'),
(12, 50, 1, '0', 0.00, '2009-08-20 03:31:38', '2009-08-20 03:31:38'),
(13, 40, 1, '0', 0.00, '2009-08-20 03:32:09', '2009-08-20 03:32:09'),
(14, 43, 1, '0', 0.00, '2009-09-08 04:41:05', '2009-09-08 04:41:05'),
(15, 43, 2, '0', 0.00, '2009-09-08 04:41:05', '2009-09-08 04:41:05'),
(16, 43, 3, '0', 0.00, '2009-09-08 04:41:05', '2009-09-08 04:41:05'),
(17, 60, 1, '1', 0.00, '2009-09-27 18:40:40', '2009-09-27 18:40:40'),
(18, 60, 2, '1', 1079.88, '2009-09-27 18:40:40', '2009-09-27 18:40:40'),
(19, 60, 3, '1', 1889.79, '2009-09-27 18:40:40', '2009-09-27 18:40:40');

--
-- 导出表中的数据 `svcart_product_relations`
--

INSERT INTO `svcart_product_relations` (`id`, `product_id`, `related_product_id`, `orderby`, `is_double`, `created`, `modified`) VALUES
(1, 14, 13, 127, '1', '2009-08-10 03:50:00', '2009-08-10 03:50:00'),
(2, 15, 14, 127, '1', '2009-08-10 03:58:12', '2009-08-10 03:58:12'),
(3, 15, 13, 127, '1', '2009-08-10 03:58:14', '2009-08-10 03:58:14'),
(4, 17, 16, 127, '1', '2009-08-10 04:52:38', '2009-08-10 04:52:38'),
(9, 35, 32, 127, '1', '2009-08-10 06:42:12', '2009-08-10 06:42:12'),
(7, 29, 28, 127, '1', '2009-08-10 06:23:16', '2009-08-10 06:23:16'),
(10, 35, 29, 127, '1', '2009-08-10 06:42:14', '2009-08-10 06:42:14'),
(11, 35, 28, 127, '1', '2009-08-10 06:42:16', '2009-08-10 06:42:16'),
(12, 37, 36, 127, '1', '2009-08-10 07:05:39', '2009-08-10 07:05:39'),
(13, 38, 37, 127, '1', '2009-08-10 07:10:00', '2009-08-10 07:10:00'),
(14, 38, 36, 127, '1', '2009-08-10 07:10:02', '2009-08-10 07:10:02'),
(15, 37, 38, 127, '1', '2009-08-10 07:10:57', '2009-08-10 07:10:57'),
(16, 39, 37, 127, '1', '2009-08-10 07:15:55', '2009-08-10 07:15:55'),
(17, 39, 38, 127, '1', '2009-08-10 07:15:57', '2009-08-10 07:15:57'),
(18, 39, 36, 127, '1', '2009-08-10 07:15:59', '2009-08-10 07:15:59'),
(19, 40, 39, 127, '1', '2009-08-10 07:19:27', '2009-08-10 07:19:27'),
(20, 40, 38, 127, '1', '2009-08-10 07:19:29', '2009-08-10 07:19:29'),
(21, 40, 37, 127, '1', '2009-08-10 07:19:32', '2009-08-10 07:19:32'),
(22, 40, 36, 127, '1', '2009-08-10 07:19:34', '2009-08-10 07:19:34'),
(23, 43, 41, 127, '1', '2009-08-10 07:34:25', '2009-08-10 07:34:25'),
(24, 44, 43, 127, '1', '2009-08-10 07:36:52', '2009-08-10 07:36:52'),
(25, 44, 41, 127, '1', '2009-08-10 07:36:54', '2009-08-10 07:36:54'),
(26, 45, 44, 127, '1', '2009-08-10 07:39:35', '2009-08-10 07:39:35'),
(27, 45, 43, 127, '1', '2009-08-10 07:39:37', '2009-08-10 07:39:37'),
(28, 45, 41, 127, '1', '2009-08-10 07:39:40', '2009-08-10 07:39:40'),
(29, 46, 45, 127, '1', '2009-08-10 07:42:04', '2009-08-10 07:42:04'),
(30, 46, 44, 127, '1', '2009-08-10 07:42:05', '2009-08-10 07:42:05'),
(31, 46, 43, 127, '1', '2009-08-10 07:42:08', '2009-08-10 07:42:08'),
(32, 46, 41, 127, '1', '2009-08-10 07:42:09', '2009-08-10 07:42:09'),
(33, 48, 47, 127, '1', '2009-08-10 07:56:07', '2009-08-10 07:56:07'),
(34, 50, 48, 127, '1', '2009-08-10 07:58:57', '2009-08-10 07:58:57'),
(35, 50, 47, 127, '1', '2009-08-10 07:58:59', '2009-08-10 07:58:59'),
(36, 52, 51, 127, '1', '2009-08-10 08:25:33', '2009-08-10 08:25:33'),
(37, 52, 50, 127, '1', '2009-08-10 08:25:35', '2009-08-10 08:25:35'),
(38, 52, 48, 127, '1', '2009-08-10 08:25:37', '2009-08-10 08:25:37'),
(39, 52, 47, 127, '1', '2009-08-10 08:25:40', '2009-08-10 08:25:40');

--
-- 导出表中的数据 `svcart_product_services`
--

INSERT INTO `svcart_product_services` (`id`, `start_time`, `end_time`, `product_id`, `status`, `url`, `service_cycle`, `view_count`, `created`, `modified`) VALUES
(1, '0000-00-00 00:00:00', '0000-00-00 00:00:00', 58, '1', '', 0, 0, '2009-08-19 12:22:18', '2009-08-19 12:22:18');

--
-- 导出表中的数据 `svcart_product_service_logs`
--


--
-- 导出表中的数据 `svcart_product_shipping_fees`
--


--
-- 导出表中的数据 `svcart_product_types`
--

INSERT INTO `svcart_product_types` (`id`, `code`, `group_code`, `status`, `orderby`, `created`, `modified`) VALUES
(1, '', '服装', '1', 50, '2009-08-10 03:45:44', '2009-08-10 03:45:57'),
(2, '', '手机', '1', 50, '2009-08-10 09:38:28', '2009-08-10 09:38:51');

--
-- 导出表中的数据 `svcart_product_type_attributes`
--

INSERT INTO `svcart_product_type_attributes` (`id`, `code`, `type`, `product_type_id`, `attr_value`, `default_value`, `status`, `orderby`, `attr_input_type`, `attr_type`, `created`, `modified`) VALUES
(1, 'special', 'basic', 1, '修身剪裁 \r\n正规剪裁', NULL, '1', 1, '1', '1', '2009-09-18 09:33:17', '2009-09-18 09:33:17'),
(2, 'basic', 'basic', 1, '65%涤纶+35%粘胶', NULL, '1', 2, '0', '1', '2009-09-18 09:30:38', '2009-09-18 09:30:38'),
(3, 'buy', 'basic', 1, '条纹 ', NULL, '1', 3, '0', '1', '2009-09-18 09:33:41', '2009-09-18 09:33:41'),
(4, 'buy', 'buy', 1, 'S\r\nM\r\nX\r\nXL\r\n37\r\n38\r\n39\r\n40\r\n41\r\n42\r\n43\r\n44', NULL, '1', 4, '1', '1', '2009-09-24 16:48:46', '2009-09-24 16:48:46'),
(5, 'special', 'basic', 1, '长袖\r\n短袖\r\n无袖', NULL, '1', 5, '1', '1', '2009-09-18 09:33:51', '2009-09-18 09:33:51'),
(6, 'special', 'basic', 1, '', NULL, '1', 6, '0', '1', '2009-09-18 09:33:59', '2009-09-18 09:33:59'),
(8, 'basic', 'basic', 1, '小方领\r\n小圆领\r\n领尖扣', NULL, '1', 8, '1', '1', '2009-09-18 09:34:05', '2009-09-18 09:34:05'),
(7, 'basic', 'basic', 1, '80支高支棉\r\n牛津纺\r\n双面斜纹布', NULL, '1', 7, '1', '1', '2009-09-18 09:34:11', '2009-09-18 09:34:11'),
(9, 'basic', 'basic', 1, '长裤\r\n短裤', NULL, '1', 9, '1', '1', '2009-09-18 09:34:20', '2009-09-18 09:34:20'),
(10, 'special', 'basic', 1, '运动休闲款', NULL, '1', 10, '1', '1', '2009-09-18 09:34:29', '2009-09-18 09:34:29'),
(11, 'basic', 'basic', 1, '鞋面：丝光帆布面料 鞋底：天然橡胶\r\n', NULL, '1', 11, '1', '1', '2009-09-18 09:34:35', '2009-09-18 09:34:35'),
(12, 'basic', 'basic', 2, '', NULL, '1', 50, '0', '1', '2009-09-18 09:35:37', '2009-09-18 09:35:37'),
(13, 'basic', 'basic', 2, '', NULL, '1', 50, '0', '1', '2009-09-18 09:35:44', '2009-09-18 09:35:44'),
(14, 'basic', 'basic', 2, '', NULL, '1', 50, '0', '1', '2009-09-18 09:35:50', '2009-09-18 09:35:50'),
(15, 'basic', 'basic', 2, '翻盖\r\n滑盖\r\n直板\r\n折叠\r\n手写', NULL, '1', 50, '1', '1', '2009-09-18 09:35:59', '2009-09-18 09:35:59'),
(16, 'basic', 'basic', 2, '', NULL, '1', 50, '0', '1', '2009-09-18 09:36:06', '2009-09-18 09:36:06'),
(17, 'basic', 'basic', 2, '', NULL, '1', 50, '0', '1', '2009-09-18 09:36:12', '2009-09-18 09:36:12'),
(18, 'basic', 'basic', 2, '', NULL, '1', 50, '0', '1', '2009-09-18 09:36:25', '2009-09-18 09:36:25'),
(19, 'basic', 'basic', 2, '', NULL, '1', 50, '0', '1', '2009-09-18 09:36:34', '2009-09-18 09:36:34'),
(20, 'basic', 'basic', 2, '', NULL, '1', 50, '0', '1', '2009-09-18 09:36:43', '2009-09-18 09:36:43'),
(21, 'basic', 'basic', 2, '', NULL, '1', 50, '0', '1', '2009-09-18 09:36:51', '2009-09-18 09:36:51'),
(22, 'basic', 'basic', 2, '', NULL, '1', 50, '0', '1', '2009-09-18 09:37:16', '2009-09-18 09:37:16'),
(23, 'basic', 'basic', 2, '', NULL, '1', 50, '0', '1', '2009-09-18 09:37:25', '2009-09-18 09:37:25'),
(24, 'basic', 'basic', 2, '', NULL, '1', 50, '0', '1', '2009-09-18 09:37:46', '2009-09-18 09:37:46'),
(25, 'basic', 'basic', 2, '', NULL, '1', 50, '0', '1', '2009-09-18 09:37:57', '2009-09-18 09:37:57'),
(26, 'basic', 'basic', 2, '', NULL, '1', 50, '0', '1', '2009-09-18 09:38:02', '2009-09-18 09:38:02'),
(27, 'basic', 'basic', 2, '', NULL, '1', 50, '0', '1', '2009-09-18 09:38:10', '2009-09-18 09:38:10'),
(28, 'basic', 'basic', 2, '', NULL, '1', 50, '0', '1', '2009-09-18 09:38:18', '2009-09-18 09:38:18'),
(29, 'basic', 'basic', 2, '', NULL, '1', 50, '0', '1', '2009-09-18 09:38:25', '2009-09-18 09:38:25'),
(30, 'special', 'basic', 2, '', NULL, '1', 50, '0', '1', '2009-09-18 09:38:35', '2009-09-18 09:38:35'),
(31, 'basic', 'basic', 2, '内置\r\n外置', NULL, '1', 50, '1', '1', '2009-09-18 09:38:40', '2009-09-18 09:38:40'),
(32, 'basic', 'basic', 2, '', NULL, '1', 50, '0', '1', '2009-09-18 09:38:58', '2009-09-18 09:38:58'),
(33, 'basic', 'basic', 2, '', NULL, '1', 50, '0', '1', '2009-09-18 09:39:07', '2009-09-18 09:39:07'),
(34, 'basic', 'basic', 2, '', NULL, '1', 50, '0', '1', '2009-09-18 09:39:19', '2009-09-18 09:39:19'),
(35, 'basic', 'basic', 2, '支持\r\n不支持', NULL, '1', 50, '1', '1', '2009-09-18 09:39:27', '2009-09-18 09:39:27'),
(36, 'basic', 'basic', 2, '', NULL, '1', 50, '0', '1', '2009-09-18 09:39:33', '2009-09-18 09:39:33'),
(37, 'basic', 'basic', 2, '高价机\r\n中价机\r\n低价机', NULL, '1', 50, '1', '1', '2009-09-18 09:39:40', '2009-09-18 09:39:40');

--
-- 导出表中的数据 `svcart_product_type_attribute_i18ns`
--

INSERT INTO `svcart_product_type_attribute_i18ns` (`id`, `locale`, `product_type_attribute_id`, `name`, `created`, `modified`) VALUES
(1, 'eng', 1, 'Tailoring', '2009-09-18 09:33:17', '2009-09-18 09:33:17'),
(2, 'eng', 2, 'Composition', '2009-09-18 09:30:38', '2009-09-18 09:30:38'),
(3, 'eng', 3, 'Color', '2009-09-18 09:33:41', '2009-09-18 09:33:41'),
(4, 'cht', 31, '天线位置', '2009-09-18 09:38:40', '2009-09-18 09:38:40'),
(5, 'eng', 5, 'Sleeve type', '2009-09-18 09:33:51', '2009-09-18 09:33:51'),
(6, 'eng', 6, 'Details', '2009-09-18 09:33:59', '2009-09-18 09:33:59'),
(7, 'eng', 7, 'Fabric', '2009-09-18 09:34:11', '2009-09-18 09:34:11'),
(8, 'eng', 8, 'Link type', '2009-09-18 09:34:05', '2009-09-18 09:34:05'),
(9, 'eng', 9, 'Long pants', '2009-09-18 09:34:20', '2009-09-18 09:34:20'),
(10, 'cht', 30, '数据业务', '2009-09-18 09:38:35', '2009-09-18 09:38:35'),
(11, 'eng', 10, 'Style', '2009-09-18 09:34:29', '2009-09-18 09:34:29'),
(12, 'eng', 11, 'Material', '2009-09-18 09:34:35', '2009-09-18 09:34:35'),
(13, 'cht', 29, 'WAP上网', '2009-09-18 09:38:25', '2009-09-18 09:38:25'),
(14, 'eng', 12, '网络制式', '2009-09-18 09:35:37', '2009-09-18 09:35:37'),
(15, 'eng', 13, '支持频率/网络频率', '2009-09-18 09:35:44', '2009-09-18 09:35:44'),
(16, 'cht', 28, '标准配置', '2009-09-18 09:38:18', '2009-09-18 09:38:18'),
(17, 'eng', 14, '尺寸体积', '2009-09-18 09:35:50', '2009-09-18 09:35:50'),
(18, 'eng', 15, '外观样式/手机类型', '2009-09-18 09:35:59', '2009-09-18 09:35:59'),
(19, 'cht', 27, '待机时间', '2009-09-18 09:38:10', '2009-09-18 09:38:10'),
(20, 'eng', 16, '主屏参数/内屏参数', '2009-09-18 09:36:06', '2009-09-18 09:36:06'),
(21, 'eng', 17, '副屏参数/外屏参数', '2009-09-18 09:36:12', '2009-09-18 09:36:12'),
(22, 'cht', 26, '通话时间', '2009-09-18 09:38:02', '2009-09-18 09:38:02'),
(23, 'eng', 18, '清晰度', '2009-09-18 09:36:25', '2009-09-18 09:36:25'),
(24, 'eng', 19, '色数/灰度', '2009-09-18 09:36:34', '2009-09-18 09:36:34'),
(25, 'eng', 20, '长度', '2009-09-18 09:36:43', '2009-09-18 09:36:43'),
(26, 'eng', 21, '宽度', '2009-09-18 09:36:51', '2009-09-18 09:36:51'),
(27, 'cht', 25, '操作系统', '2009-09-18 09:37:57', '2009-09-18 09:37:57'),
(28, 'eng', 22, '厚度', '2009-09-18 09:37:16', '2009-09-18 09:37:16'),
(29, 'eng', 23, '屏幕材质', '2009-09-18 09:37:25', '2009-09-18 09:37:25'),
(30, 'eng', 24, '内存容量', '2009-09-18 09:37:46', '2009-09-18 09:37:46'),
(31, 'eng', 25, '操作系统', '2009-09-18 09:37:57', '2009-09-18 09:37:57'),
(32, 'cht', 24, '内存容量', '2009-09-18 09:37:46', '2009-09-18 09:37:46'),
(33, 'eng', 26, '通话时间', '2009-09-18 09:38:02', '2009-09-18 09:38:02'),
(34, 'eng', 27, '待机时间', '2009-09-18 09:38:10', '2009-09-18 09:38:10'),
(35, 'eng', 28, '标准配置', '2009-09-18 09:38:18', '2009-09-18 09:38:18'),
(36, 'cht', 23, '屏幕材质', '2009-09-18 09:37:25', '2009-09-18 09:37:25'),
(37, 'eng', 29, 'WAP上网', '2009-09-18 09:38:25', '2009-09-18 09:38:25'),
(38, 'eng', 30, '数据业务', '2009-09-18 09:38:35', '2009-09-18 09:38:35'),
(39, 'cht', 22, '厚度', '2009-09-18 09:37:16', '2009-09-18 09:37:16'),
(40, 'eng', 31, '天线位置', '2009-09-18 09:38:40', '2009-09-18 09:38:40'),
(41, 'eng', 32, '随机配件', '2009-09-18 09:38:58', '2009-09-18 09:38:58'),
(42, 'eng', 33, '铃声', '2009-09-18 09:39:07', '2009-09-18 09:39:07'),
(43, 'eng', 34, '摄像头', '2009-09-18 09:39:19', '2009-09-18 09:39:19'),
(44, 'cht', 21, '宽度', '2009-09-18 09:36:51', '2009-09-18 09:36:51'),
(45, 'eng', 35, '彩信/彩e', '2009-09-18 09:39:27', '2009-09-18 09:39:27'),
(46, 'eng', 36, '红外/蓝牙', '2009-09-18 09:39:33', '2009-09-18 09:39:33'),
(47, 'cht', 20, '长度', '2009-09-18 09:36:43', '2009-09-18 09:36:43'),
(48, 'eng', 37, '价格等级', '2009-09-18 09:39:40', '2009-09-18 09:39:40'),
(49, 'chi', 31, '天线位置', '2009-09-18 09:38:40', '2009-09-18 09:38:40'),
(50, 'chi', 30, '数据业务', '2009-09-18 09:38:35', '2009-09-18 09:38:35'),
(51, 'chi', 29, 'WAP上网', '2009-09-18 09:38:25', '2009-09-18 09:38:25'),
(52, 'chi', 28, '标准配置', '2009-09-18 09:38:18', '2009-09-18 09:38:18'),
(53, 'chi', 27, '待机时间', '2009-09-18 09:38:10', '2009-09-18 09:38:10'),
(54, 'chi', 26, '通话时间', '2009-09-18 09:38:02', '2009-09-18 09:38:02'),
(55, 'chi', 25, '操作系统', '2009-09-18 09:37:57', '2009-09-18 09:37:57'),
(56, 'chi', 24, '内存容量', '2009-09-18 09:37:46', '2009-09-18 09:37:46'),
(57, 'chi', 23, '屏幕材质', '2009-09-18 09:37:25', '2009-09-18 09:37:25'),
(58, 'chi', 22, '厚度', '2009-09-18 09:37:16', '2009-09-18 09:37:16'),
(59, 'chi', 21, '宽度', '2009-09-18 09:36:51', '2009-09-18 09:36:51'),
(60, 'chi', 20, '长度', '2009-09-18 09:36:43', '2009-09-18 09:36:43'),
(61, 'chi', 19, '色数/灰度', '2009-09-18 09:36:34', '2009-09-18 09:36:34'),
(62, 'chi', 18, '清晰度', '2009-09-18 09:36:25', '2009-09-18 09:36:25'),
(63, 'chi', 17, '副屏参数/外屏参数', '2009-09-18 09:36:12', '2009-09-18 09:36:12'),
(64, 'chi', 16, '主屏参数/内屏参数', '2009-09-18 09:36:06', '2009-09-18 09:36:06'),
(65, 'chi', 15, '外观样式/手机类型', '2009-09-18 09:35:59', '2009-09-18 09:35:59'),
(66, 'chi', 14, '尺寸体积', '2009-09-18 09:35:50', '2009-09-18 09:35:50'),
(67, 'chi', 13, '支持频率/网络频率', '2009-09-18 09:35:44', '2009-09-18 09:35:44'),
(68, 'chi', 12, '网络制式', '2009-09-18 09:35:37', '2009-09-18 09:35:37'),
(69, 'chi', 11, '材质', '2009-09-18 09:34:35', '2009-09-18 09:34:35'),
(70, 'chi', 10, '款式', '2009-09-18 09:34:29', '2009-09-18 09:34:29'),
(71, 'chi', 9, '裤长', '2009-09-18 09:34:20', '2009-09-18 09:34:20'),
(72, 'chi', 8, '领型', '2009-09-18 09:34:05', '2009-09-18 09:34:05'),
(73, 'chi', 7, '面料', '2009-09-18 09:34:11', '2009-09-18 09:34:11'),
(74, 'chi', 6, '细节', '2009-09-18 09:33:59', '2009-09-18 09:33:59'),
(75, 'chi', 5, '袖型', '2009-09-18 09:33:51', '2009-09-18 09:33:51'),
(76, 'eng', 4, 'Size', '2009-09-24 16:48:46', '2009-09-24 16:48:46'),
(77, 'chi', 3, '花色', '2009-09-18 09:33:41', '2009-09-18 09:33:41'),
(78, 'chi', 2, '成分', '2009-09-18 09:30:38', '2009-09-18 09:30:38'),
(79, 'chi', 1, '剪裁', '2009-09-18 09:33:17', '2009-09-18 09:33:17'),
(80, 'chi', 32, '随机配件', '2009-09-18 09:38:58', '2009-09-18 09:38:58'),
(81, 'chi', 33, '铃声', '2009-09-18 09:39:07', '2009-09-18 09:39:07'),
(82, 'chi', 34, '摄像头', '2009-09-18 09:39:19', '2009-09-18 09:39:19'),
(83, 'chi', 35, '彩信/彩e', '2009-09-18 09:39:27', '2009-09-18 09:39:27'),
(84, 'chi', 36, '红外/蓝牙', '2009-09-18 09:39:33', '2009-09-18 09:39:33'),
(85, 'chi', 37, '价格等级', '2009-09-18 09:39:40', '2009-09-18 09:39:40'),
(86, 'chi', 4, '尺码', '2009-09-24 16:48:46', '2009-09-24 16:48:46'),
(87, 'cht', 19, '色数/灰度', '2009-09-18 09:36:34', '2009-09-18 09:36:34'),
(88, 'cht', 18, '清晰度', '2009-09-18 09:36:25', '2009-09-18 09:36:25'),
(89, 'cht', 17, '副屏参数/外屏参数', '2009-09-18 09:36:12', '2009-09-18 09:36:12'),
(90, 'cht', 16, '主屏参数/内屏参数', '2009-09-18 09:36:06', '2009-09-18 09:36:06'),
(91, 'cht', 15, '外观样式/手机类型', '2009-09-18 09:35:59', '2009-09-18 09:35:59'),
(92, 'cht', 14, '尺寸体积', '2009-09-18 09:35:50', '2009-09-18 09:35:50'),
(93, 'cht', 13, '支持频率/网络频率', '2009-09-18 09:35:44', '2009-09-18 09:35:44'),
(94, 'cht', 12, '网络制式', '2009-09-18 09:35:37', '2009-09-18 09:35:37'),
(95, 'cht', 11, '材质', '2009-09-18 09:34:35', '2009-09-18 09:34:35'),
(96, 'cht', 10, '款式', '2009-09-18 09:34:29', '2009-09-18 09:34:29'),
(97, 'cht', 9, '裤长', '2009-09-18 09:34:20', '2009-09-18 09:34:20'),
(98, 'cht', 8, '领型', '2009-09-18 09:34:05', '2009-09-18 09:34:05'),
(99, 'cht', 7, '面料', '2009-09-18 09:34:11', '2009-09-18 09:34:11'),
(100, 'cht', 6, '细节', '2009-09-18 09:33:59', '2009-09-18 09:33:59'),
(101, 'cht', 5, '袖型', '2009-09-18 09:33:51', '2009-09-18 09:33:51'),
(102, 'cht', 4, '尺码', '2009-09-24 16:48:46', '2009-09-24 16:48:46'),
(103, 'cht', 3, '花色', '2009-09-18 09:33:41', '2009-09-18 09:33:41'),
(104, 'cht', 2, '成分', '2009-09-18 09:30:38', '2009-09-18 09:30:38'),
(105, 'cht', 1, '剪裁', '2009-09-18 09:33:17', '2009-09-18 09:33:17'),
(106, 'cht', 32, '随机配件', '2009-09-18 09:38:58', '2009-09-18 09:38:58'),
(107, 'cht', 33, '铃声', '2009-09-18 09:39:07', '2009-09-18 09:39:07'),
(108, 'cht', 34, '摄像头', '2009-09-18 09:39:19', '2009-09-18 09:39:19'),
(109, 'cht', 35, '彩信/彩e', '2009-09-18 09:39:27', '2009-09-18 09:39:27'),
(110, 'cht', 36, '红外/蓝牙', '2009-09-18 09:39:33', '2009-09-18 09:39:33'),
(111, 'cht', 37, '价格等级', '2009-09-18 09:39:40', '2009-09-18 09:39:40');

--
-- 导出表中的数据 `svcart_product_type_i18ns`
--

INSERT INTO `svcart_product_type_i18ns` (`id`, `locale`, `type_id`, `name`, `created`, `modified`) VALUES
(1, 'eng', 1, 'Clothing', '2009-08-10 03:45:57', '2009-08-10 03:45:57'),
(2, 'chi', 1, '服装', '2009-08-10 03:45:57', '2009-08-10 03:45:57'),
(3, 'eng', 2, 'mobile phone', '2009-08-10 09:38:51', '2009-08-10 09:38:51'),
(4, 'chi', 2, '手机', '2009-08-10 09:38:51', '2009-08-10 09:38:51'),
(5, 'cht', 2, '手机', '2009-08-10 09:38:51', '2009-08-10 09:38:51'),
(6, 'cht', 1, '服装', '2009-08-10 03:45:57', '2009-08-10 03:45:57');

--
-- 导出表中的数据 `svcart_promotions`
--

INSERT INTO `svcart_promotions` (`id`, `store_id`, `type`, `type_ext`, `start_time`, `end_time`, `user_rank`, `min_amount`, `max_amount`, `orderby`, `status`, `clicked`, `created`, `modified`) VALUES
(1, 0, '1', 80.00, '2009-06-01 00:00:00', '2010-02-28 23:59:59', '', 50.00, 0.00, 50, '1', 0, '2009-08-11 02:31:50', '2009-08-11 02:43:09'),
(2, 0, '0', 10.00, '2009-06-01 00:00:00', '2010-02-28 23:59:59', '', 100.00, 0.00, 50, '1', 0, '2009-08-11 02:33:14', '2009-08-11 02:45:23'),
(3, 0, '2', 3.00, '2009-06-01 00:00:00', '2009-12-31 23:59:59', '', 5.00, 0.00, 50, '1', 0, '2009-08-11 02:35:12', '2009-08-11 02:46:09');

--
-- 导出表中的数据 `svcart_promotion_i18ns`
--

INSERT INTO `svcart_promotion_i18ns` (`id`, `locale`, `promotion_id`, `title`, `meta_keywords`, `meta_description`, `created`, `modified`) VALUES
(1, 'chi', 1, '新店开张 全场8折', NULL, '新店开张 全场8折  谢谢多本店的支持', '2009-08-11 02:31:50', '2009-08-11 02:43:09'),
(2, 'eng', 1, '8 new stores opened in the whole pack', NULL, '8 new stores opened in the whole pack I would like to thank the support of our multi -', '2009-08-11 02:31:50', '2009-08-11 02:43:09'),
(3, 'chi', 2, '超过100 立刻减免现金 10', NULL, '为了让你更好的体验购物的乐趣 满100 减免10', '2009-08-11 02:33:14', '2009-08-11 02:45:23'),
(4, 'eng', 2, 'More than 100 immediate cash relief 10', NULL, 'To allow you a better shopping experience 100 relief 10', '2009-08-11 02:33:14', '2009-08-11 02:45:23'),
(5, 'chi', 3, '夏季特销', NULL, '季节大促销 欢迎你的选购', '2009-08-11 02:35:12', '2009-08-11 02:46:09'),
(6, 'eng', 3, 'Special summer sale', NULL, 'Seasonal welcome big promotions your purchase', '2009-08-11 02:35:12', '2009-08-11 02:46:09'),
(7, 'cht', 1, '新店开张 全场8折', NULL, '新店开张 全场8折  谢谢多本店的支持', '2009-08-11 02:31:50', '2009-08-11 02:43:09'),
(8, 'cht', 2, '超过100 立刻减免现金 10', NULL, '为了让你更好的体验购物的乐趣 满100 减免10', '2009-08-11 02:33:14', '2009-08-11 02:45:23'),
(9, 'cht', 3, '夏季特销', NULL, '季节大促销 欢迎你的选购', '2009-08-11 02:35:12', '2009-08-11 02:46:09');

--
-- 导出表中的数据 `svcart_promotion_products`
--

INSERT INTO `svcart_promotion_products` (`id`, `store_id`, `promotion_id`, `product_id`, `price`, `start_time`, `end_time`, `orderby`, `status`, `created`, `modified`) VALUES
(10, 0, 3, 22, 188.00, '2008-01-01 00:00:00', '2008-01-01 00:00:00', 50, '1', '2009-08-11 02:46:09', '2009-08-11 02:46:09'),
(9, 0, 3, 14, 88.00, '2008-01-01 00:00:00', '2008-01-01 00:00:00', 50, '1', '2009-08-11 02:46:09', '2009-08-11 02:46:09'),
(8, 0, 3, 16, 55.00, '2008-01-01 00:00:00', '2008-01-01 00:00:00', 50, '1', '2009-08-11 02:46:09', '2009-08-11 02:46:09'),
(7, 0, 3, 43, 55.00, '2008-01-01 00:00:00', '2008-01-01 00:00:00', 50, '1', '2009-08-11 02:46:09', '2009-08-11 02:46:09'),
(6, 0, 3, 48, 55.00, '2008-01-01 00:00:00', '2008-01-01 00:00:00', 50, '1', '2009-08-11 02:46:09', '2009-08-11 02:46:09');

--
-- 导出表中的数据 `svcart_providers`
--

INSERT INTO `svcart_providers` (`id`, `provider_sn`, `store_id`, `name`, `description`, `meta_keywords`, `meta_description`, `contact_name`, `contact_email`, `contact_tele`, `contact_mobile`, `contact_fax`, `contact_address`, `contact_zip`, `contact_remark`, `orderby`, `status`, `created`, `modified`) VALUES
(1, '1', 0, '手机供应商', '1', '1', '1', '', '', '', '', '', '', '', '', 0, '1', '2009-08-20 03:30:19', '2009-08-20 03:30:19'),
(2, '', 0, '裤子', '', '', '', '', '', '', '', '', '', '', '', 50, '1', '2009-08-20 03:30:31', '2009-08-20 03:30:31');

--
-- 导出表中的数据 `svcart_provider_products`
--

INSERT INTO `svcart_provider_products` (`id`, `provider_id`, `product_id`, `price`, `status`, `min_buy`, `orderby`, `created`, `modified`) VALUES
(1, 1, 1, 1.00, '1', 1, 1, '2009-08-19 12:09:18', '2009-08-19 12:09:18'),
(2, 1, 1, 22.00, '1', 12, 12, '2009-08-20 09:13:25', '2009-08-20 09:13:25'),
(3, 1, 60, 0.00, '1', 1, 50, '2009-09-27 18:19:15', '2009-09-27 18:19:15');

--
-- 导出表中的数据 `svcart_regions`
--


--
-- 导出表中的数据 `svcart_region_i18ns`
--


--
-- 导出表中的数据 `svcart_seo_keywords`
--


--
-- 导出表中的数据 `svcart_sessions`
--

INSERT INTO `svcart_sessions` (`id`, `data`, `expires`) VALUES
('dfbfe20e578d830d0d3b19237f104ef6', 'Config|a:4:{s:9:"userAgent";s:32:"59c7ffc19357971939e48f21b76ebce2";s:4:"time";i:1257155173;s:7:"timeout";i:10;s:6:"locale";s:3:"chi";}server_host|s:30:"http://data.branches.seevia.cn";user_webroot|s:6:"/user/";cart_webroot|s:1:"/";template_use|s:10:"SV_DEFAULT";header_cart|a:3:{s:6:"sizeof";i:0;s:8:"quantity";i:0;s:5:"total";i:0;}template_style|s:5:"green";cookie_product|a:3:{i:45;a:2:{s:7:"Product";a:4:{s:2:"id";s:2:"45";s:9:"img_thumb";s:35:"/img/products/SV000045/49bdf837.jpg";s:4:"code";s:8:"SV000045";s:10:"shop_price";s:6:"188.00";}s:11:"ProductI18n";a:2:{s:8:"sub_name";s:21:"商务休闲裤（...";s:4:"name";s:39:"商务休闲裤（标准款）深卡其";}}i:58;a:2:{s:7:"Product";a:4:{s:2:"id";s:2:"58";s:9:"img_thumb";s:35:"/img/products/SV000058/49b688e3.jpg";s:4:"code";s:8:"SV000058";s:10:"shop_price";s:5:"11.00";}s:11:"ProductI18n";a:2:{s:8:"sub_name";s:7:"服务1";s:4:"name";s:7:"服务1";}}i:52;a:2:{s:7:"Product";a:4:{s:2:"id";s:2:"52";s:9:"img_thumb";s:35:"/img/products/SV000052/49bd8d4d.jpg";s:4:"code";s:8:"SV000052";s:10:"shop_price";s:5:"99.00";}s:11:"ProductI18n";a:2:{s:8:"sub_name";s:21:"欧式丝光舒适...";s:4:"name";s:43:"欧式丝光舒适板鞋（女款） 紫色";}}}', 1257155175),
('43f52a857ef979fbc9cf892eff016853', 'Config|a:4:{s:9:"userAgent";s:32:"ab4c76431bc63627b44a76c9279e0282";s:4:"time";i:1257687182;s:7:"timeout";i:10;s:6:"locale";s:3:"chi";}server_host|s:30:"http://data.branches.seevia.cn";user_webroot|s:6:"/user/";cart_webroot|s:1:"/";template_use|s:10:"SV_DEFAULT";header_cart|a:3:{s:6:"sizeof";i:0;s:8:"quantity";i:0;s:5:"total";i:0;}template_style|s:5:"green";', 1257687183);

--
-- 导出表中的数据 `svcart_shippings`
--


--
-- 导出表中的数据 `svcart_shipping_areas`
--

INSERT INTO `svcart_shipping_areas` (`id`, `store_id`, `shipping_id`, `orderby`, `status`, `fee_configures`, `free_subtotal`, `created`, `modified`) VALUES
(1000, 0, 1, 50, '1', 'a:3:{i:0;a:1:{s:5:"value";s:1:"5";}i:1;a:1:{s:5:"value";s:1:"5";}i:2;a:1:{s:5:"value";s:1:"5";}}', 0.00, '2009-04-14 09:53:44', '2009-10-09 13:50:31'),
(1001, 0, 2, 1, '1', 'a:3:{i:0;a:1:{s:5:"value";s:1:"5";}i:1;a:1:{s:5:"value";s:1:"5";}i:2;a:1:{s:5:"value";s:1:"5";}}', 0.00, '2009-04-14 09:53:44', '2009-10-09 13:50:46');

--
-- 导出表中的数据 `svcart_shipping_area_i18ns`
--

INSERT INTO `svcart_shipping_area_i18ns` (`id`, `locale`, `shipping_area_id`, `name`, `description`, `created`, `modified`) VALUES
(1, 'cht', 1001, '中国', '中国各地', '2009-10-09 13:50:46', '2009-10-09 13:50:46'),
(2, 'cht', 1000, '中国', '中国各地', '2009-10-09 13:50:31', '2009-10-09 13:50:31'),
(3, 'eng', 1000, 'China', 'All over China', '2009-10-09 13:50:31', '2009-10-09 13:50:31'),
(4, 'eng', 1001, 'China', 'All over China', '2009-10-09 13:50:46', '2009-10-09 13:50:46'),
(5, 'chi', 1000, '中国', '中国各地', '2009-10-09 13:50:31', '2009-10-09 13:50:31'),
(6, 'chi', 1001, '中国', '中国各地', '2009-10-09 13:50:46', '2009-10-09 13:50:46');

--
-- 导出表中的数据 `svcart_shipping_area_regions`
--

INSERT INTO `svcart_shipping_area_regions` (`id`, `shipping_area_id`, `region_id`, `created`, `modified`) VALUES
(5, 1001, 1, '2009-10-09 13:50:46', '2009-10-09 13:50:46'),
(4, 1000, 1, '2009-10-09 13:50:31', '2009-10-09 13:50:31');

--
-- 导出表中的数据 `svcart_shipping_i18ns`
--


--
-- 导出表中的数据 `svcart_sitemaps`
--


--
-- 导出表中的数据 `svcart_sms_send_histories`
--


--
-- 导出表中的数据 `svcart_sms_send_queues`
--


--
-- 导出表中的数据 `svcart_sms_words`
--


--
-- 导出表中的数据 `svcart_stocks`
--


--
-- 导出表中的数据 `svcart_stores`
--

INSERT INTO `svcart_stores` (`id`, `store_sn`, `store_type`, `contact_name`, `contact_email`, `contact_tele`, `contact_mobile`, `contact_fax`, `url`, `remark`, `orderby`, `status`, `created`, `modified`) VALUES
(1, '123456   ', '0', '林先生   ', 'wwwrrr123@163.com   ', '123456', '123456123456', '123456123456', '123456123456', '123456', 127, '1', '2009-08-20 03:17:53', '2009-08-20 03:22:04');

--
-- 导出表中的数据 `svcart_store_i18ns`
--

INSERT INTO `svcart_store_i18ns` (`id`, `locale`, `store_id`, `name`, `description`, `address`, `telephone`, `zipcode`, `transport`, `map`, `url`, `meta_keywords`, `meta_description`, `created`, `modified`) VALUES
(1, 'chi', 1, '浦东德平店', '联想Y330G  奔腾双核T3400/内存容量1024 /硬盘容量250GB/13.3英寸--900元\r\n联想T7100  酷睿2双核1.8G/内存容量2048MB/硬盘容量160GB /14.1英寸--1100元\r\nIBM T61高端电脑 酷睿2双核T7800(2.6GHz) 内存2048MB 硬盘160GB 14.1英寸-1000元 \r\nIBMT61 新商务王者/处理器 (2.4G) /内存容量1024MB /硬盘容量160GB/ 14.1英寸--900元\r\nIBM T42 迅驰2代1.7G / 内存1024M/硬盘80G/ 32M独立显卡/14.1"显示屏-700元\r\n时尚型HP惠普6520 酷睿2双核2.0GHz/1024MB/160G/ 14.1寸-DVD刻录机卡--800元\r\n华硕 蓝博基尼VX3 处理器T9300 内存容量4096 硬盘容量320GB 显示屏12.1--1100元\r\n华硕M50V 英特尔 P8600 2.4GHz  内存2GB 硬盘250GB 显卡1GB -1100元\r\n索尼VGN-C22 酷睿2双核 T5500(1.66GHz)/ 内存容量2048MB/硬盘容量100GB/14.1英寸-1000元\r\n戴尔XPS M1330 酷睿2双核 T8100/内存容量 2GB /硬盘容量 160GB /13.3寸-900元\r\n苹果MacBook 酷睿2双核L7500/内存容量2GB/硬盘容量80GB /13.3英寸--1000元 \r\n三星Q310  酷睿2双核P8600/内存容量2048MB /硬盘容量250GB /13.3英寸-900元\r\n东芝 A602 酷睿2双核SU9300/内存容量1024MB /硬盘容量160GB/12英寸-888元\r\n--笔记本电脑是全新原装的，有保修卡，正规发票，系列号码，可以到全国任何一个保修点免费保修1年保修\r\n            购买以上笔记本能送:电脑包  鼠标 耳麦\r\n如您有看中/喜欢的电脑可联系电话：013421634545姓名：林先生  在线QQ：1240594524\r\n（外地顾客可以亲自来我们公司现场购买，不方便的我们可派人给送货上门交易）\r\n818-220758-wwwrrr123.jpg[/upload]', 'wwwrrr123@163.com', '123456', '200135', '/img/others/49be3d25.jpg', '/img/others/49be3d25.jpg', 'http://www.sh222.net/showbbs.asp?bd=1&topicid=297852&totable=1', '联想Y330G  奔腾双核T3400/内存容量1024 /硬盘容量250GB/13.3英寸--900元 联想T7100  酷睿2双核1.8G/内存容量2048MB/硬盘容量160GB /14.1英寸--1100元 IBM T61高端电脑 酷睿2双核T7800(2.6GHz) 内存2048MB 硬盘160GB 14.1英', '联想Y330G  奔腾双核T3400/内存容量1024 /硬盘容量250GB/13.3英寸--900元\r\n联想T7100  酷睿2双核1.8G/内存容量2048MB/硬盘容量160GB /14.1英寸--1100元\r\nIBM T61高端电脑 酷睿2双核T7800(2.6GHz) 内存2048MB 硬盘160GB 14.1', '2009-08-20 03:17:53', '2009-08-20 03:22:04'),
(2, 'eng', 1, '', '联想Y330G  奔腾双核T3400/内存容量1024 /硬盘容量250GB/13.3英寸--900元\r\n联想T7100  酷睿2双核1.8G/内存容量2048MB/硬盘容量160GB /14.1英寸--1100元\r\nIBM T61高端电脑 酷睿2双核T7800(2.6GHz) 内存2048MB 硬盘160GB 14.1英寸-1000元 \r\nIBMT61 新商务王者/处理器 (2.4G) /内存容量1024MB /硬盘容量160GB/ 14.1英寸--900元\r\nIBM T42 迅驰2代1.7G / 内存1024M/硬盘80G/ 32M独立显卡/14.1"显示屏-700元\r\n时尚型HP惠普6520 酷睿2双核2.0GHz/1024MB/160G/ 14.1寸-DVD刻录机卡--800元\r\n华硕 蓝博基尼VX3 处理器T9300 内存容量4096 硬盘容量320GB 显示屏12.1--1100元\r\n华硕M50V 英特尔 P8600 2.4GHz  内存2GB 硬盘250GB 显卡1GB -1100元\r\n索尼VGN-C22 酷睿2双核 T5500(1.66GHz)/ 内存容量2048MB/硬盘容量100GB/14.1英寸-1000元\r\n戴尔XPS M1330 酷睿2双核 T8100/内存容量 2GB /硬盘容量 160GB /13.3寸-900元\r\n苹果MacBook 酷睿2双核L7500/内存容量2GB/硬盘容量80GB /13.3英寸--1000元 \r\n三星Q310  酷睿2双核P8600/内存容量2048MB /硬盘容量250GB /13.3英寸-900元\r\n东芝 A602 酷睿2双核SU9300/内存容量1024MB /硬盘容量160GB/12英寸-888元\r\n--笔记本电脑是全新原装的，有保修卡，正规发票，系列号码，可以到全国任何一个保修点免费保修1年保修\r\n            购买以上笔记本能送:电脑包  鼠标 耳麦\r\n如您有看中/喜欢的电脑可联系电话：013421634545姓名：林先生  在线QQ：1240594524\r\n（外地顾客可以亲自来我们公司现场购买，不方便的我们可派人给送货上门交易）\r\n818-220758-wwwrrr123.jpg[/upload]', 'wwwrrr123@163.com', '123456', '200135', '/img/others/49be3d25.jpg', '/img/others/49be3d25.jpg', 'http://www.sh222.net/showbbs.asp?bd=1&topicid=297852&totable=1', '联想Y330G  奔腾双核T3400/内存容量1024 /硬盘容量250GB/13.3英寸--900元 联想T7100  酷睿2双核1.8G/内存容量2048MB/硬盘容量160GB /14.1英寸--1100元 IBM T61高端电脑 酷睿2双核T7800(2.6GHz) 内存2048MB 硬盘160GB 14.1英', '联想Y330G  奔腾双核T3400/内存容量1024 /硬盘容量250GB/13.3英寸--900元\r\n联想T7100  酷睿2双核1.8G/内存容量2048MB/硬盘容量160GB /14.1英寸--1100元\r\nIBM T61高端电脑 酷睿2双核T7800(2.6GHz) 内存2048MB 硬盘160GB 14.1', '2009-08-20 03:17:53', '2009-08-20 03:22:04'),
(3, 'cht', 1, '浦东德平店', '联想Y330G  奔腾双核T3400/内存容量1024 /硬盘容量250GB/13.3英寸--900元\r\n联想T7100  酷睿2双核1.8G/内存容量2048MB/硬盘容量160GB /14.1英寸--1100元\r\nIBM T61高端电脑 酷睿2双核T7800(2.6GHz) 内存2048MB 硬盘160GB 14.1英寸-1000元 \r\nIBMT61 新商务王者/处理器 (2.4G) /内存容量1024MB /硬盘容量160GB/ 14.1英寸--900元\r\nIBM T42 迅驰2代1.7G / 内存1024M/硬盘80G/ 32M独立显卡/14.1"显示屏-700元\r\n时尚型HP惠普6520 酷睿2双核2.0GHz/1024MB/160G/ 14.1寸-DVD刻录机卡--800元\r\n华硕 蓝博基尼VX3 处理器T9300 内存容量4096 硬盘容量320GB 显示屏12.1--1100元\r\n华硕M50V 英特尔 P8600 2.4GHz  内存2GB 硬盘250GB 显卡1GB -1100元\r\n索尼VGN-C22 酷睿2双核 T5500(1.66GHz)/ 内存容量2048MB/硬盘容量100GB/14.1英寸-1000元\r\n戴尔XPS M1330 酷睿2双核 T8100/内存容量 2GB /硬盘容量 160GB /13.3寸-900元\r\n苹果MacBook 酷睿2双核L7500/内存容量2GB/硬盘容量80GB /13.3英寸--1000元 \r\n三星Q310  酷睿2双核P8600/内存容量2048MB /硬盘容量250GB /13.3英寸-900元\r\n东芝 A602 酷睿2双核SU9300/内存容量1024MB /硬盘容量160GB/12英寸-888元\r\n--笔记本电脑是全新原装的，有保修卡，正规发票，系列号码，可以到全国任何一个保修点免费保修1年保修\r\n            购买以上笔记本能送:电脑包  鼠标 耳麦\r\n如您有看中/喜欢的电脑可联系电话：013421634545姓名：林先生  在线QQ：1240594524\r\n（外地顾客可以亲自来我们公司现场购买，不方便的我们可派人给送货上门交易）\r\n818-220758-wwwrrr123.jpg[/upload]', 'wwwrrr123@163.com', '123456', '200135', '/img/others/49be3d25.jpg', '/img/others/49be3d25.jpg', 'http://www.sh222.net/showbbs.asp?bd=1&topicid=297852&totable=1', '联想Y330G  奔腾双核T3400/内存容量1024 /硬盘容量250GB/13.3英寸--900元 联想T7100  酷睿2双核1.8G/内存容量2048MB/硬盘容量160GB /14.1英寸--1100元 IBM T61高端电脑 酷睿2双核T7800(2.6GHz) 内存2048MB 硬盘160GB 14.1英', '联想Y330G  奔腾双核T3400/内存容量1024 /硬盘容量250GB/13.3英寸--900元\r\n联想T7100  酷睿2双核1.8G/内存容量2048MB/硬盘容量160GB /14.1英寸--1100元\r\nIBM T61高端电脑 酷睿2双核T7800(2.6GHz) 内存2048MB 硬盘160GB 14.1', '2009-08-20 03:17:53', '2009-08-20 03:22:04');

--
-- 导出表中的数据 `svcart_store_products`
--


--
-- 导出表中的数据 `svcart_system_resources`
--


--
-- 导出表中的数据 `svcart_system_resource_i18ns`
--


--
-- 导出表中的数据 `svcart_tags`
--

INSERT INTO `svcart_tags` (`id`, `type_id`, `type`, `user_id`, `status`, `created`, `modified`) VALUES
(9, 3, 'A', 8, '1', '2009-08-25 06:25:04', '2009-08-25 06:25:04'),
(8, 3, 'A', 8, '1', '2009-08-25 06:24:55', '2009-08-25 06:24:55'),
(7, 3, 'A', 8, '1', '2009-08-25 06:24:45', '2009-08-25 06:24:45'),
(4, 6, 'A', 3, '1', '2009-08-17 07:23:06', '2009-08-20 03:40:05'),
(5, 15, 'P', 3, '1', '2009-08-17 07:30:49', '2009-08-17 07:30:49'),
(6, 15, 'P', 3, '1', '2009-08-17 07:31:07', '2009-08-17 07:31:07'),
(10, 3, 'A', 8, '1', '2009-08-25 06:25:15', '2009-08-25 06:25:15'),
(11, 3, 'A', 8, '1', '2009-08-25 06:25:21', '2009-08-25 06:25:21'),
(12, 3, 'A', 8, '1', '2009-08-25 06:25:38', '2009-08-25 06:25:38'),
(13, 54, 'P', 8, '1', '2009-08-26 03:02:38', '2009-08-26 03:02:38'),
(14, 54, 'P', 8, '1', '2009-08-26 03:02:45', '2009-08-26 03:02:45'),
(15, 54, 'P', 8, '1', '2009-08-26 03:02:57', '2009-08-26 03:02:57'),
(16, 54, 'P', 8, '1', '2009-08-26 03:03:08', '2009-08-26 03:03:08'),
(17, 54, 'P', 8, '1', '2009-08-26 03:03:12', '2009-08-26 03:03:12'),
(18, 54, 'P', 8, '1', '2009-08-26 03:03:18', '2009-08-26 03:03:18'),
(19, 54, 'P', 8, '1', '2009-08-26 03:03:21', '2009-08-26 03:03:21'),
(20, 43, 'P', 1, '1', '2009-09-07 07:35:57', '2009-09-07 07:35:57'),
(21, 43, 'P', 1, '1', '2009-09-07 07:36:00', '2009-09-07 07:36:00'),
(22, 46, 'P', 1, '1', '2009-09-07 07:36:12', '2009-09-07 07:36:12'),
(23, 44, 'P', 1, '1', '2009-09-07 07:36:32', '2009-09-07 07:36:32'),
(24, 7, 'A', 1, '1', '2009-09-08 02:40:55', '2009-09-08 02:40:55'),
(25, 7, 'A', 1, '1', '2009-09-08 02:41:15', '2009-09-08 02:41:15'),
(26, 11, 'A', 1, '1', '2009-09-11 07:30:17', '2009-09-11 07:30:17'),
(27, 11, 'A', 1, '1', '2009-09-11 07:30:21', '2009-09-11 07:30:21');

--
-- 导出表中的数据 `svcart_tag_i18ns`
--

INSERT INTO `svcart_tag_i18ns` (`id`, `locale`, `tag_id`, `name`, `created`, `modified`) VALUES
(1, 'cht', 24, 'SV-Cart', '2009-09-08 02:40:55', '2009-09-08 02:40:55'),
(2, 'cht', 23, '休闲裤', '2009-09-07 07:36:32', '2009-09-07 07:36:32'),
(3, 'cht', 22, '休闲裤', '2009-09-07 07:36:12', '2009-09-07 07:36:12'),
(4, 'chi', 5, '监狱服', '2009-08-17 07:30:49', '2009-08-17 07:30:49'),
(5, 'chi', 6, '卫衣', '2009-08-17 07:31:07', '2009-08-17 07:31:07'),
(6, 'cht', 21, '休闲裤', '2009-09-07 07:36:00', '2009-09-07 07:36:00'),
(7, 'chi', 4, '非主流', '2009-08-20 03:40:05', '2009-08-20 03:40:05'),
(8, 'chi', 7, '配送须知', '2009-08-25 06:24:45', '2009-08-25 06:24:45'),
(9, 'chi', 8, '用户注册协议 ', '2009-08-25 06:24:55', '2009-08-25 06:24:55'),
(10, 'chi', 9, '欢迎', '2009-08-25 06:25:04', '2009-08-25 06:25:04'),
(11, 'chi', 10, 'GOOGLE', '2009-08-25 06:25:15', '2009-08-25 06:25:15'),
(12, 'chi', 11, 'BAIDU', '2009-08-25 06:25:21', '2009-08-25 06:25:21'),
(13, 'chi', 12, 'SV-CART', '2009-08-25 06:25:38', '2009-08-25 06:25:38'),
(14, 'chi', 13, '本店售价', '2009-08-26 03:02:38', '2009-08-26 03:02:38'),
(15, 'chi', 14, '代销用户', '2009-08-26 03:02:45', '2009-08-26 03:02:45'),
(16, 'chi', 15, '镜面效果', '2009-08-26 03:02:57', '2009-08-26 03:02:57'),
(17, 'chi', 16, '效果', '2009-08-26 03:03:08', '2009-08-26 03:03:08'),
(18, 'chi', 17, '效', '2009-08-26 03:03:12', '2009-08-26 03:03:12'),
(19, 'chi', 18, '评论', '2009-08-26 03:03:18', '2009-08-26 03:03:18'),
(20, 'chi', 19, '论', '2009-08-26 03:03:21', '2009-08-26 03:03:21'),
(21, 'chi', 20, '黑色休闲裤', '2009-09-07 07:35:57', '2009-09-07 07:35:57'),
(22, 'chi', 21, '休闲裤', '2009-09-07 07:36:00', '2009-09-07 07:36:00'),
(23, 'chi', 22, '休闲裤', '2009-09-07 07:36:12', '2009-09-07 07:36:12'),
(24, 'chi', 23, '休闲裤', '2009-09-07 07:36:32', '2009-09-07 07:36:32'),
(25, 'chi', 24, 'SV-Cart', '2009-09-08 02:40:55', '2009-09-08 02:40:55'),
(26, 'chi', 25, '多语言多货币网店系统', '2009-09-08 02:41:15', '2009-09-08 02:41:15'),
(27, 'chi', 26, '订购', '2009-09-11 07:30:17', '2009-09-11 07:30:17'),
(28, 'chi', 27, '购物', '2009-09-11 07:30:21', '2009-09-11 07:30:21'),
(29, 'cht', 20, '黑色休闲裤', '2009-09-07 07:35:57', '2009-09-07 07:35:57'),
(30, 'cht', 19, '论', '2009-08-26 03:03:21', '2009-08-26 03:03:21'),
(31, 'cht', 18, '评论', '2009-08-26 03:03:18', '2009-08-26 03:03:18'),
(32, 'cht', 17, '效', '2009-08-26 03:03:12', '2009-08-26 03:03:12'),
(33, 'cht', 16, '效果', '2009-08-26 03:03:08', '2009-08-26 03:03:08'),
(34, 'cht', 15, '镜面效果', '2009-08-26 03:02:57', '2009-08-26 03:02:57'),
(35, 'cht', 14, '代销用户', '2009-08-26 03:02:45', '2009-08-26 03:02:45'),
(36, 'cht', 13, '本店售价', '2009-08-26 03:02:38', '2009-08-26 03:02:38'),
(37, 'cht', 12, 'SV-CART', '2009-08-25 06:25:38', '2009-08-25 06:25:38'),
(38, 'cht', 11, 'BAIDU', '2009-08-25 06:25:21', '2009-08-25 06:25:21'),
(39, 'cht', 10, 'GOOGLE', '2009-08-25 06:25:15', '2009-08-25 06:25:15'),
(40, 'cht', 9, '欢迎', '2009-08-25 06:25:04', '2009-08-25 06:25:04'),
(41, 'cht', 8, '用户注册协议 ', '2009-08-25 06:24:55', '2009-08-25 06:24:55'),
(42, 'cht', 7, '配送须知', '2009-08-25 06:24:45', '2009-08-25 06:24:45'),
(43, 'cht', 6, '卫衣', '2009-08-17 07:31:07', '2009-08-17 07:31:07'),
(44, 'cht', 5, '监狱服', '2009-08-17 07:30:49', '2009-08-17 07:30:49'),
(45, 'cht', 4, '非主流', '2009-08-20 03:40:05', '2009-08-20 03:40:05'),
(46, 'cht', 25, '多语言多货币网店系统', '2009-09-08 02:41:15', '2009-09-08 02:41:15'),
(47, 'cht', 26, '订购', '2009-09-11 07:30:17', '2009-09-11 07:30:17'),
(48, 'cht', 27, '购物', '2009-09-11 07:30:21', '2009-09-11 07:30:21');

--
-- 导出表中的数据 `svcart_templates`
--


--
-- 导出表中的数据 `svcart_topics`
--

INSERT INTO `svcart_topics` (`id`, `start_time`, `end_time`, `template`, `css`, `created`, `modified`) VALUES
(1, '2009-08-01 00:00:00', '2009-12-31 00:00:00', '', '', '2009-08-12 03:40:38', '2009-08-12 03:40:38'),
(2, '2009-09-01 00:00:00', '2010-02-28 00:00:00', '', '', '2009-09-11 07:35:20', '2009-09-11 07:35:20'),
(3, '2009-09-01 00:00:00', '2010-02-28 00:00:00', '', '', '2009-09-11 07:35:23', '2009-09-11 07:35:23'),
(4, '2009-09-01 00:00:00', '2010-02-28 00:00:00', '', '', '2009-09-11 07:35:28', '2009-09-11 07:35:28'),
(5, '2009-09-01 00:00:00', '2010-02-28 00:00:00', '', '', '2009-09-11 07:35:30', '2009-09-11 07:35:30'),
(6, '2009-09-01 00:00:00', '2010-02-28 00:00:00', '', '', '2009-09-11 07:35:32', '2009-09-11 07:35:32'),
(7, '2009-09-01 00:00:00', '2010-02-28 00:00:00', '', '', '2009-09-11 07:35:34', '2009-09-11 07:35:34'),
(8, '2009-09-01 00:00:00', '2010-02-28 00:00:00', '', '', '2009-09-11 07:35:36', '2009-09-11 07:35:36'),
(9, '2009-09-01 00:00:00', '2010-02-28 00:00:00', '', '', '2009-09-11 07:35:39', '2009-09-11 07:35:39'),
(10, '2009-09-01 00:00:00', '2010-02-28 00:00:00', '', '', '2009-09-11 07:35:41', '2009-09-11 07:35:41'),
(11, '2009-09-01 00:00:00', '2010-02-28 00:00:00', '', '', '2009-09-11 07:35:43', '2009-09-11 07:35:43'),
(12, '2009-09-01 00:00:00', '2010-02-28 00:00:00', '', '', '2009-09-11 07:35:45', '2009-09-11 07:35:45'),
(13, '2009-09-01 00:00:00', '2010-02-28 00:00:00', '', '', '2009-09-11 07:35:49', '2009-09-11 07:35:49');

--
-- 导出表中的数据 `svcart_topic_i18ns`
--

INSERT INTO `svcart_topic_i18ns` (`id`, `locale`, `topic_id`, `title`, `intro`, `meta_keywords`, `meta_description`, `created`, `modified`) VALUES
(1, 'chi', 1, 'SV-Cart专题', '<p>免费版v1.0发布<br /> 功能介绍（包括免费版与商业版的功能对比）<br /> 免费、开源：SV-CART网上商城系统是一款开源免费的网上商城系统，是一套集网上购物和网站内容管理于一体的电子商务解决方案。<br /> 操作便捷、功能强劲：SV-CART系统注重操作上的便捷易用与功能上的强大完善，使您能方便自主的管理自己的网上店铺。前台：网上购物、会员管理、商品 检 索等网上商店所需要的功能。后台：强大简便的网站内容管理功能，只需轻点鼠标、简单录入即可完成网上商城管理，如网站模板更换、编辑商品栏目、发货管理、 订单管理、批量导入数据功能、整合多种主流支付通道、内置多国语言等等。<br /> 性能好、速度快：SV-CART系统在网站速度上采用专业手段进行优化，速度快、性能好、操作便捷、安全性高。更可根据客户需求进行搜索引擎优化，使您在GOOGLE、BAIDU的搜索结果上名列前茅。</p>', 'SV-Cart', 'SV-Cart', '2009-08-12 03:40:38', '2009-08-12 03:40:38'),
(2, 'eng', 1, 'SV-Cart TOPIC', '<p>免费版v1.0发布<br /> 功能介绍（包括免费版与商业版的功能对比）<br /> 免费、开源：SV-CART网上商城系统是一款开源免费的网上商城系统，是一套集网上购物和网站内容管理于一体的电子商务解决方案。<br /> 操作便捷、功能强劲：SV-CART系统注重操作上的便捷易用与功能上的强大完善，使您能方便自主的管理自己的网上店铺。前台：网上购物、会员管理、商品 检 索等网上商店所需要的功能。后台：强大简便的网站内容管理功能，只需轻点鼠标、简单录入即可完成网上商城管理，如网站模板更换、编辑商品栏目、发货管理、 订单管理、批量导入数据功能、整合多种主流支付通道、内置多国语言等等。<br /> 性能好、速度快：SV-CART系统在网站速度上采用专业手段进行优化，速度快、性能好、操作便捷、安全性高。更可根据客户需求进行搜索引擎优化，使您在GOOGLE、BAIDU的搜索结果上名列前茅。</p>', 'SV-Cart', 'SV-Cart', '2009-08-12 03:40:38', '2009-08-12 03:40:38'),
(3, 'cht', 12, 'SV-Cart专题', '<p>SV-Cart专题</p>', 'SV-Cart专题', 'SV-Cart专题', '2009-09-11 07:35:45', '2009-09-11 07:35:45'),
(4, 'cht', 11, 'SV-Cart专题', '<p>SV-Cart专题</p>', 'SV-Cart专题', 'SV-Cart专题', '2009-09-11 07:35:43', '2009-09-11 07:35:43'),
(5, 'cht', 10, 'SV-Cart专题', '<p>SV-Cart专题</p>', 'SV-Cart专题', 'SV-Cart专题', '2009-09-11 07:35:41', '2009-09-11 07:35:41'),
(6, 'cht', 9, 'SV-Cart专题', '<p>SV-Cart专题</p>', 'SV-Cart专题', 'SV-Cart专题', '2009-09-11 07:35:39', '2009-09-11 07:35:39'),
(7, 'cht', 8, 'SV-Cart专题', '<p>SV-Cart专题</p>', 'SV-Cart专题', 'SV-Cart专题', '2009-09-11 07:35:36', '2009-09-11 07:35:36'),
(8, 'cht', 7, 'SV-Cart专题', '<p>SV-Cart专题</p>', 'SV-Cart专题', 'SV-Cart专题', '2009-09-11 07:35:34', '2009-09-11 07:35:34'),
(9, 'cht', 6, 'SV-Cart专题', '<p>SV-Cart专题</p>', 'SV-Cart专题', 'SV-Cart专题', '2009-09-11 07:35:32', '2009-09-11 07:35:32'),
(10, 'cht', 5, 'SV-Cart专题', '<p>SV-Cart专题</p>', 'SV-Cart专题', 'SV-Cart专题', '2009-09-11 07:35:30', '2009-09-11 07:35:30'),
(11, 'cht', 4, 'SV-Cart专题', '<p>SV-Cart专题</p>', 'SV-Cart专题', 'SV-Cart专题', '2009-09-11 07:35:28', '2009-09-11 07:35:28'),
(12, 'chi', 2, 'SV-Cart专题', '<p>SV-Cart专题</p>', 'SV-Cart专题', 'SV-Cart专题', '2009-09-11 07:35:20', '2009-09-11 07:35:20'),
(13, 'eng', 2, 'SV-Cart专题', '<p>SV-Cart专题</p>', 'SV-Cart专题', 'SV-Cart专题', '2009-09-11 07:35:20', '2009-09-11 07:35:20'),
(14, 'chi', 3, 'SV-Cart专题', '<p>SV-Cart专题</p>', 'SV-Cart专题', 'SV-Cart专题', '2009-09-11 07:35:23', '2009-09-11 07:35:23'),
(15, 'eng', 3, 'SV-Cart专题', '<p>SV-Cart专题</p>', 'SV-Cart专题', 'SV-Cart专题', '2009-09-11 07:35:23', '2009-09-11 07:35:23'),
(16, 'chi', 4, 'SV-Cart专题', '<p>SV-Cart专题</p>', 'SV-Cart专题', 'SV-Cart专题', '2009-09-11 07:35:28', '2009-09-11 07:35:28'),
(17, 'eng', 4, 'SV-Cart专题', '<p>SV-Cart专题</p>', 'SV-Cart专题', 'SV-Cart专题', '2009-09-11 07:35:28', '2009-09-11 07:35:28'),
(18, 'chi', 5, 'SV-Cart专题', '<p>SV-Cart专题</p>', 'SV-Cart专题', 'SV-Cart专题', '2009-09-11 07:35:30', '2009-09-11 07:35:30'),
(19, 'eng', 5, 'SV-Cart专题', '<p>SV-Cart专题</p>', 'SV-Cart专题', 'SV-Cart专题', '2009-09-11 07:35:30', '2009-09-11 07:35:30'),
(20, 'chi', 6, 'SV-Cart专题', '<p>SV-Cart专题</p>', 'SV-Cart专题', 'SV-Cart专题', '2009-09-11 07:35:32', '2009-09-11 07:35:32'),
(21, 'eng', 6, 'SV-Cart专题', '<p>SV-Cart专题</p>', 'SV-Cart专题', 'SV-Cart专题', '2009-09-11 07:35:32', '2009-09-11 07:35:32'),
(22, 'chi', 7, 'SV-Cart专题', '<p>SV-Cart专题</p>', 'SV-Cart专题', 'SV-Cart专题', '2009-09-11 07:35:34', '2009-09-11 07:35:34'),
(23, 'eng', 7, 'SV-Cart专题', '<p>SV-Cart专题</p>', 'SV-Cart专题', 'SV-Cart专题', '2009-09-11 07:35:34', '2009-09-11 07:35:34'),
(24, 'chi', 8, 'SV-Cart专题', '<p>SV-Cart专题</p>', 'SV-Cart专题', 'SV-Cart专题', '2009-09-11 07:35:36', '2009-09-11 07:35:36'),
(25, 'eng', 8, 'SV-Cart专题', '<p>SV-Cart专题</p>', 'SV-Cart专题', 'SV-Cart专题', '2009-09-11 07:35:36', '2009-09-11 07:35:36'),
(26, 'chi', 9, 'SV-Cart专题', '<p>SV-Cart专题</p>', 'SV-Cart专题', 'SV-Cart专题', '2009-09-11 07:35:39', '2009-09-11 07:35:39'),
(27, 'eng', 9, 'SV-Cart专题', '<p>SV-Cart专题</p>', 'SV-Cart专题', 'SV-Cart专题', '2009-09-11 07:35:39', '2009-09-11 07:35:39'),
(28, 'chi', 10, 'SV-Cart专题', '<p>SV-Cart专题</p>', 'SV-Cart专题', 'SV-Cart专题', '2009-09-11 07:35:41', '2009-09-11 07:35:41'),
(29, 'eng', 10, 'SV-Cart专题', '<p>SV-Cart专题</p>', 'SV-Cart专题', 'SV-Cart专题', '2009-09-11 07:35:41', '2009-09-11 07:35:41'),
(30, 'chi', 11, 'SV-Cart专题', '<p>SV-Cart专题</p>', 'SV-Cart专题', 'SV-Cart专题', '2009-09-11 07:35:43', '2009-09-11 07:35:43'),
(31, 'eng', 11, 'SV-Cart专题', '<p>SV-Cart专题</p>', 'SV-Cart专题', 'SV-Cart专题', '2009-09-11 07:35:43', '2009-09-11 07:35:43'),
(32, 'chi', 12, 'SV-Cart专题', '<p>SV-Cart专题</p>', 'SV-Cart专题', 'SV-Cart专题', '2009-09-11 07:35:45', '2009-09-11 07:35:45'),
(33, 'eng', 12, 'SV-Cart专题', '<p>SV-Cart专题</p>', 'SV-Cart专题', 'SV-Cart专题', '2009-09-11 07:35:45', '2009-09-11 07:35:45'),
(34, 'chi', 13, 'SV-Cart专题', '<p>SV-Cart专题</p>', 'SV-Cart专题', 'SV-Cart专题', '2009-09-11 07:35:49', '2009-09-11 07:35:49'),
(35, 'eng', 13, 'SV-Cart专题', '<p>SV-Cart专题</p>', 'SV-Cart专题', 'SV-Cart专题', '2009-09-11 07:35:49', '2009-09-11 07:35:49'),
(36, 'cht', 3, 'SV-Cart专题', '<p>SV-Cart专题</p>', 'SV-Cart专题', 'SV-Cart专题', '2009-09-11 07:35:23', '2009-09-11 07:35:23'),
(37, 'cht', 2, 'SV-Cart专题', '<p>SV-Cart专题</p>', 'SV-Cart专题', 'SV-Cart专题', '2009-09-11 07:35:20', '2009-09-11 07:35:20'),
(38, 'cht', 1, 'SV-Cart专题', '<p>免费版v1.0发布<br /> 功能介绍（包括免费版与商业版的功能对比）<br /> 免费、开源：SV-CART网上商城系统是一款开源免费的网上商城系统，是一套集网上购物和网站内容管理于一体的电子商务解决方案。<br /> 操作便捷、功能强劲：SV-CART系统注重操作上的便捷易用与功能上的强大完善，使您能方便自主的管理自己的网上店铺。前台：网上购物、会员管理、商品 检 索等网上商店所需要的功能。后台：强大简便的网站内容管理功能，只需轻点鼠标、简单录入即可完成网上商城管理，如网站模板更换、编辑商品栏目、发货管理、 订单管理、批量导入数据功能、整合多种主流支付通道、内置多国语言等等。<br /> 性能好、速度快：SV-CART系统在网站速度上采用专业手段进行优化，速度快、性能好、操作便捷、安全性高。更可根据客户需求进行搜索引擎优化，使您在GOOGLE、BAIDU的搜索结果上名列前茅。</p>', 'SV-Cart', 'SV-Cart', '2009-08-12 03:40:38', '2009-08-12 03:40:38'),
(39, 'cht', 13, 'SV-Cart专题', '<p>SV-Cart专题</p>', 'SV-Cart专题', 'SV-Cart专题', '2009-09-11 07:35:49', '2009-09-11 07:35:49');

--
-- 导出表中的数据 `svcart_topic_products`
--

INSERT INTO `svcart_topic_products` (`id`, `store_id`, `topic_id`, `product_id`, `price`, `orderby`, `status`, `created`, `modified`) VALUES
(1, 0, 1, 42, 0.00, 50, '1', '2009-08-13 07:40:53', '2009-08-13 07:40:53'),
(2, 0, 1, 35, 0.00, 50, '1', '2009-08-13 07:40:56', '2009-08-13 07:40:56');

--
-- 导出表中的数据 `svcart_users`
--

INSERT INTO `svcart_users` (`id`, `locale`, `domain`, `name`, `first_name`, `last_name`, `password`, `email`, `address_id`, `question`, `answer`, `balance`, `frozen`, `point`, `user_point`, `login_times`, `login_ipaddr`, `last_login_time`, `rank`, `status`, `verify_status`, `unvalidate_note`, `birthday`, `sex`, `parent_id`, `created`, `modified`) VALUES
(1, ' ', ' ', 'ginsmap', NULL, NULL, 'c9d2509b668d16b02d8a95cb890e286f', 'XXWW@seevia.cn', '0', '我的姓名', 'xiaoweiwei', 715840.00, 0.00, 1227, 1360, 1, '192.168.10.178', '2009-09-24 15:46:37', 1, '1', '0', '', '0000-00-00', '0', 0, '2009-08-11 01:57:46', '2009-09-22 18:17:14'),
(2, ' ', ' ', 'gintest', NULL, NULL, 'c9d2509b668d16b02d8a95cb890e286f', 'lostmoli20@163.com', '0', '我的姓名', 'xiaoweiwei', 0.00, 0.00, 0, 10, 1, '192.168.10.178', '2009-08-13 08:06:24', 0, '1', '0', '', NULL, '0', 0, '2009-08-13 08:06:24', '2009-08-13 08:06:24'),
(3, ' ', ' ', 'wren', NULL, NULL, '96e79218965eb72c92a549dd5a330112', 'wren@hotmail.com', '0', '最喜欢的颜色', '蓝色', 0.00, 0.00, 170, 180, 1, '192.168.10.172', '2009-09-15 03:17:20', 0, '1', '0', '', '2009-08-10', '0', 0, '2009-08-17 06:35:30', '2009-08-17 07:16:27'),
(4, ' ', ' ', 'gintest_17', NULL, NULL, '96e79218965eb72c92a549dd5a330112', 'dsv@sssseevia.cn', '0', '我的姓名', 'xiaoweiwei', 0.00, 0.00, 10, 10, 1, '192.168.10.178', '2009-08-17 07:05:24', 0, '1', '0', '', '0000-00-00', '0', 0, '2009-08-17 07:05:24', '2009-09-22 18:15:47'),
(5, ' ', ' ', 'leo.wanta', NULL, NULL, '96e79218965eb72c92a549dd5a330112', '23148953@qq.com', '0', '我的姓名', '郑力', 0.00, 0.00, 315, 315, 1, '192.168.10.155', '2009-08-19 07:00:32', 2, '1', '0', '', '0000-00-00', '0', 0, '2009-08-19 07:00:32', '2009-09-22 18:17:43'),
(6, ' ', ' ', 'EmailEmail', NULL, NULL, 'b285b2255c7b7d9f579757121544ac3c', 'EmailEmail@Email.com', '0', '我的姓名', 'Email', 0.00, 0.00, 10, 10, 1, '192.168.10.155', '2009-08-19 07:58:25', 0, '1', '0', '', NULL, '0', 5, '2009-08-19 07:58:25', '2009-08-19 07:58:25'),
(7, ' ', ' ', 'gaosixiaoer', NULL, NULL, '96e79218965eb72c92a549dd5a330112', 'asdv@163.cn', '0', 'My name', 'xiaoweiwei', 0.00, 0.00, 10, 10, 1, '192.168.10.178', '2009-08-20 02:59:40', 0, '1', '0', '', '0000-00-00', '0', 0, '2009-08-20 02:59:40', '2009-09-22 18:16:08'),
(8, ' ', ' ', 'www.sina.com', NULL, NULL, '96e79218965eb72c92a549dd5a330112', 'www@sina.com', '0', '我的姓名', '不知道', 100047.00, 5.00, 61, 10, 1, '192.168.10.151', '2009-08-25 09:04:49', 3, '1', '1', '', '0000-00-00', '0', 0, '2009-08-24 10:27:28', '2009-09-22 18:18:03'),
(9, ' ', ' ', 'address_test', NULL, NULL, 'c9d2509b668d16b02d8a95cb890e286f', 'scvcx@162.cn', '0', '最喜欢的颜色', '黑白', 0.00, 0.00, 10, 10, 1, '192.168.10.178', '2009-09-18 10:16:15', 0, '1', '0', '', '0000-00-00', '0', 0, '2009-09-18 10:16:15', '2009-09-22 18:16:24'),
(10, ' ', ' ', 'jiang', NULL, NULL, 'e10adc3949ba59abbe56e057f20f883e', 'savc@s.cn', '0', '我的姓名', 'jiang', 0.00, 0.00, 10, 10, 1, '192.168.10.154', '2009-09-29 10:55:39', 0, '1', '0', '', '0000-00-00', '0', 0, '2009-09-22 15:54:42', '2009-09-22 18:16:50'),
(11, ' ', ' ', 'wateres', NULL, NULL, 'fd7f477c6d4cb129793ae03fd52c2be8', 'wateres@16333.comn', '0', '我的姓名', '33er', 0.00, 0.00, 21360, 21360, 1, '192.168.10.101', '2009-09-27 18:42:48', 0, '1', '1', '', NULL, '0', 0, '2009-09-27 18:42:48', '2009-09-27 18:42:48');

--
-- 导出表中的数据 `svcart_user_accounts`
--

INSERT INTO `svcart_user_accounts` (`id`, `user_id`, `user_note`, `amount`, `paid_time`, `admin_user`, `admin_note`, `process_type`, `payment`, `status`, `created`, `modified`) VALUES
(1, 5, '', 11212.00, '2009-07-03 05:57:01', '', '', '0', '3', '0', '2009-08-20 03:28:43', '2009-08-20 03:28:43'),
(2, 5, '', 323.00, '2009-07-03 05:57:01', '', '', '0', '7', '0', '2009-08-20 03:29:06', '2009-08-20 03:29:06'),
(3, 5, '', 323.00, '2009-07-03 05:57:01', '', '', '0', '8', '0', '2009-08-20 03:29:16', '2009-08-20 03:29:16'),
(4, 5, '', 323.00, '2009-07-03 05:57:01', '', '', '0', '4', '0', '2009-08-20 03:29:36', '2009-08-20 03:29:36'),
(5, 5, '', 323.00, '2009-07-03 05:57:01', '', '', '0', '4', '0', '2009-08-20 03:29:37', '2009-08-20 03:29:37'),
(6, 8, '', 50.00, '2009-07-03 05:57:01', '', '', '0', '5', '0', '2009-08-26 05:06:42', '2009-08-26 05:06:42'),
(7, 1, '', 100.00, '2009-07-03 05:57:01', '', '', '0', '3', '0', '2009-09-11 07:23:55', '2009-09-11 07:23:55');

--
-- 导出表中的数据 `svcart_user_addresses`
--

INSERT INTO `svcart_user_addresses` (`id`, `name`, `first_name`, `last_name`, `user_id`, `consignee`, `email`, `address`, `zipcode`, `telephone`, `mobile`, `sign_building`, `best_time`, `regions`, `region_param01`, `region_param02`, `created`, `modified`) VALUES
(1, 'ginsmap', NULL, NULL, 1, 'ginsmap', 'shenyunfeng@seevia.cn', '宝山 共康六村 xx号 xx室', '', '', '1399999999', '', '只双休日,假日送货(工作日不用送)', '1 10 110 ', NULL, NULL, '2009-08-11 01:57:46', '2009-08-11 04:00:43'),
(2, 'gintest', NULL, NULL, 2, 'gintest', 'lostmoli20@163.com', '4343456454', '', '', '12345', '', '工作日，双休日与节假日均可送货', '1 10 110 ', NULL, NULL, '2009-08-13 08:06:24', '2009-08-13 08:08:22'),
(3, 'wren', NULL, NULL, 3, 'wren', 'wren@hotmail.com', '东方路3000号', '200989', '65627668', '13900928390', '由由国际', '只双休日,假日送货(工作日不用送)', '1 10 110 ', NULL, NULL, '2009-08-17 06:35:30', '2009-08-17 07:16:27'),
(4, 'gintest_17', NULL, NULL, 4, 'gintest_17', 'shenyunfeng@sssseevia.cn', '122345fdtf3', '', '', '3432', '', '', '1 10 110 ', NULL, NULL, '2009-08-17 07:05:24', '2009-08-17 07:06:07'),
(5, 'leo.wanta', NULL, NULL, 5, 'leo.wanta', '23148953@qq.com', 'leo.wantaleo.wanta', '', '123456789', '123456789', 'leo.wanta', '', '1 10 110 ', NULL, NULL, '2009-08-19 07:00:32', '2009-08-20 03:46:04'),
(6, 'EmailEmail', NULL, NULL, 6, 'EmailEmail', 'EmailEmail@Email.com', '址址址址址址址址址', '200135', '13524412721', '13524412721', '址址址址址', '', '1 10 110 ', NULL, NULL, '2009-08-19 07:58:25', '2009-08-19 08:02:22'),
(7, 'gaosixiaoer', NULL, NULL, 7, 'gaosixiaoer', 'shenyunfeng@163.cn', '2435345325325', '', '', '454654325324532', '', '工作日，双休日与节假日均可送货', '1 10 110 ', NULL, NULL, '2009-08-20 02:59:40', '2009-08-20 03:16:48'),
(8, 'www.sina.com', NULL, NULL, 8, 'www.sina.com', 'www@sina.com', 'QTLP673C-RTR 数据手册, QTLP673C-RTR 芯片手册, QTLP673C-RTR 电路', '', '654321', '12345678901', '', '', '1 31 358 ', NULL, NULL, '2009-08-24 10:27:28', '2009-08-26 01:44:47'),
(14, 'watereshhjjkkkk', NULL, NULL, 11, 'wateres', 'wateres@16333.comn', 'shajjhffddssaa,jfrddx', '', '12324', '33222345', '', '工作日，双休日与节假日均可送货', '1 32 364 ', NULL, NULL, '2009-09-27 18:42:48', '2009-09-27 18:47:57'),
(10, 'address_test', NULL, NULL, 9, 'address_test', 'shenyunfeng@162.cn', '', '', '', '', '', '', '请选择 ', NULL, NULL, '2009-09-18 10:16:15', '2009-09-18 10:16:15'),
(11, 'jiang', NULL, NULL, 10, 'jiang', 'jiangqixun@seevia.cn', 'dsfsfsdfsdf', '', '', '4324324443', '', '工作日，双休日与节假日均可送货', '1 10 110 ', NULL, NULL, '2009-09-22 15:54:42', '2009-09-22 16:25:42');

--
-- 导出表中的数据 `svcart_user_balance_logs`
--

INSERT INTO `svcart_user_balance_logs` (`id`, `user_id`, `amount`, `admin_user`, `admin_note`, `system_note`, `log_type`, `type_id`, `created`, `modified`) VALUES
(1, 1, 858585.00, 'seevia', '', '管理员:seevia 增加该用户资金', 'A', '0', '2009-08-11 03:53:04', '2009-08-11 03:53:04'),
(2, 1, -1232.00, '', '', '订单消费', 'O', '1', '2009-08-11 05:13:22', '2009-08-11 05:13:22'),
(3, 1, -898.00, '', '', '订单消费', 'O', '2', '2009-08-11 05:26:13', '2009-08-11 05:26:13'),
(4, 1, -898.00, '', '', '订单消费', 'O', '4', '2009-08-11 06:27:58', '2009-08-11 06:27:58'),
(5, 1, -4276.00, '', '', '订单消费', 'O', '5', '2009-08-11 06:29:43', '2009-08-11 06:29:43'),
(6, 1, -14010.00, '', '', '订单消费', 'O', '12', '2009-08-12 10:00:05', '2009-08-12 10:00:05'),
(7, 1, -947.00, '', '', '订单消费', 'O', '1', '2009-08-12 10:27:43', '2009-08-12 10:27:43'),
(8, 1, -14204.00, '', '', '订单消费', 'O', '7', '2009-08-19 02:36:43', '2009-08-19 02:36:43'),
(9, 1, -53140.00, '', '', '订单消费', 'O', '8', '2009-08-19 02:40:16', '2009-08-19 02:40:16'),
(10, 1, -53140.00, '', '', '订单消费', 'O', '9', '2009-08-19 02:40:30', '2009-08-19 02:40:30'),
(11, 5, 0.00, '', '', '分成被管理员取消！', 'A', '', '2009-08-20 05:38:30', '2009-08-20 05:38:30'),
(12, 8, 100047.00, 'seevia', '', '管理员:seevia 增加该用户资金', 'A', '0', '2009-08-26 05:08:58', '2009-08-26 05:08:58');

--
-- 导出表中的数据 `svcart_user_configs`
--

INSERT INTO `svcart_user_configs` (`id`, `user_id`, `user_rank`, `code`, `type`, `value`, `orderby`, `created`, `modified`) VALUES
(1, 0, 0, '', 'text', '', 50, '2009-08-20 02:46:17', '2009-08-20 02:46:17');

--
-- 导出表中的数据 `svcart_user_config_i18ns`
--

INSERT INTO `svcart_user_config_i18ns` (`id`, `locale`, `user_config_id`, `code`, `name`, `description`, `user_config_values`, `created`, `modified`) VALUES
(1, 'chi', 1, '', '备用email地址', '备用email地址', '', '2009-08-20 02:46:17', '2009-08-20 02:46:17'),
(2, 'eng', 1, '', '备用email地址', '备用email地址', '', '2009-08-20 02:46:17', '2009-08-20 02:46:17'),
(3, 'cht', 1, '', '备用email地址', '备用email地址', '', '2009-08-20 02:46:17', '2009-08-20 02:46:17');

--
-- 导出表中的数据 `svcart_user_favorites`
--

INSERT INTO `svcart_user_favorites` (`id`, `user_id`, `type`, `type_id`, `status`, `created`, `modified`) VALUES
(1, 1, 'p', 43, '1', '2009-08-13 08:21:53', '2009-08-13 08:21:53'),
(2, 3, 'p', 19, '1', '2009-08-17 06:41:47', '2009-08-17 06:41:47'),
(3, 3, 'p', 50, '1', '2009-08-17 06:46:03', '2009-08-17 06:46:03'),
(4, 3, 'p', 5, '1', '2009-08-17 06:53:25', '2009-08-17 06:53:25'),
(5, 3, 'p', 51, '1', '2009-08-17 06:53:46', '2009-08-17 06:53:46'),
(6, 3, 'p', 16, '1', '2009-08-17 07:30:21', '2009-08-17 07:30:21'),
(7, 8, 'p', 45, '1', '2009-08-25 10:12:39', '2009-08-25 10:12:39'),
(8, 8, 'p', 41, '1', '2009-08-25 10:12:53', '2009-08-25 10:12:53'),
(9, 8, 'p', 43, '1', '2009-08-25 10:13:00', '2009-08-25 10:13:00'),
(10, 8, 'p', 48, '1', '2009-08-25 10:13:14', '2009-08-25 10:13:14'),
(11, 1, 'p', 16, '1', '2009-09-11 07:15:55', '2009-09-11 07:15:55'),
(12, 1, 'p', 2, '1', '2009-09-11 07:16:00', '2009-09-11 07:16:00'),
(13, 1, 'p', 58, '1', '2009-09-11 07:16:03', '2009-09-11 07:16:03'),
(14, 1, 'p', 47, '1', '2009-09-11 07:16:07', '2009-09-11 07:16:07');

--
-- 导出表中的数据 `svcart_user_friends`
--

INSERT INTO `svcart_user_friends` (`id`, `user_id`, `cat_id`, `contact_name`, `contact_mobile`, `contact_email`, `contact_user_name`, `birthday`, `birthday_wishes`, `remark`, `last_time`, `address`, `constellation`, `personality`, `sex`, `contact_other_email`, `created`, `modified`) VALUES
(1, 1, 1, '我的好友', '', '', '', '0000-00-00 00:00:00', '', NULL, '2008-01-01 00:00:00', '', '', '', '0', '', '2009-08-13 08:22:32', '2009-09-11 07:19:50'),
(2, 1, 1, 'my friend', '13900000000', 'friend@friend.com', 'friend', '0000-00-00 00:00:00', '', NULL, '2008-01-01 00:00:00', '', '', '', '0', '', '2009-08-13 08:28:32', '2009-09-11 07:20:23'),
(3, 3, 2, 'hobby', '', '', '', '0000-00-00 00:00:00', '', NULL, '2008-01-01 00:00:00', '', '', '', '0', '', '2009-08-17 06:51:40', '2009-08-17 06:51:40'),
(4, 3, 2, '小Q', '', '', '', '0000-00-00 00:00:00', '', NULL, '2008-01-01 00:00:00', '', '', '', '0', '', '2009-08-17 07:35:21', '2009-08-17 07:35:21'),
(5, 8, 2, '配送方式', '1234567890', '123@456.com', 'Email', '0000-00-00 00:00:00', '', NULL, '2008-01-01 00:00:00', '欢迎使用上海实玮电子商务系统[SV-Cart]', '', '', '0', '123@456.com', '2009-08-26 02:16:31', '2009-08-26 02:16:31'),
(6, 8, 1, '姓名', '2333345678', '123@456.com', 'Email', '0000-00-00 00:00:00', '', NULL, '2008-01-01 00:00:00', '欢迎使用上海实玮电子商务系统[SV-Cart]', '', '', '0', '123@456.com', '2009-08-26 02:17:10', '2009-08-26 02:17:10');

--
-- 导出表中的数据 `svcart_user_friend_cats`
--

INSERT INTO `svcart_user_friend_cats` (`id`, `cat_name`, `cat_desc`, `parent_id`, `user_id`, `created`, `modified`) VALUES
(2, '我的好友', '', 0, 0, '2009-08-14 15:33:46', '2009-08-14 15:33:46'),
(1, '我的家人', '', 0, 0, '2009-08-14 15:34:56', '2009-08-14 15:34:56');

--
-- 导出表中的数据 `svcart_user_infos`
--

INSERT INTO `svcart_user_infos` (`id`, `type`, `status`, `front`, `backend`, `section`, `orderby`, `created`, `modified`) VALUES
(1, 'text', '1', '1', '0', '免费版', 50, '2009-09-17 08:36:21', '2009-09-17 08:36:21'),
(2, 'text', '1', '1', '0', '免费版', 50, '2009-09-17 08:36:33', '2009-09-17 08:36:33'),
(3, 'text', '1', '1', '0', '免费版', 50, '2009-09-17 08:36:46', '2009-09-17 08:36:46');

--
-- 导出表中的数据 `svcart_user_info_i18ns`
--

INSERT INTO `svcart_user_info_i18ns` (`id`, `locale`, `user_info_id`, `name`, `user_info_values`, `message`, `remark`, `created`, `modified`) VALUES
(1, 'cht', 3, '注册IP', '', '注册IP', '注册IP', '2009-09-17 08:36:46', '2009-09-17 08:36:46'),
(2, 'eng', 1, 'MSN', '', 'MSN', 'MSN', '2009-09-17 08:36:21', '2009-09-17 08:36:21'),
(3, 'cht', 1, 'MSN', '', 'MSN', 'MSN', '2009-09-17 08:36:21', '2009-09-17 08:36:21'),
(4, 'cht', 2, 'QQ', '', 'QQ', 'QQ', '2009-09-17 08:36:33', '2009-09-17 08:36:33'),
(5, 'eng', 2, 'QQ', '', 'QQ', 'QQ', '2009-09-17 08:36:33', '2009-09-17 08:36:33'),
(6, 'chi', 2, 'QQ', '', 'QQ', 'QQ', '2009-09-17 08:36:33', '2009-09-17 08:36:33'),
(7, 'eng', 3, '注册IP', '', '注册IP', '注册IP', '2009-09-17 08:36:46', '2009-09-17 08:36:46'),
(8, 'chi', 3, '注册IP', '', '注册IP', '注册IP', '2009-09-17 08:36:46', '2009-09-17 08:36:46'),
(9, 'chi', 1, 'MSN', '', 'MSN', 'MSN', '2009-09-17 08:36:21', '2009-09-17 08:36:21');

--
-- 导出表中的数据 `svcart_user_info_values`
--


--
-- 导出表中的数据 `svcart_user_messages`
--

INSERT INTO `svcart_user_messages` (`id`, `parent_id`, `user_id`, `user_name`, `user_email`, `msg_title`, `msg_type`, `type`, `msg_content`, `message_img`, `value_id`, `status`, `created`, `modified`) VALUES
(1, 0, 1, 'ginsmap', '', '洗后会缩水嘛？', 2, 'P', '洗后会缩水嘛？\n', '0', 43, '1', '2009-08-11 02:08:57', '2009-08-11 02:08:57'),
(3, 1, 0, 'seevia', '', '', 0, '', '保证不会缩水  请放心购买', '0', 0, '0', '2009-08-11 02:09:41', '2009-08-11 02:09:41'),
(4, 0, 3, 'wren', '', '有没有发票和3保？', 2, 'P', '有没有发票和3保？', '0', 19, '0', '2009-08-17 06:42:39', '2009-08-17 06:42:39'),
(5, 0, 3, 'wren', 'wren@hotmail.com', '运费是超出多重要加费？', 0, '', '运费是超出多重要加费？', '0', 0, '0', '2009-08-17 07:22:13', '2009-08-17 07:22:13'),
(6, 0, 1, 'ginsmap', '', '提问', 2, 'P', '等待回答', '0', 46, '1', '2009-08-19 05:02:17', '2009-08-19 05:02:17'),
(8, 6, 0, 'seevia', '', '', 0, '', '已经回答', '0', 0, '0', '2009-08-19 05:03:08', '2009-08-19 05:03:08'),
(9, 0, 8, 'www.sina.com', 'www@sina.com', '欢迎使用上海实玮电子商务系统[SV-Cart]', 0, '', '# Shall the boy wait? \r\n要这孩子等吗？\r\n# Tell him to wait. \r\n叫他等着。', '0', 0, '0', '2009-08-26 02:47:16', '2009-08-26 02:47:16'),
(10, 0, 8, 'www.sina.com', 'www@sina.com', '欢迎使用上海实玮电子商务系统[SV-Cart]', 1, '', '# Shall the boy wait? \r\n要这孩子等吗？\r\n# Tell him to wait. \r\n叫他等着。', '0', 0, '0', '2009-08-26 02:47:22', '2009-08-26 02:47:22'),
(11, 0, 8, 'www.sina.com', 'www@sina.com', '欢迎使用上海实玮电子商务系统[SV-Cart]', 2, '', '# Shall the boy wait? \r\n要这孩子等吗？\r\n# Tell him to wait. \r\n叫他等着。', '0', 0, '0', '2009-08-26 02:47:30', '2009-08-26 02:47:30'),
(12, 0, 8, 'www.sina.com', 'www@sina.com', '欢迎使用上海实玮电子商务系统[SV-Cart]', 3, '', '# Shall the boy wait? \r\n要这孩子等吗？\r\n# Tell him to wait. \r\n叫他等着。', '0', 0, '0', '2009-08-26 02:47:36', '2009-08-26 02:47:36'),
(13, 0, 8, 'www.sina.com', 'www@sina.com', '欢迎使用上海实玮电子商务系统[SV-Cart]', 5, '', '如何付款/退款\r\n\r\n    * 支付方式\r\n    * 发票制度说明\r\n    * 如何办理退换货', '0', 0, '0', '2009-08-26 02:47:44', '2009-08-26 02:47:44');

--
-- 导出表中的数据 `svcart_user_point_logs`
--

INSERT INTO `svcart_user_point_logs` (`id`, `user_id`, `point`, `admin_user`, `admin_note`, `system_note`, `log_type`, `type_id`, `created`, `modified`) VALUES
(1, 1, 10, '', '', '注册赠送', 'R', '0', '2009-08-11 01:57:46', '2009-08-11 01:57:46'),
(2, 1, -10, '', '', '订单消费', 'O', '1', '2009-08-11 05:13:22', '2009-08-11 05:13:22'),
(3, 1, 30, '', '', '超过订单金额 200 赠送积分', 'B', '1', '2009-08-11 05:13:22', '2009-08-11 05:13:22'),
(4, 1, 20, '', '', '下单送积分', 'B', '1', '2009-08-11 05:13:22', '2009-08-11 05:13:22'),
(5, 1, 20, '', '', '商品 欧式丝光舒适板鞋（女款） 黑色 送积分', 'B', '1', '2009-08-11 05:13:23', '2009-08-11 05:13:23'),
(6, 1, 100, '', '', '商品 高级免烫全棉衬衫（尊贵款） 送积分', 'B', '1', '2009-08-11 05:13:23', '2009-08-11 05:13:23'),
(7, 1, 30, '', '', '超过订单金额 200 赠送积分', 'B', '2', '2009-08-11 05:26:13', '2009-08-11 05:26:13'),
(8, 1, 20, '', '', '下单送积分', 'B', '2', '2009-08-11 05:26:13', '2009-08-11 05:26:13'),
(9, 1, 100, '', '', '商品 高级免烫全棉衬衫（尊贵款） 送积分', 'B', '2', '2009-08-11 05:26:13', '2009-08-11 05:26:13'),
(10, 1, 30, '', '', '超过订单金额 200 赠送积分', 'B', '4', '2009-08-11 06:27:58', '2009-08-11 06:27:58'),
(11, 1, 20, '', '', '下单送积分', 'B', '4', '2009-08-11 06:27:58', '2009-08-11 06:27:58'),
(12, 1, 100, '', '', '商品 高级免烫全棉衬衫（尊贵款） 送积分', 'B', '4', '2009-08-11 06:27:58', '2009-08-11 06:27:58'),
(13, 1, 30, '', '', '超过订单金额 200 赠送积分', 'B', '5', '2009-08-11 06:29:44', '2009-08-11 06:29:44'),
(14, 1, 20, '', '', '下单送积分', 'B', '5', '2009-08-11 06:29:44', '2009-08-11 06:29:44'),
(15, 1, 100, '', '', '商品 高级免烫全棉衬衫（尊贵款） 送积分', 'B', '5', '2009-08-11 06:29:44', '2009-08-11 06:29:44'),
(16, 1, 20, '', '', '商品 欧式丝光舒适板鞋（女款） 黑色 送积分', 'B', '5', '2009-08-11 06:29:44', '2009-08-11 06:29:44'),
(17, 1, -50, '', '', '订单消费', 'O', '12', '2009-08-12 10:00:05', '2009-08-12 10:00:05'),
(18, 1, 30, '', '', '超过订单金额 200 赠送积分', 'B', '12', '2009-08-12 10:00:05', '2009-08-12 10:00:05'),
(19, 1, 20, '', '', '下单送积分', 'B', '12', '2009-08-12 10:00:05', '2009-08-12 10:00:05'),
(20, 1, 100, '', '', '商品 高级免烫全棉衬衫（尊贵款） 送积分', 'B', '12', '2009-08-12 10:00:05', '2009-08-12 10:00:05'),
(21, 1, -50, '', '', '订单消费', 'O', '1', '2009-08-12 10:27:43', '2009-08-12 10:27:43'),
(22, 1, 30, '', '', '超过订单金额 200 赠送积分', 'B', '1', '2009-08-12 10:27:43', '2009-08-12 10:27:43'),
(23, 1, 20, '', '', '下单送积分', 'B', '1', '2009-08-12 10:27:43', '2009-08-12 10:27:43'),
(24, 1, 100, '', '', '商品 高级免烫全棉衬衫（尊贵款） 送积分', 'B', '1', '2009-08-12 10:27:43', '2009-08-12 10:27:43'),
(25, 2, 10, '', '', '注册赠送', 'R', '0', '2009-08-13 08:06:24', '2009-08-13 08:06:24'),
(26, 2, -10, '', '', '订单消费', 'O', '2', '2009-08-13 08:14:11', '2009-08-13 08:14:11'),
(27, 1, -14, '', '', '订单消费', 'O', '3', '2009-08-14 10:35:21', '2009-08-14 10:35:21'),
(28, 3, 10, '', '', '注册赠送', 'R', '0', '2009-08-17 06:35:30', '2009-08-17 06:35:30'),
(29, 3, -10, '', '', '订单消费', 'O', '4', '2009-08-17 06:40:31', '2009-08-17 06:40:31'),
(30, 4, 10, '', '', '注册赠送', 'R', '0', '2009-08-17 07:05:24', '2009-08-17 07:05:24'),
(31, 1, 30, '', '', '超过订单金额 200 赠送积分', 'B', '7', '2009-08-19 02:36:43', '2009-08-19 02:36:43'),
(32, 1, 20, '', '', '下单送积分', 'B', '7', '2009-08-19 02:36:43', '2009-08-19 02:36:43'),
(33, 1, 20, '', '', '商品 欧式丝光舒适板鞋（女款） 蓝色 送积分', 'B', '7', '2009-08-19 02:36:43', '2009-08-19 02:36:43'),
(34, 1, 20, '', '', '商品 欧式丝光舒适板鞋（女款） 黑色 送积分', 'B', '7', '2009-08-19 02:36:43', '2009-08-19 02:36:43'),
(35, 1, 30, '', '', '超过订单金额 200 赠送积分', 'B', '8', '2009-08-19 02:40:16', '2009-08-19 02:40:16'),
(36, 1, 20, '', '', '下单送积分', 'B', '8', '2009-08-19 02:40:16', '2009-08-19 02:40:16'),
(37, 1, 20, '', '', '商品 欧式丝光舒适板鞋（女款） 黑色 送积分', 'B', '8', '2009-08-19 02:40:16', '2009-08-19 02:40:16'),
(38, 1, 10, '', '', '商品 带帽长款条纹T恤 浅粉色 送积分', 'B', '8', '2009-08-19 02:40:16', '2009-08-19 02:40:16'),
(39, 1, 30, '', '', '超过订单金额 200 赠送积分', 'B', '9', '2009-08-19 02:40:30', '2009-08-19 02:40:30'),
(40, 1, 20, '', '', '下单送积分', 'B', '9', '2009-08-19 02:40:30', '2009-08-19 02:40:30'),
(41, 1, 20, '', '', '商品 欧式丝光舒适板鞋（女款） 黑色 送积分', 'B', '9', '2009-08-19 02:40:30', '2009-08-19 02:40:30'),
(42, 1, 10, '', '', '商品 带帽长款条纹T恤 浅粉色 送积分', 'B', '9', '2009-08-19 02:40:30', '2009-08-19 02:40:30'),
(43, 5, 10, '', '', '注册赠送', 'R', '0', '2009-08-19 07:00:32', '2009-08-19 07:00:32'),
(44, 3, 30, '', '', '超过订单金额 200 赠送积分', 'B', '4', '2009-08-19 07:12:32', '2009-08-19 07:12:32'),
(45, 3, 20, '', '', '下单送积分', 'B', '4', '2009-08-19 07:12:32', '2009-08-19 07:12:32'),
(46, 3, 100, '', '', '商品 高级免烫全棉衬衫（尊贵款） 送积分', 'B', '4', '2009-08-19 07:12:32', '2009-08-19 07:12:32'),
(47, 3, 20, '', '', '商品 欧式丝光舒适板鞋（女款） 黑色 送积分', 'B', '4', '2009-08-19 07:12:32', '2009-08-19 07:12:32'),
(48, 6, 10, '', '', '注册赠送', 'R', '0', '2009-08-19 07:58:25', '2009-08-19 07:58:25'),
(49, 7, 10, '', '', 'send after register', 'R', '0', '2009-08-20 02:59:40', '2009-08-20 02:59:40'),
(50, 5, 30, '', '', '超过订单金额 200 赠送积分', 'B', '12', '2009-08-20 03:46:50', '2009-08-20 03:46:50'),
(51, 5, 20, '', '', '下单送积分', 'B', '12', '2009-08-20 03:46:50', '2009-08-20 03:46:50'),
(52, 5, 211, '', '', '商品 三星SGH-F258 送积分', 'B', '12', '2009-08-20 03:46:50', '2009-08-20 03:46:50'),
(53, 5, 44, '', '', '商品 全棉斜纹直筒卡其裤 藏青色 送积分', 'B', '12', '2009-08-20 03:46:50', '2009-08-20 03:46:50'),
(54, 5, 0, '', '', '分成被管理员取消！', 'A', '', '2009-08-20 05:38:30', '2009-08-20 05:38:30'),
(55, 8, 10, '', '', '注册赠送', 'R', '0', '2009-08-24 10:27:28', '2009-08-24 10:27:28'),
(56, 8, -1, '', '', '订单消费', 'O', '15', '2009-08-26 01:45:36', '2009-08-26 01:45:36'),
(57, 8, 52, 'seevia', '', '管理员:seevia 增加该用户积分', 'A', '0', '2009-08-26 05:08:58', '2009-08-26 05:08:58'),
(58, 1, -9, '', '', '订单消费', 'O', '16', '2009-09-08 04:46:31', '2009-09-08 04:46:31'),
(59, 9, 10, '', '', '注册赠送', 'R', '0', '2009-09-18 10:16:15', '2009-09-18 10:16:15'),
(60, 10, 10, '', '', '注册赠送', 'R', '0', '2009-09-22 15:54:42', '2009-09-22 15:54:42'),
(61, 11, 10, '', '', '注册赠送', 'R', '0', '2009-09-27 18:42:48', '2009-09-27 18:42:48'),
(62, 11, 30, '', '', '超过订单金额 200 赠送积分', 'B', '18', '2009-09-27 20:12:08', '2009-09-27 20:12:08'),
(63, 11, 20, '', '', '下单送积分', 'B', '18', '2009-09-27 20:12:08', '2009-09-27 20:12:08'),
(64, 11, 3000, '', '', '商品 花式墨镜 送积分', 'B', '18', '2009-09-27 20:12:08', '2009-09-27 20:12:08'),
(65, 11, 30, '', '', '超过订单金额 200 赠送积分', 'B', '18', '2009-09-27 20:12:31', '2009-09-27 20:12:31'),
(66, 11, 20, '', '', '下单送积分', 'B', '18', '2009-09-27 20:12:31', '2009-09-27 20:12:31'),
(67, 11, 3000, '', '', '商品 花式墨镜 送积分', 'B', '18', '2009-09-27 20:12:31', '2009-09-27 20:12:31'),
(68, 11, 30, '', '', '超过订单金额 200 赠送积分', 'B', '18', '2009-09-27 20:12:58', '2009-09-27 20:12:58'),
(69, 11, 20, '', '', '下单送积分', 'B', '18', '2009-09-27 20:12:58', '2009-09-27 20:12:58'),
(70, 11, 3000, '', '', '商品 花式墨镜 送积分', 'B', '18', '2009-09-27 20:12:58', '2009-09-27 20:12:58'),
(71, 11, 30, '', '', '超过订单金额 200 赠送积分', 'B', '18', '2009-09-27 20:13:28', '2009-09-27 20:13:28'),
(72, 11, 20, '', '', '下单送积分', 'B', '18', '2009-09-27 20:13:28', '2009-09-27 20:13:28'),
(73, 11, 3000, '', '', '商品 花式墨镜 送积分', 'B', '18', '2009-09-27 20:13:28', '2009-09-27 20:13:28'),
(74, 11, 30, '', '', '超过订单金额 200 赠送积分', 'B', '18', '2009-09-27 20:15:15', '2009-09-27 20:15:15'),
(75, 11, 20, '', '', '下单送积分', 'B', '18', '2009-09-27 20:15:15', '2009-09-27 20:15:15'),
(76, 11, 3000, '', '', '商品 花式墨镜 送积分', 'B', '18', '2009-09-27 20:15:16', '2009-09-27 20:15:16'),
(77, 11, 30, '', '', '超过订单金额 200 赠送积分', 'B', '18', '2009-09-27 20:16:29', '2009-09-27 20:16:29'),
(78, 11, 20, '', '', '下单送积分', 'B', '18', '2009-09-27 20:16:29', '2009-09-27 20:16:29'),
(79, 11, 3000, '', '', '商品 花式墨镜 送积分', 'B', '18', '2009-09-27 20:16:29', '2009-09-27 20:16:29'),
(80, 1, 30, '', '', '超过订单金额 200 赠送积分', 'B', '17', '2009-09-27 20:18:37', '2009-09-27 20:18:37'),
(81, 1, 20, '', '', '下单送积分', 'B', '17', '2009-09-27 20:18:37', '2009-09-27 20:18:37'),
(82, 1, 20, '', '', '商品 欧式丝光舒适板鞋（女款） 黑色 送积分', 'B', '17', '2009-09-27 20:18:39', '2009-09-27 20:18:39'),
(83, 1, 10, '', '', '商品 带帽长款条纹T恤 浅粉色 送积分', 'B', '17', '2009-09-27 20:18:39', '2009-09-27 20:18:39'),
(84, 1, 20, '', '', '商品 欧式丝光舒适板鞋（女款） 蓝色 送积分', 'B', '17', '2009-09-27 20:18:39', '2009-09-27 20:18:39'),
(85, 1, 20, '', '', '商品 商务休闲裤（标准款） 黑色 送积分', 'B', '17', '2009-09-27 20:18:39', '2009-09-27 20:18:39'),
(86, 1, 20, '', '', '商品 欧式丝光舒适板鞋（女款） 灰色 送积分', 'B', '17', '2009-09-27 20:18:39', '2009-09-27 20:18:39'),
(87, 1, 20, '', '', '商品 欧式丝光舒适板鞋（女款） 紫色 送积分', 'B', '17', '2009-09-27 20:18:39', '2009-09-27 20:18:39'),
(88, 11, 30, '', '', '超过订单金额 200 赠送积分', 'B', '18', '2009-09-28 16:57:04', '2009-09-28 16:57:04'),
(89, 11, 20, '', '', '下单送积分', 'B', '18', '2009-09-28 16:57:04', '2009-09-28 16:57:04'),
(90, 11, 3000, '', '', '商品 花式墨镜 送积分', 'B', '18', '2009-09-28 16:57:04', '2009-09-28 16:57:04');

--
-- 导出表中的数据 `svcart_user_product_galleries`
--

INSERT INTO `svcart_user_product_galleries` (`id`, `product_id`, `user_id`, `status`, `img`, `created`, `modified`) VALUES
(8, 47, 1, '1', '/img/products/SV000047/1253779489.gif', '2009-09-24 16:04:49', '2009-09-24 16:04:49'),
(2, 19, 3, '1', '/img/products/SV000019/1250491396.png', '2009-08-17 06:43:16', '2009-08-17 06:43:16'),
(3, 19, 3, '1', '/img/products/SV000019/1250491496.jpg', '2009-08-17 06:44:56', '2009-08-17 06:44:56'),
(4, 43, 1, '1', '/img/products/SV000043/1252381640.gif', '2009-09-08 03:47:20', '2009-09-08 03:47:20'),
(5, 43, 1, '1', '/img/products/SV000043/1252381662.gif', '2009-09-08 03:47:42', '2009-09-08 03:47:42'),
(6, 46, 1, '1', '/img/products/SV000046/1253778563.gif', '2009-09-24 15:49:23', '2009-09-24 15:49:23'),
(7, 46, 1, '1', '/img/products/SV000046/1253778597.gif', '2009-09-24 15:49:57', '2009-09-24 15:49:57'),
(9, 31, 1, '1', '/img/products/SV000031/1253779498.gif', '2009-09-24 16:04:58', '2009-09-24 16:04:58'),
(10, 3, 1, '1', '/img/products/svcart000003/1253779506.gif', '2009-09-24 16:05:06', '2009-09-24 16:05:06'),
(11, 25, 1, '1', '/img/products/SV000025/1253779516.gif', '2009-09-24 16:05:16', '2009-09-24 16:05:16'),
(12, 45, 1, '1', '/img/products/SV000045/1253779524.gif', '2009-09-24 16:05:24', '2009-09-24 16:05:24'),
(13, 34, 1, '1', '/img/products/SV000034/1253779532.gif', '2009-09-24 16:05:32', '2009-09-24 16:05:32'),
(14, 33, 1, '1', '/img/products/SV000033/1253779549.gif', '2009-09-24 16:05:49', '2009-09-24 16:05:49'),
(15, 7, 1, '1', '/img/products/svcart000007/1253779732.gif', '2009-09-24 16:08:52', '2009-09-24 16:08:52');

--
-- 导出表中的数据 `svcart_user_ranks`
--

INSERT INTO `svcart_user_ranks` (`id`, `min_points`, `max_points`, `discount`, `show_price`, `allow_buy`, `special_rank`, `created`, `modified`) VALUES
(1, 0, 0, 0, '1', '1', '0', '2009-08-19 04:56:58', '2009-09-27 18:40:40'),
(2, 10, 10, 12, '1', '1', '1', '2009-08-20 03:41:40', '2009-09-27 18:40:40'),
(3, 21, 34, 21, '1', '1', '1', '2009-08-20 03:41:57', '2009-09-27 18:40:40');

--
-- 导出表中的数据 `svcart_user_rank_i18ns`
--

INSERT INTO `svcart_user_rank_i18ns` (`id`, `locale`, `user_rank_id`, `name`, `descrption`, `img`, `created`, `modified`) VALUES
(1, 'cht', 1, '贵宾', NULL, '', '2009-08-19 04:56:58', '2009-08-19 04:56:58'),
(2, 'eng', 1, 'VIP', NULL, '', '2009-08-19 04:56:58', '2009-08-19 04:56:58'),
(3, 'chi', 1, '贵宾', NULL, '', '2009-08-19 04:56:58', '2009-08-19 04:56:58'),
(4, 'chi', 2, '注册用户', NULL, '', '2009-08-20 03:41:40', '2009-08-20 03:41:40'),
(5, 'eng', 2, '注册用户', NULL, '', '2009-08-20 03:41:40', '2009-08-20 03:41:40'),
(6, 'cht', 2, '注册用户', NULL, '', '2009-08-20 03:41:40', '2009-08-20 03:41:40'),
(7, 'chi', 3, '代销用户', NULL, '', '2009-08-20 03:41:57', '2009-08-20 03:41:57'),
(8, 'eng', 3, '代销用户', NULL, '', '2009-08-20 03:41:57', '2009-08-20 03:41:57'),
(9, 'cht', 3, '代销用户', NULL, '', '2009-08-20 03:41:57', '2009-08-20 03:41:57');

--
-- 导出表中的数据 `svcart_virtual_cards`
--

INSERT INTO `svcart_virtual_cards` (`id`, `product_id`, `card_sn`, `card_password`, `end_date`, `is_saled`, `order_id`, `crc32`, `created`, `modified`) VALUES
(1, 57, 'RVpa', 'RVpbQA', '2009-11-26 23:59:59', '0', 0, '-1958172277', '2009-08-19 12:20:58', '2009-08-20 03:38:05'),
(2, 57, 'RVlYQhE', 'RVlYQhE', '2009-11-30 23:59:59', '0', 0, '-1958172277', '2009-08-20 09:12:30', '2009-08-20 09:12:30');

--
-- 导出表中的数据 `svcart_votes`
--

INSERT INTO `svcart_votes` (`id`, `start_time`, `end_time`, `can_multi`, `vote_count`, `status`, `created`, `modified`) VALUES
(1, '2009-08-01 00:00:00', '2010-02-28 00:00:00', '1', 1, '1', '2009-08-19 09:33:26', '2009-08-19 09:33:26'),
(2, '2009-08-01 00:00:00', '2010-05-20 00:00:00', '0', 0, '1', '2009-08-19 09:39:04', '2009-08-19 09:39:04');

--
-- 导出表中的数据 `svcart_vote_i18ns`
--

INSERT INTO `svcart_vote_i18ns` (`id`, `locale`, `vote_id`, `name`, `description`, `created`, `modified`) VALUES
(1, 'chi', 1, 'svcart用起来感觉如何', 'svcart用起来感觉如何', '2009-08-19 09:33:26', '2009-08-19 09:33:26'),
(2, 'eng', 1, 'sense of how to use svcart', 'sense of how to use svcart', '2009-08-19 09:33:26', '2009-08-19 09:33:26'),
(3, 'cht', 1, 'svcart用起来感觉如何', 'svcart用起来感觉如何', '2009-08-19 09:33:26', '2009-08-19 09:33:26'),
(4, 'chi', 2, 'svcart 评价等级', 'svcart 评价等级', '2009-08-19 09:39:04', '2009-08-19 09:39:04'),
(5, 'eng', 2, 'svcart grade rating', 'svcart grade rating', '2009-08-19 09:39:04', '2009-08-19 09:39:04'),
(6, 'cht', 2, 'svcart 评价等级', 'svcart 评价等级', '2009-08-19 09:39:04', '2009-08-19 09:39:04');

--
-- 导出表中的数据 `svcart_vote_logs`
--

INSERT INTO `svcart_vote_logs` (`id`, `user_id`, `vote_id`, `ip_address`, `system`, `browser`, `resolution`, `vote_option_id`, `status`, `created`, `modified`) VALUES
(1, 0, 1, '192.168.10.178', 'Windows XP', 'Safari 530.19.1', '1280*800', '1', '1', '2009-09-07 08:06:12', '2009-09-07 08:06:12');

--
-- 导出表中的数据 `svcart_vote_options`
--

INSERT INTO `svcart_vote_options` (`id`, `vote_id`, `option_count`, `status`, `created`, `modified`) VALUES
(1, 1, 1, '1', '2009-08-19 09:36:45', '2009-08-19 09:36:45'),
(2, 1, 0, '1', '2009-08-19 09:37:13', '2009-08-19 09:37:13'),
(3, 1, 0, '1', '2009-08-19 09:37:35', '2009-08-19 09:37:35'),
(4, 2, 0, '1', '2009-08-19 09:39:17', '2009-08-19 09:39:17'),
(5, 2, 0, '1', '2009-08-19 09:39:27', '2009-08-19 09:39:27'),
(6, 2, 0, '1', '2009-08-19 09:39:34', '2009-08-19 09:39:34'),
(7, 2, 0, '1', '2009-08-19 09:39:44', '2009-08-19 09:39:44'),
(8, 2, 0, '1', '2009-08-19 09:39:51', '2009-08-19 09:39:51');

--
-- 导出表中的数据 `svcart_vote_option_i18ns`
--

INSERT INTO `svcart_vote_option_i18ns` (`id`, `locale`, `vote_option_id`, `name`, `description`, `created`, `modified`) VALUES
(1, 'chi', 1, '好', '', '2009-08-19 09:36:45', '2009-08-19 09:36:45'),
(2, 'eng', 1, 'Well', '', '2009-08-19 09:36:45', '2009-08-19 09:36:45'),
(3, 'cht', 6, '3', '3', '2009-08-19 09:39:34', '2009-08-19 09:39:34'),
(4, 'chi', 2, '一般', '一般', '2009-08-19 09:37:13', '2009-08-19 09:37:13'),
(5, 'eng', 2, 'General', 'General', '2009-08-19 09:37:13', '2009-08-19 09:37:13'),
(6, 'cht', 5, '2', '2', '2009-08-19 09:39:27', '2009-08-19 09:39:27'),
(7, 'chi', 3, '差', '差', '2009-08-19 09:37:35', '2009-08-19 09:37:35'),
(8, 'eng', 3, 'Poor', 'Poor', '2009-08-19 09:37:35', '2009-08-19 09:37:35'),
(9, 'chi', 4, '1', '1', '2009-08-19 09:39:17', '2009-08-19 09:39:17'),
(10, 'eng', 4, '1', '1', '2009-08-19 09:39:17', '2009-08-19 09:39:17'),
(11, 'cht', 4, '1', '1', '2009-08-19 09:39:17', '2009-08-19 09:39:17'),
(12, 'chi', 5, '2', '2', '2009-08-19 09:39:27', '2009-08-19 09:39:27'),
(13, 'eng', 5, '2', '2\r\n', '2009-08-19 09:39:27', '2009-08-19 09:39:27'),
(14, 'chi', 6, '3', '3', '2009-08-19 09:39:34', '2009-08-19 09:39:34'),
(15, 'eng', 6, '3', '3', '2009-08-19 09:39:34', '2009-08-19 09:39:34'),
(16, 'cht', 3, '差', '差', '2009-08-19 09:37:35', '2009-08-19 09:37:35'),
(17, 'chi', 7, '4', '4', '2009-08-19 09:39:44', '2009-08-19 09:39:44'),
(18, 'eng', 7, '4', '4', '2009-08-19 09:39:44', '2009-08-19 09:39:44'),
(19, 'chi', 8, '5', '5', '2009-08-19 09:39:51', '2009-08-19 09:39:51'),
(20, 'eng', 8, '5', '5', '2009-08-19 09:39:51', '2009-08-19 09:39:51'),
(21, 'cht', 2, '一般', '一般', '2009-08-19 09:37:13', '2009-08-19 09:37:13'),
(22, 'cht', 1, '好', '', '2009-08-19 09:36:45', '2009-08-19 09:36:45'),
(23, 'cht', 7, '4', '4', '2009-08-19 09:39:44', '2009-08-19 09:39:44'),
(24, 'cht', 8, '5', '5', '2009-08-19 09:39:51', '2009-08-19 09:39:51');

--
-- 导出表中的数据 `svcart_warehouses`
--

