-- phpMyAdmin SQL Dump
-- version 2.11.7
-- http://www.phpmyadmin.net
--
-- 主机: localhost
-- 生成日期: 2009 年 07 月 23 日 05:42
-- 服务器版本: 5.0.51
-- PHP 版本: 5.2.6

SET SQL_MODE="NO_AUTO_VALUE_ON_ZERO";

--
-- 数据库: `svcart_free_install`
--

--
-- 导出表中的数据 `svcart_advertisements`
--


--
-- 导出表中的数据 `svcart_advertisement_i18ns`
--


--
-- 导出表中的数据 `svcart_advertisement_positions`
--


--
-- 导出表中的数据 `svcart_articles`
--

INSERT INTO `svcart_articles` (`id`, `store_id`, `category_id`, `author_email`, `type`, `file_url`, `orderby`, `status`, `front`, `importance`, `clicked`, `created`, `modified`) VALUES
(1, 0, 0, '', '作者01', '', 50, '1', '0', '0', 13, '2009-01-08 10:16:25', '2009-04-29 14:36:02'),
(2, 0, 0, '', '作者02', '', 50, '1', '0', '0', 13, '2009-01-08 10:16:25', '2009-04-29 14:36:14'),
(3, 0, 0, '', '', '', 50, '1', '1', '0', 0, '2008-01-01 00:00:00', '2008-01-01 00:00:00'),
(5, 0, 0, 'info@seevia.cn', 'HTML', '', 50, '1', '0', '0', 0, '2009-05-12 18:28:22', '2009-05-15 11:55:59');

--
-- 导出表中的数据 `svcart_article_categories`
--

INSERT INTO `svcart_article_categories` (`id`, `category_id`, `article_id`, `orderby`, `created`, `modified`) VALUES
(49, 1, 1, 500, '2009-04-27 08:43:36', '2009-04-27 08:43:36'),
(50, 1, 2, 500, '2009-04-27 08:43:36', '2009-04-27 08:43:36'),
(51, 1, 3, 500, '2008-01-01 00:00:00', '2008-01-01 00:00:00'),
(52, 1, 5, 500, '2008-01-01 00:00:00', '2008-01-01 00:00:00');

--
-- 导出表中的数据 `svcart_article_i18ns`
--

INSERT INTO `svcart_article_i18ns` (`id`, `locale`, `article_id`, `title`, `meta_keywords`, `meta_description`, `content`, `author`, `img01`, `img02`, `created`, `modified`) VALUES
(1, 'chi', 1, '付款说明', '付款说明', '', '<p>付款说明：<br />\r\n1. 汇款时请多汇几元钱或者几角钱，如600.7元，目的是为了确认谁汇的款。<br />\r\n2. 付款后发EMAIL到：pay@studa.com，说明汇款日期、银行、金额、详细要求以及您的联系电话！<br />\r\n3. 九年相关业务成功运作经验，从没出现信誉问题，信用问题请查看信用说明。<br />\r\n4. 您有任何问题，请在7&times;8小时内通过服务热线:0737-2800345 2800007查询。<br />\r\n5. 您对服务人员的服务不满意，请投诉到站长信箱：studaa@gmail.com，站长24小时内一定给您解决。</p>', '', '', NULL, '2009-02-11 09:27:19', '2009-04-29 14:36:02'),
(2, 'chi', 2, '配送须知', '配送须知', '', '<p>1. 首先，您在易购商城进行购物时，请正确填写个人信息以便更好的享受我们的配送服务。<br />\r\n2.正常情况下，我们会在收到您货款的当日将您的货品发出。<br />\r\n3.一般情况下我们会以快递方式发出您的订单。72小时内您可以收到您的物品。国内大多数用户可以享受此服务。<br />\r\n4.对于极个别地区，我们可能会采用邮政方式寄出。收货时间大约在7－10天左右。对于此种方式，我们会在寄出前与您沟通。</p>\r\n<p>得到您的确认后，我们才会使用。<br />\r\n5.关于邮资收取，我们遵循以下原则：本埠（北京）单次交易100元以上免邮费，不足100元收取5元；外埠（不含港澳台）</p>\r\n<p>200元以上免邮费，不足200元收取10元。港澳台地区邮费按实际发生收取。</p>\r\n<p>6.由于委托第三方运输，请您务必在收到货物的第一时间查收，以确认您收到的物品数量和品质等与您的订单一致。如果有疑问，</p>\r\n<p>您可以在此时通知我们。如果您放弃这个权利，我们将视为您已经对收到的物品无任何异议。<br />\r\n7.我们不支持无条件退换货服务。如无质量问题，商品一经售出，将概不退货。所以为了最大限度的保证您的权益，在选购商品时，</p>\r\n<p>请您谨慎下单。</p>\r\n<p><br />\r\n感谢您阅读以上条款，祝您在本站购物愉快！<br />\r\n客服中心：（010）62195755</p>', '', '', NULL, '2009-02-11 09:27:19', '2009-04-30 11:36:27'),
(3, 'chi', 3, 'SV-Cart电子商务平台 v1.0 正式版发布了', '', '', '<p>免费版v1.0发布<br />\r\n功能介绍（包括免费版与商业版的功能对比）<br />\r\n免费、开源：SV-CART网上商城系统是一款开源免费的网上商城系统，是一套集网上购物和网站内容管理于一体的电子商务解决方案。<br />\r\n操作便捷、功能强劲：SV-CART系统注重操作上的便捷易用与功能上的强大完善，使您能方便自主的管理自己的网上店铺。前台：网上购物、会员管理、商品检 索等网上商店所需要的功能。后台：强大简便的网站内容管理功能，只需轻点鼠标、简单录入即可完成网上商城管理，如网站模板更换、编辑商品栏目、发货管理、 订单管理、批量导入数据功能、整合多种主流支付通道、内置多国语言等等。<br />\r\n性能好、速度快：SV-CART系统在网站速度上采用专业手段进行优化，速度快、性能好、操作便捷、安全性高。更可根据客户需求进行搜索引擎优化，使您在GOOGLE、BAIDU的搜索结果上名列前茅。</p>', '', NULL, NULL, '2008-01-01 00:00:00', '2008-01-01 00:00:00'),
(4, 'chi', 5, '用户注册协议', '', '', '<p>八、 责任范围及责任限制 <br />\r\n&nbsp;&nbsp;&nbsp; （一） 本公司仅对本协议中列明的责任承担范围负责。 <br />\r\n&nbsp;&nbsp;&nbsp; （二） 您明确因交易所产生的任何风险应由您与交易对方承担。<br />\r\n&nbsp;&nbsp;&nbsp; （三） 支付宝用户信息是由用户本人自行提供的，本公司无法保证该信息之准确、及时和完整，您应对您的判断承担全部责任。 <br />\r\n&nbsp;&nbsp;&nbsp; （四） 本公司不对交易标的及本服务提供任何形式的保证，包括但不限于以下事项： <br />\r\n&nbsp;&nbsp;&nbsp; 1、本服务符合您的需求。<br />\r\n&nbsp;&nbsp;&nbsp; 2、本服务不受干扰、及时提供或免于出错。<br />\r\n&nbsp;&nbsp;&nbsp; 3、您经由本服务购买或取得之任何产品、服务、资讯或其他资料符合您的期望。<br />\r\n&nbsp;&nbsp;&nbsp; （五） 本服务之合作单位，所提供之服务品质及内容由该合作单位自行负责。 <br />\r\n&nbsp;&nbsp;&nbsp; （六） 您经由本服务之使用下载或取得任何资料，应由您自行考量且自负风险，因资料之下载而导致您电脑系统之任何损坏或资料流失，您应负完全责任。<br />\r\n&nbsp;&nbsp;&nbsp; （七） 您自本公司及本公司工作人员或经由本服务取得之建议和资讯，无论其为书面或口头形式，均不构成本公司对本服务之保证。</p>', '', '', NULL, '2009-05-12 18:28:22', '2009-05-15 11:55:59');

--
-- 导出表中的数据 `svcart_booking_products`
--


--
-- 导出表中的数据 `svcart_brands`
--


--
-- 导出表中的数据 `svcart_brand_i18ns`
--


--
-- 导出表中的数据 `svcart_cards`
--


--
-- 导出表中的数据 `svcart_card_i18ns`
--


--
-- 导出表中的数据 `svcart_carts`
--


--
-- 导出表中的数据 `svcart_categories`
--

INSERT INTO `svcart_categories` (`id`, `parent_id`, `type`, `orderby`, `status`, `link`, `img01`, `img02`, `created`, `modified`) VALUES
(1, 0, 'A', 50, '1', '', '', '', '2008-01-01 00:00:00', '2008-01-01 00:00:00'),
(2, 0, 'A', 50, '1', '', '', '', '2009-04-09 05:32:25', '2009-04-09 05:32:25'),
(3, 0, 'A', 50, '1', '', '', '', '2008-01-01 00:00:00', '2008-01-01 00:00:00');

--
-- 导出表中的数据 `svcart_category_filters`
--


--
-- 导出表中的数据 `svcart_category_i18ns`
--

INSERT INTO `svcart_category_i18ns` (`id`, `locale`, `category_id`, `name`, `meta_keywords`, `meta_description`, `detail`, `img01`, `img02`, `img03`, `created`, `modified`) VALUES
(1, 'chi', 1, '最新咨询', '', '', '', NULL, NULL, NULL, '0000-00-00 00:00:00', '0000-00-00 00:00:00'),
(2, 'chi', 2, '活动看板', '', '', '', NULL, NULL, NULL, '0000-00-00 00:00:00', '0000-00-00 00:00:00'),
(3, 'chi', 3, '精彩专题', '', '', '', NULL, NULL, NULL, '0000-00-00 00:00:00', '0000-00-00 00:00:00');

--
-- 导出表中的数据 `svcart_comments`
--


--
-- 导出表中的数据 `svcart_configs`
--

INSERT INTO `svcart_configs` (`id`, `store_id`, `group_code`, `code`, `type`, `orderby`, `created`, `modified`) VALUES
(382, 0, 'email', 'mail_service', 'radio', 1, '2009-03-12 05:55:16', '2009-04-21 07:44:39'),
(386, 0, 'email', 'smtp_pass', 'text', 25, '2009-03-12 06:02:13', '2009-04-20 05:36:11'),
(387, 0, 'email', 'smtp_mail', 'text', 30, '2009-03-12 06:02:53', '2009-03-12 06:02:53'),
(32, 0, 'user_setting', 'register_question', 'checkbox', 50, '2008-01-01 00:00:00', '2009-03-18 02:38:52'),
(389, 0, 'email', 'test_mail_address', 'text', 45, '2009-03-12 06:06:38', '2009-03-12 06:06:38'),
(25, 0, 'products_show_setting', 'show_member_level_price', 'radio', 50, '2008-01-01 00:00:00', '2009-03-10 09:23:36'),
(247, 0, 'basic_setting', 'market_price_rate', 'text', 15, '2009-02-24 08:13:31', '2009-04-20 03:25:36'),
(246, 0, 'basic_setting', 'enable_stock_manage', 'radio', 12, '2009-03-03 03:37:46', '2009-03-09 09:39:21'),
(245, 0, 'basic_setting', 'watermark_transparency', 'text', 46, '2009-02-24 08:12:26', '2009-04-20 03:24:58'),
(244, 0, 'basic_setting', 'watermark_location', 'radio', 45, '2009-03-03 03:38:19', '2009-03-11 14:46:52'),
(243, 0, 'basic_setting', 'watermark_file', 'image', 44, '2009-02-24 08:11:02', '2009-03-12 09:58:38'),
(368, 0, 'shop_flow', 'enable_buy_card', 'radio', 10, '2009-03-10 10:21:24', '2009-03-10 10:21:24'),
(241, 0, 'basic_setting', 'icp_number', 'text', 1, '2009-02-24 08:09:49', '2009-04-23 08:40:38'),
(238, 0, 'shop_setting', 'enable_registration_closed', 'radio', 17, '2009-02-24 08:02:32', '2009-03-09 09:36:08'),
(237, 0, 'shop_setting', 'shop_notice', 'text', 6, '2009-02-24 08:01:46', '2009-04-20 03:24:17'),
(236, 0, 'shop_setting', 'user_center_notice', 'text', 7, '2009-02-24 08:01:13', '2009-04-20 03:23:47'),
(217, 0, 'shop_setting', 'shop_name', 'text', 0, '2009-02-24 07:37:58', '2009-04-20 03:20:12'),
(218, 0, 'shop_setting', 'shop_title', 'text', 1, '2009-02-24 07:39:09', '2009-04-20 05:54:21'),
(219, 0, 'shop_setting', 'shop_description', 'text', 2, '2009-02-24 07:40:41', '2009-02-24 07:40:41'),
(220, 0, 'shop_setting', 'shop_keywords', 'text', 3, '2009-02-24 07:41:36', '2009-05-12 16:33:57'),
(392, 0, 'basic_setting', 'is_watermark', 'radio', 43, '2009-03-19 05:40:01', '2009-03-19 05:40:01'),
(370, 0, 'shop_flow', 'show_G', 'radio', 12, '2009-03-10 10:57:51', '2009-03-10 10:57:51'),
(369, 0, 'shop_flow', 'show_L', 'radio', 11, '2009-03-10 10:53:47', '2009-04-28 03:50:55'),
(224, 0, 'shop_setting', 'company_address', 'text', 4, '2009-02-24 07:44:25', '2009-03-12 02:09:59'),
(225, 0, 'shop_setting', 'qq', 'text', 8, '2009-02-24 07:44:53', '2009-04-20 03:20:54'),
(226, 0, 'shop_setting', 'ww', 'text', 9, '2009-02-24 07:45:29', '2009-04-20 03:21:27'),
(227, 0, 'shop_setting', 'skype', 'text', 10, '2009-02-24 07:46:18', '2009-04-20 03:21:56'),
(228, 0, 'shop_setting', 'ym', 'text', 11, '2009-02-24 07:46:59', '2009-04-20 03:22:26'),
(229, 0, 'shop_setting', 'msn', 'text', 12, '2009-02-24 07:47:37', '2009-04-20 03:22:57'),
(230, 0, 'shop_setting', 'customer_service_email', 'text', 13, '2009-02-24 07:48:07', '2009-03-12 02:12:41'),
(231, 0, 'shop_setting', 'customer_service_phone', 'text', 14, '2009-02-24 07:48:46', '2009-03-12 02:13:23'),
(232, 0, 'shop_setting', 'shop_temporal_closed', 'radio', 15, '2009-02-24 07:49:20', '2009-04-21 04:58:59'),
(233, 0, 'shop_setting', 'closed_reason', 'text', 16, '2009-02-24 07:50:05', '2009-02-24 07:50:05'),
(234, 0, 'shop_setting', 'shop_logo', 'image', 5, '2009-02-24 07:51:53', '2009-04-20 03:23:23'),
(268, 0, 'email', 'enable_auto_send_mail', 'radio', 40, '2009-02-24 08:29:29', '2009-04-20 00:32:36'),
(265, 0, 'basic_setting', 'default_stock', 'text', 13, '2009-02-24 08:27:59', '2009-04-20 03:27:33'),
(264, 0, 'basic_setting', 'enable_new_order_remind', 'radio', 23, '2009-02-24 08:27:17', '2009-03-09 15:07:37'),
(385, 0, 'email', 'smtp_user', 'text', 20, '2009-03-12 06:01:27', '2009-04-20 00:34:09'),
(263, 0, 'basic_setting', 'products_comment_condition', 'radio', 22, '2009-02-24 08:21:32', '2009-03-10 08:00:28'),
(384, 0, 'email', 'smtp_port', 'text', 15, '2009-03-12 05:59:28', '2009-04-20 00:33:29'),
(255, 0, 'basic_setting', 'statistic_code', 'textarea', 4, '2009-02-24 08:17:34', '2009-04-20 03:26:34'),
(362, 0, 'products_show_setting', 'show_sale_stat', 'radio', 0, '2009-03-10 09:58:10', '2009-03-10 09:58:10'),
(257, 0, 'point_setting', 'register_gift_points', 'radio', 1, '2009-02-24 08:18:40', '2009-04-30 09:49:02'),
(258, 0, 'basic_setting', 'enable_gzip', 'radio', 6, '2009-02-24 08:19:08', '2009-04-20 03:27:03'),
(260, 0, 'basic_setting', 'default_timezone', 'select', 2, '2009-02-24 08:20:04', '2009-06-29 03:27:15'),
(290, 0, 'show_setting', 'products_category_page_orderby_method', 'radio', 29, '2009-02-24 08:49:11', '2009-03-11 03:14:05'),
(289, 0, 'show_setting', 'products_category_page_orderby_type', 'radio', 28, '2009-02-24 08:48:26', '2009-03-11 03:09:43'),
(288, 0, 'show_setting', 'products_category_page_size', 'text', 27, '2009-02-24 08:47:47', '2009-03-12 03:14:04'),
(287, 0, 'show_setting', 'products_price_show_format', 'radio', 7, '2009-02-24 08:47:22', '2009-03-12 03:13:05'),
(286, 0, 'show_setting', 'products_name_length', 'text', 8, '2009-02-24 08:46:55', '2009-02-24 08:46:55'),
(285, 0, 'show_setting', 'latest_article_show_number', 'text', 41, '2009-02-24 08:46:31', '2009-03-12 03:12:28'),
(284, 0, 'show_setting', 'related_products_number', 'text', 26, '2009-02-24 08:46:04', '2009-04-20 03:29:37'),
(283, 0, 'show_setting', 'comments_number', 'text', 5, '2009-02-24 08:45:30', '2009-04-20 03:29:17'),
(352, 0, 'products_list_setting', 'show_picture', 'radio', 0, '2009-03-10 08:29:19', '2009-03-10 08:29:19'),
(280, 0, 'show_setting', 'image_height', 'text', 12, '2009-02-24 08:36:04', '2009-03-11 15:06:37'),
(279, 0, 'show_setting', 'image_width', 'text', 11, '2009-02-24 08:35:39', '2009-03-11 15:06:18'),
(278, 0, 'show_setting', 'thumb_image_height', 'text', 16, '2009-02-24 08:34:58', '2009-03-11 16:18:18'),
(277, 0, 'show_setting', 'thumbl_image_width', 'text', 15, '2009-02-24 08:34:28', '2009-03-11 16:17:47'),
(355, 0, 'user_setting', 'friend_category', 'text', 0, '2009-03-10 08:42:36', '2009-04-23 07:59:16'),
(354, 0, 'user_setting', 'add_address_count', 'text', 0, '2009-03-10 08:35:40', '2009-04-23 08:18:35'),
(353, 0, 'products_list_setting', 'order_type', 'radio', 0, '2009-03-10 08:33:52', '2009-04-16 10:36:15'),
(273, 9, 'show_setting', 'home_search_keywords', 'text', 4, '2009-02-24 08:32:35', '2009-04-20 05:52:40'),
(357, 0, 'user_setting', 'voucher', 'radio', 0, '2009-03-10 08:45:30', '2009-04-21 05:11:28'),
(270, 0, 'basic_setting', 'retain_original_image_when_upload_products', 'radio', 42, '2009-03-02 09:47:56', '2009-03-09 10:02:18'),
(271, 0, 'basic_setting', 'enable_members_mail_verify', 'radio', 11, '2009-03-02 09:48:40', '2009-03-09 10:04:14'),
(356, 0, 'user_setting', 'friend_count', 'text', 0, '2009-03-10 08:43:22', '2009-04-23 07:59:27'),
(309, 0, 'shop_flow', 'enable_out_of_stock_handle', 'radio', 2, '2009-03-02 10:08:49', '2009-04-20 03:31:16'),
(308, 0, 'shop_flow', 'enable_balance', 'radio', 1, '2009-03-02 10:09:27', '2009-03-09 10:20:47'),
(307, 0, 'shop_flow', 'enable_bonus', 'radio', 0, '2009-03-02 10:10:19', '2009-03-09 10:20:03'),
(306, 0, 'point_setting', 'enable_points', 'radio', 0, '2009-03-02 10:10:59', '2009-03-12 03:19:08'),
(305, 0, 'shop_flow', 'enable_invoice', 'radio', 20, '2009-03-02 10:11:34', '2009-03-10 02:10:16'),
(304, 0, 'shop_flow', 'cart_confirm_notice', 'select', 255, '2009-03-02 09:47:05', '2009-04-26 01:36:09'),
(303, 0, 'show_setting', 'recommend_products_orderby', 'radio', 33, '2009-03-02 09:42:58', '2009-03-12 03:17:50'),
(302, 0, 'show_setting', 'paging_type', 'radio', 3, '2009-03-02 09:32:54', '2009-03-09 10:18:04'),
(388, 0, 'email', 'mail_charset', 'radio', 35, '2009-03-12 06:04:33', '2009-03-12 06:04:33'),
(301, 0, 'show_setting', 'article_category_page_list_number', 'text', 42, '2009-02-24 08:56:54', '2009-03-12 03:15:17'),
(383, 0, 'email', 'smtp_host', 'text', 10, '2009-03-12 05:59:19', '2009-04-20 00:32:57'),
(299, 0, 'show_setting', 'related_products_show_number', 'text', 22, '2009-02-24 08:55:39', '2009-04-20 03:30:12'),
(346, 0, 'shop_setting', 'access_right', 'radio', 18, '2009-03-10 08:17:55', '2009-03-10 09:43:55'),
(349, 0, 'basic_setting', 'show_count', 'text', 17, '2009-03-10 08:23:52', '2009-03-12 07:02:17'),
(350, 0, 'basic_setting', 'promotion_count', 'text', 18, '2009-03-10 08:25:06', '2009-03-11 04:37:42'),
(294, 0, 'show_setting', 'article_title_length', 'text', 44, '2009-02-24 08:52:30', '2009-04-20 08:46:48'),
(293, 0, 'show_setting', 'products_detail_page_gallery_number', 'text', 21, '2009-02-24 08:52:03', '2009-02-24 08:52:03'),
(351, 0, 'products_list_setting', 'show_list', 'radio', 0, '2009-03-10 08:27:42', '2009-03-12 03:26:16'),
(254, 0, 'basic_setting', 'products_default_image', 'image', 41, '2009-02-24 08:17:09', '2009-03-12 08:04:28'),
(253, 0, 'basic_setting', 'enable_user_comment_check', 'radio', 22, '2009-03-02 09:42:09', '2009-03-30 17:53:24'),
(252, 0, 'basic_setting', 'products_code_prefix', 'text', 16, '2009-02-24 08:15:58', '2009-03-12 02:16:34'),
(363, 0, 'products_show_setting', 'show_view_stat', 'radio', 0, '2009-03-10 10:01:56', '2009-03-10 10:01:56'),
(364, 0, 'products_show_setting', 'show_product_category', 'radio', 0, '2009-03-10 10:05:01', '2009-03-10 10:05:01'),
(365, 0, 'products_show_setting', 'show_product_type', 'radio', 0, '2009-03-10 10:10:13', '2009-03-10 10:10:13'),
(366, 0, 'show_setting', 'related_articles_number', 'text', 43, '2009-03-10 10:14:40', '2009-03-12 03:26:37'),
(367, 0, 'shop_flow', 'enable_buy_packing', 'radio', 9, '2009-03-10 10:19:07', '2009-03-10 10:19:07'),
(310, 0, 'send_email_setting', 'enable_send_confirm_email', 'radio', 1, '2009-03-02 09:50:25', '2009-05-07 16:48:23'),
(311, 0, 'send_email_setting', 'enable_send_ship_email', 'radio', 2, '2009-03-03 03:28:11', '2009-05-07 16:50:40'),
(312, 0, 'send_email_setting', 'enable_send_cancel_email', 'radio', 3, '2009-03-03 03:28:45', '2009-05-07 16:52:29'),
(313, 0, 'send_email_setting', 'enable_send_invalid_email', 'radio', 4, '2009-03-03 03:29:18', '2009-05-07 16:54:02'),
(314, 0, 'shop_flow', 'write_order_pay_remark', 'radio', 30, '2009-02-24 09:04:57', '2009-05-07 17:12:51'),
(315, 0, 'shop_flow', 'write_order_unpay_remark', 'radio', 33, '2009-03-03 03:29:56', '2009-05-07 17:13:27'),
(316, 0, 'shop_flow', 'write_order_ship_remark', 'radio', 31, '2009-03-03 03:30:37', '2009-05-07 17:16:05'),
(317, 0, 'shop_flow', 'write_order_receive_remark', 'radio', 32, '2009-03-03 03:31:09', '2009-05-07 17:13:58'),
(318, 0, 'shop_flow', 'write_order_unship_remark', 'radio', 34, '2009-03-03 03:31:49', '2009-05-07 17:15:14'),
(319, 0, 'shop_flow', 'write_order_return_remark', 'radio', 36, '2009-03-03 03:32:26', '2009-05-07 17:17:04'),
(320, 0, 'shop_flow', 'write_order_invalid_remark', 'radio', 37, '2009-03-03 03:32:59', '2009-05-07 17:15:44'),
(321, 0, 'shop_flow', 'write_order_cancel_remark', 'radio', 35, '2009-03-03 03:33:32', '2009-05-07 17:16:50'),
(322, 0, 'shop_flow', 'invoice_content', 'radio', 22, '2009-02-24 09:09:16', '2009-04-20 03:31:46'),
(323, 0, 'shop_flow', 'enable_guest_buy', 'radio', 3, '2009-03-03 03:26:19', '2009-03-25 07:36:21'),
(324, 0, 'shop_flow', 'min_buy_amount', 'text', 4, '2009-03-03 03:25:49', '2009-04-20 03:32:07'),
(325, 0, 'shop_flow', 'enable_one_step_buy', 'radio', 5, '2009-03-02 10:12:48', '2009-03-09 10:27:50'),
(326, 0, 'shop_flow', 'invoice_type_tax_rate', 'radio', 21, '2009-03-02 10:13:22', '2009-03-09 10:28:13'),
(327, 0, 'shop_flow', 'enable_decrease_stock_time', 'radio', 6, '2009-03-02 10:14:05', '2009-06-10 16:56:22'),
(328, 0, 'send_email_setting', 'enable_send_confirm_email_customer_service', 'radio', 0, '2009-03-02 10:14:34', '2009-05-07 17:09:03'),
(329, 0, 'shop_flow', 'enable_products_show_method', 'radio', 7, '2009-03-03 03:20:24', '2009-03-30 14:45:24'),
(330, 0, 'shop_flow', 'enable_show_products_attribute', 'radio', 8, '2009-03-03 03:21:13', '2009-03-30 14:44:49'),
(331, 0, 'products_show_setting', 'show_product_code', 'radio', 0, '2009-03-03 03:21:59', '2009-03-09 10:30:28'),
(332, 0, 'products_show_setting', 'show_brand', 'radio', 0, '2009-03-03 03:22:25', '2009-03-10 09:28:03'),
(333, 0, 'products_show_setting', 'show_weight', 'radio', 0, '2009-03-03 03:22:54', '2009-03-10 09:12:18'),
(334, 0, 'products_show_setting', 'show_stock', 'radio', 0, '2009-03-03 03:23:27', '2009-03-10 09:15:13'),
(335, 0, 'products_show_setting', 'show_onsale_time', 'radio', 0, '2009-03-03 03:23:57', '2009-03-10 09:17:26'),
(336, 0, 'products_show_setting', 'products_attribute_show_type', 'radio', 0, '2009-03-03 03:24:28', '2009-03-12 03:25:53'),
(337, 0, 'products_show_setting', 'show_market_price', 'radio', 0, '2009-03-03 03:25:02', '2009-04-27 01:33:52'),
(371, 0, 'shop_flow', 'show_T', 'radio', 13, '2009-03-10 10:58:49', '2009-03-10 10:58:49'),
(373, 0, 'basic_setting', 'search_prouduct_type', 'checkbox', 19, '2009-03-11 05:52:58', '2009-03-11 05:52:58'),
(393, 0, 'show_setting', 'search_autocomplete_image_width', 'text', 19, '2009-03-23 05:15:27', '2009-04-02 10:36:38'),
(394, 0, 'show_setting', 'search_autocomplete_image_height', 'text', 20, '2009-03-23 05:16:07', '2009-03-23 05:16:07'),
(396, 0, 'point_setting', 'first_points', 'text', 1, '2009-03-30 17:10:18', '2009-03-30 17:31:00'),
(397, 0, 'point_setting', 'order_gift_points', 'radio', 2, '2009-03-30 17:32:49', '2009-03-30 17:32:49'),
(398, 0, 'point_setting', 'order_points', 'text', 3, '2009-03-30 17:33:39', '2009-03-30 17:33:39'),
(399, 0, 'point_setting', 'out_order_gift_points', 'radio', 4, '2009-03-30 17:35:35', '2009-03-30 17:37:37'),
(400, 0, 'point_setting', 'out_order_points', 'text', 5, '2009-03-30 17:36:28', '2009-03-30 17:36:28'),
(401, 0, 'point_setting', 'recommend_gift_points', 'radio', 7, '2009-03-30 17:49:15', '2009-03-30 17:49:15'),
(402, 0, 'point_setting', 'recommend_points', 'text', 7, '2009-03-30 17:58:42', '2009-03-30 17:58:42'),
(403, 0, 'point_setting', 'recommend_buy_gift_points', 'radio', 8, '2009-03-30 18:07:38', '2009-03-30 18:07:38'),
(404, 0, 'point_setting', 'recommend_buy_points', 'text', 9, '2009-03-30 18:08:30', '2009-03-30 18:08:30'),
(405, 0, 'point_setting', 'buy_gift_points', 'radio', 6, '2009-03-30 18:12:04', '2009-03-31 15:53:33'),
(406, 0, 'point_setting', 'buy_points', 'text', 5, '2009-03-30 18:13:02', '2009-03-31 15:51:01'),
(407, 0, 'show_setting', 'promotions_page_list_number', 'text', 34, '2009-03-31 14:59:25', '2009-03-31 14:59:25'),
(408, 0, 'point_setting', 'proportion_point', 'text', 0, '2009-03-31 17:37:20', '2009-03-31 17:40:05'),
(409, 0, 'point_setting', 'conversion_ratio_point', 'text', 0, '2009-03-31 17:39:37', '2009-03-31 17:39:37'),
(410, 0, 'point_setting', 'order_smallest', 'text', 7, '2009-04-01 14:32:28', '2009-04-01 14:32:28'),
(411, 0, 'basic_setting', 'is_guides', 'radio', 10, '2009-04-02 05:24:23', '2009-04-02 05:25:44'),
(412, 0, 'email', 'email_notification', 'radio', 50, '2009-04-02 13:54:48', '2009-04-02 13:54:48'),
(420, 0, 'coupon_setting', 'register_coupons', 'radio', 2, '2009-04-30 09:49:47', '2009-05-04 11:39:45'),
(419, 0, 'show_setting', 'price_format', 'text', 2, '2009-04-25 12:07:00', '2009-04-25 12:07:00'),
(421, 0, 'coupon_setting', 'use_coupons', 'radio', 0, '2009-05-04 03:34:11', '2009-05-04 03:34:11'),
(422, 0, 'coupon_setting', 'send_coupons', 'radio', 1, '2009-05-04 03:35:45', '2009-05-04 03:35:45'),
(424, 0, 'email', 'smtp_ssl', 'radio', 5, '2009-05-14 15:53:50', '2009-05-14 15:54:31'),
(427, 0, 'basic_setting', 'version', 'hidden', 100, '2009-05-19 06:23:46', '2009-05-19 06:23:46'),
(429, 0, 'basic_setting', 'use_sku', 'radio', 70, '2009-05-25 13:59:37', '2009-05-25 14:00:32'),
(430, 0, 'basic_setting', 'use_product_shipping_fee', 'radio', 71, '2009-05-26 17:15:34', '2009-05-26 17:15:34'),
(431, 0, 'basic_setting', 'mlti_currency_module', 'radio', 72, '2009-05-27 13:48:02', '2009-05-27 13:48:02'),
(433, 0, 'show_setting', 'products_list_showtype', 'radio', 30, '2009-05-31 21:14:08', '2009-05-31 21:14:08'),
(457, 0, 'basic_setting', 'open_operator_log', 'radio', 5, '2009-06-12 16:39:09', '2009-06-12 16:39:09'),
(456, 0, 'basic_setting', 'user_login_msg', 'radio', 9, '2009-06-12 03:44:27', '2009-06-12 03:44:27'),
(455, 0, 'captcha_setting', 'use_captcha', 'radio', 2, '2009-06-12 03:21:29', '2009-07-01 05:33:45'),
(451, 0, 'basic_setting', 'use_tag', 'radio', 24, '2009-06-05 11:42:38', '2009-06-05 11:42:38'),
(450, 0, 'basic_setting', 'service_code', 'textarea', 3, '2009-06-04 16:49:27', '2009-06-04 16:49:27'),
(449, 0, 'basic_setting', 'product_top_number', 'text', 21, '2009-06-02 16:34:30', '2009-06-02 16:34:30'),
(448, 0, 'basic_setting', 'use_product_top', 'radio', 20, '2009-06-02 16:33:19', '2009-06-03 10:10:28'),
(447, 0, 'basic_setting', 'memory_useage', 'radio', 1, '2009-06-02 15:31:02', '2009-07-09 11:05:40'),
(464, 0, 'basic_setting', 'cart_time', 'radio', 25, '2009-06-25 11:05:41', '2009-06-25 11:05:41'),
(467, 0, 'captcha_setting', 'comment_captcha', 'radio', 3, '2009-07-01 05:34:14', '2009-07-01 05:36:19'),
(468, 0, 'captcha_setting', 'admin_captcha', 'radio', 4, '2009-07-01 05:35:25', '2009-07-01 05:36:33'),
(469, 0, 'basic_setting', 'screening_setting', 'radio', 26, '2009-07-02 09:31:49', '2009-07-02 09:33:02'),
(470, 0, 'basic_setting', 'volume_setting', 'radio', 27, '2009-07-03 10:57:44', '2009-07-03 10:57:44'),
(471, 0, 'captcha_setting', 'register_captcha', 'radio', 1, '2009-07-03 11:39:07', '2009-07-03 11:39:07'),
(472, 0, 'basic_setting', 'gears_setting', 'radio', 255, '2009-07-07 01:42:40', '2009-07-07 01:42:40'),
(473, 0, 'basic_setting', 'admin_gears_setting', 'radio', 255, '2009-07-15 11:29:43', '2009-07-15 11:42:05'),
(479, 0, 'basic_setting', 'login_back_url', 'radio', 23, '2009-07-22 10:08:54', '2009-07-22 10:08:54'),
(478, 0, 'shop_flow', 'invoice_type', 'textarea', 33, '2009-07-22 10:04:43', '2009-07-22 10:05:44');

--
-- 导出表中的数据 `svcart_config_i18ns`
--

INSERT INTO `svcart_config_i18ns` (`id`, `locale`, `config_id`, `name`, `value`, `options`, `description`, `created`, `modified`) VALUES
(1, 'chi', 398, '下单增送积分数', '20', '', '下单增送积分数', '2009-03-30 17:33:39', '2009-03-30 17:33:39'),
(2, 'chi', 399, '超过订单金额是否送积分', '1', '0:否\n1:是', '超过订单金额是否送积分', '2009-03-30 17:35:35', '2009-03-30 17:37:37'),
(3, 'chi', 409, '积分换算比例', '20', '', '每100积分可抵多少元现金', '2009-03-31 17:39:37', '2009-03-31 17:39:37'),
(4, 'chi', 410, '积分赠送最小订单金额', '200', '', '积分赠送最小订单金额', '2009-04-01 14:32:28', '2009-04-01 14:32:28'),
(5, 'chi', 407, '促销页列表的数量', '10', '', '促销页列表的数量', '2009-03-31 14:59:25', '2009-03-31 14:59:25'),
(6, 'chi', 408, '积分支付比例', '10', '', '每100元商品最多可以使用多少元积分', '2009-03-31 17:37:20', '2009-03-31 17:40:05'),
(7, 'chi', 400, '超过订单金额增送积分数', '30', '', '超过订单金额增送积分数', '2009-03-30 17:36:28', '2009-03-30 17:36:28'),
(8, 'chi', 406, '7天内无退货赠送积分数', '30', '', '7天内无退货赠送积分数', '2009-03-30 18:13:02', '2009-03-31 15:51:01'),
(9, 'chi', 405, '7天内无退货是否送积分', '1', '0:否\n1:是', '7天内无退货是否送积分', '2009-03-30 18:12:04', '2009-03-31 15:53:33'),
(10, 'chi', 411, '是否弹出向导', '0', '1:是\n0:否', '是否弹出向导', '2009-04-02 05:24:23', '2009-04-02 05:25:44'),
(11, 'chi', 412, '订阅邮件通知', '1', '0:不发送邮件\n1:发送邮件', '订阅邮件通知', '2009-04-02 13:54:48', '2009-04-02 13:54:48'),
(12, 'chi', 404, '推荐好友购物赠送积分数', '50', '', '推荐好友购物赠送积分数', '2009-03-30 18:08:30', '2009-03-30 18:08:30'),
(13, 'chi', 402, '推荐好友赠送送积分数', '5', '', '推荐好友赠送送积分数', '2009-03-30 17:58:42', '2009-03-30 17:58:42'),
(14, 'chi', 401, '推荐好友是否送积分', '1', '0:否\n1:是', '推荐好友是否送积分', '2009-03-30 17:49:15', '2009-03-30 17:49:15'),
(15, 'chi', 397, '下单是否送积分', '1', '0:否\n1:是', '下单是否送积分', '2009-03-30 17:32:49', '2009-03-30 17:32:49'),
(16, 'chi', 396, '会员注册赠送积分数', '10', '', '会员注册赠送积分数', '2009-03-30 17:10:18', '2009-03-30 17:31:00'),
(17, 'chi', 394, '快速搜索图片高度', '40', '', '', '2009-03-23 05:16:07', '2009-03-23 05:16:07'),
(18, 'chi', 393, '快速搜索图片宽度', '60', '', '', '2009-03-23 05:15:27', '2009-04-02 10:36:38'),
(19, 'chi', 392, '是否添加水印', '1', '0:否\n1:是', '', '2009-03-19 05:40:01', '2009-03-19 05:40:01'),
(20, 'chi', 389, '邮件地址', '', '', '', '2009-03-12 06:06:38', '2009-03-12 06:06:38'),
(21, 'chi', 388, '邮件编码', '0', '0:国际化编码（utf8）\n1:简体中文\n2:繁体中文', '', '2009-03-12 06:04:33', '2009-03-12 06:04:33'),
(22, 'chi', 387, '邮件回复地址', '', '', '', '2009-03-12 06:02:53', '2009-03-12 06:02:53'),
(23, 'chi', 386, '帐号密码', 'seevia', '', '', '2009-03-12 06:02:13', '2009-03-12 06:02:13'),
(24, 'chi', 373, '搜索商品的显示方式', '0;1;2', '0:显示商品图片\n1:显示商品名\n2:显示商品编号', '', '2009-03-11 05:52:58', '2009-03-11 05:52:58'),
(25, 'chi', 370, '是否启用商品图文表格显示', '1', '0:不启用\n1:启用', '', '2009-03-10 10:57:51', '2009-03-10 10:57:51'),
(26, 'chi', 369, '是否启用商品图文列显示', '1', '0:不启用\n1:启用', '', '2009-03-10 10:53:47', '2009-04-28 03:50:55'),
(27, 'chi', 368, '是否可选贺卡', '1', '0:不可以\n1:可以', '', '2009-03-10 10:21:24', '2009-03-10 10:21:24'),
(28, 'chi', 367, '是否可选包装', '1', '0:不可以\n1:可以', '', '2009-03-10 10:19:07', '2009-03-10 10:19:07'),
(29, 'chi', 366, '相关文章数量', ' 2 ', ' ', '相关文章数量', '2009-03-10 10:14:40', '2009-03-12 03:26:37'),
(30, 'chi', 365, '显示商品类型 ', '1', '0:不显示\n1:显示', '', '2009-03-10 10:10:13', '2009-03-10 10:10:13'),
(31, 'chi', 364, '显示商品分类', '1', '0:不显示\n1:显示', '', '2009-03-10 10:05:01', '2009-03-10 10:05:01'),
(32, 'chi', 363, '显示浏览次数', '1', '0:不显示\n1:显示', '', '2009-03-10 10:01:56', '2009-03-10 10:01:56'),
(33, 'chi', 362, '是否显示出售次数', '1', '0:不显示\n1:显示', '', '2009-03-10 09:58:10', '2009-03-10 09:58:10'),
(37, 'chi', 357, '是否可充值', '1', '0:否\n1:是', '', '2009-03-10 08:45:30', '2009-03-10 08:45:30'),
(38, 'chi', 356, '好友个数', '20', '', '', '2009-03-10 08:43:22', '2009-03-10 08:43:22'),
(39, 'chi', 353, '排序方式', '1', '0:DESC\n1:ASC', '', '2009-03-10 08:33:52', '2009-03-10 08:33:52'),
(40, 'chi', 352, '是否显示图片', '1', '0:否\n1:是', '', '2009-03-10 08:29:19', '2009-03-10 08:29:19'),
(41, 'chi', 351, '是否显示列表', '1', '0:否\n1:是 ', '是否显示列表', '2009-03-10 08:27:42', '2009-03-12 03:26:16'),
(42, 'chi', 350, '促销新品推荐个数', '5', ' ', '促销新品推荐个数', '2009-03-10 08:25:06', '2009-03-11 04:37:42'),
(43, 'chi', 349, '显示个数', '20  ', '  ', '显示个数', '2009-03-10 08:23:52', '2009-03-12 07:02:17'),
(44, 'chi', 383, '发送邮件服务器地址(SMTP)', '', '', '', '2009-03-12 05:59:19', '2009-03-12 05:59:19'),
(45, 'chi', 384, '服务器端口', '25', ' ', '服务器端口', '2009-03-12 05:59:28', '2009-03-12 06:00:34'),
(46, 'chi', 346, '访问权限', '0', '0:游客\n1:特殊用户 ', '访问权限', '2009-03-10 08:17:55', '2009-03-10 09:43:55'),
(47, 'chi', 403, '推荐好友购物是否送积分', '1', '0:否\n1:是', '推荐好友购物是否送积分', '2009-03-30 18:07:38', '2009-03-30 18:07:38'),
(48, 'chi', 382, '邮件服务', '0', '0:采用服务器内置的 Mail 服务\n1:采用其他的 SMTP 服务', '', '2009-03-12 05:55:16', '2009-03-12 05:55:16'),
(49, 'chi', 371, '是否启用商品文字显示', '1', '0:不启用\n1:启用', '', '2009-03-10 10:58:49', '2009-03-10 10:58:49'),
(50, 'chi', 302, '分页样式', '1', '0:否\n1:是    ', 'paging type', '2009-03-02 09:32:54', '2009-03-09 10:18:04'),
(51, 'chi', 336, '商品属性显示样式', '1', '0:否\n1:是', '商品属性显示样式', '2009-03-03 03:24:28', '2009-03-12 03:25:53'),
(52, 'chi', 314, '设置订单为“已付款”时', '1', '0:必须填写备注\n1:无需填写备注', '设置订单为“已付款”时必须填写备注', '2009-02-24 09:04:57', '2009-05-07 17:12:51'),
(53, 'chi', 313, '把订单设为无效时', '1', '0:不发送邮件 \n1:发送邮件', '把订单设为无效时是否给顾客发送邮件', '2009-03-03 03:29:18', '2009-05-07 16:54:02'),
(54, 'chi', 312, '取消订单时', '1', '0:不发送邮件 \n1:发送邮件', '取消订单时是否给顾客发送邮件', '2009-03-03 03:28:45', '2009-05-07 16:52:29'),
(55, 'chi', 311, '发货时', '1', '0:不发送邮件 \n1:发送邮件', '发货时是否给顾客发送邮件', '2009-03-03 03:28:11', '2009-05-07 16:50:40'),
(56, 'chi', 308, '是否使用余额', '1', '0:否\n1:是', '是否使用余额', '2009-03-02 10:09:27', '2009-03-09 10:20:47'),
(57, 'chi', 309, '是否使用缺货处理', '1', '0:否\n1:是 ', '是否使用缺货处理', '2009-03-02 10:08:49', '2009-03-09 10:21:09'),
(58, 'chi', 310, '确认订单时', '1', '0:不发送邮件\n1:发送邮件', '确认订单时是否给顾客发送邮件', '2009-03-02 09:50:25', '2009-05-07 16:48:23'),
(59, 'chi', 307, '是否使用优惠券', '1', '0:否\n1:是 ', '是否使用优惠券', '2009-03-02 10:10:19', '2009-03-09 10:20:03'),
(60, 'chi', 306, '是否使用积分', '1', '0:否\n1:是      ', '是否使用积分', '2009-03-02 10:10:59', '2009-03-12 03:19:08'),
(61, 'chi', 318, '设置订单为“未发货”时', '0', '0:必须填写备注\n1:无需填写备注', '设置订单为“未发货”时是否给顾客发送邮件', '2009-03-03 03:31:49', '2009-05-07 17:15:14'),
(62, 'chi', 317, '设置订单为“收货确认”时', '0', '0:必须填写备注\n1:无需填写备注   ', '设置订单为“收货确认”时是否给顾客发送邮件', '2009-03-03 03:31:09', '2009-05-07 17:13:58'),
(63, 'chi', 315, '设置订单为“未付款”时', '0', '0:必须填写备注\n1:无需填写备注   ', '设置订单为“未付款”时必须填写备注', '2009-03-03 03:29:56', '2009-05-07 17:13:27'),
(64, 'chi', 316, '设置订单为“已发货”时', '0', '0:必须填写备注\n1:无需填写备注', '设置订单为“已发货”时是否给顾客发送邮件', '2009-03-03 03:30:37', '2009-05-07 17:16:05'),
(65, 'chi', 337, '是否显示市场价格', '1', '0:不显示\n1:显示', '是否显示市场价格', '2009-03-03 03:25:02', '2009-03-10 09:20:27'),
(66, 'chi', 328, '下订单时', '1', '0:不发送邮件 \n1:发送邮件\n ', '下订单时是否给客服发邮件', '2009-03-02 10:14:34', '2009-05-07 17:09:03'),
(67, 'chi', 327, '减库存的时机', '2', '0:放入购物车时\n1:订单生成时 \n2:订单确认时', '减库存的时机', '2009-03-02 10:14:05', '2009-06-10 16:56:22'),
(68, 'chi', 324, '最小购物金额', '10', '0:否\n1:是  ', '最小购物金额', '2009-03-03 03:25:49', '2009-03-10 10:33:06'),
(69, 'chi', 323, '是否允许未登录用户购物', '1', '0:否\n1:是  ', '是否允许未登录用户购物', '2009-03-03 03:26:19', '2009-03-12 03:24:16'),
(70, 'chi', 326, '发票类型及税率', '1', '0:否\n1:是 ', '发票类型及税率', '2009-03-02 10:13:22', '2009-03-09 10:28:13'),
(71, 'chi', 325, '是否一步购物', '0', '0:否\n1:是 ', '是否一步购物', '2009-03-02 10:12:48', '2009-03-09 10:27:50'),
(72, 'chi', 322, '发票内容', '1', ' 0:否\n1:是 ', '发票内容', '2009-02-24 09:09:16', '2009-03-12 03:24:01'),
(73, 'chi', 321, '取消订单时', '0', '0:必须填写备注\n1:必须填写备注  ', '取消订单时', '2009-03-03 03:33:32', '2009-05-07 17:16:50'),
(74, 'chi', 320, '把订单设为无效时', '0', '0:必须填写备注\n1:无需填写备注', '把订单设为无效时是否给顾客发送邮件', '2009-03-03 03:32:59', '2009-05-07 17:15:44'),
(75, 'chi', 319, '退货时', '0', '0:必须填写备注\n1:无需填写备注  ', '退货时必须填写备注\n', '2009-03-03 03:32:26', '2009-05-07 17:17:04'),
(76, 'chi', 305, '能否开发票', '1', '0:否\n1:是   ', '能否开发票', '2009-03-02 10:11:34', '2009-03-10 02:10:16'),
(77, 'chi', 299, '关联商品显示数量', '10  ', ' ', '关联商品显示数量', '2009-02-24 08:55:39', '2009-03-12 03:14:51'),
(78, 'chi', 301, '文章分类页列表的数量', '20', ' ', '文章分类页列表的数量', '2009-02-24 08:56:54', '2009-03-12 03:15:17'),
(79, 'chi', 303, '推荐商品排序', '1', '0:否\n1:是    ', '推荐商品排序', '2009-03-02 09:42:58', '2009-03-12 03:17:50'),
(80, 'chi', 329, '购物车里显示商品方式', '1', '0:显示文字\n1:显示文字和图片  ', '购物车里显示商品方式', '2009-03-03 03:20:24', '2009-03-10 10:24:57'),
(81, 'chi', 330, '购物车里是否显示商品属性', '1', '0:否\n1:是   ', '购物车里是否显示商品属性', '2009-03-03 03:21:13', '2009-03-12 03:24:51'),
(82, 'chi', 355, '好友分类', '5', '', '', '2009-03-10 08:42:36', '2009-03-10 08:42:36'),
(83, 'chi', 331, '是否显示货号', '1', '0:否\n1:是  ', '是否显示货号', '2009-03-03 03:21:59', '2009-03-09 10:30:28'),
(84, 'chi', 332, '是否显示品牌', '1', '0:否\n1:是\n   ', '是否显示品牌', '2009-03-03 03:22:25', '2009-04-03 06:04:31'),
(85, 'chi', 333, '是否显示重量', '1', '0:不显示\n1:显示 ', '是否显示重量', '2009-03-03 03:22:54', '2009-03-10 09:12:18'),
(86, 'chi', 334, '是否显示库存', '1', '0:不显示\n1:显示', '是否显示库存', '2009-03-03 03:23:27', '2009-03-10 09:15:13'),
(87, 'chi', 335, '是否显示上架时间', '1', '0:不显示\n1:显示', '是否显示上架时间', '2009-03-03 03:23:57', '2009-03-10 09:17:26'),
(88, 'chi', 294, '文章标题的长度', '20', ' ', '文章标题的长度', '2009-02-24 08:52:30', '2009-03-12 03:14:29'),
(89, 'chi', 293, '商品详情页相册图片数量', '3', '', '', '2009-02-24 08:52:03', '2009-02-24 08:52:03'),
(90, 'chi', 219, '商店描述', '最好的,免费开源的,PHP电子商务平台 SV-Cart系统', '', '', '2009-02-24 07:40:41', '2009-02-24 07:40:41'),
(91, 'chi', 354, '地址增加个数', '5', '', '', '2009-03-10 08:35:40', '2009-03-10 08:35:40'),
(92, 'chi', 290, '商品分类页默认显示方式', 'DESC', 'DESC:DESC\nASC:ASC ', '商品分类页默认排序方式', '2009-02-24 08:49:11', '2009-03-11 03:14:05'),
(93, 'chi', 288, '商品分类页列表的数量', '20', ' ', '商品分类页列表的数量', '2009-02-24 08:47:47', '2009-03-12 03:14:04'),
(94, 'chi', 289, '商品分类页默认排序类型', 'modified', 'shop_price:按价格\nsale_stat:按销售次数\nmodified:按上架时间 ', '商品分类页默认排序类型', '2009-02-24 08:48:26', '2009-03-11 03:09:43'),
(95, 'chi', 287, '商品价格显示规则', '1', '0:否\n1:是  ', '商品价格显示规则', '2009-02-24 08:47:22', '2009-03-12 03:13:05'),
(96, 'chi', 283, '评论数量', '3', '', '', '2009-02-24 08:45:30', '2009-02-24 08:45:30'),
(97, 'chi', 284, '相关商品数量', '2', '', '', '2009-02-24 08:46:04', '2009-02-24 08:46:04'),
(98, 'chi', 285, '最新文章显示数量', '5  ', ' ', '最新文章显示数量', '2009-02-24 08:46:31', '2009-03-12 03:12:28'),
(99, 'chi', 286, '商品名称的长度', '20', '', '', '2009-02-24 08:46:55', '2009-02-24 08:46:55'),
(100, 'chi', 279, '商品详细图片宽度', '400', '  ', '商品详细图片宽度', '2009-02-24 08:35:39', '2009-03-11 15:06:18'),
(101, 'chi', 280, '商品详细图片高度', '400', '  ', '商品详细图片高度', '2009-02-24 08:36:04', '2009-03-11 15:06:37'),
(102, 'chi', 278, '列表缩略图高度', '108', '   ', '列表缩略图高度', '2009-02-24 08:34:58', '2009-03-11 16:18:18'),
(103, 'chi', 277, '列表缩略图宽度', '108', '   ', '列表缩略图宽度', '2009-02-24 08:34:28', '2009-03-11 16:17:47'),
(104, 'chi', 273, '首页搜索的关键字', '购物  ', ' ', '首页搜索的关键字', '2009-02-24 08:32:35', '2009-03-12 03:11:46'),
(105, 'chi', 271, '是否开启会员邮件验证', '1', '0:否\n1:是\n  ', '是否开启会员邮件验证', '2009-03-02 09:48:40', '2009-03-09 10:04:14'),
(106, 'chi', 270, '上传商品时是否保留原图', '1', '0:否\n1:是\n  ', 'retain original image when upload products', '2009-03-02 09:47:56', '2009-03-09 10:02:18'),
(107, 'chi', 268, '是否开启自动发送邮件', '1', '0:否\n1:是\n ', '是否开启自动发送邮件', '2009-02-24 08:29:29', '2009-03-09 10:03:26'),
(108, 'chi', 264, '是否开启新订单提醒', '1', '0:否\n1:是  ', '是否开启新订单提醒', '2009-02-24 08:27:17', '2009-03-09 15:07:37'),
(109, 'chi', 265, '默认库存', '999', '', '', '2009-02-24 08:27:59', '2009-02-24 08:27:59'),
(110, 'chi', 263, '商品评论的条件', '0', '0:所有人可评论\n1:注册会员可评论\n2:购买后可评论', '商品评论的条件', '2009-02-24 08:21:32', '2009-03-10 08:00:28'),
(111, 'chi', 257, '会员注册赠送积分', '1', '0:否\n1:是      ', '会员注册赠送积分', '2009-02-24 08:18:40', '2009-04-30 09:49:02'),
(112, 'chi', 258, '是否启用Gzip模式', '1', '0:否\n1:是\n ', '是否启用Gzip模式', '2009-02-24 08:19:08', '2009-03-09 10:14:04'),
(113, 'chi', 253, '用户评论是否需要审核', '0', '0:否\n1:是\n  ', '用户评论是否需要审核', '2009-03-02 09:42:09', '2009-03-09 09:54:15'),
(114, 'chi', 254, '商品的默认图片', '0', '0: /sv-admin/img/zh_cn.gif\n1: /sv-admin/img/en_us.gif', '商品的默认图片', '2009-02-24 08:17:09', '2009-03-12 08:04:28'),
(115, 'chi', 252, '商品货号前缀', 'SV', ' ', '商品货号前缀', '2009-02-24 08:15:58', '2009-03-12 02:16:34'),
(116, 'chi', 246, '是否启用库存管理', '1', '0:否\n1:是\n ', '是否启用库存管理', '2009-03-03 03:37:46', '2009-03-09 09:39:21'),
(117, 'chi', 247, '市场价格比例', '1.2  ', ' ', '市场价格比例', '2009-02-24 08:13:31', '2009-03-12 02:15:52'),
(118, 'chi', 245, '水印透明度', '50', ' ', '水印透明度', '2009-02-24 08:12:26', '2009-03-11 14:53:00'),
(119, 'chi', 244, '水印位置', '0', '0:随机位置\n1:顶端居左\n2:顶端居中\n3:顶端居右\n4:中部居左\n5:中部居中\n6:中部居右\n7:底端居左\n8:底端居中\n9:底端居右\n', '水印位置', '2009-03-03 03:38:19', '2009-03-11 14:46:52'),
(120, 'chi', 243, '水印文件', '2', '0: /sv-admin/img/zh_cn.gif\n1: /sv-admin/img/en_us.gif \n2: /sv-admin/img/img.jpg\n', '水印文件', '2009-02-24 08:11:02', '2009-03-12 09:58:38'),
(121, 'chi', 241, 'ICP备案证书号', '', '  ', 'ICP备案证书号', '2009-02-24 08:09:49', '2009-03-12 02:15:26'),
(122, 'chi', 238, '是否关闭注册', '0', '0:否\n1:是\n ', '是否关闭注册', '2009-02-24 08:02:32', '2009-03-09 09:36:08'),
(123, 'chi', 236, '用户中心公告', '这里是用户中心公告', '', '', '2009-02-24 08:01:13', '2009-02-24 08:01:13'),
(124, 'chi', 237, '商店公告', '欢迎使用上海实玮电子商务系统[SV-Cart]', '', '', '2009-02-24 08:01:46', '2009-02-24 08:01:46'),
(125, 'chi', 234, '商店Logo', '', '0: /sv-admin/img/zh_cn.gif\n1: /sv-admin/img/en_us.gif', '商店Logo', '2009-02-24 07:51:53', '2009-03-12 08:04:57'),
(126, 'chi', 233, '关闭网店的原因', '', '', '', '2009-02-24 07:50:05', '2009-02-24 07:50:05'),
(127, 'chi', 232, '暂时关闭网站', '0', '0:否\n1:是', '暂时关闭网站', '2009-02-24 07:49:20', '2009-03-09 09:32:57'),
(128, 'chi', 231, '客服电话', '', ' ', '客服电话', '2009-02-24 07:48:46', '2009-03-12 02:13:23'),
(129, 'chi', 230, '客服邮件地址', '', ' ', '客服邮件地址', '2009-02-24 07:48:07', '2009-03-12 02:12:41'),
(130, 'chi', 229, 'MSN Messenger', '  ', ' ', 'MSN Messenger', '2009-02-24 07:47:37', '2009-03-12 02:12:03'),
(131, 'chi', 228, 'Yahoo Messenger', '', ' ', 'Yahoo Messenger', '2009-02-24 07:46:59', '2009-03-12 02:11:47'),
(132, 'chi', 227, 'Skype', '', ' ', 'Skype', '2009-02-24 07:46:18', '2009-03-12 02:11:18'),
(133, 'chi', 226, '淘宝旺旺', '', ' ', '淘宝旺旺', '2009-02-24 07:45:29', '2009-03-12 02:10:52'),
(134, 'chi', 225, '客服QQ号码', '', ' ', '客服QQ号码', '2009-02-24 07:44:53', '2009-03-12 02:10:21'),
(135, 'chi', 224, '详细地址', '', ' ', '详细地址', '2009-02-24 07:44:25', '2009-03-12 02:09:59'),
(136, 'chi', 220, '商店关键字', '电子商务平台,免费开源,sv-cart,上海实玮,php', '', '填写关键字便于搜索引擎优化', '2009-02-24 07:41:36', '2009-05-12 16:33:57'),
(137, 'chi', 218, '商店标题', 'PHP电子商务平台 SV-Cart官网 | 上海实玮', '', '', '2009-02-24 07:39:09', '2009-02-24 07:39:09'),
(138, 'chi', 217, '商店名称', 'SV-Cart演示网站', '     ', '商店名称', '2009-02-24 07:37:58', '2009-03-12 02:07:50'),
(139, 'chi', 32, '密码保护问题', '1;2;3', '1:我的姓名\n2:我的生日\n3:最喜欢的颜色\n  ', '密码保护问题', '2008-01-01 00:00:00', '2009-03-12 03:55:18'),
(140, 'chi', 25, '会员价是否显示', '2', '0:不显示\n1:显示当前用户\n2:显示全部', '会员价是否显示', '2008-01-01 00:00:00', '2009-03-10 09:23:36'),
(141, 'chi', 385, '邮件发送帐号', '', '', '', '2009-03-12 06:01:27', '2009-03-12 06:01:27'),
(142, 'chi', 419, '货币格式', '￥%s元', '', '显示商品价格的格式，%s将被替换为相应的价格数字。', '2009-04-25 12:07:00', '2009-04-25 12:07:00'),
(143, 'chi', 421, '是否可用优惠券', '1', '0:否\n1:是', '', '2009-05-04 03:34:11', '2009-05-04 03:34:11'),
(144, 'chi', 420, '注册是否送优惠券', '1', '0:否\n1:是', '', '2009-04-30 09:49:47', '2009-05-04 11:39:45'),
(145, 'chi', 422, '是否送优惠券', '1', '0:否\n1:是', '', '2009-05-04 03:35:45', '2009-05-04 03:35:45'),
(146, 'chi', 424, '邮件服务器是否要求加密连接(SSL)', '0', '0:否\n1:是', '邮件服务器主机地址。如果本机可以发送邮件则设置为localhost', '2009-05-14 15:53:50', '2009-05-14 15:54:31'),
(147, 'chi', 427, 'version', 'v1.1.0', '', '版本号', '2009-05-19 06:23:46', '2009-05-19 06:23:46'),
(148, 'chi', 429, '是否启用SKU', '0', '0:否\n1:是', '', '2009-05-25 14:00:32', '2009-05-25 14:00:32'),
(149, 'chi', 430, '是否对商品单独设运费', '0', '0:否\n1:是', '', '2009-05-26 17:15:34', '2009-05-26 17:15:34'),
(150, 'chi', 431, '启用多货币模块', '0', '0:否\n1:是', '是否启用多货币模块', '2009-05-27 13:48:02', '2009-05-27 13:48:02'),
(151, 'chi', 433, '商品分类页默认显示样式', 'G', 'L:列表显示\nG:表格显示\nT:文字显示', '', '2009-05-31 21:14:08', '2009-05-31 21:14:08'),
(152, 'chi', 447, '是否显示占用内存', '1', '0:否\r\n1:是', '是否显示占用内存', '2009-06-02 15:31:02', '2009-07-09 11:05:40'),
(153, 'chi', 448, '是否显示销售排行', '1', '0:否\n1:是', '', '2009-06-02 16:33:19', '2009-06-03 10:10:28'),
(154, 'chi', 449, '销售排行显示个数', '10', '', '', '2009-06-02 16:34:30', '2009-06-02 16:34:30'),
(155, 'chi', 450, '客服代码', '', '', '', '2009-06-04 16:49:27', '2009-06-04 16:49:27'),
(156, 'chi', 451, '是否使用标签', '1', '0:否\n1:是', '', '2009-06-05 11:42:38', '2009-06-05 11:42:38'),
(158, 'chi', 455, '前台登录是否使用验证码', '0', '0:否\r\n1:是', '', '2009-06-12 03:21:29', '2009-07-01 05:33:45'),
(159, 'chi', 456, '是否启用登录提示', '1', '0:否\n1:是', '', '2009-06-12 03:44:27', '2009-06-12 03:44:27'),
(160, 'chi', 457, '是否启用操作员日志', '1', '0:否\n1:是', '是否启用操作员日志', '2009-06-12 16:39:09', '2009-06-12 16:39:09'),
(161, 'chi', 304, '购物车确定提示', '1', '0:点确定进购物车;\r\n1:直接进购物车', '允许您设置用户点击“加入购物车”后是否提示以及随后的动作。', '2008-01-01 00:00:00', '2008-01-01 00:00:00'),
(162, 'chi', 464, 'cart表保存时间', '1', '0:1天\r\n1:1星期\r\n2:1个月', '', '2009-06-25 11:05:41', '2009-06-25 11:05:41'),
(163, 'chi', 255, '统计代码', '', NULL, NULL, '2008-01-01 00:00:00', '2008-01-01 00:00:00'),
(164, 'chi', 260, '设置时区', '8', '-12:(GMT -12：00) 埃尼威托克岛,夸贾林;\r\n-11:(GMT -11：00) 中途岛，萨摩亚群岛;\r\n-10:(GMT -10：00) 夏威夷;\r\n-9:(GMT -9：00) 阿拉斯加;\r\n-8:(GMT -8：00) 太平洋时间(美国和加拿大),提华纳;\r\n-7:(GMT -7：00) 山地时间(美国和加拿大),亚利桑那州;\r\n-6:(GMT -6：00) 中部时间(美国和加拿大),墨西哥城;\r\n-5:(GMT -5：00) 东部标准时间(美国和加拿大),波哥大，利马，基多;\r\n-4:(GMT -4：00) 大西洋时间(加拿大),加拉加斯，拉巴斯;\r\n-3.5:(GMT -3：30) 纽芬兰;\r\n-3:(GMT -3：00) Brassila,布宜诺斯艾利斯，乔治敦，福克兰为何;\r\n-2:(GMT -2：00) 大西洋中部地区，是阿森松。,圣海伦，圣赫勒拿;\r\n-1:(GMT -1：00) 亚速尔群岛，佛得角群岛;\r\n0:(GMT) 卡萨布兰卡，都柏林，爱丁堡，伦敦，里斯本，蒙罗维亚;\r\n1:(GMT +1：00) 阿姆斯特丹，柏林，布鲁塞尔，马德里，巴黎，罗马;\r\n2:(GMT +2：00) 开罗，赫尔辛基，加里宁格勒，南非;\r\n3:(GMT +3：00) 巴格达，利雅得，莫斯科，内罗毕;\r\n3.5:(GMT +3：30) 伊朗;\r\n4:(GMT +4：00) 阿布扎比，巴库，马斯喀特，第比利斯;\r\n4.5:(GMT +4：30) 喀布尔;\r\n5:(GMT +5：00) 叶卡特琳堡，伊斯兰堡，卡拉奇，塔什干;\r\n5.5:(GMT +5：30) 孟买，加尔各答，马德拉斯，新德里;\r\n5.75:(GMT +5：45) 加德满都;\r\n6:(GMT +6：00) 阿拉木图，科伦坡，达卡，新西伯利亚;\r\n6.5:(GMT +6：30) 仰光;\r\n7:(GMT +7：00) 曼谷，河内，雅加达;\r\n8:(GMT +8：00) 北京，香港，珀斯，新加坡，台北;\r\n9:(GMT +9：00) 大阪，札幌，汉城，东京，雅库茨克;\r\n9.5:(GMT +9：30) 阿德莱德，达尔文;\r\n10:(GMT +10：00) 堪培拉，关岛，墨尔本，悉尼，符拉迪沃斯托克;\r\n11:(GMT +11：00) 马加丹，新喀里多尼亚，所罗门群岛;\r\n12:(GMT +12：00) 奥克兰，惠灵顿，斐济，马绍尔群岛', '', '2008-01-01 00:00:00', '2009-06-29 03:27:15'),
(165, 'chi', 472, '是否启用Gears', '0', '0:否\r\n1:是', '', '2009-07-07 01:42:40', '2009-07-07 01:42:40'),
(166, 'chi', 467, '评论是否使用验证码', '1', '0:否\r\n1:是', '', '2009-07-01 05:34:14', '2009-07-01 05:36:19'),
(167, 'chi', 468, '管理员登录是否使用验证码', '1', '0:否\r\n1:是', '', '2009-07-01 05:35:25', '2009-07-01 05:36:33'),
(168, 'chi', 469, '是否启用筛选功能', '0', '0:否\r\n1:是', '', '2009-07-02 09:31:49', '2009-07-02 09:33:02'),
(169, 'chi', 470, '是否使用数量优惠', '1', '0:否\r\n1:是', '', '2009-07-03 10:57:44', '2009-07-03 10:57:44'),
(170, 'chi', 471, '注册验证码', '0', '0:否\r\n1:是', '', '2009-07-03 11:39:07', '2009-07-03 11:39:07'),
(171, 'chi', 473, '后台是否启用Gears', '1', '0:否\r\n1:是', '', '2009-07-15 11:29:43', '2009-07-15 11:42:05'),
(1326, 'chi', 479, '登录返回页', '1', '0:订单页\r\n1:首页', '', '2009-07-22 10:08:54', '2009-07-22 10:08:54'),
(1324, 'chi', 478, '发票内容', '服装;餐饮', '', '客户要求开发票时可以选择的内容。例如：办公用品。每一行代表一个选项。', '2009-07-22 10:04:43', '2009-07-22 10:05:44');

--
-- 导出表中的数据 `svcart_coupons`
--


--
-- 导出表中的数据 `svcart_coupon_types`
--


--
-- 导出表中的数据 `svcart_coupon_type_i18ns`
--


--
-- 导出表中的数据 `svcart_departments`
--


--
-- 导出表中的数据 `svcart_department_i18ns`
--


--
-- 导出表中的数据 `svcart_flashes`
--

INSERT INTO `svcart_flashes` (`id`, `type`, `type_id`, `roundcorner`, `autoplaytime`, `isheightquality`, `blendmode`, `transduration`, `windowopen`, `btnsetmargin`, `btndistance`, `titlebgcolor`, `titletextcolor`, `titlebgalpha`, `titlemoveduration`, `btnalpha`, `btntextcolor`, `btndefaultcolor`, `btnhovercolor`, `btnfocuscolor`, `changimagemode`, `isshowbtn`, `isshowtitle`, `scalemode`, `transform`, `isshowabout`, `titlefont`, `height`, `width`, `created`, `modified`) VALUES
(1, 'H', 0, '9', '8', 'false', 'normal', '1', '_self', 'auto 5 5 auto', '20', '0xff6600', '0xffffff', '.75', '1', '.7', '0xffffff', '0x1B3433', '#41b73d', '#41b73d', 'click', 'true', 'true', 'noBorder', 'blur', 'true', '微软雅黑', 314, 741, '0000-00-00 00:00:00', '2009-03-27 07:52:40');

--
-- 导出表中的数据 `svcart_flash_images`
--

INSERT INTO `svcart_flash_images` (`id`, `locale`, `flash_id`, `orderby`, `image`, `title`, `description`, `url`, `status`, `created`, `modified`) VALUES
(1, 'chi', 1, 0, '/img/home/49b7fa67.jpg', '', '', 'http://www.seevia.cn', '1', '2009-04-09 05:07:38', '2009-04-09 05:07:38');

--
-- 导出表中的数据 `svcart_languages`
--

INSERT INTO `svcart_languages` (`id`, `locale`, `name`, `charset`, `map`, `img01`, `img02`, `front`, `backend`, `is_default`, `google_translate_code`, `created`, `modified`) VALUES
(1, 'chi', '中文', 'utf-8', 'zh', 'languages/zh_cn.gif', '', '1', '1', '1', 'zh-cn', '2008-01-01 00:00:00', '2009-03-17 07:03:34');

--
-- 导出表中的数据 `svcart_language_dictionaries`
--

INSERT INTO `svcart_language_dictionaries` (`id`, `locale`, `location`, `name`, `type`, `description`, `value`, `created`, `modified`) VALUES
(1, 'chi', 'front', '3_20_characters', 'notice', '3-20个字符(包括字母、数字、下划线)', '3-20个字符(包括字母、数字、下划线)', '2008-01-01 00:00:00', '2008-01-01 00:00:00'),
(2, 'chi', 'front', 'account', 'labels', '账户', '账户', '2008-01-01 00:00:00', '2008-01-01 00:00:00'),
(3, 'chi', 'front', 'account_status', 'notice', '该账号状态处于', '该账号状态处于', '2008-01-01 00:00:00', '2008-01-01 00:00:00'),
(4, 'chi', 'front', 'activity', 'labels', '活动', '活动', '2008-01-01 00:00:00', '2008-01-01 00:00:00'),
(5, 'chi', 'front', 'add', 'labels', '新增', '新增', '2008-01-01 00:00:00', '2008-01-01 00:00:00'),
(6, 'chi', 'front', 'add_to_favorite', 'notice', '加入收藏夹了！', '加入收藏夹了！', '2008-01-01 00:00:00', '2008-01-01 00:00:00'),
(7, 'chi', 'front', 'add_to_my_tags', 'labels', '加入我的标签', '加入我的标签', '2008-01-01 00:00:00', '2008-01-01 00:00:00'),
(8, 'chi', 'front', 'add_yuan_get', 'description', '加%d元:获得', '加%d元:获得', '2008-01-01 00:00:00', '2008-01-01 00:00:00'),
(9, 'chi', 'front', 'address', 'labels', '地址', '地址', '2008-01-01 00:00:00', '2008-01-01 00:00:00'),
(10, 'chi', 'front', 'address_book', 'labels', '我的地址簿', '我的地址簿', '2008-01-01 00:00:00', '2008-01-01 00:00:00'),
(11, 'chi', 'front', 'administrator_operation', 'labels', '管理员操作', '管理员操作', '2008-01-01 00:00:00', '2008-01-01 00:00:00'),
(12, 'chi', 'front', 'advanced_search', 'labels', '高级搜索', '高级搜索', '2008-01-01 00:00:00', '2008-01-01 00:00:00'),
(13, 'chi', 'front', 'affirm', 'labels', '确认', '确认', '2008-01-01 00:00:00', '2008-01-01 00:00:00'),
(14, 'chi', 'front', 'after_sale', 'labels', '售后', '售后', '2008-01-01 00:00:00', '2008-01-01 00:00:00'),
(15, 'chi', 'front', 'agree', 'labels', '同意', '同意', '2008-01-01 00:00:00', '2008-01-01 00:00:00'),
(16, 'chi', 'front', 'agreement', 'labels', '协议', '协议', '2008-01-01 00:00:00', '2008-01-01 00:00:00'),
(17, 'chi', 'front', 'alipay', 'labels', '支付宝', '支付宝', '2008-01-01 00:00:00', '2008-01-01 00:00:00'),
(18, 'chi', 'front', 'alipay_pay_immedia', 'labels', '立即支付宝付款', '立即支付宝付款', '2008-01-01 00:00:00', '2008-01-01 00:00:00'),
(19, 'chi', 'front', 'all', 'labels', '所有', '所有', '2008-01-01 00:00:00', '2008-01-01 00:00:00'),
(20, 'chi', 'front', 'Already_favorite', 'notice', '已收藏过了', '已收藏过了', '2008-01-01 00:00:00', '2008-01-01 00:00:00'),
(21, 'chi', 'front', 'amount', 'labels', '金额', '金额', '2008-01-01 00:00:00', '2008-01-01 00:00:00'),
(22, 'chi', 'front', 'and', 'notice', '和', '和', '2008-01-01 00:00:00', '2008-01-01 00:00:00'),
(23, 'chi', 'front', 'anonymous', 'labels', '匿名', '匿名', '2008-01-01 00:00:00', '2008-01-01 00:00:00'),
(24, 'chi', 'front', 'answer', 'labels', '问题答案', '问题答案', '2008-01-01 00:00:00', '2008-01-01 00:00:00'),
(25, 'chi', 'front', 'apellation', 'labels', '名称', '名称', '2008-01-01 00:00:00', '2008-01-01 00:00:00'),
(26, 'chi', 'front', 'area', 'labels', '地区', '地区', '2008-01-01 00:00:00', '2008-01-01 00:00:00'),
(27, 'chi', 'front', 'article', 'labels', '文章', '文章', '2008-01-01 00:00:00', '2008-01-01 00:00:00'),
(28, 'chi', 'front', 'attachment_size', 'labels', '附件上传大小', '附件上传大小', '2008-01-01 00:00:00', '2008-01-01 00:00:00'),
(29, 'chi', 'front', 'attribute', 'labels', '属性', '属性', '2008-01-01 00:00:00', '2008-01-01 00:00:00'),
(30, 'chi', 'front', 'author', 'labels', '作者', '作者', '2008-01-01 00:00:00', '2008-01-01 00:00:00'),
(31, 'chi', 'front', 'auto_send_mail', 'labels', '自动发送邮件', '自动发送邮件', '2008-01-01 00:00:00', '2008-01-01 00:00:00'),
(32, 'chi', 'front', 'avliable_point', 'description', '使用了%d积分', '使用了积分%d点', '2008-01-01 00:00:00', '2009-05-10 10:48:41'),
(33, 'chi', 'front', 'backup_email', 'labels', '备用邮箱', '备用邮箱', '2008-01-01 00:00:00', '2008-01-01 00:00:00'),
(34, 'chi', 'front', 'balance', 'labels', '余额', '余额', '2008-01-01 00:00:00', '2008-01-01 00:00:00'),
(35, 'chi', 'front', 'balances', 'labels', '资金', '资金', '2008-01-01 00:00:00', '2008-01-01 00:00:00'),
(36, 'chi', 'front', 'basic', 'labels', '基本', '基本', '2008-01-01 00:00:00', '2008-01-01 00:00:00'),
(37, 'chi', 'front', 'basic_setting', 'labels', '基本设定', '基本设定', '2008-01-01 00:00:00', '2008-01-01 00:00:00'),
(38, 'chi', 'front', 'be_integer', 'notice', '必须为整数', '必须为整数', '2008-01-01 00:00:00', '2008-01-01 00:00:00'),
(39, 'chi', 'front', 'best_shipping_time', 'labels', '最佳送货时间', '最佳送货时间', '2008-01-01 00:00:00', '2008-01-01 00:00:00'),
(40, 'chi', 'front', 'birthday', 'labels', '生日', '生日', '2008-01-01 00:00:00', '2008-01-01 00:00:00'),
(41, 'chi', 'front', 'booking', 'labels', '缺货登记', '缺货登记', '2008-01-01 00:00:00', '2008-01-01 00:00:00'),
(42, 'chi', 'front', 'brand', 'labels', '品牌', '品牌', '2008-01-01 00:00:00', '2008-01-01 00:00:00'),
(43, 'chi', 'front', 'buy', 'labels', '购买', '购买', '2008-01-01 00:00:00', '2008-01-01 00:00:00'),
(44, 'chi', 'front', 'buy_nothing', 'notice', '没有购买任何商品', '没有购买任何商品', '2008-01-01 00:00:00', '2008-01-01 00:00:00'),
(45, 'chi', 'front', 'calender', 'labels', '日历', '日历', '2008-01-01 00:00:00', '2008-01-01 00:00:00'),
(46, 'chi', 'front', 'can_be_registered', 'labels', '可以注册', '可以注册', '2008-01-01 00:00:00', '2008-01-01 00:00:00'),
(47, 'chi', 'front', 'can_not_empty', 'notice', '不能为空', '不能为空', '2008-01-01 00:00:00', '2009-06-02 13:55:24'),
(48, 'chi', 'front', 'can_offset_fee', 'description', '可以抵消%s元', '可以抵消%s元', '2008-01-01 00:00:00', '2009-05-10 10:47:55'),
(49, 'chi', 'front', 'can_use_point', 'description', '可用积分为%d积分', '您的积分为%d点', '2008-01-01 00:00:00', '2009-05-11 11:12:11'),
(50, 'chi', 'front', 'cancel', 'labels', '取消', '取消', '2008-01-01 00:00:00', '2008-01-01 00:00:00'),
(51, 'chi', 'front', 'card', 'labels', '贺卡', '贺卡', '2008-01-01 00:00:00', '2008-01-01 00:00:00'),
(52, 'chi', 'front', 'card_fee', 'labels', '贺卡费', '贺卡费', '2008-01-01 00:00:00', '2008-01-01 00:00:00'),
(53, 'chi', 'front', 'card_number', 'labels', '卡号', '卡号', '2008-01-01 00:00:00', '2008-01-01 00:00:00'),
(54, 'chi', 'front', 'cart', 'labels', '购物车', '购物车', '2008-01-01 00:00:00', '2008-01-01 00:00:00'),
(55, 'chi', 'front', 'category', 'labels', '类别', '类别', '2008-01-01 00:00:00', '2008-01-01 00:00:00'),
(56, 'chi', 'front', 'characters', 'labels', '文字', '文字', '2008-01-01 00:00:00', '2008-01-01 00:00:00'),
(57, 'chi', 'front', 'checkout', 'labels', '结算', '结算', '2008-01-01 00:00:00', '2008-01-01 00:00:00'),
(58, 'chi', 'front', 'checkout_center', 'labels', '结算中心', '结算中心', '2008-01-01 00:00:00', '2008-01-01 00:00:00'),
(59, 'chi', 'front', 'choose_exist_coupon', 'labels', '选择已有优惠券', '选择已有优惠券', '2008-01-01 00:00:00', '2008-01-01 00:00:00'),
(60, 'chi', 'front', 'chosen_products', 'description', '从下面的赠品（特惠品）中选择 %d 个', '从下面的赠品（特惠品）中选择 %d 个', '2008-01-01 00:00:00', '2008-01-01 00:00:00'),
(61, 'chi', 'front', 'classificatory', 'labels', '分类', '分类', '2008-01-01 00:00:00', '2008-01-01 00:00:00'),
(62, 'chi', 'front', 'clear_out', 'labels', '清空', '清空', '2008-01-01 00:00:00', '2009-05-22 10:38:24'),
(63, 'chi', 'front', 'clear_view_history', 'labels', '清除', '清除', '2008-01-01 00:00:00', '2008-01-01 00:00:00'),
(64, 'chi', 'front', 'close', 'labels', '关闭', '关闭', '2008-01-01 00:00:00', '2008-01-01 00:00:00'),
(65, 'chi', 'front', 'code', 'labels', '号', '号', '2008-01-01 00:00:00', '2008-01-01 00:00:00'),
(66, 'chi', 'front', 'colon', 'labels', '：', '：', '2008-01-01 00:00:00', '2008-01-01 00:00:00'),
(67, 'chi', 'front', 'coming_please_note', 'notice', '即将推出,敬请关注！', '即将推出,敬请关注！', '2008-01-01 00:00:00', '2008-01-01 00:00:00'),
(68, 'chi', 'front', 'comment_rank', 'labels', '评价等级', '评价等级', '2008-01-01 00:00:00', '2008-01-01 00:00:00'),
(69, 'chi', 'front', 'comments', 'labels', '评论', '评论', '2008-01-01 00:00:00', '2008-01-01 00:00:00'),
(70, 'chi', 'front', 'company', 'labels', '单位', '单位', '2008-01-01 00:00:00', '2008-01-01 00:00:00'),
(71, 'chi', 'front', 'complaint', 'labels', '投诉', '投诉', '2008-01-01 00:00:00', '2008-01-01 00:00:00'),
(72, 'chi', 'front', 'confidence', 'labels', '保密', '保密', '2008-01-01 00:00:00', '2008-01-01 00:00:00'),
(73, 'chi', 'front', 'confirm', 'labels', '确定', '确定', '2008-01-01 00:00:00', '2008-01-01 00:00:00'),
(74, 'chi', 'front', 'connect_person', 'labels', '联系人', '联系人', '2008-01-01 00:00:00', '2008-01-01 00:00:00'),
(75, 'chi', 'front', 'consignee', 'labels', '收货人', '收货人', '2008-01-01 00:00:00', '2008-01-01 00:00:00'),
(76, 'chi', 'front', 'consume', 'labels', '消费', '消费', '2008-01-01 00:00:00', '2008-01-01 00:00:00'),
(77, 'chi', 'front', 'contact', 'description', '联系方式', '联系方式', '2008-01-01 00:00:00', '2008-01-01 00:00:00'),
(78, 'chi', 'front', 'contact_information', 'notice', '联系方式', '联系方式', '2008-01-01 00:00:00', '2008-01-01 00:00:00'),
(79, 'chi', 'front', 'content', 'labels', '内容', '内容', '2008-01-01 00:00:00', '2008-01-01 00:00:00'),
(80, 'chi', 'front', 'continue', 'labels', '继续', '继续', '2008-01-01 00:00:00', '2008-01-01 00:00:00'),
(81, 'chi', 'front', 'continue_adding_friends', 'description', '您可以继续添加好友', '您可以继续添加好友', '2008-01-01 00:00:00', '2008-01-01 00:00:00'),
(82, 'chi', 'front', 'copyright', 'description', '%s 版权所有', '%s 版权所有', '2008-01-01 00:00:00', '2009-04-28 15:13:28'),
(83, 'chi', 'front', 'correlative_products', 'labels', '相关商品', '相关商品', '2008-01-01 00:00:00', '2008-01-01 00:00:00'),
(84, 'chi', 'front', 'cost', 'labels', '费用', '费用', '2008-01-01 00:00:00', '2008-01-01 00:00:00'),
(85, 'chi', 'front', 'coupon', 'labels', '优惠券', '优惠券', '2008-01-01 00:00:00', '2008-01-01 00:00:00'),
(86, 'chi', 'front', 'coupon_setting', 'labels', '优惠券设置', '优惠券设置', '2008-01-01 00:00:00', '2008-01-01 00:00:00'),
(87, 'chi', 'front', 'create', 'labels', '创建', '创建', '2008-01-01 00:00:00', '2008-01-01 00:00:00'),
(88, 'chi', 'front', 'current', 'labels', '当前', '当前', '2008-01-01 00:00:00', '2008-01-01 00:00:00'),
(89, 'chi', 'front', 'current_location_system_remind', 'labels', '当前位置：系统提示', '当前位置：系统提示', '2008-01-01 00:00:00', '2009-05-19 06:14:38'),
(90, 'chi', 'front', 'current_points', 'labels', '剩余积分为', '剩余积分为', '2008-01-01 00:00:00', '2008-01-01 00:00:00'),
(91, 'chi', 'front', 'current_price', 'labels', '现价', '现价', '2008-01-01 00:00:00', '2008-01-01 00:00:00'),
(92, 'chi', 'front', 'deadline', 'labels', '截至使用日期', '截至使用日期', '2008-01-01 00:00:00', '2008-01-01 00:00:00'),
(93, 'chi', 'front', 'default_time_zone', 'labels', '默认时区', '默认时区', '2008-01-01 00:00:00', '2008-01-01 00:00:00'),
(94, 'chi', 'front', 'delete', 'labels', '删除', '删除', '2008-01-01 00:00:00', '2008-01-01 00:00:00'),
(95, 'chi', 'front', 'delivered', 'labels', '已发货', '已发货', '2008-01-01 00:00:00', '2008-01-01 00:00:00'),
(96, 'chi', 'front', 'delivery_status', 'labels', '配送状态', '配送状态', '2008-01-01 00:00:00', '2008-01-01 00:00:00'),
(97, 'chi', 'front', 'description', 'labels', '描述', '描述', '2008-01-01 00:00:00', '2008-01-01 00:00:00'),
(98, 'chi', 'front', 'detail', 'labels', '详细', '详细', '2008-01-01 00:00:00', '2008-01-01 00:00:00'),
(99, 'chi', 'front', 'discount', 'labels', '折扣', '折扣', '2008-01-01 00:00:00', '2008-01-01 00:00:00'),
(100, 'chi', 'front', 'display_mode', 'labels', '显示方式', '显示方式', '2008-01-01 00:00:00', '2008-01-01 00:00:00'),
(101, 'chi', 'front', 'do_not_send_email', 'labels', '不发送邮件', '不发送邮件', '2008-01-01 00:00:00', '2008-01-01 00:00:00'),
(102, 'chi', 'front', 'duplicate_fill_province_city_district', 'notice', '不需要重复填写省/市/区', '不需要重复填写省/市/区', '2008-01-01 00:00:00', '2008-01-01 00:00:00'),
(103, 'chi', 'front', 'edit', 'labels', '编辑', '编辑', '2008-01-01 00:00:00', '2008-01-01 00:00:00'),
(104, 'chi', 'front', 'edit_region_or_contact_cs', 'notice', '请修改您的收货区域或联系客服', '请修改您的收货区域或联系客服', '2008-01-01 00:00:00', '2008-01-01 00:00:00'),
(105, 'chi', 'front', 'email', 'labels', 'Email', 'Email', '2008-01-01 00:00:00', '2008-01-01 00:00:00'),
(106, 'chi', 'front', 'email_letter', 'labels', '邮件', '邮件', '2008-01-01 00:00:00', '2008-01-01 00:00:00'),
(107, 'chi', 'front', 'email_notification', 'labels', '订阅邮件通知', '订阅邮件通知', '2008-01-01 00:00:00', '2008-01-01 00:00:00'),
(108, 'chi', 'front', 'email_receive_message', 'notice', '您的电子邮箱地址，以便收发我们发给您的信息。', '您的电子邮箱地址，以便收发我们发给您的信息。', '2008-01-01 00:00:00', '2008-01-01 00:00:00'),
(109, 'chi', 'front', 'email_verified_login', 'notice', '您的邮件已经验证,请直接登录;', '您的邮件已经验证,请直接登录;', '2008-01-01 00:00:00', '2008-01-01 00:00:00'),
(110, 'chi', 'front', 'end', 'labels', '结束', '结束', '2008-01-01 00:00:00', '2008-01-01 00:00:00'),
(111, 'chi', 'front', 'enter_hint_answer', 'notice', '所选择的问题的答案', '所选择的问题的答案', '2008-01-01 00:00:00', '2008-01-01 00:00:00'),
(112, 'chi', 'front', 'error', 'notice', '出错了', '出错了', '2008-01-01 00:00:00', '2008-01-01 00:00:00'),
(113, 'chi', 'front', 'exceed_max_value_can_use', 'notice', '超出了可使用的最大数值', '超出了可使用的最大数值', '2008-01-01 00:00:00', '2008-01-01 00:00:00'),
(114, 'chi', 'front', 'exceed_upper_limit_products', 'notice', '超出选中商品的上限', '超出选中商品的上限', '2008-01-01 00:00:00', '2008-01-01 00:00:00'),
(115, 'chi', 'front', 'exchange', 'labels', '兑换', '兑换', '2008-01-01 00:00:00', '2008-01-01 00:00:00'),
(116, 'chi', 'front', 'exchange_ratio', 'labels', '换算比例', '换算比例', '2008-01-01 00:00:00', '2008-01-01 00:00:00'),
(117, 'chi', 'front', 'exist_group', 'labels', '已有分组', '已有分组', '2008-01-01 00:00:00', '2008-01-01 00:00:00'),
(118, 'chi', 'front', 'expand_max_number', 'notice', '购买商品数超过最大额度', '购买商品数超过最大额度', '2008-01-01 00:00:00', '2008-01-01 00:00:00'),
(119, 'chi', 'front', 'expiration_date', 'labels', '有效期限', '有效期限', '2008-01-01 00:00:00', '2008-01-01 00:00:00'),
(120, 'chi', 'front', 'failed', 'notice', '失败', '失败', '2008-01-01 00:00:00', '2009-06-02 13:55:20'),
(121, 'chi', 'front', 'fast', 'labels', '快速', '快速', '2008-01-01 00:00:00', '2008-01-01 00:00:00'),
(122, 'chi', 'front', 'favorable_content', 'labels', '优惠内容', '优惠内容', '2008-01-01 00:00:00', '2008-01-01 00:00:00'),
(123, 'chi', 'front', 'favorable_products', 'labels', '特惠品', '特惠品', '2008-01-01 00:00:00', '2008-01-01 00:00:00'),
(124, 'chi', 'front', 'favorite', 'labels', '收藏', '收藏', '2008-01-01 00:00:00', '2008-01-01 00:00:00'),
(125, 'chi', 'front', 'fee', 'labels', '费', '费', '2008-01-01 00:00:00', '2008-01-01 00:00:00'),
(126, 'chi', 'front', 'female', 'labels', '女', '女', '2008-01-01 00:00:00', '2008-01-01 00:00:00'),
(127, 'chi', 'front', 'fill_out_information', 'labels', '填写信息', '填写信息', '2008-01-01 00:00:00', '2008-01-01 00:00:00'),
(128, 'chi', 'front', 'forget_password', 'labels', '忘记密码', '忘记密码', '2008-01-01 00:00:00', '2008-01-01 00:00:00'),
(129, 'chi', 'front', 'format', 'notice', '格式', '格式', '2008-01-01 00:00:00', '2008-01-01 00:00:00'),
(130, 'chi', 'front', 'free', 'labels', '免费', '免费', '2008-01-01 00:00:00', '2008-01-01 00:00:00'),
(131, 'chi', 'front', 'freeze', 'notice', '冻结', '冻结', '2008-01-01 00:00:00', '2008-01-01 00:00:00'),
(132, 'chi', 'front', 'friend', 'labels', '好友', '好友', '2008-01-01 00:00:00', '2008-01-01 00:00:00'),
(133, 'chi', 'front', 'friends_in_group_not_cancelled', 'notice', '此分组里面还有好友，不能删除!', '此分组里面还有好友，不能删除!', '2008-01-01 00:00:00', '2008-01-01 00:00:00'),
(134, 'chi', 'front', 'gender', 'labels', '性别', '性别', '2008-01-01 00:00:00', '2008-01-01 00:00:00'),
(135, 'chi', 'front', 'goods_amount_less_coupon_min', 'notice', '订单商品金额没有达到使用该优惠券的最低金额', '订单商品金额没有达到使用该优惠券的最低金额', '2008-01-01 00:00:00', '2009-05-05 11:35:26'),
(136, 'chi', 'front', 'goods_have_received', 'labels', '已收货', '已收货', '2008-01-01 00:00:00', '2008-01-01 00:00:00'),
(137, 'chi', 'front', 'gram', 'labels', '克', '克', '2008-01-01 00:00:00', '2008-01-01 00:00:00'),
(138, 'chi', 'front', 'graph', 'labels', '图片', '图片', '2008-01-01 00:00:00', '2008-01-01 00:00:00'),
(139, 'chi', 'front', 'group', 'labels', '分组', '分组', '2008-01-01 00:00:00', '2008-01-01 00:00:00'),
(140, 'chi', 'front', 'has_been_canceled', 'labels', '已取消', '已取消', '2008-01-01 00:00:00', '2008-01-01 00:00:00'),
(141, 'chi', 'front', 'has_been_forbidden', 'notice', '已禁用', '已禁用', '2008-01-01 00:00:00', '2008-01-01 00:00:00'),
(142, 'chi', 'front', 'has_been_used', 'labels', '已使用', '已使用', '2008-01-01 00:00:00', '2008-01-01 00:00:00'),
(143, 'chi', 'front', 'has_been_verified', 'notice', '已经认证', '已经认证', '2008-01-01 00:00:00', '2008-01-01 00:00:00'),
(144, 'chi', 'front', 'has_confirmed', 'labels', '已确认', '已确认', '2008-01-01 00:00:00', '2008-01-01 00:00:00'),
(145, 'chi', 'front', 'have_been_logout', 'notice', '您已经安全退出', '您已经安全退出', '2008-01-01 00:00:00', '2008-01-01 00:00:00'),
(146, 'chi', 'front', 'have_friends_now_continue_adding', 'description', '您现在有%d个好友，您可以继续添加好友', '您现在有%d个好友，您可以继续添加好友', '2008-01-01 00:00:00', '2008-01-01 00:00:00'),
(147, 'chi', 'front', 'help_center', 'labels', '帮助中心', '帮助中心', '2008-01-01 00:00:00', '2008-01-01 00:00:00'),
(148, 'chi', 'front', 'hint_question_to_password', 'notice', '密码提示问题', '密码提示问题', '2008-01-01 00:00:00', '2008-01-01 00:00:00'),
(149, 'chi', 'front', 'history_details', 'labels', '历史明细', '历史明细', '2008-01-01 00:00:00', '2008-01-01 00:00:00'),
(150, 'chi', 'front', 'home', 'labels', '首页', '首页', '2008-01-01 00:00:00', '2008-01-01 00:00:00'),
(151, 'chi', 'front', 'hot', 'labels', '热门', '热门', '2008-01-01 00:00:00', '2008-01-01 00:00:00'),
(152, 'chi', 'front', 'how_much_cash_exchanged_100points', 'notice', '每100积分可抵多少元现金', '每100积分可抵多少元现金', '2008-01-01 00:00:00', '2008-01-01 00:00:00'),
(153, 'chi', 'front', 'hundred_point', 'description', '每100积分可抵%d元现金', '积分100点可抵%d元现金', '2008-01-01 00:00:00', '2009-05-10 10:51:44'),
(154, 'chi', 'front', 'if_cancel_order', 'notice', '确定取消该订单吗', '确定取消该订单吗', '2008-01-01 00:00:00', '2008-01-01 00:00:00'),
(155, 'chi', 'front', 'if_purchase_now', 'notice', '是否现在采购', '是否现在采购', '2008-01-01 00:00:00', '2008-01-01 00:00:00'),
(156, 'chi', 'front', 'if_requirements_in_orders', 'labels', '如果您对订单有什么其他要求', '如果您对订单有什么其他要求', '2008-01-01 00:00:00', '2008-01-01 00:00:00'),
(157, 'chi', 'front', 'ifpay_through_counter', 'labels', '如果您通过柜面付款', '如果您通过柜面付款', '2008-01-01 00:00:00', '2008-01-01 00:00:00'),
(158, 'chi', 'front', 'ifpay_through_online_or_what', 'notice', '如果您通过网上支付带或者什么的', '如果您通过网上支付带或者什么的', '2008-01-01 00:00:00', '2008-01-01 00:00:00'),
(159, 'chi', 'front', 'incorrect_username_or_password', 'notice', '用户名或者密码错误;', '用户名或者密码错误;', '2008-01-01 00:00:00', '2008-01-01 00:00:00'),
(160, 'chi', 'front', 'information', 'labels', '信息', '信息', '2008-01-01 00:00:00', '2008-01-01 00:00:00'),
(161, 'chi', 'front', 'inquiry', 'labels', '询问', '询问', '2008-01-01 00:00:00', '2008-01-01 00:00:00'),
(162, 'chi', 'front', 'integral_shopping_mall', 'labels', '积分商城', '积分商城', '2008-01-01 00:00:00', '2008-01-01 00:00:00'),
(163, 'chi', 'front', 'invalid', 'labels', '无效', '无效', '2008-01-01 00:00:00', '2008-01-01 00:00:00'),
(164, 'chi', 'front', 'invalid_id', 'notice', 'id不合法', 'id不合法', '2008-01-01 00:00:00', '2009-05-31 09:28:55'),
(165, 'chi', 'front', 'invalid_operation', 'notice', '非法操作', '非法操作', '2008-01-01 00:00:00', '2008-01-01 00:00:00'),
(166, 'chi', 'front', 'invalid_url', 'notice', '无效的路径', '无效的路径', '2008-01-01 00:00:00', '2008-01-01 00:00:00'),
(167, 'chi', 'front', 'issue_comments', 'labels', '我要评论', '我要评论', '2008-01-01 00:00:00', '2008-01-01 00:00:00'),
(168, 'chi', 'front', 'issue_time', 'labels', '发布时间', '发布时间', '2008-01-01 00:00:00', '2008-01-01 00:00:00'),
(169, 'chi', 'front', 'js_part', 'labels', 'JS部份', 'JS部份', '2008-01-01 00:00:00', '2008-01-01 00:00:00'),
(170, 'chi', 'front', 'keywords', 'labels', '关键字', '关键字', '2008-01-01 00:00:00', '2008-01-01 00:00:00'),
(171, 'chi', 'front', 'label', 'labels', '标签', '标签', '2008-01-01 00:00:00', '2008-01-01 00:00:00'),
(172, 'chi', 'front', 'lack_balance_supply_first', 'notice', '余额不足，请先充值！', '余额不足，请先充值！', '2008-01-01 00:00:00', '2008-01-01 00:00:00'),
(173, 'chi', 'front', 'larger_zero', 'notice', '必须大于零', '必须大于零', '2008-01-01 00:00:00', '2008-01-01 00:00:00'),
(174, 'chi', 'front', 'last_login_time', 'labels', '您的上一次登录时间', '您的上一次登录时间', '2008-01-01 00:00:00', '2008-01-01 00:00:00'),
(175, 'chi', 'front', 'latest', 'labels', '最新', '最新', '2008-01-01 00:00:00', '2008-01-01 00:00:00'),
(176, 'chi', 'front', 'least_number', 'notice', '购买商品数不得低于', '购买商品数不得低于', '2008-01-01 00:00:00', '2008-01-01 00:00:00'),
(177, 'chi', 'front', 'level_is', 'labels', '您的等级是', '您的等级是', '2008-01-01 00:00:00', '2008-01-01 00:00:00'),
(178, 'chi', 'front', 'limit', 'labels', '额度', '额度', '2008-01-01 00:00:00', '2008-01-01 00:00:00'),
(179, 'chi', 'front', 'links', 'labels', '友情链接', '友情链接', '2008-01-01 00:00:00', '2008-01-01 00:00:00'),
(180, 'chi', 'front', 'list', 'labels', '列表', '列表', '2008-01-01 00:00:00', '2008-01-01 00:00:00'),
(181, 'chi', 'front', 'location', 'labels', '位置', '位置', '2008-01-01 00:00:00', '2008-01-01 00:00:00'),
(182, 'chi', 'front', 'log_out', 'labels', '退出', '退出', '2008-01-01 00:00:00', '2008-01-01 00:00:00'),
(183, 'chi', 'front', 'login', 'labels', '登录', '登录', '2008-01-01 00:00:00', '2008-01-01 00:00:00'),
(184, 'chi', 'front', 'logout', 'notice', '注销', '注销', '2008-01-01 00:00:00', '2008-01-01 00:00:00'),
(185, 'chi', 'front', 'make_you_enjoy_internet_shopping', 'notice', '让你体会网上购物带来的乐趣', '让你体会网上购物带来的乐趣', '2008-01-01 00:00:00', '2008-01-01 00:00:00'),
(186, 'chi', 'front', 'male', 'labels', '男', '男', '2008-01-01 00:00:00', '2008-01-01 00:00:00'),
(187, 'chi', 'front', 'marked_building', 'labels', '标志建筑', '标志建筑', '2008-01-01 00:00:00', '2008-01-01 00:00:00'),
(188, 'chi', 'front', 'market_price', 'labels', '市场价', '市场价', '2008-01-01 00:00:00', '2008-01-01 00:00:00'),
(189, 'chi', 'front', 'max_points_used_100yuan_product', 'notice', '每100元商品最多可以使用多少元积分', '每100元商品最多可以使用多少元积分', '2008-01-01 00:00:00', '2008-01-01 00:00:00'),
(190, 'chi', 'front', 'member', 'labels', '会员', '会员', '2008-01-01 00:00:00', '2008-01-01 00:00:00'),
(191, 'chi', 'front', 'membership_price', 'labels', '会员价', '会员价', '2008-01-01 00:00:00', '2008-01-01 00:00:00'),
(192, 'chi', 'front', 'memory', 'labels', '占用内存', '占用内存', '2008-01-01 00:00:00', '2008-01-01 00:00:00'),
(193, 'chi', 'front', 'message', 'labels', '留言', '留言', '2008-01-01 00:00:00', '2008-01-01 00:00:00'),
(194, 'chi', 'front', 'min_orders_amount', 'labels', '最小订单金额', '最小订单金额', '2008-01-01 00:00:00', '2008-01-01 00:00:00'),
(195, 'chi', 'front', 'mmodify', 'labels', '修改', '修改', '2008-01-01 00:00:00', '2008-01-01 00:00:00'),
(196, 'chi', 'front', 'mobile', 'labels', '手机', '手机', '2008-01-01 00:00:00', '2008-01-01 00:00:00'),
(197, 'chi', 'front', 'more', 'labels', '更多', '更多', '2008-01-01 00:00:00', '2008-01-01 00:00:00'),
(198, 'chi', 'front', 'more_choices_quicker_service', 'notice', '有更多的选择提供带来更快捷的服务', '有更多的选择提供带来更快捷的服务', '2008-01-01 00:00:00', '2008-01-01 00:00:00'),
(199, 'chi', 'front', 'more_than_order_total', 'labels', '超过订单金额 ', '超过订单金额', '2008-01-01 00:00:00', '2008-01-01 00:00:00'),
(200, 'chi', 'front', 'my_balance', 'labels', '我的资金', '我的资金', '2008-01-01 00:00:00', '2008-01-01 00:00:00'),
(201, 'chi', 'front', 'my_cart', 'labels', '我的购物车', '我的购物车', '2008-01-01 00:00:00', '2008-01-01 00:00:00'),
(202, 'chi', 'front', 'my_comments', 'labels', '我的评论', '我的评论', '2008-01-01 00:00:00', '2008-01-01 00:00:00'),
(203, 'chi', 'front', 'my_coupon', 'labels', '我的优惠券', '我的优惠券', '2008-01-01 00:00:00', '2008-01-01 00:00:00'),
(204, 'chi', 'front', 'my_favorite', 'labels', '我的收藏', '我的收藏', '2008-01-01 00:00:00', '2008-01-01 00:00:00'),
(205, 'chi', 'front', 'my_friends', 'labels', '我的好友', '我的好友', '2008-01-01 00:00:00', '2008-01-01 00:00:00'),
(206, 'chi', 'front', 'my_information', 'labels', '我的信息', '我的信息', '2008-01-01 00:00:00', '2008-01-01 00:00:00'),
(207, 'chi', 'front', 'my_message', 'labels', '我的留言', '我的留言', '2008-01-01 00:00:00', '2008-01-01 00:00:00'),
(208, 'chi', 'front', 'my_order', 'labels', '我的订单', '我的订单', '2008-01-01 00:00:00', '2008-01-01 00:00:00'),
(209, 'chi', 'front', 'name', 'labels', '姓名', '姓名', '2008-01-01 00:00:00', '2008-01-01 00:00:00'),
(210, 'chi', 'front', 'names', 'labels', '名', '名', '2008-01-01 00:00:00', '2008-01-01 00:00:00'),
(211, 'chi', 'front', 'need_not_shipping_method', 'notice', '无需配送', '无需配送', '2008-01-01 00:00:00', '2008-01-01 00:00:00'),
(212, 'chi', 'front', 'new_arrival', 'labels', '新品', '新品', '2008-01-01 00:00:00', '2008-01-01 00:00:00'),
(213, 'chi', 'front', 'new_password', 'labels', '新密码', '新密码', '2008-01-01 00:00:00', '2008-01-01 00:00:00'),
(214, 'chi', 'front', 'news', 'labels', '资讯', '资讯', '2008-01-01 00:00:00', '2008-01-01 00:00:00'),
(215, 'chi', 'front', 'next', 'labels', '下一', '下一', '2008-01-01 00:00:00', '2008-01-01 00:00:00'),
(216, 'chi', 'front', 'no', 'labels', '否', '否', '2008-01-01 00:00:00', '2008-01-01 00:00:00'),
(217, 'chi', 'front', 'no_article', 'notice', '无文章', '无文章', '2008-01-01 00:00:00', '2008-01-01 00:00:00'),
(218, 'chi', 'front', 'no_balance_log', 'notice', '没有资金日志', '没有资金日志', '2008-01-01 00:00:00', '2008-01-01 00:00:00'),
(219, 'chi', 'front', 'no_comments', 'notice', '暂无评论！', '暂无评论！', '2008-01-01 00:00:00', '2008-01-01 00:00:00'),
(220, 'chi', 'front', 'no_comments_necessary', 'labels', '无需填写备注', '无需填写备注', '2008-01-01 00:00:00', '2008-01-01 00:00:00'),
(221, 'chi', 'front', 'no_comments_now', 'labels', '暂无评论', '暂无评论', '2008-01-01 00:00:00', '2008-01-01 00:00:00'),
(222, 'chi', 'front', 'no_coupon', 'notice', '没有任何优惠券', '没有任何优惠券', '2008-01-01 00:00:00', '2008-01-01 00:00:00'),
(223, 'chi', 'front', 'no_friends', 'labels', '暂无好友', '暂无好友', '2008-01-01 00:00:00', '2008-01-01 00:00:00'),
(224, 'chi', 'front', 'no_limit', 'description', '0表示不限制数量', '0表示不限制数量', '2008-01-01 00:00:00', '2008-01-01 00:00:00'),
(225, 'chi', 'front', 'no_order', 'notice', '没有任何订单', '没有任何订单', '2008-01-01 00:00:00', '2008-01-01 00:00:00'),
(226, 'chi', 'front', 'no_paying_method', 'notice', '无可用支付方式', '无可用支付方式', '2008-01-01 00:00:00', '2008-01-01 00:00:00'),
(227, 'chi', 'front', 'no_products_in_cart', 'notice', '购物车里没有商品', '购物车里没有商品', '2008-01-01 00:00:00', '2008-01-01 00:00:00'),
(228, 'chi', 'front', 'no_promote_activity', 'labels', '无促消活动', '无促消活动', '2008-01-01 00:00:00', '2008-01-01 00:00:00'),
(229, 'chi', 'front', 'no_promote_products', 'labels', '暂无促销商品', '暂无促销商品', '2008-01-01 00:00:00', '2008-01-01 00:00:00'),
(230, 'chi', 'front', 'no_shipping_method', 'notice', '您当前所在的区域无法配送', '您当前所在的区域无法配送', '2008-01-01 00:00:00', '2008-01-01 00:00:00'),
(231, 'chi', 'front', 'no_stock', 'notice', '尚无库存', '尚无库存', '2008-01-01 00:00:00', '2008-01-01 00:00:00'),
(232, 'chi', 'front', 'no_support_value', 'labels', '不支持保价', '不支持保价', '2008-01-01 00:00:00', '2008-01-01 00:00:00'),
(233, 'chi', 'front', 'no_view_record', 'notice', '没有浏览记录', '没有浏览记录', '2008-01-01 00:00:00', '2008-01-01 00:00:00'),
(234, 'chi', 'front', 'normal', 'labels', '普通', '普通', '2008-01-01 00:00:00', '2008-01-01 00:00:00'),
(235, 'chi', 'front', 'not_buy_goods', 'notice', '没有购买任何商品', '没有购买任何商品', '2008-01-01 00:00:00', '2008-01-01 00:00:00'),
(236, 'chi', 'front', 'not_clear', 'labels', '看不清楚', '看不清楚', '2008-01-01 00:00:00', '2008-01-01 00:00:00'),
(237, 'chi', 'front', 'not_correct', 'notice', '不正确', '不正确', '2008-01-01 00:00:00', '2009-06-02 13:55:29'),
(238, 'chi', 'front', 'not_exist', 'notice', '不存在', '不存在', '2008-01-01 00:00:00', '2009-06-02 13:55:22'),
(239, 'chi', 'front', 'not_favorite_goods', 'notice', '没有收藏任何商品', '没有收藏任何商品', '2008-01-01 00:00:00', '2008-01-01 00:00:00'),
(240, 'chi', 'front', 'not_find_product', 'notice', '没有搜索到您所要搜索的商品！', '没有搜索到您所要搜索的商品！', '2008-01-01 00:00:00', '2008-01-01 00:00:00'),
(241, 'chi', 'front', 'not_less_eight_characters', 'notice', '不能少于8个字符', '不能少于8个字符', '2009-04-30 11:16:05', '2009-04-30 11:16:05'),
(242, 'chi', 'front', 'not_passed_email_approval', 'notice', '您还没有通过邮件认证', '您还没有通过邮件认证', '2008-01-01 00:00:00', '2008-01-01 00:00:00'),
(243, 'chi', 'front', 'not_your_order', 'notice', '此订单不是您的订单;', '此订单不是您的订单;', '2008-01-01 00:00:00', '2008-01-01 00:00:00'),
(244, 'chi', 'front', 'notes', 'labels', '注意事项', '注意事项', '2008-01-01 00:00:00', '2008-01-01 00:00:00'),
(245, 'chi', 'front', 'notice', 'notice', '提示', '提示', '2008-01-01 00:00:00', '2008-01-01 00:00:00'),
(246, 'chi', 'front', 'notices', 'labels', '公告', '公告', '2008-01-01 00:00:00', '2008-01-01 00:00:00'),
(247, 'chi', 'front', 'offset_point', 'notice', '积分抵扣', '积分抵扣', '2008-01-01 00:00:00', '2008-01-01 00:00:00'),
(248, 'chi', 'front', 'one_contact', 'labels', '一个联系方式', '一个联系方式', '2008-01-01 00:00:00', '2008-01-01 00:00:00'),
(249, 'chi', 'front', 'one_product', 'notice', '一件商品', '一件商品', '2008-01-01 00:00:00', '2008-01-01 00:00:00'),
(250, 'chi', 'front', 'only_member_keep', 'notice', '只有登陆用户才能收藏;', '只有登陆用户才能收藏;', '2008-01-01 00:00:00', '2008-01-01 00:00:00'),
(251, 'chi', 'front', 'onsale', 'labels', '上架', '上架', '2008-01-01 00:00:00', '2008-01-01 00:00:00'),
(252, 'chi', 'front', 'operation', 'labels', '操作', '操作', '2008-01-01 00:00:00', '2008-01-01 00:00:00'),
(253, 'chi', 'front', 'optional_information', 'labels', '可选信息', '可选信息', '2008-01-01 00:00:00', '2008-01-01 00:00:00'),
(254, 'chi', 'front', 'or', 'notice', '或', '或', '2008-01-01 00:00:00', '2008-01-01 00:00:00'),
(255, 'chi', 'front', 'or_enter_coupon_serial', 'labels', '请直接输入优惠券序列号', '请直接输入优惠券序列号', '2008-01-01 00:00:00', '2008-01-01 00:00:00'),
(256, 'chi', 'front', 'order', 'labels', '订单', '订单', '2008-01-01 00:00:00', '2008-01-01 00:00:00'),
(257, 'chi', 'front', 'order_amount_under_min', 'notice', '订单金额低于最小购物金额！', '订单金额低于最小购物金额！', '2008-01-01 00:00:00', '2008-01-01 00:00:00'),
(258, 'chi', 'front', 'order_by', 'description', '按%s排序', '按%s排序', '2008-01-01 00:00:00', '2008-01-01 00:00:00'),
(259, 'chi', 'front', 'order_code', 'labels', '订单号', '订单号', '2008-01-01 00:00:00', '2008-01-01 00:00:00'),
(260, 'chi', 'front', 'order_delivered_not_cancel', 'notice', '该订单已经发货不能取消!', '该订单已经发货不能取消!', '2008-01-01 00:00:00', '2008-01-01 00:00:00'),
(261, 'chi', 'front', 'order_generated', 'labels', '订单产生', '订单产生', '2008-01-01 00:00:00', '2008-01-01 00:00:00'),
(262, 'chi', 'front', 'order_list', 'labels', '我的订单列表', '我的订单列表', '2008-01-01 00:00:00', '2008-01-01 00:00:00'),
(263, 'chi', 'front', 'order_max_point', 'description', '本订单最多可以使用%d积分', '本订单最多可以使用积分%d点', '2008-01-01 00:00:00', '2009-05-10 10:51:19'),
(264, 'chi', 'front', 'order_not_paid', 'notice', '此订单无法付费', '此订单无法付费', '2008-01-01 00:00:00', '2008-01-01 00:00:00'),
(265, 'chi', 'front', 'order_paid_not_cancel', 'notice', '该订单已经付款不能取消!', '该订单已经付款不能取消!', '2008-01-01 00:00:00', '2008-01-01 00:00:00'),
(266, 'chi', 'front', 'order_time', 'labels', '下单时间', '下单时间', '2008-01-01 00:00:00', '2008-01-01 00:00:00'),
(267, 'chi', 'front', 'orders_have_no_conditions_confirmation_receipt', 'labels', '该订单不具备收货确认的条件', '该订单不具备收货确认的条件', '2008-01-01 00:00:00', '2008-01-01 00:00:00'),
(268, 'chi', 'front', 'original_price', 'labels', '原价', '原价', '2008-01-01 00:00:00', '2008-01-01 00:00:00'),
(269, 'chi', 'front', 'others', 'labels', '其他信息', '其他信息', '2008-01-01 00:00:00', '2008-01-01 00:00:00'),
(270, 'chi', 'front', 'our_price', 'labels', '本店售价', '本店售价', '2008-01-01 00:00:00', '2008-01-01 00:00:00'),
(271, 'chi', 'front', 'out_of_stock_process', 'labels', '缺货处理', '缺货处理', '2008-01-01 00:00:00', '2008-01-01 00:00:00'),
(272, 'chi', 'front', 'out_stock_book_successful', 'notice', '你的缺货登记已经成功，我们会在到货的时候和您联系~谢谢', '你的缺货登记已经成功，我们会在到货的时候和您联系~谢谢', '2008-01-01 00:00:00', '2008-01-01 00:00:00'),
(273, 'chi', 'front', 'package_add_cart_failed', 'notice', '包装无法添加到购物车', '包装无法添加到购物车', '2008-01-01 00:00:00', '2008-01-01 00:00:00'),
(274, 'chi', 'front', 'package_fee', 'labels', '包装费', '包装费', '2008-01-01 00:00:00', '2008-01-01 00:00:00'),
(275, 'chi', 'front', 'packaging', 'labels', '包装', '包装', '2008-01-01 00:00:00', '2008-01-01 00:00:00'),
(276, 'chi', 'front', 'page', 'labels', '页', '页', '2008-01-01 00:00:00', '2008-01-01 00:00:00'),
(277, 'chi', 'front', 'page_number', 'notice', '此页数', '此页数', '2008-01-01 00:00:00', '2008-01-01 00:00:00'),
(278, 'chi', 'front', 'page_show_number', 'description', '每页显示%d条商品', '每页显示%d条商品', '2008-01-01 00:00:00', '2008-01-01 00:00:00'),
(279, 'chi', 'front', 'pages', 'labels', '页', '页', '2008-01-01 00:00:00', '2008-01-01 00:00:00'),
(280, 'chi', 'front', 'paid', 'labels', '已付款', '已付款', '2008-01-01 00:00:00', '2008-01-01 00:00:00'),
(281, 'chi', 'front', 'parameter_error', 'notice', '参数不合法', '参数不合法', '2008-01-01 00:00:00', '2008-01-01 00:00:00'),
(282, 'chi', 'front', 'password', 'labels', '密码', '密码', '2008-01-01 00:00:00', '2008-01-01 00:00:00'),
(283, 'chi', 'front', 'password_consist_of', 'notice', '密码只能由字母、数字、下划线组成;', '密码只能由字母、数字、下划线组成;', '2008-01-01 00:00:00', '2008-01-01 00:00:00'),
(284, 'chi', 'front', 'password_is_consist', 'notice', '密码由6-16个字符组成。', '密码由6-16个字符组成。', '2008-01-01 00:00:00', '2008-01-01 00:00:00'),
(285, 'chi', 'front', 'password_length_short', 'notice', '密码长度太短;', '密码长度太短;', '2008-01-01 00:00:00', '2008-01-01 00:00:00'),
(286, 'chi', 'front', 'Passwords_are_not_consistent', 'notice', '两次密码不一致', '两次密码不一致', '2008-01-01 00:00:00', '2008-01-01 00:00:00'),
(287, 'chi', 'front', 'pay', 'labels', '付款', '付款', '2008-01-01 00:00:00', '2008-01-01 00:00:00'),
(288, 'chi', 'front', 'pay_by', 'description', '使用%d支付', '使用%d支付', '2008-01-01 00:00:00', '2008-01-01 00:00:00'),
(289, 'chi', 'front', 'pay_in', 'description', '付款于%s', '付款于%s', '2008-01-01 00:00:00', '2008-01-01 00:00:00'),
(290, 'chi', 'front', 'payable_amount', 'labels', '应付金额', '应付金额', '2008-01-01 00:00:00', '2008-01-01 00:00:00'),
(291, 'chi', 'front', 'paying', 'labels', '付款中', '付款中', '2008-01-01 00:00:00', '2008-01-01 00:00:00'),
(292, 'chi', 'front', 'payment', 'labels', '支付方式', '支付方式', '2008-01-01 00:00:00', '2008-01-01 00:00:00'),
(293, 'chi', 'front', 'payment_fee', 'labels', '支付费', '支付费', '2008-01-01 00:00:00', '2008-01-01 00:00:00'),
(294, 'chi', 'front', 'payment_no_support', 'notice', '此支付方式 不支持货到付款', '此支付方式 不支持货到付款', '2008-01-01 00:00:00', '2008-01-01 00:00:00'),
(295, 'chi', 'front', 'payment_ratio', 'labels', '支付比例', '支付比例', '2008-01-01 00:00:00', '2008-01-01 00:00:00'),
(296, 'chi', 'front', 'payment_result', 'labels', '支付结果', '支付结果', '2008-01-01 00:00:00', '2008-01-01 00:00:00'),
(297, 'chi', 'front', 'piece', 'labels', '篇', '篇', '2008-01-01 00:00:00', '2008-01-01 00:00:00'),
(298, 'chi', 'front', 'place_order', 'labels', '下单', '下单', '2008-01-01 00:00:00', '2008-01-01 00:00:00'),
(299, 'chi', 'front', 'please_choose', 'labels', '请选择', '请选择', '2008-01-01 00:00:00', '2008-01-01 00:00:00'),
(300, 'chi', 'front', 'please_enter', 'labels', '请填写', '请填写', '2008-01-01 00:00:00', '2008-01-01 00:00:00'),
(301, 'chi', 'front', 'please_leave', 'notice', '请留下', '请留下', '2008-01-01 00:00:00', '2008-01-01 00:00:00'),
(302, 'chi', 'front', 'please_login', 'notice', '请先登录', '请先登录', '2008-01-01 00:00:00', '2008-01-01 00:00:00'),
(303, 'chi', 'front', 'point', 'labels', '积分', '积分', '2008-01-01 00:00:00', '2008-01-01 00:00:00'),
(304, 'chi', 'front', 'point_setting', 'labels', '积分设置', '积分设置', '2008-01-01 00:00:00', '2008-01-01 00:00:00'),
(305, 'chi', 'front', 'point_unit', 'labels', '点', '点', '2008-01-01 00:00:00', '2008-01-01 00:00:00'),
(306, 'chi', 'front', 'points', 'labels', '我的积分', '我的积分', '2008-01-01 00:00:00', '2008-01-01 00:00:00'),
(307, 'chi', 'front', 'positive_integer', 'notice', '正整数', '正整数', '2008-01-01 00:00:00', '2008-01-01 00:00:00'),
(308, 'chi', 'front', 'post_code', 'labels', '邮政编码', '邮政编码', '2008-01-01 00:00:00', '2008-01-01 00:00:00'),
(309, 'chi', 'front', 'present_coupons', 'labels', '送优惠券', '送优惠券', '2008-01-01 00:00:00', '2008-01-01 00:00:00'),
(310, 'chi', 'front', 'present_points', 'labels', '送积分', '送积分', '2008-01-01 00:00:00', '2008-01-01 00:00:00'),
(311, 'chi', 'front', 'preset_delivery_address', 'notice', '您可以预设收货地址', '您可以预设收货地址', '2008-01-01 00:00:00', '2008-01-01 00:00:00'),
(312, 'chi', 'front', 'previous', 'labels', '上一', '上一', '2008-01-01 00:00:00', '2008-01-01 00:00:00'),
(313, 'chi', 'front', 'price', 'labels', '价格', '价格', '2008-01-01 00:00:00', '2008-01-01 00:00:00'),
(314, 'chi', 'front', 'product_out_of_sale', 'notice', '此商品停止销售!', '此商品停止销售!', '2008-01-01 00:00:00', '2008-01-01 00:00:00'),
(315, 'chi', 'front', 'products', 'labels', '商品', '商品', '2008-01-01 00:00:00', '2008-01-01 00:00:00'),
(316, 'chi', 'front', 'products_add_cart_failed', 'notice', '商品无法添加到购物车', '商品无法添加到购物车', '2008-01-01 00:00:00', '2008-01-01 00:00:00'),
(317, 'chi', 'front', 'products_details', 'labels', '商品详细', '商品详细', '2008-01-01 00:00:00', '2008-01-01 00:00:00'),
(318, 'chi', 'front', 'products_list_setting', 'labels', '商品列表设置', '商品列表设置', '2008-01-01 00:00:00', '2008-01-01 00:00:00'),
(319, 'chi', 'front', 'products_show_setting', 'labels', '商品显示信息', '商品显示信息', '2008-01-01 00:00:00', '2008-01-01 00:00:00'),
(320, 'chi', 'front', 'promotion', 'labels', '促销', '促销', '2008-01-01 00:00:00', '2008-01-01 00:00:00'),
(321, 'chi', 'front', 'purchase', 'labels', '购买', '购买', '2008-01-01 00:00:00', '2008-01-01 00:00:00'),
(322, 'chi', 'front', 'purchase_again', 'labels', '再次购买', '再次购买', '2008-01-01 00:00:00', '2008-01-01 00:00:00'),
(323, 'chi', 'front', 'purchase_requirement', 'labels', '采购需求', '采购需求', '2008-01-01 00:00:00', '2008-01-01 00:00:00'),
(324, 'chi', 'front', 'purchased', 'labels', '已购买', '已购买', '2008-01-01 00:00:00', '2008-01-01 00:00:00'),
(325, 'chi', 'front', 'purchased_products', 'labels', '您购买的商品', '您购买的商品', '2008-01-01 00:00:00', '2008-01-01 00:00:00'),
(326, 'chi', 'front', 'put_into_cart', 'labels', '加入购物车', '加入购物车', '2008-01-01 00:00:00', '2008-01-01 00:00:00'),
(327, 'chi', 'front', 'quantity', 'labels', '数量', '数量', '2008-01-01 00:00:00', '2008-01-01 00:00:00'),
(328, 'chi', 'front', 'received_mail', 'labels', '收电子邮件', '收电子邮件', '2008-01-01 00:00:00', '2008-01-01 00:00:00'),
(329, 'chi', 'front', 'receives', 'labels', '可获得', '可获得', '2008-01-01 00:00:00', '2008-01-01 00:00:00'),
(330, 'chi', 'front', 'recharge_amount', 'labels', '充值的金额', '充值的金额', '2008-01-01 00:00:00', '2008-01-01 00:00:00'),
(331, 'chi', 'front', 'rechoose', 'labels', '重新选择', '重新选择', '2008-01-01 00:00:00', '2008-01-01 00:00:00'),
(332, 'chi', 'front', 'recommend', 'labels', '推荐', '推荐', '2008-01-01 00:00:00', '2008-01-01 00:00:00'),
(333, 'chi', 'front', 'records_statistics', 'description', '总共%d个记录，今天发布%d个记录', '总共%d个记录，今天发布%d个记录', '2008-01-01 00:00:00', '2008-01-01 00:00:00'),
(334, 'chi', 'front', 'reenter_new_password', 'labels', '再输入一次新密码', '再输入一次新密码', '2008-01-01 00:00:00', '2008-01-01 00:00:00'),
(335, 'chi', 'front', 'region', 'labels', '区域', '区域', '2008-01-01 00:00:00', '2008-01-01 00:00:00'),
(336, 'chi', 'front', 'register', 'labels', '注册', '注册', '2008-01-01 00:00:00', '2008-01-01 00:00:00'),
(337, 'chi', 'front', 'register_functions_closed', 'labels', '注册功能已经关闭', '注册功能已经关闭', '2008-01-01 00:00:00', '2008-01-01 00:00:00'),
(338, 'chi', 'front', 'register_presented', 'labels', '注册赠送', '注册赠送', '2008-01-01 00:00:00', '2008-01-01 00:00:00'),
(339, 'chi', 'front', 'register_success_activate_account_by_link', 'notice', '注册成功,请单击连接确认认证;', '注册成功,请单击连接确认认证;', '2008-01-01 00:00:00', '2008-01-01 00:00:00'),
(340, 'chi', 'front', 'registration_steps', 'labels', '注册步骤', '注册步骤', '2008-01-01 00:00:00', '2008-01-01 00:00:00'),
(341, 'chi', 'front', 'related_article', 'labels', '相关文章', '相关文章', '2008-01-01 00:00:00', '2008-01-01 00:00:00'),
(342, 'chi', 'front', 'related_products', 'labels', '关联商品', '关联商品', '2008-01-01 00:00:00', '2008-01-01 00:00:00'),
(343, 'chi', 'front', 'remaining_balance', 'description', '资金为%s元', '资金为%s元', '2008-01-01 00:00:00', '2008-01-01 00:00:00'),
(344, 'chi', 'front', 'remark', 'labels', '备注', '备注', '2008-01-01 00:00:00', '2008-01-01 00:00:00'),
(345, 'chi', 'front', 'remark_here', 'labels', '可以在这增加备注', '可以在这增加备注', '2008-01-01 00:00:00', '2008-01-01 00:00:00'),
(346, 'chi', 'front', 'remark_is_necessary', 'labels', '必需填写备注', '必需填写备注', '2008-01-01 00:00:00', '2008-01-01 00:00:00'),
(347, 'chi', 'front', 'rename_consumptive_point', 'notice', '您可以将消费积分重新命名。例如：烧币', '您可以将消费积分重新命名。例如：烧币', '2008-01-01 00:00:00', '2008-01-01 00:00:00'),
(348, 'chi', 'front', 'repeat_password', 'labels', '重复密码', '重复密码', '2008-01-01 00:00:00', '2008-01-01 00:00:00'),
(349, 'chi', 'front', 'reply', 'labels', '回复', '回复', '2008-01-01 00:00:00', '2008-01-01 00:00:00'),
(350, 'chi', 'front', 'resend_Email_for_approval', 'notice', '请重新发送认证邮件', '请重新发送认证邮件', '2008-01-01 00:00:00', '2008-01-01 00:00:00'),
(351, 'chi', 'front', 'reset', 'labels', '重置', '重置', '2008-01-01 00:00:00', '2008-01-01 00:00:00'),
(352, 'chi', 'front', 'reset_password_sent_please_view', 'notice', '重置密码邮件已发送请登录邮箱查看', '重置密码邮件已发送请登录邮箱查看', '2008-01-01 00:00:00', '2008-01-01 00:00:00'),
(353, 'chi', 'front', 'retrieve_password', 'labels', '找回密码', '找回密码', '2008-01-01 00:00:00', '2008-01-01 00:00:00'),
(354, 'chi', 'front', 'return', 'labels', '返回', '返回', '2008-01-01 00:00:00', '2008-01-01 00:00:00'),
(355, 'chi', 'front', 'return_products', 'labels', '退货', '退货', '2008-01-01 00:00:00', '2008-01-01 00:00:00'),
(356, 'chi', 'front', 'sales', 'labels', '销量', '销量', '2008-01-01 00:00:00', '2008-01-01 00:00:00'),
(357, 'chi', 'front', 'sales_ranking', 'labels', '销售排行', '销售排行', '2008-01-01 00:00:00', '2008-01-01 00:00:00'),
(358, 'chi', 'front', 'sales_this_term', 'labels', '本期售出', '本期售出', '2008-01-01 00:00:00', '2008-01-01 00:00:00'),
(359, 'chi', 'front', 'save_to_market_price', 'labels', '省', '省', '2008-01-01 00:00:00', '2009-05-20 10:10:23'),
(360, 'chi', 'front', 'saved', 'labels', '节省了', '节省了', '2008-01-01 00:00:00', '2008-01-01 00:00:00'),
(361, 'chi', 'front', 'search', 'labels', '查询', '查询', '2008-01-01 00:00:00', '2008-01-01 00:00:00'),
(362, 'chi', 'front', 'search_result', 'labels', '搜索结果', '搜索结果', '2008-01-01 00:00:00', '2008-01-01 00:00:00'),
(363, 'chi', 'front', 'security_answer', 'labels', '密码保护答案', '密码保护答案', '2008-01-01 00:00:00', '2008-01-01 00:00:00'),
(364, 'chi', 'front', 'security_question', 'labels', '密码保护问题', '密码保护问题', '2008-01-01 00:00:00', '2008-01-01 00:00:00'),
(365, 'chi', 'front', 'send', 'labels', '发送', '发送', '2008-01-01 00:00:00', '2008-01-01 00:00:00'),
(366, 'chi', 'front', 'send_after_products_arrived', 'notice', '等到货后发送', '等到货后发送', '2008-01-01 00:00:00', '2008-01-01 00:00:00'),
(367, 'chi', 'front', 'send_confirm_mail', 'labels', '认证邮件', '认证邮件', '2008-01-01 00:00:00', '2008-01-01 00:00:00'),
(368, 'chi', 'front', 'send_email_setting', 'notice', '邮件发送设置', '邮件发送设置', '2008-01-01 00:00:00', '2008-01-01 00:00:00'),
(369, 'chi', 'front', 'send_mail', 'labels', '发送邮件', '发送邮件', '2008-01-01 00:00:00', '2008-01-01 00:00:00'),
(370, 'chi', 'front', 'set', 'labels', '我的设置', '我的设置', '2008-01-01 00:00:00', '2008-01-01 00:00:00'),
(371, 'chi', 'front', 'set_order_as_unpaid', 'description', '设置订单为“%d”时', '设置订单为“%d”时', '2008-01-01 00:00:00', '2008-01-01 00:00:00'),
(372, 'chi', 'front', 'setting', 'labels', '设置', '设置', '2008-01-01 00:00:00', '2008-01-01 00:00:00'),
(373, 'chi', 'front', 'several_issues', 'description', '今天发布%d个记录', '今天发布%d个记录', '2008-01-01 00:00:00', '2008-01-01 00:00:00'),
(374, 'chi', 'front', 'shipping_fee', 'labels', '配送费', '配送费', '2008-01-01 00:00:00', '2008-01-01 00:00:00'),
(375, 'chi', 'front', 'shipping_in', 'description', '发货于%s', '发货于%s', '2008-01-01 00:00:00', '2008-01-01 00:00:00'),
(376, 'chi', 'front', 'shipping_method', 'labels', '配送方式', '配送方式', '2008-01-01 00:00:00', '2008-01-01 00:00:00'),
(377, 'chi', 'front', 'shipping_no_support', 'notice', '此配送方式 不支持货到付款', '此配送方式 不支持货到付款', '2008-01-01 00:00:00', '2008-01-01 00:00:00'),
(378, 'chi', 'front', 'shop', 'labels', '商店', '商店', '2008-01-01 00:00:00', '2008-01-01 00:00:00'),
(379, 'chi', 'front', 'shop_closed', 'notice', '网店关闭', '网店关闭', '2008-01-01 00:00:00', '2008-01-01 00:00:00'),
(380, 'chi', 'front', 'shop_flow', 'labels', '购物流程', '购物流程', '2008-01-01 00:00:00', '2008-01-01 00:00:00'),
(381, 'chi', 'front', 'shop_setting', 'labels', '商店信息', '商店信息', '2008-01-01 00:00:00', '2008-01-01 00:00:00'),
(382, 'chi', 'front', 'shop_settings', 'labels', '商店设置', '商店设置', '2008-01-01 00:00:00', '2008-01-01 00:00:00'),
(383, 'chi', 'front', 'show', 'labels', '显示', '显示', '2008-01-01 00:00:00', '2008-01-01 00:00:00');
INSERT INTO `svcart_language_dictionaries` (`id`, `locale`, `location`, `name`, `type`, `description`, `value`, `created`, `modified`) VALUES
(384, 'chi', 'front', 'show_setting', 'labels', '显示设置', '显示设置', '2008-01-01 00:00:00', '2008-01-01 00:00:00'),
(385, 'chi', 'front', 'sitemap', 'labels', '网站导航', '网站导航', '2008-01-01 00:00:00', '2009-06-02 12:50:33'),
(386, 'chi', 'front', 'sku', 'labels', '货号', '货号', '2008-01-01 00:00:00', '2008-01-01 00:00:00'),
(387, 'chi', 'front', 'sold_out', 'labels', '缺货', '缺货', '2008-01-01 00:00:00', '2008-01-01 00:00:00'),
(388, 'chi', 'front', 'sort', 'labels', '排序', '排序', '2008-01-01 00:00:00', '2008-01-01 00:00:00'),
(389, 'chi', 'front', 'sort_by', 'labels', '排序方式', '排序方式', '2008-01-01 00:00:00', '2008-01-01 00:00:00'),
(390, 'chi', 'front', 'start', 'labels', '开始', '开始', '2008-01-01 00:00:00', '2008-01-01 00:00:00'),
(391, 'chi', 'front', 'status', 'labels', '状态', '状态', '2008-01-01 00:00:00', '2008-01-01 00:00:00'),
(392, 'chi', 'front', 'stock', 'labels', '库存', '库存', '2008-01-01 00:00:00', '2008-01-01 00:00:00'),
(393, 'chi', 'front', 'stock_is_not_enough', 'notice', '商品库存不够', '商品库存不够', '2008-01-01 00:00:00', '2008-01-01 00:00:00'),
(394, 'chi', 'front', 'stocking', 'labels', '备货中 ', '备货中 ', '2008-01-01 00:00:00', '2008-01-01 00:00:00'),
(395, 'chi', 'front', 'street', 'labels', '街道', '街道', '2008-01-01 00:00:00', '2008-01-01 00:00:00'),
(396, 'chi', 'front', 'subject', 'labels', '主题', '主题', '2008-01-01 00:00:00', '2008-01-01 00:00:00'),
(397, 'chi', 'front', 'submit', 'labels', '提交', '提交', '2008-01-01 00:00:00', '2008-01-01 00:00:00'),
(398, 'chi', 'front', 'submit_in_latest_30days', 'description', '您最近30天内提交了%d个订单', '您最近30天内提交了%d个订单', '2008-01-01 00:00:00', '2008-01-01 00:00:00'),
(399, 'chi', 'front', 'subtotal', 'labels', '小计', '小计', '2008-01-01 00:00:00', '2008-01-01 00:00:00'),
(400, 'chi', 'front', 'successfully', 'notice', '成功', '成功', '2008-01-01 00:00:00', '2008-01-01 00:00:00'),
(401, 'chi', 'front', 'suppliers_message', 'labels', '商家留言', '商家留言', '2008-01-01 00:00:00', '2008-01-01 00:00:00'),
(402, 'chi', 'front', 'supply', 'labels', '充值', '充值', '2008-01-01 00:00:00', '2008-01-01 00:00:00'),
(403, 'chi', 'front', 'supply_method_is', 'labels', '你选择的充值方式为', '你选择的充值方式为', '2008-01-01 00:00:00', '2008-01-01 00:00:00'),
(404, 'chi', 'front', 'supply_records', 'labels', '充值记录', '充值记录', '2008-01-01 00:00:00', '2008-01-01 00:00:00'),
(405, 'chi', 'front', 'support_value_fee', 'labels', '保价费', '保价费', '2008-01-01 00:00:00', '2008-01-01 00:00:00'),
(406, 'chi', 'front', 'support_value_or_not', 'labels', '是否需要保价', '是否需要保价', '2008-01-01 00:00:00', '2008-01-01 00:00:00'),
(407, 'chi', 'front', 'switch_languages', 'labels', '切换语言', '切换语言', '2008-01-01 00:00:00', '2008-01-01 00:00:00'),
(408, 'chi', 'front', 'tags', 'labels', '标签', '标签', '2008-01-01 00:00:00', '2008-01-01 00:00:00'),
(409, 'chi', 'front', 'telephone', 'labels', '电话', '电话', '2008-01-01 00:00:00', '2008-01-01 00:00:00'),
(410, 'chi', 'front', 'telephone_or_mobile', 'labels', '电话或手机必填一个', '电话或手机必填一个', '2009-04-30 11:21:57', '2009-04-30 11:21:57'),
(411, 'chi', 'front', 'tell_a_friend', 'labels', '推荐给好友', '推荐给好友', '2008-01-01 00:00:00', '2008-01-01 00:00:00'),
(412, 'chi', 'front', 'template', 'labels', '模板', '模板', '2008-01-01 00:00:00', '2008-01-01 00:00:00'),
(413, 'chi', 'front', 'thanks_for_purchase', 'labels', '谢谢您的购买', '谢谢您的购买', '2008-01-01 00:00:00', '2008-01-01 00:00:00'),
(414, 'chi', 'front', 'this_order_receives', 'labels', '此订单可获得', '此订单可获得', '2008-01-01 00:00:00', '2008-01-01 00:00:00'),
(415, 'chi', 'front', 'this_week', 'description', '本周%s', '本周%s', '2008-01-01 00:00:00', '2008-01-01 00:00:00'),
(416, 'chi', 'front', 'time', 'labels', '时间', '时间', '2008-01-01 00:00:00', '2008-01-01 00:00:00'),
(417, 'chi', 'front', 'time_out_relogin', 'notice', '未登录，请先登录！', '未登录，请先登录！', '2008-01-01 00:00:00', '2008-01-01 00:00:00'),
(418, 'chi', 'front', 'title', 'labels', '标题', '标题', '2008-01-01 00:00:00', '2008-01-01 00:00:00'),
(419, 'chi', 'front', 'to_page', 'description', '到第%d页', '到第%d页', '2008-01-01 00:00:00', '2008-01-01 00:00:00'),
(420, 'chi', 'front', 'today_consumer', 'description', '今天的消费金额为%s 元', '今天的消费金额为%s 元', '2008-01-01 00:00:00', '2008-01-01 00:00:00'),
(421, 'chi', 'front', 'topage', 'labels', '到第', '到第', '2008-01-01 00:00:00', '2008-01-01 00:00:00'),
(422, 'chi', 'front', 'topic', 'labels', '专题', '专题', '2008-01-01 00:00:00', '2008-01-01 00:00:00'),
(423, 'chi', 'front', 'total', 'labels', '合计', '合计', '2008-01-01 00:00:00', '2008-01-01 00:00:00'),
(424, 'chi', 'front', 'total_order_value', 'labels', '订单总金额', '订单总金额', '2008-01-01 00:00:00', '2008-01-01 00:00:00'),
(425, 'chi', 'front', 'total_record', 'description', '共计 %d 个', '共计 %d 个', '2008-01-01 00:00:00', '2008-01-01 00:00:00'),
(426, 'chi', 'front', 'totally_buy_records', 'description', '总共%d个购买记录', '总共%d个购买记录', '2008-01-01 00:00:00', '2008-01-01 00:00:00'),
(427, 'chi', 'front', 'totally_records_unpaid', 'description', '总共%d个记录', '总共%d个记录', '2008-01-01 00:00:00', '2008-01-01 00:00:00'),
(428, 'chi', 'front', 'type', 'labels', '类型', '类型', '2008-01-01 00:00:00', '2008-01-01 00:00:00'),
(429, 'chi', 'front', 'type_again_password', 'notice', '再一遍您上面输入的密码。', '再一遍您上面输入的密码。', '2008-01-01 00:00:00', '2008-01-01 00:00:00'),
(430, 'chi', 'front', 'unconfirmed', 'labels', '未确认', '未确认', '2008-01-01 00:00:00', '2008-01-01 00:00:00'),
(431, 'chi', 'front', 'undefined', 'labels', '未定义', '未定义', '2008-01-01 00:00:00', '2008-01-01 00:00:00'),
(432, 'chi', 'front', 'undelivered', 'labels', '未发货', '未发货', '2008-01-01 00:00:00', '2008-01-01 00:00:00'),
(433, 'chi', 'front', 'unpaid', 'labels', '未付款', '未付款', '2008-01-01 00:00:00', '2008-01-01 00:00:00'),
(434, 'chi', 'front', 'unused', 'labels', '未使用', '未使用', '2008-01-01 00:00:00', '2008-01-01 00:00:00'),
(435, 'chi', 'front', 'use', 'labels', '使用', '使用', '2008-01-01 00:00:00', '2008-01-01 00:00:00'),
(436, 'chi', 'front', 'user', 'labels', '用户', '用户', '2008-01-01 00:00:00', '2008-01-01 00:00:00'),
(437, 'chi', 'front', 'user_center', 'labels', '用户中心', '用户中心', '2008-01-01 00:00:00', '2008-01-01 00:00:00'),
(438, 'chi', 'front', 'user_remind', 'labels', '用户提醒', '用户提醒', '2008-01-01 00:00:00', '2008-01-01 00:00:00'),
(439, 'chi', 'front', 'user_setting', 'labels', '会员设置', '会员设置', '2008-01-01 00:00:00', '2008-01-01 00:00:00'),
(440, 'chi', 'front', 'username', 'labels', '用户名', '用户名', '2008-01-01 00:00:00', '2008-01-01 00:00:00'),
(441, 'chi', 'front', 'username_consist_of', 'notice', '用户名只能由字母、数字、下划线组成;', '用户名只能由字母、数字、下划线组成;', '2008-01-01 00:00:00', '2008-01-01 00:00:00'),
(442, 'chi', 'front', 'username_exist', 'notice', '用户名已存在;', '用户名已存在;', '2008-01-01 00:00:00', '2008-01-01 00:00:00'),
(443, 'chi', 'front', 'username_length_short', 'notice', '用户名长度太短;', '用户名长度太短;', '2008-01-01 00:00:00', '2008-01-01 00:00:00'),
(444, 'chi', 'front', 'users', 'labels', '可使用', '可使用', '2008-01-01 00:00:00', '2008-01-01 00:00:00'),
(445, 'chi', 'front', 'valid', 'description', '有效', '有效', '2008-01-01 00:00:00', '2008-01-01 00:00:00'),
(446, 'chi', 'front', 'value_of', 'labels', '价值', '价值', '2008-01-01 00:00:00', '2008-01-01 00:00:00'),
(447, 'chi', 'front', 'verify_code', 'labels', '验证码', '验证码', '2008-01-01 00:00:00', '2008-01-01 00:00:00'),
(448, 'chi', 'front', 'view', 'labels', '查看', '查看', '2008-01-01 00:00:00', '2008-01-01 00:00:00'),
(449, 'chi', 'front', 'view_history', 'labels', '浏览历史', '浏览历史', '2008-01-01 00:00:00', '2008-01-01 00:00:00'),
(450, 'chi', 'front', 'view_number', 'labels', '浏览次数', '浏览次数', '2008-01-01 00:00:00', '2008-01-01 00:00:00'),
(451, 'chi', 'front', 'waitting_for_check', 'labels', '[等待审核]', '[等待审核]', '2008-01-01 00:00:00', '2008-01-01 00:00:00'),
(452, 'chi', 'front', 'waitting_for_confirm', 'labels', '待确认', '待确认', '2008-01-01 00:00:00', '2008-01-01 00:00:00'),
(453, 'chi', 'front', 'website_information', 'labels', '站内信息', '站内信息', '2008-01-01 00:00:00', '2008-01-01 00:00:00'),
(454, 'chi', 'front', 'weight', 'labels', '重量', '重量', '2008-01-01 00:00:00', '2008-01-01 00:00:00'),
(455, 'chi', 'front', 'welcome', 'labels', '欢迎光临', '欢迎光临', '2008-01-01 00:00:00', '2008-01-01 00:00:00'),
(456, 'chi', 'front', 'welcome_back', 'description', '用户 %s，欢迎您回来！', '用户 %s，欢迎您回来！', '2008-01-01 00:00:00', '2008-01-01 00:00:00'),
(457, 'chi', 'front', 'welcome_to', 'description', '欢迎进入%s', '欢迎进入%s', '2008-01-01 00:00:00', '2008-01-01 00:00:00'),
(458, 'chi', 'front', 'yes', 'labels', '是', '是', '2008-01-01 00:00:00', '2008-01-01 00:00:00'),
(459, 'chi', 'front', 'your_account', 'labels', '您的帐户', '您的帐户', '2008-01-01 00:00:00', '2008-01-01 00:00:00'),
(460, 'chi', 'front', 'yuan', 'labels', '元', '元', '2008-01-01 00:00:00', '2008-01-01 00:00:00'),
(461, 'chi', 'front', 'zone_telephone_extension', 'labels', '（区号-电话号码-分机）', '（区号-电话号码-分机）', '2008-01-01 00:00:00', '2008-01-01 00:00:00'),
(462, 'chi', 'front', 'site_survey', 'labels', '站内调查', '站内调查', '2008-01-01 00:00:00', '2008-01-01 00:00:00'),
(463, 'chi', 'front', 'number_of_participation', 'labels', '参与人次', '参与人次', '2008-01-01 00:00:00', '2008-01-01 00:00:00'),
(464, 'chi', 'front', 'vote', 'labels', '投票', '投票', '2008-01-01 00:00:00', '2008-01-01 00:00:00'),
(465, 'chi', 'front', 'reelect', 'labels', '重选', '重选', '2008-01-01 00:00:00', '2008-01-01 00:00:00'),
(466, 'chi', 'front', 'have_voted', 'labels', '对不起，您已经投过票了!', '对不起，您已经投过票了!', '2008-01-01 00:00:00', '2008-01-01 00:00:00'),
(467, 'chi', 'front', 'voting_success', 'labels', '恭喜你，投票成功', '恭喜你，投票成功', '2008-01-01 00:00:00', '2008-01-01 00:00:00'),
(468, 'chi', 'front', 'timeout_please_try_again', 'labels', '网络超时，请重试', '网络超时，请重试', '2008-01-01 00:00:00', '2008-01-01 00:00:00'),
(469, 'chi', 'front', 'obtain_verification_code', 'labels', '获取验证码', '获取验证码', '2008-01-01 00:00:00', '2008-01-01 00:00:00'),
(470, 'chi', 'front', 'wait_for_operation', 'labels', '操作中，请等待···', '操作中，请等待···', '2008-01-01 00:00:00', '2008-01-01 00:00:00'),
(471, 'chi', 'front', 'updating_please_wait', 'description', '正在更新%s请等待', '正在更新%s请等待', '2008-01-01 00:00:00', '2008-01-01 00:00:00'),
(472, 'chi', 'front', 'orders_submitting_please_wait', 'labels', '正在提交订单请稍等', '正在提交订单请稍等', '2008-01-01 00:00:00', '2008-01-01 00:00:00'),
(473, 'chi', 'front', 'preferential_price_range', 'labels', '购买商品达到以下数量区间时可享受的优惠价格', '购买商品达到以下数量区间时可享受的优惠价格', '2008-01-01 00:00:00', '2008-01-01 00:00:00'),
(474, 'chi', 'front', 'not_yet_been_installed', 'labels', '您还未安装', '您还未安装', '2008-01-01 00:00:00', '2008-01-01 00:00:00'),
(475, 'chi', 'front', 'install_now', 'labels', '立即安装', '立即安装', '2008-01-01 00:00:00', '2008-01-01 00:00:00'),
(476, 'chi', 'front', 'reinstall', 'labels', '重新安装', '重新安装', '2008-01-01 00:00:00', '2008-01-01 00:00:00'),
(477, 'chi', 'front', 'run_error_may_reinstall', 'labels', '运行错误，重新安装可能解决问题', '运行错误，重新安装可能解决问题', '2008-01-01 00:00:00', '2008-01-01 00:00:00'),
(478, 'chi', 'front', 'speed_up_for_website', 'labels', '网站加速', '网站加速', '2008-01-01 00:00:00', '2008-01-01 00:00:00'),
(479, 'chi', 'front', 'google_gears', 'labels', 'Google Gears', 'Google Gears', '2008-01-01 00:00:00', '2008-01-01 00:00:00'),
(480, 'chi', 'front', 'no_address', 'labels', '暂无地址', '暂无地址', '2008-01-01 00:00:00', '2008-01-01 00:00:00'),
(481, 'chi', 'front', 'not_repeat_subscribe', 'labels', '请不要重复订阅', '请不要重复订阅', '2008-01-01 00:00:00', '2008-01-01 00:00:00'),
(482, 'chi', 'front', 'subscribe', 'labels', '订阅', '订阅', '2008-01-01 00:00:00', '2008-01-01 00:00:00'),
(483, 'chi', 'front', 'message_to_email_for_check', 'labels', '已经发送确认邮件至您的邮件，请查收验证', '已经发送确认邮件至您的邮件，请查收验证', '2008-01-01 00:00:00', '2008-01-01 00:00:00'),
(484, 'chi', 'front', 'activation', 'labels', '激活', '激活', '2008-01-01 00:00:00', '2008-01-01 00:00:00'),
(485, 'chi', 'front', 'unsubscribe', 'labels', '退订', '退订', '2008-01-01 00:00:00', '2008-01-01 00:00:00'),
(486, 'chi', 'front', 'no_download_permissions', 'labels', '没有下载权限', '没有下载权限', '2008-01-01 00:00:00', '2008-01-01 00:00:00'),
(1005, 'chi', 'front', 'record', 'labels', '记录', '记录', '2008-01-01 00:00:00', '2008-01-01 00:00:00'),
(1004, 'chi', 'front', 'confirm_2', 'labels', '确  定', '确  定', '2008-01-01 00:00:00', '2008-01-01 00:00:00'),
(1002, 'chi', 'front', 'business', 'labels', '商家', '商家', '2008-01-01 00:00:00', '2008-01-01 00:00:00'),
(1003, 'chi', 'front', 'all_list', 'labels', '清单', '清单', '2008-01-01 00:00:00', '2008-01-01 00:00:00'),
(1000, 'chi', 'front', 'change_img', 'labels', '看不清楚？点击图片切换验证码', '看不清楚？点击图片切换验证码', '2008-01-01 00:00:00', '2008-01-01 00:00:00'),
(1001, 'chi', 'front', 'send_register_mail', 'labels', '发送注册信息到我的邮箱', '发送注册信息到我的邮箱', '2008-01-01 00:00:00', '2008-01-01 00:00:00'),
(999, 'chi', 'front', 'new_user', 'labels', '新用户', '新用户', '2008-01-01 00:00:00', '2008-01-01 00:00:00'),
(997, 'chi', 'front', 'desc', 'labels', '降序', '降序', '2008-01-01 00:00:00', '2008-01-01 00:00:00'),
(998, 'chi', 'front', 'asc', 'labels', '升序', '升序', '2008-01-01 00:00:00', '2008-01-01 00:00:00'),
(974, 'chi', 'union', 'void', 'labels', '无效的', '无效的', '2008-01-01 00:00:00', '2008-01-01 00:00:00'),
(996, 'chi', 'front', 'select', 'labels', '选择', '选择', '2008-01-01 00:00:00', '2008-01-01 00:00:00'),
(995, 'chi', 'front', 'total_weight', 'labels', '总重量', '总重量', '2008-01-01 00:00:00', '2008-01-01 00:00:00'),
(977, 'chi', 'front', 'unchecked_yet', 'labels', '未审核', '未审核', '2008-01-01 00:00:00', '2008-01-01 00:00:00'),
(978, 'chi', 'front', 'checked_yet', 'labels', '已审核', '已审核', '2008-01-01 00:00:00', '2008-01-01 00:00:00'),
(979, 'chi', 'front', 'enabled', 'labels', '已使用', '已使用', '2008-01-01 00:00:00', '2008-01-01 00:00:00'),
(994, 'chi', 'front', 'total_amount', 'labels', '总金额', '总金额', '2008-01-01 00:00:00', '2008-01-01 00:00:00'),
(982, 'chi', 'front', 'not_add_any_label', 'labels', '没有添加任何标签', '没有添加任何标签', '2008-01-01 00:00:00', '2008-01-01 00:00:00'),
(993, 'chi', 'front', 'country', 'labels', '国家', '国家', '2008-01-01 00:00:00', '2008-01-01 00:00:00'),
(984, 'chi', 'front', 'confirm_to_remove_label', 'labels', '您确认要删除此标签吗', '您确认要删除此标签吗', '2008-01-01 00:00:00', '2008-01-01 00:00:00'),
(986, 'chi', 'front', 'my_tags', 'labels', '我的标签 ', '我的标签 ', '2008-01-01 00:00:00', '2008-01-01 00:00:00'),
(992, 'chi', 'front', 'cart_total_product', 'labels', '您的购物车中有 %s 件商品，总计', '您的购物车中有 %s 件商品，总计', '2008-01-01 00:00:00', '2008-01-01 00:00:00'),
(988, 'chi', 'front', 'checked', 'labels', '已审', '已审', '2008-01-01 00:00:00', '2008-01-01 00:00:00'),
(991, 'chi', 'front', 'rank_point', 'labels', '等级积分', '等级积分', '2008-01-01 00:00:00', '2008-01-01 00:00:00'),
(990, 'chi', 'front', 'unchecked', 'labels', '未审', '未审', '2008-01-01 00:00:00', '2008-01-01 00:00:00');

--
-- 导出表中的数据 `svcart_links`
--

INSERT INTO `svcart_links` (`id`, `contact_name`, `contact_email`, `contact_tele`, `orderby`, `status`, `created`, `modified`) VALUES
(85, 'Seevia', 'info@seevia.cn', '1234567', 1, '1', '2009-04-23 01:57:33', '2009-04-23 02:09:52');

--
-- 导出表中的数据 `svcart_link_i18ns`
--

INSERT INTO `svcart_link_i18ns` (`id`, `locale`, `link_id`, `name`, `description`, `url`, `click_stat`, `img01`, `img02`, `created`, `modified`) VALUES
(1, 'chi', 85, 'Seevia', '', 'http://www.seevia.cn', 0, '/img/links/logo.gif', '', '2009-04-23 01:57:33', '2009-04-23 02:09:52');

--
-- 导出表中的数据 `svcart_mail_templates`
--

INSERT INTO `svcart_mail_templates` (`id`, `code`, `status`, `created`, `modified`) VALUES
(31, 'register_validate', '1', '2009-02-17 05:12:33', '2009-05-05 17:04:40'),
(36, 'order_invalid', '1', '2008-01-01 00:00:00', '2009-05-05 17:07:27'),
(35, 'order_cancel', '1', '2008-01-01 00:00:00', '2009-05-05 17:06:24'),
(34, 'deliver_notice', '1', '2008-01-01 00:00:00', '2009-04-30 15:02:15'),
(33, 'order_confirm', '1', '2008-01-01 00:00:00', '2009-05-05 17:05:31'),
(37, 'send_password', '1', '2009-03-16 10:23:42', '2009-05-05 17:08:20'),
(38, 'out_confirm', '1', '2009-03-30 16:53:43', '2009-05-05 17:09:39'),
(39, 'virtual_vard', '1', '2009-04-16 06:15:12', '2009-05-05 17:10:18'),
(41, 'message_revert', '1', '2009-04-29 18:54:48', '2009-05-05 19:10:58'),
(42, 'send_coupon', '1', '2009-05-06 13:08:46', '2009-05-06 13:16:32');

--
-- 导出表中的数据 `svcart_mail_template_i18ns`
--

INSERT INTO `svcart_mail_template_i18ns` (`id`, `locale`, `mail_template_id`, `title`, `text_body`, `html_body`, `created`, `modified`) VALUES
(38, 'chi', 31, '$shop_name - 邮件验证', '$user_name 您好!\r\n这封邮件是 $shop_name 发送的。\r\n你收到这封邮件是为了验证你注册邮件地址是否有效。\r\n如果您已经通过验证了，请忽略这封邮件。\r\n请点击以下链接(或者复制到您的浏览器)来验证你的邮件地址: \r\n$url\r\n $shop_name $shop_url\r\n$send_date', '$user_name 您好!<br />\r\n这封邮件是 $shop_name 发送的。<br />\r\n你收到这封邮件是为了验证你注册邮件地址是否有效。<br />\r\n如果您已经通过验证了，请忽略这封邮件。<br />\r\n请点击以下链接(或者复制到您的浏览器)来验证你的邮件地址: <br />\r\n<a href=''$url''> $url</a><br />\r\n $shop_name <a href=''$shop_url''>$shop_url</a><br />\r\n$send_date', '2009-02-17 05:12:33', '2009-05-05 17:04:40'),
(42, 'chi', 33, '$shop_name - 订单确认邮件', '亲爱的 $consignee  ，你好！\r\n我们已经收到您于  $formated_add_time  提交的订单。\r\n\r\n订单的商品信息: \r\n$products_info\r\n\r\n\r\n该订单编号为： $order_code  请记住这个编号以便日后的查询。\r\n$shop_name $shop_url\r\n$sent_date', '亲爱的 $consignee  ，你好！<br />\r\n我们已经收到您于  $formated_add_time  提交的订单。<br />\r\n\r\n订单的商品信息: <br />\r\n$products_info\r\n\r\n\r\n该订单编号为： $order_code  请记住这个编号以便日后的查询。 <br />\r\n$shop_name <a href=''$shop_url''>$shop_url</a><br />\r\n$sent_date', '2008-01-01 00:00:00', '2009-05-05 17:05:31'),
(71, 'chi', 34, '$shop_name - 通知', '', '', '2009-04-20 06:40:45', '2009-04-30 15:02:15'),
(43, 'chi', 35, '$shop_name - 订单取消', '亲爱的 $consignee  ，你好！\r\n您的编号为：$order_code  的订单已取消。\r\n\r\n订单的商品信息:\r\n$products_info\r\n\r\n$shop_name $shop_url\r\n$sent_date', '亲爱的 $consignee  ，你好！<br />\r\n您的编号为：$order_code  的订单已取消。<br />\r\n\r\n订单的商品信息:<br/>\r\n$products_info\r\n\r\n$shop_name <a href=''$shop_url''>$shop_url</a><br/>\r\n$sent_date', '2008-01-01 00:00:00', '2009-05-05 17:06:24'),
(44, 'chi', 36, '$shop_name - 订单无效', '亲爱的 $consignee ，你好！\r\n您的编号为： $order_code 的订单无效。\r\n订单的商品信息:\r\n$products_info\r\n$shop_name $shop_url\r\n$send_date', '亲爱的 $consignee ，你好！<br/>\r\n您的编号为： $order_code 的订单无效。<br />\r\n订单的商品信息:<br/>\r\n$products_info\r\n$shop_name <a href=''$shop_url''>$shop_url</a><br />\r\n$send_date<br />', '2008-01-01 00:00:00', '2009-05-05 17:07:27'),
(45, 'chi', 37, '$shop_name - 密码找回', '$user_name 您好！\r\n您已经进行了密码重置的操作，请点击以下链接(或者复制到您的浏览器):\r\n $reset_email\r\n以确认您的新密码重置操作！\r\n$shop_name $shop_url\r\n$send_date ', '$user_name 您好！<br/>\r\n您已经进行了密码重置的操作，请点击以下链接(或者复制到您的浏览器):<br/>\r\n<a href=''$reset_email'' target=''_blank''> $reset_email </a><br/>\r\n以确认您的新密码重置操作！<br/>\r\n$shop_name <a href=''$shop_url''>$shop_url</a><br/>\r\n$send_date <br/>', '2009-03-16 10:23:42', '2009-05-05 17:08:20'),
(60, 'chi', 38, '$shop_name - 发货通知', '亲爱的 $consignee ， 你好  \r\n我们已经收到您于 $formated_add_time  提交的订单 并且已经发货。\r\n您的配送单号:   $invoice_no\r\n\r\n订单的商品信息: \r\n$products_info\r\n\r\n\r\n该订单编号为： $order_code 请记住这个编号以便日后的查询。\r\n收货确认 $url\r\n$shop_name $shop_url\r\n$send_date ', '亲爱的 $consignee ， 你好  <br />\r\n我们已经收到您于 $formated_add_time  提交的订单 并且已经发货。 <br />\r\n您的配送单号:   $invoice_no <br />\r\n\r\n订单的商品信息: <br />\r\n$products_info\r\n\r\n\r\n该订单编号为： $order_code 请记住这个编号以便日后的查询。<br/>\r\n收货确认 <a href=''$url''>$url</a><br />\r\n$shop_name <a href=''$shop_url''>$shop_url</a><br />\r\n$send_date <br />', '2009-03-30 16:53:43', '2009-05-05 17:09:39'),
(64, 'chi', 39, '$shop_name - 虚拟卡片', '亲爱的$consignee       \r\n你好！您的订单 $order_sn 中$product_name 商品的详细信息如下: \r\n$virtualcards_info\r\n再次感谢您对我们的支持。欢迎您的再次光临。\r\n\r\n$shop_name $shop_url\r\n$send_date ', '亲爱的$consignee       <br />\r\n你好！您的订单 $order_sn 中$product_name 商品的详细信息如下: <br />\r\n$virtualcards_info\r\n再次感谢您对我们的支持。欢迎您的再次光临。 <br />\r\n\r\n$shop_name <a href=''$shop_url''>$shop_url</a><br />\r\n$send_date <br />', '2009-04-16 06:15:12', '2009-05-05 17:10:18'),
(85, 'chi', 41, '$shop_name - 留言回复', '亲爱的 $user_name ，你好！\r\n我们已经收到您于  $created  提交的留言。\r\n留言类型:$msg_type\r\n\r\n留言标题:$msg_title        \r\n\r\n留言内容:$msg_content\r\n\r\n管理员回复:$restore_content\r\n\r\n查看 $url\r\n$shop_name   $shop_url\r\n$sent_date\r\n', '亲爱的 $user_name ，你好！<br/>\r\n我们已经收到您于  $created  提交的留言。<br/>\r\n留言类型:$msg_type <br/>\r\n\r\n留言标题:$msg_title    <br/>   \r\n\r\n留言内容:$msg_content <br/>\r\n\r\n管理员回复:$restore_content <br/>\r\n查看<a href=''url''>$url<a> <br/>\r\n$shop_name   <a href=''$shop_url''>$shop_url<a> <br/>\r\n$sent_date', '2009-04-29 18:54:48', '2009-05-05 19:10:58'),
(88, 'chi', 42, '$shop_name - 优惠券邮件', '', '亲爱的 $user_name 您好！\r\n\r\n恭喜您获得了 1 个优惠券，金额为 $money\r\n\r\n$shop_name $shop_url\r\n$send_date', '2009-05-06 13:08:46', '2009-05-06 13:16:32');

--
-- 导出表中的数据 `svcart_navigations`
--

INSERT INTO `svcart_navigations` (`id`, `type`, `orderby`, `status`, `icon`, `target`, `controller`, `created`, `modified`) VALUES
(1, 'T', 5, '1', '', '_self', 'pages', '2008-01-01 00:00:00', '2009-03-26 02:02:14'),
(2, 'T', 10, '1', '', '_blank', 'pages', '2008-01-01 00:00:00', '2009-03-26 02:03:04'),
(3, 'H', 20, '1', '', '_self', 'pages', '2009-01-06 03:45:48', '2009-03-27 09:34:08'),
(5, 'T', 20, '1', '', '_self', 'pages', '2008-01-01 00:00:00', '2009-03-26 02:03:51'),
(6, 'T', 30, '1', '', '_self', 'pages', '2008-01-01 00:00:00', '2009-03-26 02:04:35'),
(8, 'H', 30, '1', '', '_self', 'pages', '2009-01-06 03:49:32', '2009-03-27 01:42:25');

--
-- 导出表中的数据 `svcart_navigation_i18ns`
--

INSERT INTO `svcart_navigation_i18ns` (`id`, `locale`, `navigation_id`, `name`, `url`, `description`, `created`, `modified`) VALUES
(1, 'chi', 2, '所有商品', '/products/advancedsearch/SAD/all/', 'fdsf', '2009-01-10 02:56:35', '2009-03-26 02:03:04'),
(2, 'chi', 5, '促销活动', '/promotions/', '', '2009-01-10 02:59:19', '2009-03-26 02:03:51'),
(3, 'chi', 6, '网站导航', '/sitemaps/', '', '2009-01-10 03:00:35', '2009-03-26 02:04:35'),
(4, 'chi', 8, '付款说明', '/articles/1', '', '2009-01-10 03:08:30', '2009-03-27 01:42:25'),
(5, 'chi', 3, '配送须知', '/articles/2', 'ert', '2009-01-10 03:07:23', '2009-03-27 09:34:08'),
(6, 'chi', 1, '首页', '/', '', '2009-02-17 06:19:29', '2009-03-26 02:02:14');

--
-- 导出表中的数据 `svcart_newsletter_lists`
--


--
-- 导出表中的数据 `svcart_operators`
--


--
-- 导出表中的数据 `svcart_operator_actions`
--


--
-- 导出表中的数据 `svcart_operator_action_i18ns`
--


--
-- 导出表中的数据 `svcart_operator_logs`
--


--
-- 导出表中的数据 `svcart_operator_menus`
--

INSERT INTO `svcart_operator_menus` (`id`, `parent_id`, `operator_action_code`, `type`, `link`, `status`, `orderby`, `created`, `modified`) VALUES
(2, 0, '', '', '', '1', 10, '2008-01-01 00:00:00', '2008-12-19 05:24:26'),
(3, 0, '', '', '', '1', 15, '2008-01-01 00:00:00', '2008-01-01 00:00:00'),
(4, 0, '', '', '', '1', 20, '2008-01-01 00:00:00', '2008-01-01 00:00:00'),
(5, 0, '', '', '', '1', 25, '2008-01-01 00:00:00', '2008-01-01 00:00:00'),
(7, 0, '', '', '', '1', 35, '2008-01-01 00:00:00', '2008-01-01 00:00:00'),
(8, 0, '', '', '', '1', 40, '2008-01-01 00:00:00', '2008-01-01 00:00:00'),
(16, 2, 'purchase_order_view', '', '/reports/procurement', '1', 5, '2008-01-01 00:00:00', '2009-02-11 03:58:48'),
(17, 2, 'shipping_order_view', '', '/reports/shipments', '1', 10, '2008-01-01 00:00:00', '2008-01-01 00:00:00'),
(18, 2, 'user_funds_statement_view', '', '/reports/balance', '1', 45, '2008-01-01 00:00:00', '2008-01-01 00:00:00'),
(19, 2, 'accumulate_point_view', '', '/reports/point', '1', 20, '2008-01-01 00:00:00', '2008-01-01 00:00:00'),
(20, 2, 'member_consume_statement_view', '', '/reports/consume', '1', 25, '2008-01-01 00:00:00', '2008-01-01 00:00:00'),
(21, 2, 'goods_sale_statement_view', '', '/reports/sales', '1', 30, '2008-01-01 00:00:00', '2008-01-01 00:00:00'),
(22, 2, 'order_status_statement_view', '', '/reports/orderstatus', '1', 35, '2008-01-01 00:00:00', '2008-12-02 02:56:32'),
(23, 2, 'order_perform_statement_view', '', '/reports/orderfee', '1', 40, '2008-01-01 00:00:00', '2008-01-01 00:00:00'),
(24, 3, 'promotion_view', '', '/promotions/', '1', 1, '2008-01-01 00:00:00', '2008-01-01 00:00:00'),
(25, 3, 'coupon_view', '', '/coupons/', '1', 2, '2008-01-01 00:00:00', '2008-01-01 00:00:00'),
(26, 3, 'card_view', '', '/cards/', '1', 5, '2008-01-01 00:00:00', '2008-01-01 00:00:00'),
(27, 3, 'package_view', '', '/packages/', '1', 4, '2008-01-01 00:00:00', '2008-01-01 00:00:00'),
(28, 3, 'special_topic_view', '', '/topics/', '1', 3, '2008-01-01 00:00:00', '2009-02-16 06:35:02'),
(29, 4, 'member_view', '', '/users/', '1', 5, '2008-01-01 00:00:00', '2008-01-01 00:00:00'),
(30, 4, 'order_view', '', '/orders/', '1', 6, '2008-01-01 00:00:00', '2008-01-01 00:00:00'),
(31, 4, 'goods_manage_view', '', '/products/', '1', 7, '2008-01-01 00:00:00', '2008-12-03 03:06:26'),
(32, 4, 'goods_type_view', '', '/productstypes/', '1', 12, '2008-01-01 00:00:00', '2009-01-06 10:55:57'),
(33, 4, 'goods_category_view', '', '/categories/index/P', '1', 25, '2008-01-01 00:00:00', '2009-01-17 03:39:23'),
(34, 4, 'brand_view', '', '/brands/', '1', 30, '2008-01-01 00:00:00', '2008-01-01 00:00:00'),
(35, 4, 'article_view', '', '/articles/', '1', 35, '2008-01-01 00:00:00', '2008-01-01 00:00:00'),
(36, 4, 'comment_view', '', '/comments/', '1', 40, '2008-01-01 00:00:00', '2008-01-01 00:00:00'),
(37, 4, 'message_view', '', '/messages/', '1', 45, '2008-01-01 00:00:00', '2008-12-08 10:11:10'),
(38, 4, 'member_rank_view', '', '/memberlevels/', '1', 50, '2008-01-01 00:00:00', '2008-01-01 00:00:00'),
(39, 5, 'fund_log_view', '', '/balances/', '1', 5, '2008-01-01 00:00:00', '2008-01-01 00:00:00'),
(40, 5, 'accumulate_point_log_view', '', '/points/', '1', 10, '2008-01-01 00:00:00', '2008-01-01 00:00:00'),
(63, 4, 'article_category_view', '', '/categories/index/A', '1', 34, '2009-01-17 03:37:37', '2009-01-17 03:39:44'),
(47, 7, 'friendly_link_view', '', '/links/', '1', 5, '2008-01-01 00:00:00', '2008-01-01 00:00:00'),
(48, 7, 'advertisment_view', '', '/advertisements/', '1', 10, '2008-01-01 00:00:00', '2008-12-30 03:52:29'),
(49, 7, 'flash_play_view', '', '/flashes/', '1', 15, '2008-01-01 00:00:00', '2008-01-01 00:00:00'),
(50, 7, 'template_view', '', '/themes/', '1', 20, '2008-01-01 00:00:00', '2008-01-01 00:00:00'),
(51, 7, 'navigation_view', '', '/navigations/', '1', 25, '2008-01-01 00:00:00', '2008-01-01 00:00:00'),
(52, 8, 'shop_view', '', '/configvalues/', '1', 5, '2008-01-01 00:00:00', '2008-01-01 00:00:00'),
(53, 8, 'ship_view', '', '/shippingments/', '1', 10, '2008-01-01 00:00:00', '2008-01-01 00:00:00'),
(54, 8, 'pay_view', '', '/payments/', '1', 15, '2008-01-01 00:00:00', '2008-01-01 00:00:00'),
(55, 8, 'zone_view', '', '/areas/', '1', 20, '2008-01-01 00:00:00', '2008-01-01 00:00:00'),
(59, 8, 'mail_template_view', '', '/mailtemplates/', '1', 51, '2008-01-01 00:00:00', '2009-04-20 03:20:50'),
(62, 4, 'image_view', '', '/images/', '1', 38, '2008-01-01 00:00:00', '2008-01-01 00:00:00'),
(67, 4, 'virtual_card_view', '', '/virtual_cards/', '1', 9, '2009-04-13 12:37:21', '2009-04-15 02:40:00'),
(66, 4, 'batch_add_products_view', '', '/products/upload_products_file', '1', 50, '2008-01-01 00:00:00', '2009-04-13 12:53:33'),
(68, 8, 'mail_settings_view', '', '/configvalues/mail_settings/', '1', 50, '2009-04-17 08:09:52', '2009-04-17 08:24:05'),
(69, 4, 'user_accounts_view', '', '/user_accounts', '1', 50, '2009-05-08 13:46:08', '2009-05-08 13:46:08'),
(71, 8, 'plugins_view', '', '/plugins/', '1', 50, '2009-06-03 14:09:22', '2009-06-18 11:17:59'),
(72, 4, 'tag_view', '', '/tags/', '1', 100, '2009-06-04 12:54:53', '2009-06-04 12:54:53'),
(73, 4, 'product_trash_view', '', '/trash/', '1', 50, '2009-06-04 14:13:40', '2009-06-04 14:13:40'),
(74, 8, 'sitemap_view', '', '/sitemaps/', '1', 52, '2009-06-05 13:58:51', '2009-06-30 05:51:24'),
(75, 4, 'integration_view', '', '/integrations/', '1', 50, '2009-06-08 11:18:29', '2009-06-18 11:18:17'),
(76, 4, 'download_product_view', '', '/product_downloads/', '1', 11, '2009-06-08 13:27:00', '2009-06-30 05:39:00'),
(81, 2, 'online_user_cart', '', '/check_online_users', '1', 50, '2008-01-01 00:00:00', '2008-01-01 00:00:00'),
(85, 4, 'service_product_view', '', '/product_services/', '1', 10, '2009-06-22 07:54:42', '2009-06-30 05:41:11'),
(83, 8, 'data_backup_view', '', '/database', '1', 50, '2009-06-19 08:12:12', '2009-06-19 08:12:12'),
(84, 8, 'table_optimize_view', '', '/database/optimize', '1', 50, '2009-06-19 08:14:32', '2009-06-19 08:14:32'),
(86, 7, 'advertisment_position_view', '', '/advertisement_positions/', '1', 12, '2009-06-23 10:40:25', '2009-06-23 10:40:50'),
(87, 5, 'operator_log_view', '', '/operator_logs/', '1', 50, '2009-06-25 07:25:33', '2009-06-25 07:25:33'),
(90, 2, 'order_return_view', '', '/reports/returns', '1', 15, '2009-07-01 10:54:38', '2009-07-02 01:53:37');

--
-- 导出表中的数据 `svcart_operator_menu_i18ns`
--

INSERT INTO `svcart_operator_menu_i18ns` (`id`, `locale`, `operator_menu_id`, `name`, `created`, `modified`) VALUES
(2, 'chi', 2, '报表统计', '2009-03-11 13:57:48', '2009-03-11 13:57:48'),
(3, 'chi', 3, '特色服务', '2009-03-11 13:57:48', '2009-03-11 13:57:48'),
(4, 'chi', 4, '资源管理', '2009-03-11 13:57:48', '2009-03-11 13:57:48'),
(5, 'chi', 5, '日志管理', '2009-03-11 13:57:48', '2009-03-11 13:57:48'),
(7, 'chi', 7, '界面管理', '2009-03-11 13:57:48', '2009-03-11 13:57:48'),
(8, 'chi', 8, '系统管理', '2009-03-11 13:57:48', '2009-03-11 13:57:48'),
(16, 'chi', 16, '采购单', '2009-03-11 13:57:48', '2009-03-11 13:57:48'),
(17, 'chi', 17, '待发货单', '2009-03-11 13:57:48', '2009-03-11 13:57:48'),
(18, 'chi', 18, '用户资金报表', '2009-03-11 13:57:48', '2009-07-07 08:28:45'),
(19, 'chi', 19, '积分报表', '2009-03-11 13:57:48', '2009-03-11 13:57:48'),
(20, 'chi', 20, '会员消费报表', '2009-03-11 13:57:48', '2009-03-11 13:57:48'),
(21, 'chi', 21, '商品销售报表', '2009-03-11 13:57:48', '2009-03-11 13:57:48'),
(22, 'chi', 22, '订单状态报表', '2009-03-11 13:57:48', '2009-03-11 13:57:48'),
(23, 'chi', 23, '订单业绩报表', '2009-03-11 13:57:48', '2009-03-11 13:57:48'),
(24, 'chi', 24, '促销活动', '2009-03-11 13:57:48', '2009-03-11 13:57:48'),
(25, 'chi', 25, '电子优惠券', '2009-03-11 13:57:48', '2009-03-11 13:57:48'),
(26, 'chi', 26, '贺卡', '2009-03-11 13:57:48', '2009-03-11 13:57:48'),
(27, 'chi', 27, '包装', '2009-03-11 13:57:48', '2009-03-11 13:57:48'),
(28, 'chi', 28, '专题', '2009-03-11 13:57:48', '2009-03-11 13:57:48'),
(29, 'chi', 29, '会员管理', '2009-03-11 13:57:48', '2009-03-11 13:57:48'),
(30, 'chi', 30, '订单管理', '2009-03-11 13:57:48', '2009-07-09 08:37:43'),
(31, 'chi', 31, '商品管理', '2009-03-11 13:57:48', '2009-07-09 08:38:04'),
(32, 'chi', 32, '商品类型管理', '2009-03-11 13:57:48', '2009-07-13 02:16:37'),
(33, 'chi', 33, '商品分类管理', '2009-03-11 13:57:48', '2009-03-11 13:57:48'),
(34, 'chi', 34, '品牌管理', '2009-03-11 13:57:48', '2009-03-11 13:57:48'),
(35, 'chi', 35, '文章管理', '2009-03-11 13:57:48', '2009-03-11 13:57:48'),
(36, 'chi', 36, '评论管理', '2009-03-11 13:57:48', '2009-03-11 13:57:48'),
(37, 'chi', 37, '留言管理', '2009-03-11 13:57:48', '2009-03-11 13:57:48'),
(38, 'chi', 38, '会员等级管理', '2009-03-11 13:57:48', '2009-03-11 13:57:48'),
(39, 'chi', 39, '资金日志', '2009-03-11 13:57:48', '2009-03-11 13:57:48'),
(40, 'chi', 40, '积分日志', '2009-03-11 13:57:48', '2009-03-11 13:57:48'),
(47, 'chi', 47, '友情链接', '2009-03-11 13:57:48', '2009-03-11 13:57:48'),
(48, 'chi', 48, '广告管理', '2009-03-11 13:57:48', '2009-06-30 06:07:52'),
(49, 'chi', 49, 'Flash轮播管理', '2009-03-11 13:57:48', '2009-03-11 13:57:48'),
(50, 'chi', 50, '模板管理', '2009-03-11 13:57:48', '2009-03-11 13:57:48'),
(51, 'chi', 51, '导航设置', '2009-03-11 13:57:48', '2009-03-11 13:57:48'),
(52, 'chi', 52, '商店设置', '2009-03-11 13:57:48', '2009-03-11 13:57:48'),
(53, 'chi', 53, '配送方式', '2009-03-11 13:57:48', '2009-03-11 13:57:48'),
(54, 'chi', 54, '支付方式', '2009-03-11 13:57:48', '2009-03-11 13:57:48'),
(55, 'chi', 55, '地区设置', '2009-03-11 13:57:48', '2009-03-11 13:57:48'),
(59, 'chi', 59, '邮件模板管理', '2009-03-11 13:57:48', '2009-04-20 03:20:50'),
(62, 'chi', 62, '图片管理', '2009-03-11 13:57:48', '2009-03-11 13:57:48'),
(44, 'chi', 63, '文章分类管理', '2009-03-11 13:57:48', '2009-03-11 13:57:48'),
(166, 'chi', 66, '商品批量上传', '2009-07-03 05:57:01', '2009-04-13 12:53:33'),
(170, 'chi', 67, '虚拟卡管理', '2009-04-13 12:37:21', '2009-07-09 08:38:57'),
(175, 'chi', 68, '邮件服务器设置', '2009-04-17 08:09:52', '2009-04-17 08:24:05'),
(256, 'chi', 69, '充值管理', '2009-05-08 13:46:08', '2009-05-08 13:46:08'),
(262, 'chi', 71, '插件管理', '2009-06-03 14:09:22', '2009-06-18 11:17:59'),
(264, 'chi', 72, '标签管理', '2009-06-04 12:54:53', '2009-06-04 12:54:53'),
(266, 'chi', 73, '商品回收站', '2009-06-04 14:13:40', '2009-06-04 14:13:40'),
(268, 'chi', 74, '站点地图', '2009-06-05 13:58:51', '2009-06-30 05:51:24'),
(270, 'chi', 75, '会员整合', '2009-06-08 11:18:29', '2009-06-18 11:18:17'),
(272, 'chi', 76, '下载管理', '2009-06-08 13:27:00', '2009-07-09 08:40:05'),
(277, 'chi', 81, '在线用户统计', '2008-01-01 00:00:00', '2008-01-01 00:00:00'),
(280, 'chi', 83, '数据库备份与恢复', '2009-06-19 08:12:12', '2009-07-13 02:46:28'),
(282, 'chi', 84, '数据表优化', '2009-06-19 08:14:32', '2009-06-19 08:14:32'),
(284, 'chi', 85, '服务管理', '2009-06-22 07:54:42', '2009-07-09 08:39:38'),
(286, 'chi', 86, '广告位置', '2009-06-23 10:40:25', '2009-07-07 06:57:21'),
(288, 'chi', 87, '操作员日志', '2009-06-25 07:25:33', '2009-06-25 07:25:33'),
(294, 'chi', 90, '退货单报表', '2009-07-01 10:54:38', '2009-07-07 08:40:10');

--
-- 导出表中的数据 `svcart_operator_roles`
--


--
-- 导出表中的数据 `svcart_operator_role_i18ns`
--


--
-- 导出表中的数据 `svcart_orders`
--


--
-- 导出表中的数据 `svcart_order_actions`
--


--
-- 导出表中的数据 `svcart_order_cards`
--


--
-- 导出表中的数据 `svcart_order_packagings`
--


--
-- 导出表中的数据 `svcart_order_products`
--


--
-- 导出表中的数据 `svcart_packagings`
--


--
-- 导出表中的数据 `svcart_packaging_i18ns`
--


--
-- 导出表中的数据 `svcart_payments`
--

INSERT INTO `svcart_payments` (`id`, `store_id`, `code`, `fee`, `orderby`, `config`, `status`, `is_cod`, `is_online`, `supply_use_flag`, `order_use_flag`, `php_code`, `version`, `created`, `modified`) VALUES
(2, 0, 'COD', '40', 0, NULL, '0', '1', '0', '1', '1', '', '', '2009-02-18 03:30:13', '2009-07-16 08:55:50'),
(9, 0, 'account_pay', '10', 0, NULL, '0', '0', '0', '1', '1', '', '', '2008-01-01 00:00:00', '2009-07-16 09:04:09'),
(8, 0, 'paypal', '1%', 0, '$payment_arr = array(''data_pay_account''=> array(''name''=> ''贝宝帐户'',''value''=>'''' , ''type'' => ''text''),''currency_code''=> array(''name''=> ''货币'',''value''=>''USD'' , ''type'' => ''select'', ''select_value'' => array( ''澳元'' => ''AUD'',''加元'' => ''CAD'',''欧元'' => ''EUR'',''英镑'' => ''GBP'',''日元'' => ''JPY'',''美元'' => ''USD'',''港元'' => ''HKD'')),''languages_type''=> array(''name''=> ''按语言选择货币'' , ''type'' => ''all_select'',''value''=>array(''eng'' => array( ''name''=> ''English'' , ''value'' => ''0''),''chi'' => array( ''name''=> ''中文'' , ''value'' => ''0''),''jpn'' => array( ''name''=> ''日本語'' , ''value'' => ''0''),''fre'' => array( ''name''=> ''Français'' , ''value'' => ''0''))));', '0', '1', '1', '1', '1', 'class paypal\r\n{\r\n    function paypal()\r\n    {\r\n    }\r\n    function __construct()\r\n    {\r\n        $this->paypal();\r\n    }\r\n    function get_code($order, $payment,$db)\r\n    {\r\n\r\n	$host = isset($_SERVER[''HTTP_X_FORWARDED_HOST'']) ? $_SERVER[''HTTP_X_FORWARDED_HOST''] : (isset($_SERVER[''HTTP_HOST'']) ? $_SERVER[''HTTP_HOST''] : '''');\r\n		eval($payment[''Payment''][''config'']);\r\n		$data_pay_account   = $payment_arr[''data_pay_account''][''value''];\r\n		if(isset($db->configs[''mlti_currency_module'']) && $db->configs[''mlti_currency_module''] == 1 && isset($order[''currency_code''])){\r\n			$currency_code      = $order[''currency_code''];\r\n		}else{\r\n			$currency_code      = $payment_arr[''currency_code''][''value''];\r\n		}\r\n        $data_order_id      = $order[''log_id''];\r\n		$no_note 	   		= $db->configs[''shop_name'']."-".$order[''log_id''];\r\n        $data_amount        = $order[''total''];\r\n        $data_return_url    = "http://".$host.$db->webroot."responds/index/paypal";\r\n        $data_notify_url    = "http://".$host.$db->webroot."responds/index/paypal";\r\n        $cancel_return      = "http://".$host.$db->webroot."";\r\n\r\n        $def_url  = ''<br /><form style="text-align:center;" action="https://www.paypal.com/cgi-bin/webscr" method="post" target="_blank">'' .   // 不能省略\r\n            "<p class=''back_home''>".\r\n	    "<input type=''hidden'' name=''cmd'' value=''_xclick''>" .                             // 不能省略\r\n            "<input type=''hidden'' name=''business'' value=''$data_pay_account''>" .                 // 贝宝帐号\r\n            "<input type=''hidden'' name=''item_name'' value=''$no_note''>" .                 // payment for\r\n            "<input type=''hidden'' name=''amount'' value=''$data_amount''>" .                        // 订单金额\r\n            "<input type=''hidden'' name=''currency_code'' value=''$currency_code''>" .            // 货币\r\n            "<input type=''hidden'' name=''return'' value=''$data_return_url''>" .                    // 付款后页面\r\n            "<input type=''hidden'' name=''invoice'' value=''$data_order_id''>" .                      // 订单号\r\n            "<input type=''hidden'' name=''charset'' value=''utf-8''>" .                              // 字符集\r\n            "<input type=''hidden'' name=''no_shipping'' value=''1''>" .                              // 不要求客户提供收货地址\r\n            "<input type=''hidden'' name=''no_note'' value=''$no_note''>" .                                  // 付款说明\r\n            "<input type=''hidden'' name=''notify_url'' value=''$data_notify_url''>" .\r\n            "<input type=''hidden'' name=''rm'' value=''2''>" .\r\n            "<input type=''hidden'' name=''cancel_return'' value=''$cancel_return''>" .\r\n            "<input type=''submit'' value=''使用 paypal 支付''>" .                      // 按钮\r\n            "</p>".\r\n		"</form><br />";\r\n\r\n        return $def_url;\r\n    }\r\n    function respond($db)\r\n    {\r\n        \r\n        \r\n        //$payment        = get_payment(''paypal'');\r\n        //$merchant_id    = $payment[''paypal_account''];               ///获取商户编号\r\n        $payment = $db->Payment->findbycode(''paypal'');\r\n		eval($payment[''Payment''][''config'']);\r\n		$merchant_id   = $payment_arr[''data_pay_account''][''value''];\r\n		$currency_code      = $payment_arr[''currency_code''][''value''];        \r\n		// read the post from PayPal system and add ''cmd''\r\n        $req = ''cmd=_notify-validate'';\r\n        foreach ($_POST as $key => $value)\r\n        {\r\n            $value = urlencode(stripslashes($value));\r\n            $req .= "&$key=$value";\r\n        }\r\n\r\n        // post back to PayPal system to validate\r\n        $header = "POST /cgi-bin/webscr HTTP/1.0\\r\\n";\r\n        $header .= "Content-Type: application/x-www-form-urlencoded\\r\\n";\r\n        $header .= "Content-Length: " . strlen($req) ."\\r\\n\\r\\n";\r\n        $fp = fsockopen (''www.paypal.com'', 80, $errno, $errstr, 30);\r\n\r\n        // assign posted variables to local variables\r\n        $item_name = $_POST[''item_name''];\r\n        $item_number = $_POST[''item_number''];\r\n        $payment_status = $_POST[''payment_status''];\r\n        $payment_amount = $_POST[''mc_gross''];\r\n        $payment_currency = $_POST[''mc_currency''];\r\n        $txn_id = $_POST[''txn_id''];\r\n        $receiver_email = $_POST[''receiver_email''];\r\n        $payer_email = $_POST[''payer_email''];\r\n        $order_sn = $_POST[''invoice''];\r\n        $memo = !empty($_POST[''memo'']) ? $_POST[''memo''] : '''';\r\n        $action_note = $txn_id . ''（paypal 交易号）'' . $memo;\r\n\r\n        if (!$fp)\r\n        {\r\n            fclose($fp);\r\n\r\n            return false;\r\n        }\r\n        else\r\n        {\r\n            fputs($fp, $header . $req);\r\n            while (!feof($fp))\r\n            {\r\n                $res = fgets($fp, 1024);\r\n                if (strcmp($res, ''VERIFIED'') == 0)\r\n                {\r\n                    // check the payment_status is Completed\r\n                    if ($payment_status != ''Completed'' && $payment_status != ''Pending'')\r\n                    {\r\n                        fclose($fp);\r\n\r\n                        return false;\r\n                    }\r\n                    // check that receiver_email is your Primary PayPal email\r\n                    if ($receiver_email != $merchant_id)\r\n                    {\r\n                        fclose($fp);\r\n\r\n                        return false;\r\n                    }\r\n                    \r\n        			$payment_log = $db->PaymentApiLog->findbyid($order_sn);\r\n        					//检查是否已成功支付\r\n					if($payment_log[''PaymentApiLog''][''is_paid''] == "1"){\r\n			                fclose($fp);\r\n			 			return false;\r\n			 		}\r\n			        $order_total = $db->Order->findbyid($payment_log[''PaymentApiLog''][''type_id'']);\r\n                    // check that payment_amount/payment_currency are correct\r\n					if($payment_log[''PaymentApiLog''][''type''] > 0){\r\n					$account = $db->UserAccount->findbyid($payment_log[''PaymentApiLog''][''type_id'']);\r\n				        if ($payment_amount != $account[''UserAccount''][''amount''])\r\n				        {\r\n			                fclose($fp);\r\n				            return false;\r\n				        }\r\n			        }else{\r\n	        	        if ($order_total[''Order''][''total''] != $payment_amount)\r\n	                    {\r\n	                        fclose($fp);\r\n\r\n	                        return false;\r\n	                    }\r\n        			}\r\n					if(isset($db->configs[''mlti_currency_module'']) && $db->configs[''mlti_currency_module''] == 1){\r\n						$currency_code      = $order_total[''Order''][''currency_code''];\r\n					}\r\n					\r\n                    if ($currency_code != $payment_currency)\r\n                    {\r\n                        fclose($fp);\r\n\r\n                        return false;\r\n                    }\r\n                    \r\n	  \r\n				    if($payment_log[''PaymentApiLog''][''type''] < 1)\r\n				    {                    // process payment\r\n			            /* 改变订单状态 */\r\n						$db->update_order($payment_log,$order_total);        			           \r\n	                    fclose($fp);\r\n	                    return true;\r\n                    }else{\r\n						/* 充值成功*/\r\n						$db->update_balance($payment_log,$order_total);       \r\n						fclose($fp);\r\n				      	return true;\r\n                    }\r\n                }\r\n                elseif (strcmp($res, ''INVALID'') == 0)\r\n                {\r\n                    // log for manual investigation\r\n                    fclose($fp);\r\n\r\n                    return false;\r\n                }\r\n            }\r\n        }\r\n    }\r\n}\r\n', '', '2008-01-01 00:00:00', '2009-07-20 10:14:36'),
(13, 0, 'cncard', '0', 0, '$payment_arr = array(''c_mid''=> array(''name''=> ''商户编号'',''value''=>'''' , ''type'' => ''text''),''c_pass''=> array(''name''=> ''支付密钥'',''value''=>'''' , ''type'' => ''text''),''c_memo1''=> array(''name''=> ''商户自定义参数'',''value''=>'''' , ''type'' => ''text''),''c_moneytype''=> array(''name''=> ''支付币种'',''value''=>''0'' , ''type'' => ''select'', ''select_value'' => array( ''人民币'' => ''0'')),''c_language''=> array(''name''=> ''订单语种'',''value''=>''0'' , ''type'' => ''select'', ''select_value'' => array( ''中文'' => ''0'',''英文'' => ''1'')),''c_paygate''=> array(''name''=> ''支付方式'',''value''=>''0'' , ''type'' => ''select'', ''select_value'' => array( ''云网支付'' => ''0'',''中国招商银行'' => ''1'')));', '0', '0', '0', '1', '1', 'class cncard\r\n{\r\n    function cncard()\r\n    {\r\n    }\r\n    function __construct()\r\n    {\r\n        $this->cncard();\r\n    }\r\n    function get_code($order, $payment,$db)\r\n    {\r\n		$host = isset($_SERVER[''HTTP_X_FORWARDED_HOST'']) ? $_SERVER[''HTTP_X_FORWARDED_HOST''] : (isset($_SERVER[''HTTP_HOST'']) ? $_SERVER[''HTTP_HOST''] : '''');\r\n        eval($payment[''Payment''][''config'']);    \r\n		$c_mid = $payment_arr[''c_mid''][''value''];\r\n		$c_pass = $payment_arr[''c_pass''][''value''];\r\n		$c_memo1 = $payment_arr[''c_memo1''][''value''];\r\n		$c_moneytype = $payment_arr[''c_moneytype''][''value'']; //支付币种，0为人民币\r\n		$c_language = $payment_arr[''c_language''][''value''];\r\n		$c_paygate = $payment_arr[''c_paygate''][''value''];\r\n		    	\r\n        $c_mid      = trim($c_mid);  		//商户编号，在申请商户成功后即可获得，可以在申请商户成功的邮件中获取该编号\r\n        $c_order    = $order[''log_id''];       			//商户网站依照订单号规则生成的订单号，不能重复\r\n        $c_name     = "";                       		//商户订单中的收货人姓名\r\n        $c_address  = "";                       		//商户订单中的收货人地址\r\n        $c_tel      = "";                       		//商户订单中的收货人电话\r\n        $c_post     = "";                       		//商户订单中的收货人邮编\r\n        $c_email    = "";                       		//商户订单中的收货人Email\r\n        $c_orderamount = $order[''total''];        		//商户订单总金额\r\n        $c_ymd      = $this->local_date(''Ymd'',$db,$order[''created'']);		\r\n        //$c_ymd      = substr($order[''order_sn''], 0, 8); //商户订单的产生日期，格式为"yyyymmdd"，如20050102\r\n        $c_retflag  = "1";                              //商户订单支付成功后是否需要返回商户指定的文件，0：不用返回 1：需要返回\r\n        $c_paygate  = empty($payment[''c_paygate'']) ? '''' : trim($payment[''c_paygate'']); //如果在商户网站选择银行则设置该值，具体值可参见《云网支付@网技术接口手册》附录一；如果来云网支付@网选择银行此项为空值。\r\n        $c_returl   = "http://".$host.$db->webroot."/responds/index/cncard"; //如果c_retflag为1时，该地址代表商户接收云网支付结果通知的页面，请提交完整文件名(对应范例文件：GetPayNotify.php)\r\n        $c_memo1    = abs(crc32(trim($c_memo1)));     	//商户需要在支付结果通知中转发的商户参数一\r\n        if (empty($order[''log_id'']))\r\n        {\r\n            $c_memo2    = "voucher";                      //商户需要在支付结果通知中转发的商户参数二\r\n        }\r\n        else\r\n        {\r\n            $c_memo2    = '''';\r\n        }\r\n        $c_pass     = trim($c_pass);      //支付密钥，请登录商户管理后台，在帐户信息-基本信息-安全信息中的支付密钥项\r\n        $notifytype = "0";                           //0普通通知方式/1服务器通知方式，空值为普通通知方式\r\n        $c_language = trim($c_language);  //对启用了国际卡支付时，可使用该值定义消费者在银行支付时的页面语种，值为：0银行页面显示为中文/1银行页面显示为英文\r\n\r\n        $srcStr = $c_mid . $c_order . $c_orderamount . $c_ymd . $c_moneytype . $c_retflag . $c_returl . $c_paygate . $c_memo1 . $c_memo2 . $notifytype . $c_language . $c_pass;      //说明：如果您想指定支付方式(c_paygate)的值时，需要先让用户选择支付方式，然后再根据用户选择的结果在这里进行MD5加密，也就是说，此时，本页面应该拆分为两个页面，分为两个步骤完成。\r\n\r\n        //--对订单信息进行MD5加密\r\n        //商户对订单信息进行MD5签名后的字符串\r\n        $c_signstr  = md5($srcStr);\r\n\r\n         $def_url = ''<form name="payForm1" action="https://www.cncard.net/purchase/getorder.asp" method="POST" target="_blank">''.\r\n         	             "<p class=''back_home''>".\r\n                    "<input type=\\"hidden\\" name=\\"c_mid\\" value=\\"$c_mid\\" />".\r\n                    "<input type=\\"hidden\\" name=\\"c_order\\" value=\\"$c_order\\" />".\r\n                    "<input type=\\"hidden\\" name=\\"c_name\\" value=\\"$c_name\\" />".\r\n                    "<input type=\\"hidden\\" name=\\"c_address\\" value=\\"$c_address\\" />".\r\n                    "<input type=\\"hidden\\" name=\\"c_tel\\" value=\\"$c_tel\\" />".\r\n                    "<input type=\\"hidden\\" name=\\"c_post\\" value=\\"$c_post\\" />".\r\n                    "<input type=\\"hidden\\" name=\\"c_email\\" value=\\"$c_email\\" />".\r\n                    "<input type=\\"hidden\\" name=\\"c_orderamount\\" value=\\"$c_orderamount\\" />".\r\n                    "<input type=\\"hidden\\" name=\\"c_ymd\\" value=\\"$c_ymd\\" />".\r\n                    "<input type=\\"hidden\\" name=\\"c_moneytype\\" value=\\"$c_moneytype\\" />".\r\n                    "<input type=\\"hidden\\" name=\\"c_retflag\\" value=\\"$c_retflag\\" />".\r\n                    "<input type=\\"hidden\\" name=\\"c_paygate\\" value=\\"$c_paygate\\" />".\r\n                    "<input type=\\"hidden\\" name=\\"c_returl\\" value=\\"$c_returl\\" />".\r\n                    "<input type=\\"hidden\\" name=\\"c_memo1\\" value=\\"$c_memo1\\" />".\r\n                    "<input type=\\"hidden\\" name=\\"c_memo2\\" value=\\"$c_memo2\\" />".\r\n                    "<input type=\\"hidden\\" name=\\"c_language\\" value=\\"$c_language\\" />".\r\n                    "<input type=\\"hidden\\" name=\\"notifytype\\" value=\\"$notifytype\\" />".\r\n                    "<input type=\\"hidden\\" name=\\"c_signstr\\" value=\\"$c_signstr\\" />".\r\n                    "<input type=\\"submit\\" name=\\"submit\\" value=\\""."立即使用云网支付"."\\" />".\r\n                         "</p>".\r\n                    "</form><br />";\r\n\r\n        return $def_url;\r\n    }\r\n\r\n    /**\r\n     * 响应操作\r\n     */\r\n\r\n    function respond($db)\r\n    {\r\n        $payment = $db->Payment->findbycode(''cncard'');\r\n        eval($payment[''Payment''][''config'']);\r\n		$c_mid = $payment_arr[''c_mid''][''value''];\r\n		$c_pass = $payment_arr[''c_pass''][''value''];\r\n		//$c_memo1 = $payment_arr[''c_memo1''][''value''];\r\n        \r\n        //--获取云网支付网关向商户发送的支付通知信息(以下简称为通知信息)\r\n        $c_mid          = $_REQUEST[''c_mid''];           //商户编号，在申请商户成功后即可获得，可以在申请商户成功的邮件中获取该编号\r\n        $c_order        = $_REQUEST[''c_order''];         //商户提供的订单号\r\n        $c_orderamount  = $_REQUEST[''c_orderamount''];   //商户提供的订单总金额，以元为单位，小数点后保留两位，如：13.05\r\n        $c_ymd          = $_REQUEST[''c_ymd''];           //商户传输过来的订单产生日期，格式为"yyyymmdd"，如20050102\r\n        $c_transnum     = $_REQUEST[''c_transnum''];      //云网支付网关提供的该笔订单的交易流水号，供日后查询、核对使用；\r\n        $c_succmark     = $_REQUEST[''c_succmark''];      //交易成功标志，Y-成功 N-失败\r\n        $c_moneytype    = $_REQUEST[''c_moneytype''];     //支付币种，0为人民币\r\n        $c_cause        = $_REQUEST[''c_cause''];         //如果订单支付失败，则该值代表失败原因\r\n        $c_memo1        = $_REQUEST[''c_memo1''];         //商户提供的需要在支付结果通知中转发的商户参数一\r\n        $c_memo2        = $_REQUEST[''c_memo2''];         //商户提供的需要在支付结果通知中转发的商户参数二\r\n        $c_signstr      = $_REQUEST[''c_signstr''];       //云网支付网关对已上信息进行MD5加密后的字符串\r\n\r\n        //--校验信息完整性---\r\n        if($c_mid=="" || $c_order=="" || $c_orderamount=="" || $c_ymd=="" || $c_moneytype=="" || $c_transnum=="" || $c_succmark=="" || $c_signstr=="")\r\n        {\r\n            //echo "支付信息有误!";\r\n\r\n            return false;\r\n        }\r\n\r\n        //--将获得的通知信息拼成字符串，作为准备进行MD5加密的源串，需要注意的是，在拼串时，先后顺序不能改变\r\n        //商户的支付密钥，登录商户管理后台(https://www.cncard.net/admin/)，在管理首页可找到该值\r\n        $c_pass = trim($c_pass);\r\n\r\n        $srcStr = $c_mid . $c_order . $c_orderamount . $c_ymd . $c_transnum . $c_succmark . $c_moneytype . $c_memo1 . $c_memo2 . $c_pass;\r\n\r\n        //--对支付通知信息进行MD5加密\r\n        $r_signstr  = md5($srcStr);\r\n\r\n        //--校验商户网站对通知信息的MD5加密的结果和云网支付网关提供的MD5加密结果是否一致\r\n        if($r_signstr!=$c_signstr)\r\n        {\r\n            //echo "签名验证失败";\r\n            return false;\r\n        }\r\n        \r\n        $payment_log = $db->PaymentApiLog->findbyid($c_order);\r\n        \r\n        //验证通过后,将订单sn转换为ID 来操作ec订单表\r\n      /*  if ($c_memo2 == ''voucher'')\r\n        {\r\n            $c_order = get_order_id_by_sn($c_order, "true");\r\n        }\r\n        else\r\n        {\r\n            $c_order = get_order_id_by_sn($c_order);\r\n        }*/\r\n		if($payment_log[''PaymentApiLog''][''type''] > 0){\r\n			$account = $db->UserAccount->findbyid($payment_log[''PaymentApiLog''][''type_id'']);\r\n	        if ($c_orderamount != $account[''UserAccount''][''amount''])\r\n	        {\r\n	            return false;\r\n	        }\r\n        }else{\r\n        $order_total = $db->Order->findbyid($payment_log[''PaymentApiLog''][''type_id'']);\r\n	        if ($c_orderamount != $order_total[''Order''][''total''])\r\n	        {\r\n	            return false;\r\n	        }\r\n        }\r\n\r\n\r\n        //--校验商户编号\r\n        $MerchantID= trim($c_mid);   //商户自己的编号\r\n        if($MerchantID!=$c_mid){\r\n            //echo "提交的商户编号有误";\r\n\r\n            return false;\r\n        }\r\n\r\n        if ($c_memo1 != abs(crc32($payment_arr[''c_memo1''][''value''])))\r\n        {\r\n            //echo "个性签名不一致";\r\n            //return false;\r\n        }\r\n\r\n        //--校验返回的支付结果的格式是否正确\r\n        if($c_succmark!="Y" && $c_succmark!="N")\r\n        {\r\n            //echo "参数提交有误";\r\n\r\n            return false;\r\n        }\r\n\r\n        //--根据返回的支付结果，商户进行自己的发货等操作\r\n        if($c_succmark="Y")\r\n        {\r\n            //根据商户自己商务规则，进行发货等系列操作\r\n\r\n		if($payment_log[''PaymentApiLog''][''type''] > 0){\r\n			/* 充值成功*/\r\n			$db->update_balance($payment_log,$order_total);      \r\n			   return true;\r\n		}else {\r\n            /* 改变订单状态 */\r\n			$db->update_order($payment_log,$order_total);       \r\n			 return true;\r\n			}\r\n        }\r\n        else\r\n        {\r\n            //echo $c_cause;\r\n\r\n            return false;\r\n        }\r\n    }\r\n    \r\n    function local_date($format,$db,$time = NULL)\r\n	{\r\n	    $timezone = $db->locale[''default_timezone'']*(-1);\r\n\r\n	    if ($time === NULL)\r\n	    {\r\n	        $time = gmtime();\r\n	    }\r\n	    elseif ($time <= 0)\r\n	    {\r\n	        return '''';\r\n	    }\r\n\r\n	    $time += ($timezone * 3600);\r\n\r\n	    return date($format, $time);\r\n	}    \r\n    \r\n}', '', '2008-01-01 00:00:00', '2009-07-16 08:51:23'),
(3, 0, 'alipay', '0', 0, '$payment_arr = array(''alipay_account''=> array(''name''=> ''支付宝帐户'',''value''=>'''' , ''type'' => ''text''),''alipay_key''=> array(''name''=> ''交易安全校验码'',''value''=>'''' , ''type'' => ''text''),''alipay_partner''=> array(''name''=> ''合作者身份ID'',''value''=>'''' , ''type'' => ''text''));', '0', '0', '1', '1', '1', 'class alipay \r\n{\r\n    function alipay()\r\n    {\r\n    }\r\n\r\n    function __construct()\r\n    {\r\n        $this->alipay();\r\n    }\r\n    function get_code($order, $payment,$db)\r\n    {\r\n	eval($payment[''Payment''][''config'']);\r\n	$host = isset($_SERVER[''HTTP_X_FORWARDED_HOST'']) ? $_SERVER[''HTTP_X_FORWARDED_HOST''] : (isset($_SERVER[''HTTP_HOST'']) ? $_SERVER[''HTTP_HOST''] : '''');\r\n        \r\n	$alipay_account = $payment_arr[''alipay_account''][''value''];\r\n	$alipay_partner = $payment_arr[''alipay_partner''][''value''];\r\n	$alipay_key = $payment_arr[''alipay_key''][''value''];\r\n	$charset = ''utf-8'';\r\n	$service = ''trade_create_by_buyer'';\r\n	$agent = ''C4335319945672464113'';\r\n	$parameter = array(\r\n            ''agent''             => $agent,\r\n            ''service''           => $service,\r\n            ''partner''           => $alipay_partner,\r\n            ''_input_charset''    => $charset,\r\n            ''notify_url''        => "http://".$host.$db->webroot."/responds/index/alipay",\r\n            ''return_url''        => "http://".$host.$db->webroot."/responds/index/alipay",\r\n            /* 业务参数 */\r\n            ''subject''           => $db->configs[''shop_name'']."-".$order[''log_id''],              //order 型号\r\n            ''out_trade_no''      => $order[''log_id''],\r\n            ''price''             => $order[''total''],\r\n            ''quantity''          => 1,\r\n            ''payment_type''      => 1,\r\n            /* 物流参数 */\r\n            ''logistics_type''    => ''EXPRESS'',\r\n            ''logistics_fee''     => 0,\r\n            ''logistics_payment'' => ''BUYER_PAY_AFTER_RECEIVE'',\r\n            /* 买卖双方信息 */\r\n            ''seller_email''      => $alipay_account\r\n        );\r\n\r\n	\r\n        ksort($parameter);\r\n        reset($parameter);\r\n		$param = '''';\r\n        $sign  = '''';\r\n        foreach ($parameter AS $key => $val)\r\n        {\r\n            $param .= "$key=" .urlencode($val). "&";\r\n            $sign  .= "$key=$val&";\r\n        }\r\n		\r\n        $param = substr($param, 0, -1);\r\n        $sign  = substr($sign, 0, -1).$alipay_key;\r\n        $button = "https://www.alipay.com/cooperate/gateway.do?".$param."&sign=".md5($sign)."&sign_type=MD5";\r\n        return $button;\r\n    }\r\n function respond($db)\r\n    {\r\n        /*\r\n        if (!empty($_POST))\r\n        {\r\n            foreach($_POST as $key => $data)\r\n            {\r\n                $_GET[$key] = $data;\r\n            }\r\n        }\r\n        */\r\n        $payment = $db->Payment->findbycode(''alipay'');\r\n        eval($payment[''Payment''][''config'']);    \r\n		$alipay_account = $payment_arr[''alipay_account''][''value''];\r\n		$alipay_partner = $payment_arr[''alipay_partner''][''value''];\r\n		$alipay_key = $payment_arr[''alipay_key''][''value''];\r\n        $seller_email = rawurldecode($_GET[''seller_email'']);\r\n        $order_id = str_replace($_GET[''subject''], '''', $_GET[''out_trade_no'']);\r\n        $order_id = trim($order_id);\r\n        //取到的是支付的记录id\r\n        /* 检查支付的金额是否相符 */\r\n        $payment_log = $db->PaymentApiLog->findbyid($order_id);\r\n		\r\n		//检查是否已成功支付\r\n		if($payment_log[''PaymentApiLog''][''is_paid''] == "1"){\r\n 			return false;\r\n 		}\r\n		\r\n		if($payment_log[''PaymentApiLog''][''type''] > 0){\r\n			$account = $db->UserAccount->findbyid($payment_log[''PaymentApiLog''][''type_id'']);\r\n	        if ($_GET[''total_fee''] != $account[''UserAccount''][''amount''])\r\n	        {\r\n	            return false;\r\n	        }\r\n        }else{\r\n        $order_total = $db->Order->findbyid($payment_log[''PaymentApiLog''][''type_id'']);\r\n	        if ($_GET[''total_fee''] != $order_total[''Order''][''total''])\r\n	        {\r\n	            return false;\r\n	        }\r\n        }\r\n\r\n		$charset = ''utf-8'';\r\n		$service = ''trade_create_by_buyer'';\r\n		$agent = ''C4335319945672464113'';\r\n		$host = isset($_SERVER[''HTTP_X_FORWARDED_HOST'']) ? $_SERVER[''HTTP_X_FORWARDED_HOST''] : (isset($_SERVER[''HTTP_HOST'']) ? $_SERVER[''HTTP_HOST''] : '''');\r\n        \r\n        ksort($_GET);\r\n        reset($_GET);\r\n        $arg = "";\r\n		while (list ($key, $val) = each ($_GET)) {\r\n			if($key != "sign" && $key != "sign_type" && $key != ''code'' && $key != ''url'')\r\n			$arg.=$key."=".$val."&";\r\n		}\r\n		$prestr = substr($arg,0,count($arg)-2);  //去掉最后一个&号\r\n		 $sign = $prestr.$alipay_key;\r\n\r\n      if (md5($sign) != $_GET[''sign''])\r\n        {\r\n            return false;\r\n        }\r\n		if($payment_log[''PaymentApiLog''][''type''] > 0){\r\n			/* 充值成功*/\r\n			$db->update_balance($payment_log,$account);        			           \r\n			return true;\r\n		\r\n		}else if ($_GET[''trade_status''] == ''WAIT_SELLER_SEND_GOODS'')\r\n        {\r\n			$db->update_order($payment_log,$order_total);        			           \r\n			 return true;\r\n        }else if ($_GET[''trade_status''] == ''TRADE_FINISHED'')\r\n        {\r\n			$db->update_order($payment_log,$order_total);       \r\n            return true;\r\n        }\r\n        else\r\n        {   \r\n            return false;\r\n        }\r\n    }\r\n}', '', '2008-01-01 00:00:00', '2009-07-16 09:04:52'),
(10, 0, 'tenpay', '0', 0, '$payment_arr = array(''tenpay_account''=> array(''name''=> ''财付通帐户'',''value''=>'''' , ''type'' => ''text''),''attach''=> array(''name''=> ''自定义签名'',''value''=>'''' , ''type'' => ''text''),''tenpay_key''=> array(''name''=> ''财付通密钥ID'',''value''=>'''' , ''type'' => ''text''));', '0', '1', '1', '1', '1', 'class tenpay{\r\n    function tenpay()\r\n    {\r\n    }\r\n\r\n    function __construct()\r\n    {\r\n        $this->tenpay();\r\n    }\r\n    \r\n    function get_code($order, $payment,$db)\r\n    {\r\n		eval($payment[''Payment''][''config'']);\r\n		$host = isset($_SERVER[''HTTP_X_FORWARDED_HOST'']) ? $_SERVER[''HTTP_X_FORWARDED_HOST''] : (isset($_SERVER[''HTTP_HOST'']) ? $_SERVER[''HTTP_HOST''] : '''');\r\n    	\r\n        $cmd_no = ''1'';\r\n        // 订单号 \r\n        $sp_billno = $order[''log_id''];\r\n        // 交易日期 \r\n        $today = date(''Ymd'');\r\n        /* 将商户号+年月日+流水号 */\r\n        $bill_no = str_pad($order[''log_id''], 10, 0, STR_PAD_LEFT);\r\n        // $tenpay_account 商家号\r\n      	$tenpay_account = $payment_arr[''tenpay_account''][''value''];\r\n        $transaction_id = $tenpay_account.$today.$bill_no;\r\n        if(isset($order[''order_code''])){\r\n        	$desc = $order[''order_code''];\r\n        	$attach = '''';			//订单\r\n        }else{\r\n        	$desc =   ''会员充值'';\r\n        	$attach = ''voucher'';					//充值\r\n        }\r\n        \r\n        \r\n        $tenpay_key = $payment_arr[''tenpay_key''][''value''];\r\n        // 银行类型:支持纯网关和财付通 \r\n        $bank_type = ''0'';\r\n        \r\n        // 订单描述\r\n        $desc = $order[''log_id''];\r\n        \r\n        // 返回的路径 \r\n        $return_url = "http://".$host.$db->webroot."responds/index/tenpay";\r\n        // 总金额 \r\n        $total_fee = floatval($order[''total'']) * 100;\r\n        // 货币类型 \r\n        $fee_type = ''1'';\r\n        // 数字签名 \r\n        $sign_text = "cmdno=" . $cmd_no . "&date=" . $today . "&bargainor_id=" . $tenpay_account .\r\n          "&transaction_id=" . $transaction_id . "&sp_billno=" . $sp_billno .\r\n          "&total_fee=" . $total_fee . "&fee_type=" . $fee_type . "&return_url=" . $return_url .\r\n          "&attach=" . $attach . "&key=" . $tenpay_key;\r\n        $sign = strtoupper(md5($sign_text));\r\n\r\n        /* 交易参数 */\r\n        $parameter = array(\r\n            ''cmdno''             => $cmd_no,                     // 业务代码, 财付通支付支付接口填  1\r\n            ''date''              => $today,                      // 商户日期：如20051212\r\n            ''bank_type''         => $bank_type,                  // 银行类型:支持纯网关和财付通\r\n            ''desc''              => $desc,                       // 交易的商品名称\r\n            ''purchaser_id''      => '''',                          // 用户(买方)的财付通帐户,可以为空\r\n            ''bargainor_id''      => $tenpay_account,  			// 商家的财付通商户号\r\n            ''transaction_id''    => $transaction_id,             // 交易号(订单号)，由商户网站产生(建议顺序累加)\r\n            ''sp_billno''         => $sp_billno,                  // 商户系统内部的定单号,最多10位\r\n            ''total_fee''         => $total_fee,                  // 订单金额\r\n            ''fee_type''          => $fee_type,                   // 现金支付币种\r\n            ''return_url''        => $return_url,                 // 接收财付通返回结果的URL\r\n            ''attach''            => $attach,                     // 用户自定义签名\r\n            ''sign''              => $sign                        // MD5签名\r\n        //  ''sys_id''            => ''99887766''                 //sv-cart C账号 不参与签名\r\n        );\r\n\r\n        $button  = ''<br /><form style="text-align:center;" action="https://www.tenpay.com/cgi-bin/v1.0/pay_gate.cgi"  target="_blank" style="margin:0px;padding:0px" >'';\r\n\r\n        foreach ($parameter AS $key=>$val)\r\n        {\r\n            $button  .= "<input type=''hidden'' name=''$key'' value=''$val'' />";\r\n        }\r\n\r\n        $button  .= "<input src=''http://lyceem3.projects.seevia.cn/images/tenpay.gif'' value=''立即使用财付通支付'' type=''image''></form><br />";\r\n\r\n        return $button;\r\n    }\r\n\r\n    /**\r\n     * 响应操作\r\n     */\r\n    function respond($db)\r\n    {\r\n        /*取返回参数*/\r\n        $cmd_no         = $_GET[''cmdno''];\r\n        $pay_result     = $_GET[''pay_result''];\r\n        $pay_info       = $_GET[''pay_info''];\r\n        $bill_date      = $_GET[''date''];\r\n        $bargainor_id   = $_GET[''bargainor_id''];\r\n        $transaction_id = $_GET[''transaction_id''];\r\n        $sp_billno      = $_GET[''sp_billno''];\r\n        $total_fee      = $_GET[''total_fee''];\r\n        $fee_type       = $_GET[''fee_type''];\r\n        $attach         = $_GET[''attach''];\r\n        $sign           = $_GET[''sign''];\r\n\r\n        $payment    = $db->Payment->findbycode(''tenpay'');\r\n		eval($payment[''Payment''][''config'']);\r\n        $tenpay_key = $payment_arr[''tenpay_key''][''value''];\r\n        $payment_log = $db->PaymentApiLog->findbyid($sp_billno);\r\n        //检查是否已成功支付\r\n		if($payment_log[''PaymentApiLog''][''is_paid''] == "1"){\r\n 			return false;\r\n 		}\r\n		/*\r\n        if ($attach == ''voucher'')\r\n        {\r\n            $account = $db->UserAccount->findbyid($payment_log[''PaymentApiLog''][''type_id'']);\r\n	        if ($total_fee != $account[''UserAccount''][''amount''])\r\n	        {\r\n	            return false;\r\n	        }\r\n        }\r\n        else\r\n        {\r\n            $order_total = $db->Order->findbyid($payment_log[''PaymentApiLog''][''type_id'']);\r\n	        if ($total_fee != $order_total[''Order''][''total''])\r\n	        {\r\n	            return false;\r\n	        }\r\n        }*/\r\n		\r\n		if($payment_log[''PaymentApiLog''][''type''] > 0){\r\n            $account = $db->UserAccount->findbyid($payment_log[''PaymentApiLog''][''type_id'']);\r\n	        if ($total_fee != $account[''UserAccount''][''amount''])\r\n	        {\r\n	            return false;\r\n	        }\r\n		}else{\r\n            $order_total = $db->Order->findbyid($payment_log[''PaymentApiLog''][''type_id'']);\r\n	        if ($total_fee != $order_total[''Order''][''total''])\r\n	        {\r\n	            return false;\r\n	        }\r\n		}\r\n		\r\n		\r\n		\r\n        /* 如果pay_result大于0则表示支付失败 */\r\n        if ($pay_result > 0)\r\n        {\r\n            return false;\r\n        }\r\n\r\n        /* 检查支付的金额是否相符 */\r\n     //   if (!check_money($log_id, $total_fee / 100))\r\n     //   {\r\n     //       return false;\r\n      //  }\r\n\r\n        /* 检查数字签名是否正确 */\r\n        $sign_text  = "cmdno=" . $cmd_no . "&pay_result=" . $pay_result .\r\n                          "&date=" . $bill_date . "&transaction_id=" . $transaction_id .\r\n                            "&sp_billno=" . $sp_billno . "&total_fee=" . $total_fee .\r\n                            "&fee_type=" . $fee_type . "&attach=" . $attach .\r\n                            "&key=" . $tenpay_key;\r\n        $sign_md5 = strtoupper(md5($sign_text));\r\n        if ($sign_md5 != $sign)\r\n        {\r\n            return false;\r\n        }\r\n        else\r\n        {\r\n			if($payment_log[''PaymentApiLog''][''type''] > 0){\r\n			$db->update_order($payment_log,$order_total);        			           \r\n\r\n			 return true;			\r\n			}else{\r\n			$db->update_balance($payment_log,$account);        			           \r\n			 return true;			\r\n			}\r\n        }\r\n    }\r\n    \r\n}', '', '2008-01-01 00:00:00', '2009-07-16 08:48:54'),
(7, 0, 'paypalcn', '0', 0, '$payment_arr = array(''data_pay_account''=> array(''name''=> ''贝宝帐户'',''value''=>''hobbysh@gmail.com'' , ''type'' => ''text''));', '0', '1', '1', '1', '1', 'class paypalcn\r\n{\r\n    function paypalcn()\r\n    {\r\n    }\r\n    function __construct()\r\n    {\r\n        $this->paypalcn();\r\n    }\r\n    function get_code($order, $payment,$db)\r\n    {\r\n\r\n	eval($payment[''Payment''][''config'']);\r\n	$host = isset($_SERVER[''HTTP_X_FORWARDED_HOST'']) ? $_SERVER[''HTTP_X_FORWARDED_HOST''] : (isset($_SERVER[''HTTP_HOST'']) ? $_SERVER[''HTTP_HOST''] : '''');\r\n	$data_pay_account = $payment_arr[''data_pay_account''][''value''];\r\n\r\n		$currency_code      = "CNY"; // 货币\r\n        $data_order_id      = $order[''log_id''];\r\n		$no_note 	   		= $db->configs[''shop_name'']."-".$order[''log_id''];\r\n        $data_amount        = $order[''total''];\r\n        $data_return_url    = "http://".$host.$db->webroot."/responds/index/paypal";\r\n        $data_notify_url    = "http://".$host.$db->webroot."/responds/index/paypal";\r\n        $cancel_return      = "http://".$host.$db->webroot."/";\r\n\r\n        $def_url  = ''<br /><form style="text-align:center;" action="https://www.paypal.com/cgi-bin/webscr" method="post" target="_blank">'' .   // 不能省略\r\n            "<p class=''back_home''>".\r\n	    "<input type=''hidden'' name=''cmd'' value=''_xclick''>" .                             // 不能省略\r\n            "<input type=''hidden'' name=''business'' value=''$data_pay_account''>" .                 // 贝宝帐号\r\n            "<input type=''hidden'' name=''item_name'' value=''$no_note''>" .                 // payment for\r\n            "<input type=''hidden'' name=''amount'' value=''$data_amount''>" .                        // 订单金额\r\n            "<input type=''hidden'' name=''currency_code'' value=''$currency_code''>" .            // 货币\r\n            "<input type=''hidden'' name=''return'' value=''$data_return_url''>" .                    // 付款后页面\r\n            "<input type=''hidden'' name=''invoice'' value=''$data_order_id''>" .                      // 订单号\r\n            "<input type=''hidden'' name=''charset'' value=''utf-8''>" .                              // 字符集\r\n            "<input type=''hidden'' name=''no_shipping'' value=''1''>" .                              // 不要求客户提供收货地址\r\n            "<input type=''hidden'' name=''no_note'' value=''$no_note''>" .                                  // 付款说明\r\n            "<input type=''hidden'' name=''notify_url'' value=''$data_notify_url''>" .\r\n            "<input type=''hidden'' name=''rm'' value=''2''>" .\r\n            "<input type=''hidden'' name=''cancel_return'' value=''$cancel_return''>" .\r\n            "<input type=''submit'' value=''使用 paypal 支付''>" .                      // 按钮\r\n            "</p>".\r\n		"</form><br />";\r\n\r\n        return $def_url;\r\n    }\r\n    function respond($db)\r\n    {\r\n       // $payment        = get_payment(''paypal'');\r\n        //$merchant_id    = $payment[''paypal_account''];               ///获取商户编号\r\n        $payment = $db->Payment->findbycode(''paypalcn'');\r\n		eval($payment[''Payment''][''config'']);\r\n		$merchant_id   = $payment_arr[''data_pay_account''][''value''];\r\n        // read the post from PayPal system and add ''cmd''\r\n        $req = ''cmd=_notify-validate'';\r\n        foreach ($_POST as $key => $value)\r\n        {\r\n            $value = urlencode(stripslashes($value));\r\n            $req .= "&$key=$value";\r\n        }\r\n\r\n        // post back to PayPal system to validate\r\n        $header = "POST /cgi-bin/webscr HTTP/1.0\\r\\n";\r\n        $header .= "Content-Type: application/x-www-form-urlencoded\\r\\n";\r\n        $header .= "Content-Length: " . strlen($req) ."\\r\\n\\r\\n";\r\n        $fp = fsockopen (''www.paypal.com'', 80, $errno, $errstr, 30);\r\n\r\n        // assign posted variables to local variables\r\n        $item_name = $_POST[''item_name''];\r\n        $item_number = $_POST[''item_number''];\r\n        $payment_status = $_POST[''payment_status''];\r\n        $payment_amount = $_POST[''mc_gross''];\r\n        $payment_currency = $_POST[''mc_currency''];\r\n        $txn_id = $_POST[''txn_id''];\r\n        $receiver_email = $_POST[''receiver_email''];\r\n        $payer_email = $_POST[''payer_email''];\r\n        $order_sn = $_POST[''invoice''];\r\n        $memo = !empty($_POST[''memo'']) ? $_POST[''memo''] : '''';\r\n        $action_note = $txn_id . ''（paypal 交易号）'' . $memo;\r\n\r\n        if (!$fp)\r\n        {\r\n            fclose($fp);\r\n\r\n            return false;\r\n        }\r\n        else\r\n        {\r\n            fputs($fp, $header . $req);\r\n            while (!feof($fp))\r\n            {\r\n                $res = fgets($fp, 1024);\r\n                if (strcmp($res, ''VERIFIED'') == 0)\r\n                {\r\n                    // check the payment_status is Completed\r\n                    if ($payment_status != ''Completed'' && $payment_status != ''Pending'')\r\n                    {\r\n                        fclose($fp);\r\n\r\n                        return false;\r\n                    }\r\n                    // check that receiver_email is your Primary PayPal email\r\n                    if ($receiver_email != $merchant_id)\r\n                    {\r\n                        fclose($fp);\r\n\r\n                        return false;\r\n                    }\r\n                    \r\n        			$payment_log = $db->PaymentApiLog->findbyid($order_sn);\r\n        			\r\n					//检查是否已成功支付\r\n					if($payment_log[''PaymentApiLog''][''is_paid''] == "1"){\r\n			                fclose($fp);\r\n			 			return false;\r\n			 		}                    \r\n			 		// check that payment_amount/payment_currency are correct\r\n					if($payment_log[''PaymentApiLog''][''type''] > 0){\r\n					$account = $db->UserAccount->findbyid($payment_log[''PaymentApiLog''][''type_id'']);\r\n				        if ($payment_amount != $account[''UserAccount''][''amount''])\r\n				        {\r\n			                fclose($fp);\r\n				            return false;\r\n				        }\r\n			        }else{\r\n			        $order_total = $db->Order->findbyid($payment_log[''PaymentApiLog''][''type_id'']);\r\n	        	        if ($order_total[''Order''][''total''] != $payment_amount)\r\n	                    {\r\n	                        fclose($fp);\r\n\r\n	                        return false;\r\n	                    }\r\n        			}\r\n\r\n                    if ("CNY" != $payment_currency)\r\n                    {\r\n                        fclose($fp);\r\n\r\n                        return false;\r\n                    }\r\n                    \r\n	  \r\n				    if($payment_log[''PaymentApiLog''][''type''] < 1)\r\n				    {                    // process payment\r\n			            /* 改变订单状态 */		            \r\n						$db->update_order($payment_log,$order_total);        			           \r\n	                    fclose($fp);\r\n	                    return true;\r\n                    }else{\r\n						/* 充值成功*/\r\n						$db->update_balance($payment_log,$order_total);       \r\n						fclose($fp);\r\n				      	return true;\r\n                    }\r\n                }\r\n                elseif (strcmp($res, ''INVALID'') == 0)\r\n                {\r\n                    // log for manual investigation\r\n                    fclose($fp);\r\n\r\n                    return false;\r\n                }\r\n            }\r\n        }\r\n    }\r\n}	\r\n', '', '2008-01-01 00:00:00', '2009-07-16 08:35:28'),
(4, 0, 'bank', '0', 0, NULL, '0', '0', '0', '1', '1', NULL, '', '2008-01-01 00:00:00', '2009-07-16 08:33:23'),
(5, 0, 'post', '0', 0, NULL, '0', '0', '0', '1', '1', NULL, '', '2008-01-01 00:00:00', '2009-07-16 08:35:52'),
(12, 0, 'chinabank', '0', 0, '$payment_arr = array(''chinabank_account''=> array(''name''=> ''商户编号'',''value''=>'''' , ''type'' => ''text''),''chinabank_key''=> array(''name''=> ''MD5 密钥'',''value''=>'''' , ''type'' => ''text''));', '0', '1', '1', '1', '1', 'class chinabank\r\n{\r\n    function chinabank()\r\n    {\r\n    }\r\n    function __construct()\r\n    {\r\n        $this->chinabank();\r\n    }\r\n    function get_code($order, $payment,$db)\r\n    {\r\n		eval($payment[''Payment''][''config'']);\r\n		$host = isset($_SERVER[''HTTP_X_FORWARDED_HOST'']) ? $_SERVER[''HTTP_X_FORWARDED_HOST''] : (isset($_SERVER[''HTTP_HOST'']) ? $_SERVER[''HTTP_HOST''] : '''');\r\n		$chinabank_account = $payment_arr[''chinabank_account''][''value''];\r\n		$chinabank_key = $payment_arr[''chinabank_key''][''value''];\r\n        \r\n        $data_vid           = trim($chinabank_account);\r\n        $data_orderid       = $order[''log_id''];\r\n        $data_vamount       = $order[''total''];\r\n        $data_vmoneytype    = ''CNY'';\r\n        $data_vpaykey       = trim($chinabank_key);\r\n        $data_vreturnurl    = "http://".$host.$db->webroot."/responds/index/chinabank";\r\n        if (empty($order[''log_id'']))\r\n        {\r\n            $remark1    = "voucher";                      //商户需要在支付结果通知中转发的商户参数二\r\n        }\r\n        else\r\n        {\r\n            $remark1    = '''';\r\n        }\r\n\r\n        $MD5KEY =$data_vamount.$data_vmoneytype.$data_orderid.$data_vid.$data_vreturnurl.$data_vpaykey;\r\n        $MD5KEY = strtoupper(md5($MD5KEY));\r\n\r\n        $def_url  = ''<br /><form style="text-align:center;" method=post action="https://pay3.chinabank.com.cn/PayGate" target="_blank">'';\r\n        $def_url .= "<input type=HIDDEN name=''v_mid'' value=''".$data_vid."''>";\r\n        $def_url .= "<input type=HIDDEN name=''v_oid'' value=''".$data_orderid."''>";\r\n        $def_url .= "<input type=HIDDEN name=''v_amount'' value=''".$data_vamount."''>";\r\n        $def_url .= "<input type=HIDDEN name=''v_moneytype''  value=''".$data_vmoneytype."''>";\r\n        $def_url .= "<input type=HIDDEN name=''v_url''  value=''".$data_vreturnurl."''>";\r\n        $def_url .= "<input type=HIDDEN name=''v_md5info'' value=''".$MD5KEY."''>";\r\n        $def_url .= "<input type=HIDDEN name=''remark1'' value=''".$remark1."''>";\r\n        $def_url .= "<input type=submit value=''" ."立即使用网银支付". "''>";\r\n        $def_url .= "</form>";\r\n\r\n        return $def_url;\r\n    }\r\n\r\n    /**\r\n     * 响应操作\r\n     */\r\n    function respond($db)\r\n    {\r\n		$payment = $db->Payment->findbycode(''chinabank'');\r\n        eval($payment[''Payment''][''config'']);    \r\n		$chinabank_key = $payment_arr[''chinabank_key''][''value''];\r\n		$chinabank_account = $payment_arr[''chinabank_account''][''value''];\r\n		\r\n        $v_oid          = trim($_POST[''v_oid'']);\r\n        $v_pmode        = trim($_POST[''v_pmode'']);\r\n        $v_pstatus      = trim($_POST[''v_pstatus'']);\r\n        $v_pstring      = trim($_POST[''v_pstring'']);\r\n        $v_amount       = trim($_POST[''v_amount'']);\r\n        $v_moneytype    = trim($_POST[''v_moneytype'']);\r\n        $remark1        = trim($_POST[''remark1'' ]);\r\n        $remark2        = trim($_POST[''remark2'' ]);\r\n        $v_md5str       = trim($_POST[''v_md5str'' ]);\r\n\r\n        /**\r\n         * 重新计算md5的值\r\n         */\r\n        $key            = $chinabank_key;\r\n        $payment_log = $db->PaymentApiLog->findbyid($v_oid);\r\n        $md5string=strtoupper(md5($v_oid.$v_pstatus.$v_amount.$v_moneytype.$key));\r\n\r\n        if ($v_md5str==$md5string)\r\n        {\r\n            /*\r\n            if ($remark1 == ''voucher'')\r\n            {\r\n           		$account = $db->UserAccount->findbyid($payment_log[''PaymentApiLog''][''type_id'']);\r\n		        if ($total_fee != $account[''UserAccount''][''amount''])\r\n		        {\r\n		            return false;\r\n		        }\r\n            }\r\n            else\r\n            {\r\n                $order_total = $db->Order->findbyid($payment_log[''PaymentApiLog''][''type_id'']);\r\n		        if ($total_fee != $order_total[''Order''][''total''])\r\n		        {\r\n		            return false;\r\n		        }\r\n            }*/\r\n			if($payment_log[''PaymentApiLog''][''type''] > 0){\r\n				$account = $db->UserAccount->findbyid($payment_log[''PaymentApiLog''][''type_id'']);\r\n		        if ($v_amount != $account[''UserAccount''][''amount''])\r\n		        {\r\n		            return false;\r\n		        }\r\n			}else{\r\n                $order_total = $db->Order->findbyid($payment_log[''PaymentApiLog''][''type_id'']);\r\n		        if ($v_amount != $order_total[''Order''][''total''])\r\n		        {\r\n		            return false;\r\n		        }			\r\n			}\r\n\r\n            if ($v_pstatus == ''20'')\r\n            {\r\n            	if($payment_log[''PaymentApiLog''][''type''] > 0){\r\n				/* 充值成功*/\r\n			$db->update_balance($payment_log,$order_total);      \r\n				   return true;\r\n            	}else{\r\n		            /* 改变订单状态 */\r\n			$db->update_order($payment_log,$order_total);       \r\n					 return true;\r\n				}\r\n            }\r\n        }\r\n        else\r\n        {\r\n            return false;\r\n        }\r\n    }\r\n}', '', '2008-01-01 00:00:00', '2009-07-16 08:50:10');
INSERT INTO `svcart_payments` (`id`, `store_id`, `code`, `fee`, `orderby`, `config`, `status`, `is_cod`, `is_online`, `supply_use_flag`, `order_use_flag`, `php_code`, `version`, `created`, `modified`) VALUES
(15, 0, 'worldpay', '0', 0, '$payment_arr = array(''worldpay_login''=> array(''name''=> ''worldpay账户'',''value''=>'''' , ''type'' => ''text''),''worldpay_curr''=> array(''name''=> ''货币'',''value''=>''JPY'' , ''type'' => ''select'', ''select_value'' => array( ''澳元'' => ''AUD'',''加元'' => ''CAD'',''欧元'' => ''EUR'',''英镑'' => ''GBP'',''日元'' => ''JPY'',''美元'' => ''USD'',''港元'' => ''HKD'')),''worldpay_test''=> array(''name''=> ''worldpay测试账户'',''value''=>'''' , ''type'' => ''text''));', '0', '1', '1', '1', '1', 'class worldpay\r\n{\r\n    function worldpay()\r\n    {\r\n    }\r\n    function __construct()\r\n    {\r\n        $this->worldpay();\r\n    }\r\n    function get_code($order, $payment,$db)\r\n    {\r\n		$host = isset($_SERVER[''HTTP_X_FORWARDED_HOST'']) ? $_SERVER[''HTTP_X_FORWARDED_HOST''] : (isset($_SERVER[''HTTP_HOST'']) ? $_SERVER[''HTTP_HOST''] : '''');\r\n		eval($payment[''Payment''][''config'']);\r\n		$worldpay_login   = $payment_arr[''worldpay_login''][''value'']; 	\r\n		$worldpay_curr   = $payment_arr[''worldpay_curr''][''value'']; 	\r\n		$worldpay_test   = $payment_arr[''worldpay_test''][''value'']; 	\r\n		\r\n		$payment_log = $db->PaymentApiLog->findbyid($order[''log_id'']);\r\n		$order_info = $db->Order->findbyid($payment_log[''PaymentApiLog''][''type_id'']);\r\n\r\n    	$fields = array(\r\n		"instId" => $worldpay_login,\r\n		"cartId" => $order[''log_id''],\r\n		"amount" => $order[''total''],\r\n		"currency" => $worldpay_curr,\r\n		"testMode" => $worldpay_test,\r\n		"desc" => "Order #".$order[''log_id''],\r\n		"notify_url" =>"http://".$host.$db->webroot."/responds/index/worldpay",\r\n		"name" =>$db->configs[''shop_name'']."-".$order[''log_id''],\r\n		"tel" => $order_info[''Order'']["telephone"],\r\n		"email" => $order_info[''Order'']["email"],\r\n		"address" => $order_info[''Order'']["address"],\r\n		"postcode" => $order_info[''Order'']["zipcode"],\r\n		"country" => $order_info[''Order'']["regions"]\r\n		);	\r\n	\r\n	\r\n	\r\n        $def_url  = ''<br /><form style="text-align:center;" action="https://select.worldpay.com/wcc/purchase" method="post" target="_blank">'' .   // 不能省略\r\n            "<p class=''back_home''>" ;\r\n			foreach($fields as $k=>$v){\r\n	   		 $def_url .= "<input type=''hidden'' name=''".$k."'' value=''".$v."''>" ;                             \r\n			}\r\n           $def_url .= "<input type=''submit'' value=''wordwrap''>" .                      // 按钮\r\n            "</p>".\r\n		"</form><br />";\r\n\r\n        return $def_url;\r\n	}\r\n	\r\n    function respond($db)\r\n    {	\r\n  		$transStatus  =  $_POST[''transStatus''];\r\n  		$IPN_password =  $_POST[''callbackPW''];\r\n  		$reference	  =  $_POST[''cartId''];\r\n		\r\n        $payment = $db->Payment->findbycode(''paypal'');\r\n		eval($payment[''Payment''][''config'']);	\r\n		$worldpay_login   = $payment_arr[''worldpay_login''][''value'']; 	\r\n		$worldpay_curr   = $payment_arr[''worldpay_curr''][''value'']; 	\r\n		$worldpay_test   = $payment_arr[''worldpay_test''][''value'']; 	\r\n		$payment_log = $db->PaymentApiLog->findbyid($reference);\r\n		$order_total = $db->Order->findbyid($payment_log[''PaymentApiLog''][''type_id'']);			\r\n		if($transStatus == ''Y''){\r\n			/* 改变订单状态 */\r\n			$db->update_order($payment_log,$order_total);       \r\n			return true;\r\n		}else{\r\n			return false;\r\n		}\r\n		\r\n	}	\r\n}', '', '2008-01-01 00:00:00', '2009-07-16 08:53:11');
INSERT INTO `svcart_payments` (`id`, `store_id`, `code`, `fee`, `orderby`, `config`, `status`, `is_cod`, `is_online`, `supply_use_flag`, `order_use_flag`, `php_code`, `version`, `created`, `modified`) VALUES
(14, 0, 'googlecheckout', '0', 0, '$payment_arr = array(''merchant_id''=> array(''name''=> ''商户编号'',''value''=>'''' , ''type'' => ''text''),''merchant_key''=> array(''name''=> ''支付密钥'',''value''=>'''' , ''type'' => ''text''));', '0', '0', '0', '1', '1', 'class googlecheckout\r\n{\r\n    function googlecheckout()\r\n    {\r\n    }\r\n    \r\n    function __construct()\r\n    {\r\n        $this->googlecheckout();\r\n    }\r\n    \r\n    function get_code($order,$payment,$db)\r\n    {\r\n		$host = isset($_SERVER[''HTTP_X_FORWARDED_HOST'']) ? $_SERVER[''HTTP_X_FORWARDED_HOST''] : (isset($_SERVER[''HTTP_HOST'']) ? $_SERVER[''HTTP_HOST''] : '''');\r\n        eval($payment[''Payment''][''config'']); \r\n		$merchant_id = $payment_arr[''merchant_id''][''value''];\r\n		$merchant_key = $payment_arr[''merchant_key''][''value''];\r\n        \r\n        $server_type = "sandbox";\r\n    	$currency = "USD";\r\n      	$cart = new GoogleCart($merchant_id, $merchant_key, $server_type,$currency);\r\n      	$total_count = 1;\r\n		$item_1 = new GoogleItem("item name",      // Item name\r\n                               $db->configs[''shop_name'']."-".$order[''log_id''], 		// Item      description\r\n                               $total_count, 		// Quantity\r\n                              $order[''total'']); 	// Unit price      \r\n        $cart->AddItem($item_1);\r\n        $ship_1 = new GoogleFlatRateShipping("USPS Priority Mail", 4.55);\r\n      	$Gfilter = new GoogleShippingFilters();\r\n      	$Gfilter->SetAllowedCountryArea(''CONTINENTAL_48'');    	\r\n		$ship_1->AddShippingRestrictions($Gfilter);\r\n        $cart->AddShipping($ship_1);    	\r\n		// Add tax rules\r\n	    $tax_rule = new GoogleDefaultTaxRule(0.05);\r\n	    $tax_rule->SetStateAreas(array("MA"));\r\n	    $cart->AddDefaultTaxRules($tax_rule);\r\n	    // Specify <edit-cart-url>\r\n	    $cart->SetEditCartUrl("http://".$host.$db->webroot."/responds/index/googlecheckout");\r\n	    // Specify "Return to xyz" link\r\n	    $cart->SetContinueShoppingUrl("http://".$host.$db->webroot."/responds/index/googlecheckout");\r\n	    // Request buyer''s phone number\r\n	    $cart->SetRequestBuyerPhone(true);\r\n	    // Display Google Checkout button\r\n	    return $cart->CheckoutButtonCode("SMALL");\r\n    }\r\n\r\n    function respond($db)\r\n    {\r\n			$payment = $db->Payment->findbycode(''googlecheckout'');\r\n		    eval($payment[''Payment''][''config'']);\r\n			$merchant_id = $payment_arr[''merchant_id''][''value''];  // Your Merchant ID\r\n			$merchant_key = $payment_arr[''merchant_key''][''value''];  // Your Merchant Key\r\n		    $server_type = "sandbox";  // change this to go live\r\n		    $currency = ''USD'';  // set to GBP if in the UK\r\n		    \r\n		    $Gresponse = new GoogleResponse($merchant_id, $merchant_key);\r\n		    $Grequest = new GoogleRequest($merchant_id, $merchant_key, $server_type, $currency);\r\n		    $xml_response = isset($HTTP_RAW_POST_DATA)?\r\n		                    $HTTP_RAW_POST_DATA:file_get_contents("php://input");\r\n		      if (get_magic_quotes_gpc()) {\r\n			    $xml_response = stripslashes($xml_response);\r\n			  }\r\n			  list($root, $data) = $Gresponse->GetParsedXML($xml_response);\r\n			  $Gresponse->SetMerchantAuthentication($merchant_id, $merchant_key);\r\n			  $status = $Gresponse->HttpAuthentication();\r\n			  if(!$status) {\r\n			    die(''authentication failed'');\r\n			  }\r\n		    \r\n		  switch ($root) {\r\n		    case "request-received": {\r\n		      break;\r\n		    }\r\n		    case "error": {\r\n		      break;\r\n		    }\r\n		    case "diagnosis": {\r\n		      break;\r\n		    }\r\n		    case "checkout-redirect": {\r\n		      break;\r\n		    }\r\n		    case "merchant-calculation-callback": {\r\n		      $merchant_calc = new GoogleMerchantCalculations($currency);\r\n		      $addresses = get_arr_result($data[$root][''calculate''][''addresses''][''anonymous-address'']);\r\n		      foreach($addresses as $curr_address) {\r\n		        $curr_id = $curr_address[''id''];\r\n		        $country = $curr_address[''country-code''][''VALUE''];\r\n		        $city = $curr_address[''city''][''VALUE''];\r\n		        $region = $curr_address[''region''][''VALUE''];\r\n		        $postal_code = $curr_address[''postal-code''][''VALUE''];\r\n		        if(isset($data[$root][''calculate''][''shipping''])) {\r\n		          $shipping = get_arr_result($data[$root][''calculate''][''shipping''][''method'']);\r\n		          foreach($shipping as $curr_ship) {\r\n		            $name = $curr_ship[''name''];\r\n		            $price = 12; // Modify this to get the actual price\r\n		            $shippable = "true"; // Modify this as required\r\n		            $merchant_result = new GoogleResult($curr_id);\r\n		            $merchant_result->SetShippingDetails($name, $price, $shippable);\r\n\r\n		            if($data[$root][''calculate''][''tax''][''VALUE''] == "true") {\r\n		              $amount = 15; // Modify this to the actual tax value\r\n		              $merchant_result->SetTaxDetails($amount);\r\n		            }\r\n\r\n		            if(isset($data[$root][''calculate''][''merchant-code-strings'']\r\n		                [''merchant-code-string''])) {\r\n		              $codes = get_arr_result($data[$root][''calculate''][''merchant-code-strings'']\r\n		                  [''merchant-code-string'']);\r\n		              foreach($codes as $curr_code) {\r\n		                //Update this data as required to set whether the coupon is valid, the code and the amount\r\n		                $coupons = new GoogleCoupons("true", $curr_code[''code''], 5, "test2");\r\n		                $merchant_result->AddCoupons($coupons);\r\n		              }\r\n		             }\r\n		             $merchant_calc->AddResult($merchant_result);\r\n		          }\r\n		        } else {\r\n		          $merchant_result = new GoogleResult($curr_id);\r\n		          if($data[$root][''calculate''][''tax''][''VALUE''] == "true") {\r\n		            //Compute tax for this address id and shipping type\r\n		            $amount = 15; // Modify this to the actual tax value\r\n		            $merchant_result->SetTaxDetails($amount);\r\n		          }\r\n		          $codes = get_arr_result($data[$root][''calculate''][''merchant-code-strings'']\r\n		              [''merchant-code-string'']);\r\n		          foreach($codes as $curr_code) {\r\n		            //Update this data as required to set whether the coupon is valid, the code and the amount\r\n		            $coupons = new GoogleCoupons("true", $curr_code[''code''], 5, "test2");\r\n		            $merchant_result->AddCoupons($coupons);\r\n		          }\r\n		          $merchant_calc->AddResult($merchant_result);\r\n		        }\r\n		      }\r\n		      $Gresponse->ProcessMerchantCalculations($merchant_calc);\r\n		      break;\r\n		    }\r\n		    case "new-order-notification": {\r\n		      $Gresponse->SendAck();\r\n		      break;\r\n		    }\r\n		    case "order-state-change-notification": {\r\n		      $Gresponse->SendAck();\r\n		      $new_financial_state = $data[$root][''new-financial-order-state''][''VALUE''];\r\n		      $new_fulfillment_order = $data[$root][''new-fulfillment-order-state''][''VALUE''];\r\n\r\n		      switch($new_financial_state) {\r\n		        case ''REVIEWING'': {\r\n		          break;\r\n		        }\r\n		        case ''CHARGEABLE'': {\r\n		          break;\r\n		        }\r\n		        case ''CHARGING'': {\r\n		          break;\r\n		        }\r\n		        case ''CHARGED'': {\r\n		          break;\r\n		        }\r\n		        case ''PAYMENT_DECLINED'': {\r\n		          break;\r\n		        }\r\n		        case ''CANCELLED'': {\r\n		          break;\r\n		        }\r\n		        case ''CANCELLED_BY_GOOGLE'': {\r\n		          break;\r\n		        }\r\n		        default:\r\n		          break;\r\n		      }\r\n\r\n		      switch($new_fulfillment_order) {\r\n		        case ''NEW'': {\r\n		          break;\r\n		        }\r\n		        case ''PROCESSING'': {\r\n		          break;\r\n		        }\r\n		        case ''DELIVERED'': {\r\n		          break;\r\n		        }\r\n		        case ''WILL_NOT_DELIVER'': {\r\n		          break;\r\n		        }\r\n		        default:\r\n		          break;\r\n		      }\r\n		      break;\r\n		    }\r\n		    case "charge-amount-notification": {\r\n		      $Gresponse->SendAck();\r\n		      break;\r\n		    }\r\n		    case "chargeback-amount-notification": {\r\n		      $Gresponse->SendAck();\r\n		      break;\r\n		    }\r\n		    case "refund-amount-notification": {\r\n		      $Gresponse->SendAck();\r\n		      break;\r\n		    }\r\n		    case "risk-information-notification": {\r\n		      $Gresponse->SendAck();\r\n		      break;\r\n		    }\r\n		    default:\r\n		      $Gresponse->SendBadRequestStatus("Invalid or not supported Message");\r\n		      break;\r\n		  }\r\n\r\n\r\n\r\n\r\n    }\r\n\r\n}\r\n\r\n  class GoogleCart {\r\n    var $merchant_id;\r\n    var $merchant_key;\r\n    var $variant = false;\r\n    var $currency;\r\n    var $server_url;\r\n    var $schema_url;\r\n    var $base_url;\r\n    var $checkout_url;\r\n    var $checkout_diagnose_url;\r\n    var $request_url;\r\n    var $request_diagnose_url;\r\n\r\n    var $cart_expiration = "";\r\n    var $merchant_private_data = "";\r\n    var $edit_cart_url = "";\r\n    var $continue_shopping_url = "";\r\n    var $request_buyer_phone = "";\r\n    var $merchant_calculated_tax = "";\r\n    var $merchant_calculations_url = "";\r\n    var $accept_merchant_coupons = "";\r\n    var $accept_gift_certificates = "";\r\n    var $rounding_mode;\r\n    var $rounding_rule;\r\n    var $analytics_data;\r\n\r\n    var $item_arr;\r\n    var $shipping_arr;\r\n    var $default_tax_rules_arr;\r\n    var $alternate_tax_tables_arr;\r\n    var $xml_data;\r\n    \r\n    var $googleAnalytics_id = false;\r\n    var $thirdPartyTackingUrl = false;\r\n    var $thirdPartyTackingParams = array();\r\n    \r\n    var $multiple_tags = array(\r\n                          ''flat-rate-shipping'' => array(), \r\n                          ''merchant-calculated-shipping'' => array(), \r\n                          ''pickup'' => array(), \r\n                          ''parameterized-url'' => array(), \r\n                          ''url-parameter'' => array(), \r\n                          ''item'' => array(), \r\n                          ''us-state-area'' => array(''tax-area''), \r\n                          ''us-zip-area'' => array(''tax-area''), \r\n                          ''us-country-area'' => array(''tax-area''), \r\n                          ''postal-area'' => array(''tax-area''), \r\n                          ''alternate-tax-table'' => array(), \r\n                          ''world-area'' => array(''tax-area''),                      \r\n                          ''default-tax-rule'' => array(), \r\n                          ''alternate-tax-rule'' => array(), \r\n                          ''gift-certificate-adjustment'' => array(), \r\n                          ''coupon-adjustment'' => array(), \r\n                          ''coupon-result'' => array(), \r\n                          ''gift-certificate-result'' => array(), \r\n                          ''method'' => array(), \r\n                          ''anonymous-address'' => array(), \r\n                          ''result'' => array(), \r\n                          ''string'' => array(), \r\n                          );\r\n    \r\n    var $ignore_tags = array(\r\n                        ''xmlns'' => true,\r\n                        ''checkout-shopping-cart'' => true,\r\n                        // Dont know how to translate these tag yet\r\n                        ''merchant-private-data'' => true,\r\n                        ''merchant-private-item-data'' => true,\r\n    );    \r\n	function GoogleCart($id, $key, $server_type="sandbox", $currency="USD") {\r\n      $this->merchant_id = $id;\r\n      $this->merchant_key = $key;\r\n      $this->currency = $currency;\r\n\r\n      if(strtolower($server_type) == "sandbox") {\r\n        $this->server_url = "https://sandbox.google.com/checkout/";\r\n      } else {\r\n        $this->server_url=  "https://checkout.google.com/";  \r\n      }\r\n\r\n\r\n      $this->schema_url = "http://checkout.google.com/schema/2";\r\n      $this->base_url = $this->server_url . "api/checkout/v2/"; \r\n      $this->checkout_url = $this->base_url . "checkout/Merchant/" . $this->merchant_id;\r\n      $this->checkoutForm_url = $this->base_url . "checkoutForm/Merchant/" . $this->merchant_id;\r\n\r\n      //The item, shipping and tax table arrays are initialized\r\n      $this->item_arr = array();\r\n      $this->shipping_arr = array(); \r\n      $this->alternate_tax_tables_arr = array();\r\n    }    					\r\n    					\r\n    function AddItem($google_item) {\r\n      $this->item_arr[] = $google_item;\r\n    }    \r\n    function AddShipping($ship) {\r\n      $this->shipping_arr[] = $ship;\r\n    }\r\n    function AddDefaultTaxRules($rules) {\r\n      $this->default_tax_table = true;\r\n      $this->default_tax_rules_arr[] = $rules;\r\n    }    \r\n    function SetEditCartUrl($url) {\r\n      $this->edit_cart_url= $url;\r\n    }\r\n    function SetContinueShoppingUrl($url) {\r\n      $this->continue_shopping_url = $url;\r\n    }\r\n    function SetRequestBuyerPhone($req) {\r\n      $this->request_buyer_phone = $this->_GetBooleanValue($req, "false");\r\n    }\r\n    function _GetBooleanValue($value, $default) {\r\n      switch(strtolower($value)){\r\n         case "true":\r\n          return "true";\r\n         break;\r\n         case "false":\r\n          return"false";\r\n         break;\r\n         default:\r\n          return $default;\r\n         break;\r\n      }\r\n    }    \r\n    function CheckoutButtonCode($size="large", $variant=true, $loc="en_US",\r\n                                               $showtext=true, $style="trans") {\r\n\r\n      switch (strtolower($size)) {\r\n        case "medium":\r\n          $width = "168";\r\n          $height = "44";\r\n          break;\r\n\r\n        case "small":\r\n          $width = "160";\r\n          $height = "43";\r\n          break;\r\n        case "large":\r\n        default:\r\n          $width = "180";\r\n          $height = "46";\r\n          break;\r\n      }\r\n\r\n      if($this->variant == false) {\r\n        switch ($variant) {\r\n          case false:\r\n              $this->variant = "disabled";\r\n              break;\r\n          case true:\r\n          default:\r\n              $this->variant = "text";\r\n              break;\r\n        }\r\n      }\r\n      \r\n      $data = " ";\r\n      if ($this->variant == "text") {\r\n        $data .= " <form method=\\"POST\\" action=\\"". \r\n                $this->checkout_url . "\\"" . ($this->googleAnalytics_id?\r\n                " onsubmit=\\"setUrchinInputCode();\\"":"") . ">\r\n                <input type=\\"hidden\\" name=\\"cart\\" value=\\"". \r\n                base64_encode($this->GetXML()) ."\\">\r\n                <input type=\\"hidden\\" name=\\"signature\\" value=\\"". \r\n                base64_encode($this->CalcHmacSha1($this->GetXML())). "\\"> \r\n                <input type=\\"image\\" name=\\"Checkout\\" alt=\\"Checkout\\" \r\n                src=\\"". $this->server_url."buttons/checkout.gif?merchant_id=" .\r\n                $this->merchant_id."&w=".$width. "&h=".$height."&style=".\r\n                $style."&variant=".$this->variant."&loc=".$loc."\\" \r\n                height=\\"".$height."\\" width=\\"".$width. "\\" /><p class=\\"back_home\\">";\r\n                \r\n        if($this->googleAnalytics_id) {\r\n          $data .= "<input type=\\"hidden\\" name=\\"analyticsdata\\" value=\\"\\">";\r\n        }                \r\n        $data .= "</p></form>";\r\n        if($this->googleAnalytics_id) {                \r\n            $data .= "<!-- Start Google analytics -->\r\n            <script src=\\"https://ssl.google-analytics.com/urchin.js\\" type=\\"".\r\n                "text/javascript\\">\r\n            </script>\r\n            <script type=\\"text/javascript\\">\r\n            _uacct = \\"" . $this->googleAnalytics_id . "\\";\r\n            urchinTracker();\r\n            </script>\r\n            <script src=\\"https://checkout.google.com/files/digital/urchin_po" .\r\n                "st.js\\" type=\\"text/javascript\\"></script>  \r\n            <!-- End Google analytics -->";\r\n        }\r\n      } else {\r\n        $data .= "<p class=\\"back_home\\"><img alt=\\"Checkout\\" src=\\"" .\r\n            "". $this->server_url."buttons/checkout.gif?merchant_id=" .\r\n            "".$this->merchant_id."&w=".$width. "&h=".$height."&style=".$style.\r\n            "&variant=".$this->variant."&loc=".$loc."\\" height=\\"".$height."\\"".\r\n            " width=\\"".$width. "\\" />";\r\n      }\r\n      if($showtext) {\r\n        $data .="<a href=\\"javascript:void(window.ope".\r\n          "n(''http://checkout.google.com/seller/what_is_google_checkout.html''" .\r\n          ",''whatischeckout'',''scrollbars=0,resizable=1,directories=0,height=2" .\r\n          "50,width=400''));\\" onmouseover=\\"return window.status = ''What is G" .\r\n          "oogle Checkout?''\\" onmouseout=\\"return window.status = ''''\\"><font " .\r\n          "size=\\"-2\\">What is Google Checkout?</font></a></p>";\r\n      }\r\n      $data .= " ";\r\n      return $data;\r\n    }    \r\n    \r\n    function CalcHmacSha1($data) {\r\n      $key = $this->merchant_key;\r\n      $blocksize = 64;\r\n      $hashfunc = ''sha1'';\r\n      if (strlen($key) > $blocksize) {\r\n        $key = pack(''H*'', $hashfunc($key));\r\n      }\r\n      $key = str_pad($key, $blocksize, chr(0x00));\r\n      $ipad = str_repeat(chr(0x36), $blocksize);\r\n      $opad = str_repeat(chr(0x5c), $blocksize);\r\n      $hmac = pack(\r\n                    ''H*'', $hashfunc(\r\n                            ($key^$opad).pack(\r\n                                    ''H*'', $hashfunc(\r\n                                            ($key^$ipad).$data\r\n                                    )\r\n                            )\r\n                    )\r\n                );\r\n      return $hmac; \r\n    }    \r\n    \r\nfunction GetXML() {\r\n      $xml_data = new gc_XmlBuilder();\r\n      $xml_data->Push(''checkout-shopping-cart'',\r\n          array(''xmlns'' => $this->schema_url));\r\n      $xml_data->Push(''shopping-cart'');\r\n\r\n      //Add cart expiration if set\r\n      if($this->cart_expiration != "") {\r\n        $xml_data->Push(''cart-expiration'');\r\n        $xml_data->Element(''good-until-date'', $this->cart_expiration);\r\n        $xml_data->Pop(''cart-expiration'');\r\n      }\r\n\r\n      //Add XML data for each of the items\r\n      $xml_data->Push(''items'');\r\n      foreach($this->item_arr as $item) {\r\n        $xml_data->Push(''item'');\r\n        $xml_data->Element(''item-name'', $item->item_name);\r\n        $xml_data->Element(''item-description'', $item->item_description);\r\n        $xml_data->Element(''unit-price'', $item->unit_price,\r\n            array(''currency'' => $this->currency));\r\n        $xml_data->Element(''quantity'', $item->quantity);\r\n        if($item->merchant_private_item_data != '''') {\r\n//          echo get_class($item->merchant_private_item_data);\r\n          if(is_a($item->merchant_private_item_data, \r\n                                              ''merchantprivate'')) {\r\n            $item->merchant_private_item_data->AddMerchantPrivateToXML($xml_data);\r\n          }\r\n          else {\r\n            $xml_data->Element(''merchant-private-item-data'', \r\n                                             $item->merchant_private_item_data);\r\n          }\r\n        }\r\n        if($item->merchant_item_id != '''')\r\n          $xml_data->Element(''merchant-item-id'', $item->merchant_item_id);\r\n        if($item->tax_table_selector != '''')\r\n          $xml_data->Element(''tax-table-selector'', $item->tax_table_selector);\r\n//      Carrier calculation\r\n        if($item->item_weight != '''' && $item->numeric_weight !== '''') {\r\n          $xml_data->EmptyElement(''item-weight'', array( ''unit'' => $item->item_weight,\r\n                                                ''value'' => $item->numeric_weight\r\n                                               ));\r\n        }\r\n//      New Digital Delivery Tags\r\n        if($item->digital_content) {\r\n          $xml_data->push(''digital-content'');\r\n          if(!empty($item->digital_url)) {\r\n            $xml_data->element(''description'', substr($item->digital_description,\r\n                                                          0, MAX_DIGITAL_DESC));\r\n            $xml_data->element(''url'', $item->digital_url);\r\n//            To avoid NULL key message in GC confirmation Page\r\n            if(!empty($item->digital_key)) {\r\n              $xml_data->element(''key'', $item->digital_key);\r\n            }\r\n          }\r\n          else {\r\n            $xml_data->element(''email-delivery'', \r\n                      $this->_GetBooleanValue($item->email_delivery, "true"));\r\n          }\r\n          $xml_data->pop(''digital-content'');          \r\n        }\r\n        $xml_data->Pop(''item'');\r\n      }\r\n      $xml_data->Pop(''items'');\r\n\r\n      if($this->merchant_private_data != '''') {\r\n        if(is_a($this->merchant_private_data, ''merchantprivate'')) {\r\n          $this->merchant_private_data->AddMerchantPrivateToXML($xml_data);\r\n        }\r\n        else {\r\n          $xml_data->Element(''merchant-private-data'',\r\n                                                  $this->merchant_private_data);\r\n        }\r\n      }\r\n      $xml_data->Pop(''shopping-cart'');\r\n\r\n      $xml_data->Push(''checkout-flow-support'');\r\n      $xml_data->Push(''merchant-checkout-flow-support'');\r\n      if($this->edit_cart_url != '''')\r\n        $xml_data->Element(''edit-cart-url'', $this->edit_cart_url);\r\n      if($this->continue_shopping_url != '''')\r\n        $xml_data->Element(''continue-shopping-url'',\r\n            $this->continue_shopping_url);\r\n\r\n      if(count($this->shipping_arr) > 0)\r\n        $xml_data->Push(''shipping-methods'');\r\n\r\n      //Add the shipping methods\r\n      foreach($this->shipping_arr as $ship) {\r\n        //Pickup shipping handled in else part\r\n        if($ship->type == "flat-rate-shipping" ||\r\n           $ship->type == "merchant-calculated-shipping"\r\n//  If shipping-company calc support addr-filtering and shipping restrictions as a subatag of shipping-company-calculated-shipping\r\n//           ||$ship->type == "shipping-company-calculated-shipping" \r\n           ) {\r\n          $xml_data->Push($ship->type, array(''name'' => $ship->name));\r\n          $xml_data->Element(''price'', $ship->price,\r\n              array(''currency'' => $this->currency));\r\n\r\n          $shipping_restrictions = $ship->shipping_restrictions;\r\n          if (isset($shipping_restrictions)) {\r\n            $xml_data->Push(''shipping-restrictions'');\r\n\r\n            if ($shipping_restrictions->allow_us_po_box === true) {\r\n              $xml_data->Element(''allow-us-po-box'', "true");\r\n            } else {\r\n              $xml_data->Element(''allow-us-po-box'', "false");\r\n            }\r\n\r\n            //Check if allowed restrictions specified\r\n            if($shipping_restrictions->allowed_restrictions) {\r\n              $xml_data->Push(''allowed-areas'');\r\n              if($shipping_restrictions->allowed_country_area != "")\r\n                $xml_data->EmptyElement(''us-country-area'',\r\n                    array(''country-area'' =>\r\n                    $shipping_restrictions->allowed_country_area));\r\n              foreach($shipping_restrictions->allowed_state_areas_arr as $current) {\r\n                $xml_data->Push(''us-state-area'');\r\n                $xml_data->Element(''state'', $current);\r\n                $xml_data->Pop(''us-state-area'');\r\n              }\r\n              foreach($shipping_restrictions->allowed_zip_patterns_arr as $current) {\r\n                $xml_data->Push(''us-zip-area'');\r\n                $xml_data->Element(''zip-pattern'', $current);\r\n                $xml_data->Pop(''us-zip-area'');\r\n              }\r\n              if($shipping_restrictions->allowed_world_area === true) {\r\n                $xml_data->EmptyElement(''world-area'');\r\n              }\r\n              for($i=0; $i<count($shipping_restrictions->allowed_country_codes_arr); $i++) {\r\n                $xml_data->Push(''postal-area'');\r\n                $country_code = $shipping_restrictions->allowed_country_codes_arr[$i];\r\n                $postal_pattern = $shipping_restrictions->allowed_postal_patterns_arr[$i];\r\n                $xml_data->Element(''country-code'', $country_code);\r\n                if ($postal_pattern != "") {\r\n                  $xml_data->Element(''postal-code-pattern'', $postal_pattern);\r\n                }\r\n                $xml_data->Pop(''postal-area'');\r\n              }\r\n              $xml_data->Pop(''allowed-areas'');\r\n            }\r\n\r\n            if($shipping_restrictions->excluded_restrictions) { \r\n              if (!$shipping_restrictions->allowed_restrictions) {\r\n                $xml_data->EmptyElement(''allowed-areas'');\r\n              }\r\n              $xml_data->Push(''excluded-areas'');\r\n              if($shipping_restrictions->excluded_country_area != "")\r\n                $xml_data->EmptyElement(''us-country-area'',\r\n                    array(''country-area'' => \r\n                    $shipping_restrictions->excluded_country_area));\r\n              foreach($shipping_restrictions->excluded_state_areas_arr as $current) {\r\n                $xml_data->Push(''us-state-area'');\r\n                $xml_data->Element(''state'', $current);\r\n                $xml_data->Pop(''us-state-area'');\r\n              }\r\n              foreach($shipping_restrictions->excluded_zip_patterns_arr as $current) {\r\n                $xml_data->Push(''us-zip-area'');\r\n                $xml_data->Element(''zip-pattern'', $current);\r\n                $xml_data->Pop(''us-zip-area'');\r\n              }\r\n              for($i=0; $i<count($shipping_restrictions->excluded_country_codes_arr); $i++) {\r\n                $xml_data->Push(''postal-area'');\r\n                $country_code = $shipping_restrictions->excluded_country_codes_arr[$i];\r\n                $postal_pattern = $shipping_restrictions->excluded_postal_patterns_arr[$i];\r\n                $xml_data->Element(''country-code'', $country_code);\r\n                if ($postal_pattern != "") {\r\n                  $xml_data->Element(''postal-code-pattern'', $postal_pattern);\r\n                }\r\n                $xml_data->Pop(''postal-area'');\r\n              }\r\n              $xml_data->Pop(''excluded-areas'');\r\n            }\r\n            $xml_data->Pop(''shipping-restrictions'');\r\n          }\r\n\r\n          if ($ship->type == "merchant-calculated-shipping") {\r\n            $address_filters = $ship->address_filters;\r\n            if (isset($address_filters)) {\r\n              $xml_data->Push(''address-filters'');\r\n\r\n              if ($address_filters->allow_us_po_box === true) {\r\n                $xml_data->Element(''allow-us-po-box'', "true");\r\n              } else {\r\n                $xml_data->Element(''allow-us-po-box'', "false");\r\n              }\r\n\r\n              //Check if allowed restrictions specified\r\n              if($address_filters->allowed_restrictions) {\r\n                $xml_data->Push(''allowed-areas'');\r\n                if($address_filters->allowed_country_area != "")\r\n                  $xml_data->EmptyElement(''us-country-area'',\r\n                      array(''country-area'' =>\r\n                      $address_filters->allowed_country_area));\r\n                foreach($address_filters->allowed_state_areas_arr as $current) {\r\n                  $xml_data->Push(''us-state-area'');\r\n                  $xml_data->Element(''state'', $current);\r\n                  $xml_data->Pop(''us-state-area'');\r\n                }\r\n                foreach($address_filters->allowed_zip_patterns_arr as $current) {\r\n                  $xml_data->Push(''us-zip-area'');\r\n                  $xml_data->Element(''zip-pattern'', $current);\r\n                  $xml_data->Pop(''us-zip-area'');\r\n                }\r\n                if($address_filters->allowed_world_area === true) {\r\n                  $xml_data->EmptyElement(''world-area'');\r\n                }\r\n                for($i=0; $i<count($address_filters->allowed_country_codes_arr); $i++) {\r\n                  $xml_data->Push(''postal-area'');\r\n                  $country_code = $address_filters->allowed_country_codes_arr[$i];\r\n                  $postal_pattern = $address_filters->allowed_postal_patterns_arr[$i];\r\n                  $xml_data->Element(''country-code'', $country_code);\r\n                  if ($postal_pattern != "") {\r\n                    $xml_data->Element(''postal-code-pattern'', $postal_pattern);\r\n                  }\r\n                  $xml_data->Pop(''postal-area'');\r\n                }\r\n                $xml_data->Pop(''allowed-areas'');\r\n              }\r\n\r\n              if($address_filters->excluded_restrictions) { \r\n                if (!$address_filters->allowed_restrictions) {\r\n                  $xml_data->EmptyElement(''allowed-areas'');\r\n                }\r\n                $xml_data->Push(''excluded-areas'');\r\n                if($address_filters->excluded_country_area != "")\r\n                  $xml_data->EmptyElement(''us-country-area'',\r\n                      array(''country-area'' => \r\n                      $address_filters->excluded_country_area));\r\n                foreach($address_filters->excluded_state_areas_arr as $current) {\r\n                  $xml_data->Push(''us-state-area'');\r\n                  $xml_data->Element(''state'', $current);\r\n                  $xml_data->Pop(''us-state-area'');\r\n                }\r\n                foreach($address_filters->excluded_zip_patterns_arr as $current) {\r\n                  $xml_data->Push(''us-zip-area'');\r\n                  $xml_data->Element(''zip-pattern'', $current);\r\n                  $xml_data->Pop(''us-zip-area'');\r\n                }\r\n                for($i=0; $i<count($address_filters->excluded_country_codes_arr); $i++) {\r\n                  $xml_data->Push(''postal-area'');\r\n                  $country_code = $address_filters->excluded_country_codes_arr[$i];\r\n                  $postal_pattern = $address_filters->excluded_postal_patterns_arr[$i];\r\n                  $xml_data->Element(''country-code'', $country_code);\r\n                  if ($postal_pattern != "") {\r\n                    $xml_data->Element(''postal-code-pattern'', $postal_pattern);\r\n                  }\r\n                  $xml_data->Pop(''postal-area'');\r\n                }\r\n                $xml_data->Pop(''excluded-areas'');\r\n              }\r\n              $xml_data->Pop(''address-filters'');\r\n            }\r\n          }\r\n          $xml_data->Pop($ship->type);\r\n        }\r\n        else if ($ship->type == "carrier-calculated-shipping"){\r\n//          $xml_data->Push($ship->type, array(''name'' => $ship->name));\r\n          $xml_data->Push($ship->type);\r\n          $xml_data->Push(''carrier-calculated-shipping-options'');\r\n          $CCSoptions = $ship->CarrierCalculatedShippingOptions;\r\n          foreach($CCSoptions as $CCSoption){\r\n            $xml_data->Push(''carrier-calculated-shipping-option'');\r\n            $xml_data->Element(''price'', $CCSoption->price, \r\n                array(''currency'' => $this->currency));\r\n            $xml_data->Element(''shipping-company'', $CCSoption->shipping_company);\r\n            $xml_data->Element(''shipping-type'', $CCSoption->shipping_type);\r\n            $xml_data->Element(''carrier-pickup'', $CCSoption->carrier_pickup);\r\n            if(!empty($CCSoption->additional_fixed_charge)) {\r\n              $xml_data->Element(''additional-fixed-charge'',\r\n                  $CCSoption->additional_fixed_charge, \r\n                  array(''currency'' => $this->currency));\r\n            }\r\n            if(!empty($CCSoption->additional_variable_charge_percent)) {\r\n              $xml_data->Element(''additional-variable-charge-percent'',\r\n                  $CCSoption->additional_variable_charge_percent);\r\n            }\r\n            $xml_data->Pop(''carrier-calculated-shipping-option'');\r\n          }\r\n          $xml_data->Pop(''carrier-calculated-shipping-options'');\r\n//          $ShippingPackage = $ship->ShippingPackage;\r\n          $xml_data->Push(''shipping-packages'');\r\n          $xml_data->Push(''shipping-package'');\r\n          $xml_data->Push(''ship-from'', array(''id'' => $ship->ShippingPackage->ship_from->id));\r\n          $xml_data->Element(''city'', $ship->ShippingPackage->ship_from->city);\r\n          $xml_data->Element(''region'', $ship->ShippingPackage->ship_from->region);\r\n          $xml_data->Element(''postal-code'', $ship->ShippingPackage->ship_from->postal_code);\r\n          $xml_data->Element(''country-code'', $ship->ShippingPackage->ship_from->country_code);\r\n          $xml_data->Pop(''ship-from'');\r\n\r\n          $xml_data->EmptyElement(''width'', array(''unit'' => $ship->ShippingPackage->unit,\r\n                                         ''value'' => $ship->ShippingPackage->width\r\n                                          ));\r\n          $xml_data->EmptyElement(''length'', array(''unit'' => $ship->ShippingPackage->unit,\r\n                                          ''value'' => $ship->ShippingPackage->length\r\n                                          ));\r\n          $xml_data->EmptyElement(''height'', array(''unit'' => $ship->ShippingPackage->unit,\r\n                                          ''value'' => $ship->ShippingPackage->height\r\n                                          ));\r\n          $xml_data->Element(''delivery-address-category'',\r\n                $ship->ShippingPackage->delivery_address_category);\r\n          $xml_data->Pop(''shipping-package'');\r\n          $xml_data->Pop(''shipping-packages'');\r\n\r\n          $xml_data->Pop($ship->type);          \r\n        }\r\n        else if ($ship->type == "pickup") {\r\n          $xml_data->Push(''pickup'', array(''name'' => $ship->name));\r\n          $xml_data->Element(''price'', $ship->price, \r\n              array(''currency'' => $this->currency));\r\n          $xml_data->Pop(''pickup'');\r\n        }\r\n      }\r\n      if(count($this->shipping_arr) > 0)\r\n        $xml_data->Pop(''shipping-methods'');\r\n\r\n      if($this->request_buyer_phone != "")\r\n        $xml_data->Element(''request-buyer-phone-number'', \r\n            $this->request_buyer_phone);\r\n\r\n      if($this->merchant_calculations_url != "") {\r\n        $xml_data->Push(''merchant-calculations'');\r\n        $xml_data->Element(''merchant-calculations-url'', \r\n            $this->merchant_calculations_url);\r\n        if($this->accept_merchant_coupons != "") {\r\n          $xml_data->Element(''accept-merchant-coupons'', \r\n              $this->accept_merchant_coupons);\r\n        }\r\n        if($this->accept_gift_certificates != "") {\r\n          $xml_data->Element(''accept-gift-certificates'', \r\n              $this->accept_gift_certificates);\r\n        }\r\n        $xml_data->Pop(''merchant-calculations'');\r\n      }\r\n      //Set Third party Tracking\r\n      if($this->thirdPartyTackingUrl) {\r\n        $xml_data->push(''parameterized-urls'');\r\n        $xml_data->push(''parameterized-url'', \r\n           array(''url'' => $this->thirdPartyTackingUrl));\r\n        if(is_array($this->thirdPartyTackingParams) \r\n            && count($this->thirdPartyTackingParams)>0) {\r\n          $xml_data->push(''parameters'');\r\n          foreach($this->thirdPartyTackingParams as $tracking_param_name => \r\n                                                          $tracking_param_type) {\r\n            $xml_data->emptyElement(''url-parameter'',\r\n              array(''name'' => $tracking_param_name,\r\n                    ''type'' => $tracking_param_type));\r\n          }\r\n          $xml_data->pop(''parameters'');\r\n        }\r\n        $xml_data->pop(''parameterized-url'');\r\n        $xml_data->pop(''parameterized-urls'');\r\n      }\r\n\r\n      //Set Default and Alternate tax tables\r\n      if( (count($this->alternate_tax_tables_arr) != 0) \r\n            || (count($this->default_tax_rules_arr) != 0)) {\r\n        if($this->merchant_calculated_tax != "") {\r\n          $xml_data->Push(''tax-tables'', \r\n            array(''merchant-calculated'' => $this->merchant_calculated_tax));\r\n        }\r\n        else {\r\n          $xml_data->Push(''tax-tables'');\r\n        }\r\n        if(count($this->default_tax_rules_arr) != 0) {\r\n          $xml_data->Push(''default-tax-table'');\r\n          $xml_data->Push(''tax-rules'');\r\n          foreach($this->default_tax_rules_arr as $curr_rule) {\r\n\r\n            if($curr_rule->country_area != "") {\r\n              $xml_data->Push(''default-tax-rule'');\r\n              $xml_data->Element(''shipping-taxed'', $curr_rule->shipping_taxed);\r\n              $xml_data->Element(''rate'', $curr_rule->tax_rate);\r\n              $xml_data->Push(''tax-area'');\r\n              $xml_data->EmptyElement(''us-country-area'', \r\n                array(''country-area'' => $curr_rule->country_area));\r\n              $xml_data->Pop(''tax-area'');\r\n              $xml_data->Pop(''default-tax-rule'');\r\n            }\r\n\r\n            foreach($curr_rule->state_areas_arr as $current) {\r\n              $xml_data->Push(''default-tax-rule'');\r\n              $xml_data->Element(''shipping-taxed'', $curr_rule->shipping_taxed);\r\n              $xml_data->Element(''rate'', $curr_rule->tax_rate);\r\n              $xml_data->Push(''tax-area'');\r\n              $xml_data->Push(''us-state-area'');\r\n              $xml_data->Element(''state'', $current);\r\n              $xml_data->Pop(''us-state-area'');\r\n              $xml_data->Pop(''tax-area'');\r\n              $xml_data->Pop(''default-tax-rule'');\r\n            }\r\n\r\n            foreach($curr_rule->zip_patterns_arr as $current) {\r\n              $xml_data->Push(''default-tax-rule'');\r\n              $xml_data->Element(''shipping-taxed'', $curr_rule->shipping_taxed);\r\n              $xml_data->Element(''rate'', $curr_rule->tax_rate);\r\n              $xml_data->Push(''tax-area'');\r\n              $xml_data->Push(''us-zip-area'');\r\n              $xml_data->Element(''zip-pattern'', $current);\r\n              $xml_data->Pop(''us-zip-area'');\r\n              $xml_data->Pop(''tax-area'');\r\n              $xml_data->Pop(''default-tax-rule'');\r\n            }\r\n\r\n            for($i=0; $i<count($curr_rule->country_codes_arr); $i++) {\r\n              $xml_data->Push(''default-tax-rule'');\r\n              $xml_data->Element(''shipping-taxed'', $curr_rule->shipping_taxed);\r\n              $xml_data->Element(''rate'', $curr_rule->tax_rate);\r\n              $xml_data->Push(''tax-area'');\r\n              $xml_data->Push(''postal-area'');\r\n              $country_code = $curr_rule->country_codes_arr[$i];\r\n              $postal_pattern = $curr_rule->postal_patterns_arr[$i];\r\n              $xml_data->Element(''country-code'', $country_code);\r\n              if ($postal_pattern != "") {\r\n                $xml_data->Element(''postal-code-pattern'', $postal_pattern);\r\n              }\r\n              $xml_data->Pop(''postal-area'');\r\n              $xml_data->Pop(''tax-area'');\r\n              $xml_data->Pop(''default-tax-rule'');\r\n            }\r\n\r\n            if ($curr_rule->world_area === true) {\r\n              $xml_data->Push(''default-tax-rule'');\r\n              $xml_data->Element(''shipping-taxed'', $curr_rule->shipping_taxed);\r\n              $xml_data->Element(''rate'', $curr_rule->tax_rate);\r\n              $xml_data->Push(''tax-area'');\r\n              $xml_data->EmptyElement(''world-area'');\r\n              $xml_data->Pop(''tax-area'');\r\n              $xml_data->Pop(''default-tax-rule'');\r\n            }\r\n          }\r\n          $xml_data->Pop(''tax-rules'');\r\n          $xml_data->Pop(''default-tax-table'');\r\n        }\r\n\r\n        if(count($this->alternate_tax_tables_arr) != 0) {\r\n          $xml_data->Push(''alternate-tax-tables'');\r\n          foreach($this->alternate_tax_tables_arr as $curr_table) {\r\n            $xml_data->Push(''alternate-tax-table'', \r\n              array(''standalone'' => $curr_table->standalone,\r\n                    ''name'' => $curr_table->name));\r\n            $xml_data->Push(''alternate-tax-rules'');\r\n\r\n            foreach($curr_table->tax_rules_arr as $curr_rule) {\r\n              if($curr_rule->country_area != "") {\r\n                $xml_data->Push(''alternate-tax-rule'');\r\n                $xml_data->Element(''rate'', $curr_rule->tax_rate);\r\n                $xml_data->Push(''tax-area'');\r\n                $xml_data->EmptyElement(''us-country-area'', \r\n                  array(''country-area'' => $curr_rule->country_area));\r\n                $xml_data->Pop(''tax-area'');\r\n                $xml_data->Pop(''alternate-tax-rule'');\r\n              }\r\n\r\n              foreach($curr_rule->state_areas_arr as $current) {\r\n                $xml_data->Push(''alternate-tax-rule'');\r\n                $xml_data->Element(''rate'', $curr_rule->tax_rate);\r\n                $xml_data->Push(''tax-area'');\r\n                $xml_data->Push(''us-state-area'');\r\n                $xml_data->Element(''state'', $current);\r\n                $xml_data->Pop(''us-state-area'');\r\n                $xml_data->Pop(''tax-area'');\r\n                $xml_data->Pop(''alternate-tax-rule'');\r\n              }\r\n\r\n              foreach($curr_rule->zip_patterns_arr as $current) {\r\n                $xml_data->Push(''alternate-tax-rule'');\r\n                $xml_data->Element(''rate'', $curr_rule->tax_rate);\r\n                $xml_data->Push(''tax-area'');\r\n                $xml_data->Push(''us-zip-area'');\r\n                $xml_data->Element(''zip-pattern'', $current);\r\n                $xml_data->Pop(''us-zip-area'');\r\n                $xml_data->Pop(''tax-area'');\r\n                $xml_data->Pop(''alternate-tax-rule'');\r\n              }\r\n\r\n              for($i=0; $i<count($curr_rule->country_codes_arr); $i++) {\r\n                $xml_data->Push(''alternate-tax-rule'');\r\n                $xml_data->Element(''rate'', $curr_rule->tax_rate);\r\n                $xml_data->Push(''tax-area'');\r\n                $xml_data->Push(''postal-area'');\r\n                $country_code = $curr_rule->country_codes_arr[$i];\r\n                $postal_pattern = $curr_rule->postal_patterns_arr[$i];\r\n                $xml_data->Element(''country-code'', $country_code);\r\n                if ($postal_pattern != "") {\r\n                  $xml_data->Element(''postal-code-pattern'', $postal_pattern);\r\n                }\r\n                $xml_data->Pop(''postal-area'');\r\n                $xml_data->Pop(''tax-area'');\r\n                $xml_data->Pop(''alternate-tax-rule'');\r\n              }\r\n\r\n              if ($curr_rule->world_area === true) {\r\n                $xml_data->Push(''alternate-tax-rule'');\r\n                $xml_data->Element(''rate'', $curr_rule->tax_rate);\r\n                $xml_data->Push(''tax-area'');\r\n                $xml_data->EmptyElement(''world-area'');\r\n                $xml_data->Pop(''tax-area'');\r\n                $xml_data->Pop(''alternate-tax-rule'');\r\n              }\r\n            }\r\n            $xml_data->Pop(''alternate-tax-rules'');\r\n            $xml_data->Pop(''alternate-tax-table'');\r\n          }\r\n          $xml_data->Pop(''alternate-tax-tables'');\r\n        }\r\n        $xml_data->Pop(''tax-tables'');\r\n      }\r\n\r\n      if (($this->rounding_mode != "") && ($this->rounding_rule != "")) {\r\n        $xml_data->Push(''rounding-policy'');\r\n        $xml_data->Element(''mode'', $this->rounding_mode);\r\n        $xml_data->Element(''rule'', $this->rounding_rule);\r\n        $xml_data->Pop(''rounding-policy'');\r\n      }\r\n      if($this->analytics_data != ''''){ \r\n        $xml_data->Element(''analytics-data'', $this->analytics_data);\r\n      }\r\n\r\n      $xml_data->Pop(''merchant-checkout-flow-support'');\r\n      $xml_data->Pop(''checkout-flow-support'');\r\n      $xml_data->Pop(''checkout-shopping-cart'');\r\n\r\n      return $xml_data->GetXML();  \r\n    }            \r\n  }\r\n  \r\n class GoogleFlatRateShipping {\r\n\r\n    var $price;\r\n    var $name;\r\n    var $type = "flat-rate-shipping";\r\n    var $shipping_restrictions;\r\n\r\n    function GoogleFlatRateShipping($name, $price) {\r\n      $this->name = $name;\r\n      $this->price = $price;\r\n    }\r\n    \r\n    function AddShippingRestrictions($restrictions) {\r\n      $this->shipping_restrictions = $restrictions;\r\n    }\r\n  }  \r\n  \r\nclass GoogleShippingFilters {\r\n\r\n    var $allow_us_po_box = true;\r\n\r\n    var $allowed_restrictions = false;\r\n    var $excluded_restrictions = false;\r\n\r\n    var $allowed_world_area = false;\r\n    var $allowed_country_codes_arr;\r\n    var $allowed_postal_patterns_arr;\r\n    var $allowed_country_area;\r\n    var $allowed_state_areas_arr;\r\n    var $allowed_zip_patterns_arr;\r\n\r\n    var $excluded_country_codes_arr;\r\n    var $excluded_postal_patterns_arr;\r\n    var $excluded_country_area;\r\n    var $excluded_state_areas_arr;\r\n    var $excluded_zip_patterns_arr;\r\n\r\n	function SetAllowedCountryArea($country_area) {\r\n      switch ($country_area) {\r\n        case "CONTINENTAL_48":\r\n        case "FULL_50_STATES":\r\n        case "ALL":\r\n          $this->allowed_country_area = $country_area;\r\n          $this->allowed_restrictions = true;\r\n        break;\r\n        default:\r\n          $this->allowed_country_area = "";\r\n        break;\r\n      }\r\n    }\r\n    \r\n    function AddShippingRestrictions($restrictions) {\r\n      $this->shipping_restrictions = $restrictions;\r\n    }\r\n    \r\n    function GoogleShippingFilters() {\r\n      $this->allowed_country_codes_arr = array();\r\n      $this->allowed_postal_patterns_arr = array();\r\n      $this->allowed_state_areas_arr = array();\r\n      $this->allowed_zip_patterns_arr = array();\r\n\r\n      $this->excluded_country_codes_arr = array();\r\n      $this->excluded_postal_patterns_arr = array();\r\n      $this->excluded_state_areas_arr = array();\r\n      $this->excluded_zip_patterns_arr = array();\r\n    }\r\n}\r\n\r\n  class GoogleTaxRule {\r\n\r\n    var $tax_rate;\r\n\r\n    var $world_area = false;\r\n    var $country_codes_arr;\r\n    var $postal_patterns_arr;\r\n    var $state_areas_arr;\r\n    var $zip_patterns_arr;\r\n    var $country_area;\r\n   \r\n    function SetStateAreas($areas) {\r\n      if(is_array($areas))\r\n        $this->state_areas_arr = $areas;\r\n      else\r\n        $this->state_areas_arr = array($areas);\r\n    }    \r\n  }\r\n  class GoogleItem {\r\n     \r\n    var $item_name; \r\n    var $item_description;\r\n    var $unit_price;\r\n    var $quantity;\r\n    var $merchant_private_item_data;\r\n    var $merchant_item_id;\r\n    var $tax_table_selector;\r\n    var $email_delivery;\r\n    var $digital_content=false;\r\n    var $digital_description;\r\n    var $digital_key;\r\n    var $digital_url;\r\n    \r\n    var $item_weight;\r\n    var $numeric_weight;\r\n    \r\n    function GoogleItem($name, $desc, $qty, $price, $item_weight='''', $numeric_weight='''') {\r\n      $this->item_name = $name; \r\n      $this->item_description= $desc;\r\n      $this->unit_price = $price;\r\n      $this->quantity = $qty;\r\n\r\n      if($item_weight != '''' && $numeric_weight !== '''') {\r\n        switch(strtoupper($item_weight)){\r\n          case ''KG'':\r\n            $this->item_weight = strtoupper($item_weight);\r\n            break;\r\n          case ''LB'':\r\n          default:\r\n            $this->item_weight = ''LB'';\r\n        }\r\n        $this->numeric_weight = (double)$numeric_weight;\r\n      } \r\n    }\r\n  }\r\n  \r\n    class GoogleDefaultTaxRule extends GoogleTaxRule {\r\n\r\n    var $shipping_taxed = false;\r\n\r\n    function GoogleDefaultTaxRule($tax_rate, $shipping_taxed = "false") {\r\n      $this->tax_rate = $tax_rate;\r\n      $this->shipping_taxed= $shipping_taxed;\r\n\r\n      $this->country_codes_arr = array();\r\n      $this->postal_patterns_arr = array();\r\n      $this->state_areas_arr = array();\r\n      $this->zip_patterns_arr = array();\r\n    }\r\n  }\r\n   class gc_XmlBuilder {\r\n    var $xml;\r\n    var $indent;\r\n    var $stack = array();\r\n\r\n    function gc_XmlBuilder($indent = ''  '') {\r\n      $this->indent = $indent;\r\n      $this->xml = ''<?xml version="1.0" encoding="utf-8"?>''."\\n";\r\n    }\r\n\r\n    function _indent() {\r\n      for ($i = 0, $j = count($this->stack); $i < $j; $i++) {\r\n        $this->xml .= $this->indent;\r\n      }\r\n    }\r\n\r\n    //Used when an element has sub-elements\r\n    // This function adds an open tag to the output\r\n    function Push($element, $attributes = array()) {\r\n      $this->_indent();\r\n      $this->xml .= ''<''.$element;\r\n      foreach ($attributes as $key => $value) {\r\n        $this->xml .= '' ''.$key.''="''.htmlentities($value).''"'';\r\n      }\r\n      $this->xml .= ">\\n";\r\n      $this->stack[] = $element;\r\n    }\r\n\r\n    //Used when an element has no subelements.\r\n    //Data within the open and close tags are provided with the \r\n    //contents variable\r\n    function Element($element, $content, $attributes = array()) {\r\n      $this->_indent();\r\n      $this->xml .= ''<''.$element;\r\n      foreach ($attributes as $key => $value) {\r\n        $this->xml .= '' ''.$key.''="''.htmlentities($value).''"'';\r\n      }\r\n      $this->xml .= ''>''.htmlentities($content).''</''.$element.''>''."\\n";\r\n    }\r\n\r\n    function EmptyElement($element, $attributes = array()) {\r\n      $this->_indent();\r\n      $this->xml .= ''<''.$element;\r\n      foreach ($attributes as $key => $value) {\r\n        $this->xml .= '' ''.$key.''="''.htmlentities($value).''"'';\r\n      }\r\n      $this->xml .= " />\\n";\r\n    }\r\n\r\n    //Used to close an open tag\r\n    function Pop($pop_element) {\r\n      $element = array_pop($this->stack);\r\n      $this->_indent();\r\n      if($element !== $pop_element) \r\n        die(''XML Error: Tag Mismatch when trying to close "''. $pop_element. ''"'');\r\n      else\r\n        $this->xml .= "</$element>\\n";\r\n    }\r\n\r\n    function GetXML() {\r\n      if(count($this->stack) != 0)\r\n        die (''XML Error: No matching closing tag found for " ''. array_pop($this->stack). ''"'');\r\n      else\r\n        return $this->xml;\r\n    }\r\n  }\r\n  \r\n  class GoogleResponse {\r\n    var $merchant_id;\r\n    var $merchant_key;\r\n    var $schema_url;\r\n    \r\n    var $log;\r\n    var $response;\r\n    var $root='''';\r\n    var $data=array();\r\n    var $xml_parser;\r\n\r\n    function GoogleResponse($id=null, $key=null) {\r\n      $this->merchant_id = $id;\r\n      $this->merchant_key = $key;\r\n      $this->schema_url = "http://checkout.google.com/schema/2";\r\n    }\r\n    function GetParsedXML($request=null){\r\n      if(!is_null($request)) {\r\n        $this->log->LogRequest($request);\r\n        $this->response = $request;  \r\n        $this->xml_parser = new gc_xmlparser($request);\r\n        $this->root = $this->xml_parser->GetRoot();\r\n        $this->data = $this->xml_parser->GetData();\r\n      }\r\n      return array($this->root, $this->data);\r\n    }\r\n    function SetMerchantAuthentication($id, $key){\r\n      $this->merchant_id = $id;\r\n      $this->merchant_key = $key;\r\n    }\r\n    \r\n    function HttpAuthentication($headers=null, $die=true) {\r\n      if(!is_null($headers)) {\r\n        $_SERVER = $headers;\r\n      }\r\n      if(isset($_SERVER[''PHP_AUTH_USER'']) && isset($_SERVER[''PHP_AUTH_PW''])) {\r\n        $compare_mer_id = $_SERVER[''PHP_AUTH_USER'']; \r\n        $compare_mer_key = $_SERVER[''PHP_AUTH_PW''];\r\n      }\r\n      else if(isset($_SERVER[''HTTP_AUTHORIZATION''])){\r\n        list($compare_mer_id, $compare_mer_key) = explode('':'', \r\n            base64_decode(substr($_SERVER[''HTTP_AUTHORIZATION''],\r\n            strpos($_SERVER[''HTTP_AUTHORIZATION''], " ") + 1)));\r\n      } else if(isset($_SERVER[''Authorization''])) {\r\n        list($compare_mer_id, $compare_mer_key) = explode('':'', \r\n            base64_decode(substr($_SERVER[''Authorization''],\r\n            strpos($_SERVER[''Authorization''], " ") + 1)));\r\n      } else {\r\n        $this->SendFailAuthenticationStatus(\r\n              "Failed to Get Basic Authentication Headers",$die);\r\n        return false;\r\n      }\r\n      if($compare_mer_id != $this->merchant_id \r\n         || $compare_mer_key != $this->merchant_key) {\r\n        $this->SendFailAuthenticationStatus("Invalid Merchant Id/Key Pair",$die);\r\n        return false;\r\n      }\r\n      return true;\r\n    }    \r\n    function ProcessMerchantCalculations($merchant_calc) {\r\n      $this->SendOKStatus();\r\n      $result = $merchant_calc->GetXML();\r\n      echo $result;\r\n    }\r\n    function SendAck($die=true) {\r\n      $this->SendOKStatus();      \r\n      $acknowledgment = "<?xml version=\\"1.0\\" encoding=\\"UTF-8\\"?>" .\r\n                        "<notification-acknowledgment xmlns=\\"" . \r\n                        $this->schema_url . "\\"/>";\r\n      $this->log->LogResponse($acknowledgment);\r\n      if($die) {\r\n        die($acknowledgment);    \r\n      } else {\r\n        echo $acknowledgment;    \r\n      }\r\n    }\r\n    function SendBadRequestStatus($msg="400 Bad Request", $die=true) {\r\n      $this->log->logError($msg);\r\n      header(''HTTP/1.0 400 Bad Request'');\r\n      if($die) {\r\n       die($msg); \r\n      } else {\r\n      echo $msg;\r\n      }\r\n    }    \r\n  }\r\n  \r\nclass GoogleRequest {\r\n    var $merchant_id;\r\n    var $merchant_key;\r\n    var $currency;\r\n    var $server_url;\r\n    var $schema_url;\r\n    var $base_url;\r\n    var $checkout_url;\r\n    var $checkout_diagnose_url;\r\n    var $request_url;\r\n    var $request_diagnose_url;\r\n    var $merchant_checkout;\r\n    var $proxy = array();\r\n    \r\n    var $certPath='''';\r\n    var $log;\r\n\r\n    function GoogleRequest($id, $key, $server_type="sandbox", $currency="USD") {\r\n      $this->merchant_id = $id;\r\n      $this->merchant_key = $key;\r\n      $this->currency = $currency;\r\n\r\n      if(strtolower($server_type) == "sandbox") {\r\n        $this->server_url = "https://sandbox.google.com/checkout/";\r\n      } else {\r\n        $this->server_url = "https://checkout.google.com/";\r\n      }  \r\n\r\n\r\n      $this->schema_url = "http://checkout.google.com/schema/2";\r\n      $this->base_url = $this->server_url . "api/checkout/v2/"; \r\n      $this->request_url = $this->base_url . "request/Merchant/" . $this->merchant_id;\r\n      $this->merchant_checkout = $this->base_url . "merchantCheckout/Merchant/" . $this->merchant_id;\r\n    }\r\n}  \r\n  \r\n   class GoogleMerchantCalculations {\r\n     var $results_arr;\r\n     var $currency;\r\n     var $schema_url = "http://checkout.google.com/schema/2";\r\n     \r\n    function GoogleMerchantCalculations($currency = "USD") {\r\n      $this->results_arr = array();\r\n      $this->currency = $currency;\r\n    }\r\n    function AddResult($results) {\r\n      $this->results_arr[] = $results;\r\n    }\r\n   }\r\n    class GoogleResult {\r\n	    var $shipping_name;\r\n	    var $address_id;\r\n	    var $shippable;\r\n	    var $ship_price;\r\n	    var $tax_amount;\r\n	    var $coupon_arr = array();\r\n	    var $giftcert_arr = array();\r\n\r\n	    function GoogleResult($address_id) {\r\n	      $this->address_id = $address_id;\r\n	    }\r\n	    function SetTaxDetails($amount) {\r\n	      $this->tax_amount = $amount;\r\n	    }\r\n		function SetShippingDetails($name, $price, $shippable = "true") {\r\n	      $this->shipping_name = $name;\r\n	      $this->ship_price = $price;\r\n	      $this->shippable = $shippable;\r\n	    }\r\n	    function AddCoupons($coupon) {\r\n	      $this->coupon_arr[] = $coupon;\r\n	    }\r\n    }\r\n  \r\n  class GoogleCoupons {\r\n    var $coupon_valid;\r\n    var $coupon_code;\r\n    var $coupon_amount;\r\n    var $coupon_message;\r\n\r\n    function googlecoupons($valid, $code, $amount, $message) {\r\n      $this->coupon_valid = $valid;\r\n      $this->coupon_code = $code;\r\n      $this->coupon_amount = $amount;\r\n      $this->coupon_message = $message;\r\n    } \r\n  }  \r\n  \r\n  function get_arr_result($child_node) {\r\n    $result = array();\r\n    if(isset($child_node)) {\r\n      if(is_associative_array($child_node)) {\r\n        $result[] = $child_node;\r\n      }\r\n      else {\r\n        foreach($child_node as $curr_node){\r\n          $result[] = $curr_node;\r\n        }\r\n      }\r\n    }\r\n    return $result;\r\n  }\r\n\r\n  function is_associative_array( $var ) {\r\n    return is_array( $var ) && !is_numeric( implode( '''', array_keys( $var ) ) );\r\n  }    ', '', '2008-01-01 00:00:00', '2009-07-16 08:52:17');
INSERT INTO `svcart_payments` (`id`, `store_id`, `code`, `fee`, `orderby`, `config`, `status`, `is_cod`, `is_online`, `supply_use_flag`, `order_use_flag`, `php_code`, `version`, `created`, `modified`) VALUES
(11, 0, 'kuaiqian', '0', 0, '$payment_arr = array(''kq_account''=> array(''name''=> ''收款帐号'',''value''=>'''' , ''type'' => ''text''),''kq_key''=> array(''name''=> ''商户密钥'',''value''=>'''' , ''type'' => ''text''));', '0', '0', '0', '1', '1', 'class kuaiqian\r\n{\r\n    function kuaiqian()\r\n    {\r\n    }\r\n    function __construct()\r\n    {\r\n        $this->kuaiqian();\r\n    }\r\n    function get_code($order, $payment,$db)\r\n   {\r\n	   eval($payment[''Payment''][''config'']);\r\n	   $host = isset($_SERVER[''HTTP_X_FORWARDED_HOST'']) ? $_SERVER[''HTTP_X_FORWARDED_HOST''] : (isset($_SERVER[''HTTP_HOST'']) ? $_SERVER[''HTTP_HOST''] : '''');\r\n	        \r\n	   $kq_account = $payment_arr[''kq_account''][''value''];\r\n	   $kq_key = $payment_arr[''kq_key''][''value''];\r\n   	   \r\n       $merchant_acctid    = trim($kq_account);                 				//人民币账号 不可空\r\n       $key                = trim($kq_key);\r\n       $input_charset      = 1;                                                //字符集 默认1=utf-8\r\n       $page_url           = "http://".$host.$db->webroot."/responds/index/kuaiqian";\r\n       $bg_url             = '''';\r\n       $version            = ''v2.0'';\r\n       $language           = 1;\r\n       $sign_type          = 1;                                                //签名类型 不可空 固定值 1:md5\r\n       $payer_name         = '''';\r\n       $payer_contact_type = '''';\r\n       $payer_contact      = '''';\r\n       $order_id           = $order[''log_id''];                                    //商户订单号 不可空\r\n       $order_amount       = $order[''total''] * 100;                        		  //商户订单金额 不可空\r\n       $order_time         = $this->local_date(''YmdHis'',$db,$order[''created'']);            //商户订单提交时间 不可空 14位\r\n       $product_name       = '''';\r\n       $product_num        = '''';\r\n       $product_id         = '''';\r\n       $product_desc       = '''';\r\n       $ext1               = '''';\r\n       $ext2               = '''';\r\n       $pay_type           = ''00'';                                                //支付方式 不可空\r\n       $bank_id            = '''';\r\n       $redo_flag          = ''0'';\r\n       $pid                = '''';\r\n\r\n        /* 生成加密签名串 请务必按照如下顺序和规则组成加密串！*/\r\n        $signmsgval = '''';\r\n        $signmsgval = $this->append_param($signmsgval, "inputCharset", $input_charset);\r\n        $signmsgval = $this->append_param($signmsgval, "pageUrl", $page_url);\r\n        $signmsgval = $this->append_param($signmsgval, "bgUrl", $bg_url);\r\n        $signmsgval = $this->append_param($signmsgval, "version", $version);\r\n        $signmsgval = $this->append_param($signmsgval, "language", $language);\r\n        $signmsgval = $this->append_param($signmsgval, "signType", $sign_type);\r\n        $signmsgval = $this->append_param($signmsgval, "merchantAcctId", $merchant_acctid);\r\n        $signmsgval = $this->append_param($signmsgval, "payerName", $payer_name);\r\n        $signmsgval = $this->append_param($signmsgval, "payerContactType", $payer_contact_type);\r\n        $signmsgval = $this->append_param($signmsgval, "payerContact", $payer_contact);\r\n        $signmsgval = $this->append_param($signmsgval, "orderId", $order_id);\r\n        $signmsgval = $this->append_param($signmsgval, "orderAmount", $order_amount);\r\n        $signmsgval = $this->append_param($signmsgval, "orderTime", $order_time);\r\n        $signmsgval = $this->append_param($signmsgval, "productName", $product_name);\r\n        $signmsgval = $this->append_param($signmsgval, "productNum", $product_num);\r\n        $signmsgval = $this->append_param($signmsgval, "productId", $product_id);\r\n        $signmsgval = $this->append_param($signmsgval, "productDesc", $product_desc);\r\n        $signmsgval = $this->append_param($signmsgval, "ext1", $ext1);\r\n        $signmsgval = $this->append_param($signmsgval, "ext2", $ext2);\r\n        $signmsgval = $this->append_param($signmsgval, "payType", $pay_type);\r\n        $signmsgval = $this->append_param($signmsgval, "bankId", $bank_id);\r\n        $signmsgval = $this->append_param($signmsgval, "redoFlag", $redo_flag);\r\n        $signmsgval = $this->append_param($signmsgval, "pid", $pid);\r\n        $signmsgval = $this->append_param($signmsgval, "key", $key);\r\n        $signmsg    = strtoupper(md5($signmsgval));    //签名字符串 不可空\r\n\r\n\r\n        $def_url  = ''<div style="text-align:center"><form name="kqPay" style="text-align:center;" method="post" action="https://www.99bill.com/gateway/recvMerchantInfoAction.htm" target="_blank">'';\r\n        $def_url .= "<input type=''hidden'' name=''inputCharset'' value=''" . $input_charset . "'' />";\r\n        $def_url .= "<input type=''hidden'' name=''bgUrl'' value=''" . $bg_url . "'' />";\r\n        $def_url .= "<input type=''hidden'' name=''pageUrl'' value=''" . $page_url . "'' />";\r\n        $def_url .= "<input type=''hidden'' name=''version'' value=''" . $version . "'' />";\r\n        $def_url .= "<input type=''hidden'' name=''language'' value=''" . $language . "'' />";\r\n        $def_url .= "<input type=''hidden'' name=''signType'' value=''" . $sign_type . "'' />";\r\n        $def_url .= "<input type=''hidden'' name=''signMsg'' value=''" . $signmsg . "'' />";\r\n        $def_url .= "<input type=''hidden'' name=''merchantAcctId'' value=''" . $merchant_acctid . "'' />";\r\n        $def_url .= "<input type=''hidden'' name=''payerName'' value=''" . $payer_name . "'' />";\r\n        $def_url .= "<input type=''hidden'' name=''payerContactType'' value=''" . $payer_contact_type . "'' />";\r\n        $def_url .= "<input type=''hidden'' name=''payerContact'' value=''" . $payer_contact . "'' />";\r\n        $def_url .= "<input type=''hidden'' name=''orderId'' value=''" . $order_id . "'' />";\r\n        $def_url .= "<input type=''hidden'' name=''orderAmount'' value=''" . $order_amount . "'' />";\r\n        $def_url .= "<input type=''hidden'' name=''orderTime'' value=''" . $order_time . "'' />";\r\n        $def_url .= "<input type=''hidden'' name=''productName'' value=''" . $product_name . "'' />";\r\n        $def_url .= "<input type=''hidden'' name=''payType'' value=''" . $pay_type . "'' />";\r\n        $def_url .= "<input type=''hidden'' name=''productNum'' value=''" . $product_num . "'' />";\r\n        $def_url .= "<input type=''hidden'' name=''productId'' value=''" . $product_id . "'' />";\r\n        $def_url .= "<input type=''hidden'' name=''productDesc'' value=''" . $product_desc . "'' />";\r\n        $def_url .= "<input type=''hidden'' name=''ext1'' value=''" . $ext1 . "'' />";\r\n        $def_url .= "<input type=''hidden'' name=''ext2'' value=''" . $ext2 . "'' />";\r\n        $def_url .= "<input type=''hidden'' name=''bankId'' value=''" . $bank_id . "'' />";\r\n        $def_url .= "<input type=''hidden'' name=''redoFlag'' value=''" . $redo_flag ."'' />";\r\n        $def_url .= "<input type=''hidden'' name=''pid'' value=''" . $pid . "'' />";\r\n        $def_url .= "<input type=''submit'' name=''submit'' value=''" . "立即使用快钱支付" . "'' />";\r\n        $def_url .= "</form></div></br>";\r\n\r\n        return $def_url;\r\n    }\r\n\r\n    /**\r\n     * 响应操作\r\n     */\r\n 	function respond($db)\r\n    {\r\n    	\r\n        $payment = $db->Payment->findbycode(''kuaiqian'');\r\n        eval($payment[''Payment''][''config'']);    \r\n		$merchant_acctid = $payment_arr[''kq_account''][''value''];\r\n		$key = $payment_arr[''kq_key''][''value''];\r\n        $get_merchant_acctid = trim($_REQUEST[''merchantAcctId'']);\r\n        $pay_result          = trim($_REQUEST[''payResult'']);\r\n        $version             = trim($_REQUEST[''version'']);\r\n        $language            = trim($_REQUEST[''language'']);\r\n        $sign_type           = trim($_REQUEST[''signType'']);\r\n        $pay_type            = trim($_REQUEST[''payType'']);\r\n        $bank_id             = trim($_REQUEST[''bankId'']);\r\n        $order_id            = trim($_REQUEST[''orderId'']);\r\n        $order_time          = trim($_REQUEST[''orderTime'']);\r\n        $order_amount        = trim($_REQUEST[''orderAmount'']);\r\n        $deal_id             = trim($_REQUEST[''dealId'']);\r\n        $bank_deal_id        = trim($_REQUEST[''bankDealId'']);\r\n        $deal_time           = trim($_REQUEST[''dealTime'']);\r\n        $pay_amount          = trim($_REQUEST[''payAmount'']);\r\n        $fee                 = trim($_REQUEST[''fee'']);\r\n        $ext1                = trim($_REQUEST[''ext1'']);\r\n        $ext2                = trim($_REQUEST[''ext2'']);\r\n        $err_code            = trim($_REQUEST[''errCode'']);\r\n        $sign_msg            = trim($_REQUEST[''signMsg'']);\r\n\r\n        //生成加密串。必须保持如下顺序。\r\n        $merchant_signmsgval = '''';\r\n        $merchant_signmsgval = $this->append_param($merchant_signmsgval,"merchantAcctId",$merchant_acctid);\r\n        $merchant_signmsgval = $this->append_param($merchant_signmsgval,"version",$version);\r\n        $merchant_signmsgval = $this->append_param($merchant_signmsgval,"language",$language);\r\n        $merchant_signmsgval = $this->append_param($merchant_signmsgval,"signType",$sign_type);\r\n        $merchant_signmsgval = $this->append_param($merchant_signmsgval,"payType",$pay_type);\r\n        $merchant_signmsgval = $this->append_param($merchant_signmsgval,"bankId",$bank_id);\r\n        $merchant_signmsgval = $this->append_param($merchant_signmsgval,"orderId",$order_id);\r\n        $merchant_signmsgval = $this->append_param($merchant_signmsgval,"orderTime",$order_time);\r\n        $merchant_signmsgval = $this->append_param($merchant_signmsgval,"orderAmount",$order_amount);\r\n        $merchant_signmsgval = $this->append_param($merchant_signmsgval,"dealId",$deal_id);\r\n        $merchant_signmsgval = $this->append_param($merchant_signmsgval,"bankDealId",$bank_deal_id);\r\n        $merchant_signmsgval = $this->append_param($merchant_signmsgval,"dealTime",$deal_time);\r\n        $merchant_signmsgval = $this->append_param($merchant_signmsgval,"payAmount",$pay_amount);\r\n        $merchant_signmsgval = $this->append_param($merchant_signmsgval,"fee",$fee);\r\n        $merchant_signmsgval = $this->append_param($merchant_signmsgval,"ext1",$ext1);\r\n        $merchant_signmsgval = $this->append_param($merchant_signmsgval,"ext2",$ext2);\r\n        $merchant_signmsgval = $this->append_param($merchant_signmsgval,"payResult",$pay_result);\r\n        $merchant_signmsgval = $this->append_param($merchant_signmsgval,"errCode",$err_code);\r\n        $merchant_signmsgval = $this->append_param($merchant_signmsgval,"key",$key);\r\n        $merchant_signmsg    = md5($merchant_signmsgval);\r\n\r\n        //首先对获得的商户号进行比对\r\n        if ($get_merchant_acctid != $merchant_acctid)\r\n        {\r\n            //商户号错误\r\n            return false;\r\n        }\r\n\r\n        if (strtoupper($sign_msg) == strtoupper($merchant_signmsg))\r\n        {\r\n            if ($pay_result == 10 || $pay_result == 00)\r\n            {\r\n       		$payment_log = $db->PaymentApiLog->findbyid($order_id);\r\n			if($payment_log[''PaymentApiLog''][''type''] > 0){\r\n			   $account = $db->UserAccount->findbyid($payment_log[''PaymentApiLog''][''type_id'']);\r\n			/* 充值成功*/\r\n				$db->update_balance($payment_log,$account);       \r\n			   return true;       		\r\n       		\r\n       		}else{\r\n	       		$order_total = $db->Order->findbyid($payment_log[''PaymentApiLog''][''type_id'']);\r\n	            /* 改变订单状态 */     \r\n				$db->update_order($payment_log,$order_total);        			           \r\n			 		return true;\r\n            	}\r\n            }else{\r\n                //''支付结果失败'';\r\n                return false;\r\n            }\r\n        }\r\n        else\r\n        {\r\n            //''密钥校对错误'';\r\n            return false;\r\n        }\r\n    }\r\n\r\n    /**\r\n    * 将变量值不为空的参数组成字符串\r\n    * @param   string   $strs  参数字符串\r\n    * @param   string   $key   参数键名\r\n    * @param   string   $val   参数键对应值\r\n    */\r\n    function append_param($strs,$key,$val)\r\n    {\r\n        if($strs != "")\r\n        {\r\n            if($key != '''' && $val != '''')\r\n            {\r\n                $strs .= ''&'' . $key . ''='' . $val;\r\n            }\r\n        }\r\n        else\r\n        {\r\n            if($val != '''')\r\n            {\r\n                $strs = $key . ''='' . $val;\r\n            }\r\n        }\r\n            return $strs;\r\n    }\r\n    function local_date($format,$db,$time = NULL)\r\n	{\r\n	    $timezone = $db->locale[''default_timezone'']*(-1);\r\n\r\n	    if ($time === NULL)\r\n	    {\r\n	        $time = gmtime();\r\n	    }\r\n	    elseif ($time <= 0)\r\n	    {\r\n	        return '''';\r\n	    }\r\n\r\n	    $time += ($timezone * 3600);\r\n\r\n	    return date($format, $time);\r\n	}\r\n\r\n}', '', '2008-01-01 00:00:00', '2009-07-23 02:07:27'),
(17, 0, 'AuthorizeNet_AIM', '0', 0, '$payment_arr = array(''param01''=> array(''name''=> ''loginid'',''value''=>'''' , ''type'' => ''text''),''param02''=> array(''name''=> ''txnkey'',''value''=>'''' , ''type'' => ''text''),''param05''=> array(''name''=> ''currencycode'',''value''=>''AUD'' , ''type'' => ''select'', ''select_value'' => array( ''澳元'' => ''AUD'',''加元'' => ''CAD'',''欧元'' => ''EUR'',''英镑'' => ''GBP'',''日元'' => ''JPY'',''美元'' => ''USD'',''港元'' => ''HKD'')));', '0', '0', '0', '1', '1', 'class AuthorizeNet_AIM\r\n{\r\n    function AuthorizeNet_AIM()\r\n    {\r\n    }\r\n    function __construct()\r\n    {\r\n        $this->AuthorizeNet_AIM();\r\n    }\r\n    function get_code($order, $payment,$db)\r\n    {\r\n		$host = isset($_SERVER[''HTTP_X_FORWARDED_HOST'']) ? $_SERVER[''HTTP_X_FORWARDED_HOST''] : (isset($_SERVER[''HTTP_HOST'']) ? $_SERVER[''HTTP_HOST''] : '''');\r\n		$payment_log = $db->PaymentApiLog->findbyid($order[''log_id'']);\r\n		$order_info = $db->Order->findbyid($payment_log[''PaymentApiLog''][''type_id'']);\r\n		$order_info = $order_info[''Order''];\r\n		$sequence = rand(1, 1000);\r\n		eval($payment[''Payment''][''config'']);\r\n		$module_params["param01"] = $payment_arr[''param01''][''value''];		\r\n		$module_params["param02"] = $payment_arr[''param02''][''value''];			\r\n		$module_params["param03"] = "";	\r\n		$module_params["param04"] = "";\r\n		$module_params["param05"] = $payment_arr[''param05''][''value''];		\r\n		$module_params["param06"] = "";\r\n		\r\n		\r\n		$secure_oid = $order[''log_id''];\r\n		$loginid = $module_params["param01"];\r\n		$txnkey = $module_params["param02"];\r\n		$_orderids = $secure_oid;\r\n		$currencycode = $module_params["param05"];\r\n		$amount = $order[''total''];\r\n		$tstamp = (time()-(int)$module_params["param06"]*3600);\r\n		$fingerprint = $this->hmac($txnkey, $loginid . "^".$sequence."^".$tstamp."^".$amount."^".$currencycode);\r\n		$description = $db->configs[''shop_name'']."-".$order[''log_id''];\r\n    $submit_data = array(\r\n                         ''x_login'' => trim($loginid),\r\n                         ''x_tran_key'' => trim($txnkey),\r\n                         ''x_relay_response'' => ''FALSE'', // AIM uses direct response, not relay response\r\n                         ''x_delim_data'' => ''TRUE'',\r\n                         ''x_delim_char'' => ''*'',  // The default delimiter is a comma\r\n                         ''x_encap_char'' => ''|'',  // The divider to encapsulate response fields\r\n                         ''x_version'' => ''3.1'',  // 3.1 is required to use CVV codes\r\n                         ''x_type'' =>  ''AUTH_ONLY'',\r\n                         ''x_method'' => ''CC'',\r\n                         ''x_amount'' => number_format($order[''total''], 2),\r\n                         ''x_currency_code'' => $currencycode,\r\n                         ''x_card_num'' => '''',\r\n                         ''x_exp_date'' => '''',\r\n                         ''x_card_code'' => '''',\r\n                         ''x_email_customer'' => ''TRUE'',\r\n                         ''x_email_merchant'' => ''TRUE'',\r\n                         ''x_cust_id'' =>$order_info["user_id"],\r\n                         ''x_invoice_num'' => '''' . $order_info["id"],\r\n                         ''x_first_name'' => $order_info["user_id"],\r\n                         ''x_last_name'' => $order_info["user_id"],\r\n                         ''x_company'' => '''',\r\n                         ''x_address'' => $order_info[''address''],\r\n                         ''x_city'' => $order_info[''regions''],\r\n                         ''x_state'' => '''',\r\n                         ''x_zip'' => $order_info[''zipcode''],\r\n                         ''x_country'' => $order_info[''regions''],\r\n                         ''x_phone'' => $order_info[''telephone''],\r\n                         ''x_email'' => $order_info[''email''],\r\n                         ''x_ship_to_first_name'' => $order_info["user_id"],\r\n                         ''x_ship_to_last_name'' => $order_info["user_id"],\r\n                         ''x_ship_to_address'' => $order_info[''address''],\r\n                         ''x_ship_to_city'' => $order_info[''regions''],\r\n                         ''x_ship_to_state'' => '''',\r\n                         ''x_ship_to_zip'' => $order_info[''zipcode''],\r\n                         ''x_ship_to_country'' => $order_info[''regions''],\r\n                         ''x_description'' => $description,\r\n                         ''x_recurring_billing'' => ''NO'',\r\n                         ''x_customer_ip'' => '''',\r\n                         ''x_po_num'' => date(''M-d-Y h:i:s''), //$order->info[''po_number''],\r\n                         ''x_freight'' => number_format(0,2),\r\n                         ''x_tax_exempt'' => ''FALSE'', /* ''TRUE'' or ''FALSE'' */\r\n                         ''x_tax'' => number_format(0,2),\r\n                         ''x_duty'' => ''0'',\r\n\r\n                         // Additional Merchant-defined variables go here\r\n                         ''Date'' => $order_info[''created''],\r\n                         ''IP'' => '''',\r\n                         ''Session'' => session_id() );\r\n                         \r\n                        $response = $this->_sendRequest($submit_data,$loginid,$txnkey);\r\n                        \r\n                        $this->zen_redirect($this->zen_href_link(''checkout_payment'', '''', ''SSL'', true, false));\r\n                        \r\n    } \r\n    \r\n    	function hmac ($key, $data) {\r\n		$b = 64; // byte length for md5\r\n		if (strlen($key) > $b)\r\n			$key = pack("H*",md5($key));\r\n		$key  = str_pad($key, $b, chr(0x00));\r\n		$ipad = str_pad('''', $b, chr(0x36));\r\n		$opad = str_pad('''', $b, chr(0x5c));\r\n		$k_ipad = $key ^ $ipad ;\r\n		$k_opad = $key ^ $opad;\r\n\r\n		return md5($k_opad . pack("H*",md5($k_ipad . $data)));\r\n	}\r\n               \r\n    function respond($db)\r\n    {\r\n	    $proceedToVoid = true;\r\n	    if (isset($_POST[''ordervoid'']) && $_POST[''ordervoid''] == "Do Void") {\r\n	    	if (isset($_POST[''voidconfirm'']) && $_POST[''voidconfirm''] != ''on'') {\r\n	 		   $proceedToVoid = false;\r\n	    	}\r\n	    }\r\n    	if ($proceedToVoid){\r\n       			$payment_log = $db->PaymentApiLog->findbyid($_POST[''ordervoid'']);\r\n		        $order_total = $db->Order->findbyid($payment_log[''PaymentApiLog''][''type_id'']);\r\n			    /* 改变订单状态 */\r\n			if($payment_log[''PaymentApiLog''][''type''] > 0){\r\n			   $account = $db->UserAccount->findbyid($payment_log[''PaymentApiLog''][''type_id'']);\r\n			/* 充值成功*/\r\n				$db->update_balance($payment_log,$order_total);       \r\n       		}else{\r\n	       		$order_total = $db->Order->findbyid($payment_log[''PaymentApiLog''][''type_id'']);\r\n	            /* 改变订单状态 */\r\n				$db->update_order($payment_log,$order_total);        			           \r\n            }  			           \r\n	  		return true;\r\n  		}else{\r\n  			return false;\r\n  		}\r\n  		\r\n    }                 \r\n  function _sendRequest($submit_data,$loginid,$txnkey) {\r\n\r\n    // Populate an array that contains all of the data to be sent to Authorize.net\r\n    $submit_data = array_merge(array(\r\n                         ''x_login'' => trim($loginid),\r\n                         ''x_tran_key'' => trim($txnkey),\r\n                         ''x_relay_response'' => ''FALSE'',\r\n                         ''x_delim_data'' => ''TRUE'',\r\n                         ''x_delim_char'' => ''*'',  // The default delimiter is a comma\r\n                         ''x_encap_char'' => ''|'',  // The divider to encapsulate response fields\r\n                         ''x_version'' => ''3.1'',  // 3.1 is required to use CVV codes\r\n                         ), $submit_data);\r\n\r\n    // set URL\r\n    $url = ''https://secure.authorize.net/gateway/transact.dll'';\r\n    $data = '''';\r\n    while(list($key, $value) = each($submit_data)) {\r\n      if ($key != ''x_delim_char'' && $key != ''x_encap_char'') {\r\n        $value = str_replace(array(''|'', ''*'',''"'',"''",''&amp;'',''&'', ''=''), '''', $value);\r\n      }\r\n      $data .= $key . ''='' . urlencode($value) . ''&'';\r\n    }\r\n    // Remove the last "&" from the string\r\n    $data = substr($data, 0, -1);\r\n    // Send CURL communication\r\n    $ch = curl_init();\r\n    curl_setopt($ch, CURLOPT_URL, $url);\r\n    curl_setopt($ch, CURLOPT_VERBOSE, 0);\r\n    curl_setopt($ch, CURLOPT_POST, 1);\r\n    curl_setopt($ch, CURLOPT_POSTFIELDS, $data);\r\n    curl_setopt($ch, CURLOPT_RETURNTRANSFER, 1);\r\n    curl_setopt($ch, CURLOPT_TIMEOUT, 15);\r\n    curl_setopt($ch, CURLOPT_SSL_VERIFYPEER, FALSE); /* compatibility for SSL communications on some Windows servers (IIS 5.0+) */\r\n    if (''False'' == ''True'') {\r\n      $proxy_tunnel_flag = (defined(''CURL_PROXY_TUNNEL_FLAG'') && strtoupper(CURL_PROXY_TUNNEL_FLAG) == ''FALSE'') ? false : true;\r\n      curl_setopt ($ch, CURLOPT_HTTPPROXYTUNNEL, $this->proxy_tunnel_flag);\r\n      curl_setopt ($ch, CURLOPT_PROXYTYPE, CURLPROXY_HTTP);\r\n      curl_setopt ($ch, CURLOPT_PROXY, CURL_PROXY_SERVER_DETAILS);\r\n    }\r\n\r\n    $authorize = curl_exec($ch);\r\n    $commError = curl_exec($ch);\r\n    $commErrNo = curl_exec($ch);\r\n\r\n    $commInfo = curl_getinfo($ch);\r\n    curl_close ($ch);\r\n\r\n    // parse the data received back from the gateway, taking into account the delimiters and encapsulation characters\r\n    $stringToParse = $authorize;\r\n    if (substr($stringToParse,0,1) == ''*'') $stringToParse = substr($stringToParse,1);\r\n    $stringToParse = preg_replace(''/.{*}'' . ''*'' . ''$/'', '''', $stringToParse);\r\n    $response = explode(''*'' . ''|'' . ''*'', $stringToParse);\r\n\r\n    return $response;\r\n  }               \r\n	\r\n  function zen_href_link($page = '''', $parameters = '''', $connection = ''NONSSL'', $add_session_id = true, $search_engine_safe = true, $static = false, $use_dir_ws_catalog = true) {\r\n		\r\n		$sefu = explode(",", ereg_replace( '' +'', '''', '''' ));\r\n		return $this->original_zen_href_link($page, $parameters, $connection, $add_session_id, $search_engine_safe, $static, $use_dir_ws_catalog);\r\n\r\n  }\r\n  \r\n  function original_zen_href_link($page = '''', $parameters = '''', $connection = ''NONSSL'', $add_session_id = true, $search_engine_safe = true, $static = false, $use_dir_ws_catalog = true) {\r\n    global $request_type, $session_started, $http_domain, $https_domain;\r\n		$host = isset($_SERVER[''HTTP_X_FORWARDED_HOST'']) ? $_SERVER[''HTTP_X_FORWARDED_HOST''] : (isset($_SERVER[''HTTP_HOST'']) ? $_SERVER[''HTTP_HOST''] : '''');\r\n    if ($connection == ''NONSSL'') {\r\n      $link = $host;\r\n    } elseif ($connection == ''SSL'') {\r\n      if (''false'' == ''true'') {\r\n        $link = $host ;\r\n      } else {\r\n        $link = $host;\r\n      }\r\n    } else {\r\n      die(''</td></tr></table></td></tr></table><br /><br /><strong class="note">Error!<br /><br />Unable to determine connection method on a link!<br /><br />Known methods: NONSSL SSL</strong><br /><br />'');\r\n    }\r\n\r\n    if ($use_dir_ws_catalog) {\r\n      if ($connection == ''SSL'' && ''false'' == ''true'') {\r\n        $link .= ''/'';\r\n      } else {\r\n        $link .= ''/'';\r\n      }\r\n    }\r\n\r\n    if (!$static) {\r\n      if ($this->zen_not_null($parameters)) {\r\n        $link .= ''index.php?main_page=''. $page . "&" . $this->zen_output_string($parameters);\r\n      } else {\r\n        $link .= ''index.php?main_page='' . $page;\r\n      }\r\n    } else {\r\n      if ($this->zen_not_null($parameters)) {\r\n        $link .= $page . "?" . $this->zen_output_string($parameters);\r\n      } else {\r\n        $link .= $page;\r\n      }\r\n    }\r\n\r\n    $separator = ''&'';\r\n\r\n    while ( (substr($link, -1) == ''&'') || (substr($link, -1) == ''?'') ) $link = substr($link, 0, -1);\r\n\r\n    $sid = session_id() . ''='' . session_id();\r\n// clean up the link before processing\r\n    while (strstr($link, ''&&'')) $link = str_replace(''&&'', ''&'', $link);\r\n    while (strstr($link, ''&amp;&amp;'')) $link = str_replace(''&amp;&amp;'', ''&amp;'', $link);\r\n\r\n    if ( (''false'' == ''true'') && ($search_engine_safe == true) ) {\r\n      while (strstr($link, ''&&'')) $link = str_replace(''&&'', ''&'', $link);\r\n\r\n      $link = str_replace(''&amp;'', ''/'', $link);\r\n      $link = str_replace(''?'', ''/'', $link);\r\n      $link = str_replace(''&'', ''/'', $link);\r\n      $link = str_replace(''='', ''/'', $link);\r\n\r\n      $separator = ''?'';\r\n    }\r\n\r\n    if (isset($sid)) {\r\n      $link .= $separator . $this->zen_output_string($sid);\r\n    }\r\n\r\n// clean up the link after processing\r\n    while (strstr($link, ''&amp;&amp;'')) $link = str_replace(''&amp;&amp;'', ''&amp;'', $link);\r\n\r\n    $link = ereg_replace(''&'', ''&amp;'', $link);\r\n    return $link;\r\n  }  \r\n    function zen_output_string($string, $translate = false, $protected = false) {\r\n    if ($protected == true) {\r\n      return htmlspecialchars($string);\r\n    } else {\r\n      if ($translate == false) {\r\n        return $this->zen_parse_input_field_data($string, array(''"'' => ''&quot;''));\r\n      } else {\r\n        return $this->zen_parse_input_field_data($string, $translate);\r\n      }\r\n    }\r\n  }\r\n    function zen_parse_input_field_data($data, $parse) {\r\n    return strtr(trim($data), $parse);\r\n  }	\r\n  \r\n  function zen_redirect($url) {\r\n	$host = isset($_SERVER[''HTTP_X_FORWARDED_HOST'']) ? $_SERVER[''HTTP_X_FORWARDED_HOST''] : (isset($_SERVER[''HTTP_HOST'']) ? $_SERVER[''HTTP_HOST''] : '''');\r\n    global $request_type;\r\n    // Are we loading an SSL page?\r\n    if ( (''false'' == true) && ($request_type == ''SSL'') ) {\r\n      // yes, but a NONSSL url was supplied\r\n      if (substr($url, 0, strlen($host . ''/'')) == $host  . ''/'') {\r\n        // So, change it to SSL, based on site''s configuration for SSL\r\n        $url = $host  . ''/'' . substr($url, strlen($host  . ''/''));\r\n      }\r\n    }\r\n\r\n  // clean up URL before executing it\r\n    while (strstr($url, ''&&'')) $url = str_replace(''&&'', ''&'', $url);\r\n    while (strstr($url, ''&amp;&amp;'')) $url = str_replace(''&amp;&amp;'', ''&amp;'', $url);\r\n    // header locates should not have the &amp; in the address it breaks things\r\n    while (strstr($url, ''&amp;'')) $url = str_replace(''&amp;'', ''&'', $url);\r\n\r\n    header(''Location: '' . $url);\r\n  }  \r\n  function zen_not_null($value) {\r\n    if (is_array($value)) {\r\n      if (sizeof($value) > 0) {\r\n        return true;\r\n      } else {\r\n        return false;\r\n      }\r\n    } elseif( is_a( $value, ''queryFactoryResult'' ) ) {\r\n      if (sizeof($value->result) > 0) {\r\n        return true;\r\n      } else {\r\n        return false;\r\n      }\r\n    } else {\r\n      if ( (is_string($value) || is_int($value)) && ($value != '''') && ($value != ''NULL'') && (strlen(trim($value)) > 0)) {\r\n        return true;\r\n      } else {\r\n        return false;\r\n      }\r\n    }\r\n  }\r\n\r\n\r\n} ', '', '2008-01-01 00:00:00', '2009-07-23 02:06:35'),
(16, 0, 'AuthorizeNet_SIM', '0', 0, '$payment_arr = array(''param01''=> array(''name''=> ''loginid'',''value''=>'''' , ''type'' => ''text''),''param02''=> array(''name''=> ''txnkey'',''value''=>'''' , ''type'' => ''text''),''param05''=> array(''name''=> ''currencycode'',''value''=>''AUD'' , ''type'' => ''select'', ''select_value'' => array( ''澳元'' => ''AUD'',''加元'' => ''CAD'',''欧元'' => ''EUR'',''英镑'' => ''GBP'',''日元'' => ''JPY'',''美元'' => ''USD'',''港元'' => ''HKD'')));', '0', '0', '0', '1', '1', 'class AuthorizeNet_SIM\r\n{\r\n    function AuthorizeNet_SIM()\r\n    {\r\n    }\r\n    function __construct()\r\n    {\r\n        $this->AuthorizeNet_SIM();\r\n    }\r\n    function get_code($order, $payment,$db)\r\n    {\r\n		$host = isset($_SERVER[''HTTP_X_FORWARDED_HOST'']) ? $_SERVER[''HTTP_X_FORWARDED_HOST''] : (isset($_SERVER[''HTTP_HOST'']) ? $_SERVER[''HTTP_HOST''] : '''');\r\n		$payment_log = $db->PaymentApiLog->findbyid($order[''log_id'']);\r\n		$order_info = $db->Order->findbyid($payment_log[''PaymentApiLog''][''type_id'']);\r\n		$order_info = $order_info[''Order''];\r\n		$sequence = rand(1, 1000);\r\n		eval($payment[''Payment''][''config'']);\r\n		$module_params["param01"] = $payment_arr[''param01''][''value''];		\r\n		$module_params["param02"] = $payment_arr[''param02''][''value''];			\r\n		$module_params["param03"] = "";	\r\n		$module_params["param04"] = "";\r\n		$module_params["param05"] = $payment_arr[''param05''][''value''];		\r\n		$module_params["param06"] = "";\r\n		\r\n		\r\n		$secure_oid = $order[''log_id''];\r\n		$loginid = $module_params["param01"];\r\n		$txnkey = $module_params["param02"];\r\n		$_orderids = $secure_oid;\r\n		$currencycode = $module_params["param05"];\r\n		$amount = $order[''total''];\r\n		$tstamp = (time()-(int)$module_params["param06"]*3600);\r\n		$fingerprint = $this->hmac($txnkey, $loginid . "^".$sequence."^".$tstamp."^".$amount."^".$currencycode);\r\n\r\n	    $def_url  = ''<br /><form style="text-align:center;" action="https://secure.authorize.net/gateway/transact.dll" method="post" target="_blank">'' .   // 不能省略\r\n            "<p class=''back_home''>".\r\n			"<input type=''hidden'' name=''x_fp_sequence'' value=''".$sequence."''>".\r\n			"<input type=''hidden'' name=''x_fp_timestamp'' value=''".$tstamp."''>".\r\n			"<input type=''hidden'' name=''x_fp_hash'' value=''".$fingerprint."''>".\r\n			"<input type=''hidden'' name=''x_Show_Form'' value=''PAYMENT_FORM''>".\r\n			"<input type=''hidden'' name=''x_Test_Request'' value=''FALSE''>".//$module_params["testmode"] == "N" ? \r\n			"<input type=''hidden'' name=''x_Login'' value=''".$loginid."''>".\r\n			"<input type=''hidden'' name=''''x_Amount'' value=''".$amount.">".\r\n			"<input type=''hidden'' name=''x_Currency_Code'' value=''".$currencycode."''>".\r\n			"<input type=''hidden'' name=''x_Card_Num'' value=''''>".//htmlspecialchars($userinfo["card_number"])\r\n			"<input type=''hidden'' name=''x_Exp_Date'' value=''''>".//htmlspecialchars($userinfo["card_expire"])\r\n			"<input type=''hidden'' name=''x_Method'' value=''CC''>".\r\n			"<input type=''hidden'' name=''x_Type'' value=''AUTH_CAPTURE''>".\r\n			"<input type=''hidden'' name=''x_First_Name'' value=''".$order_info["user_id"]."''>".\r\n			"<input type=''hidden'' name=''x_Last_Name'' value=''".$order_info["user_id"]."''>".\r\n			"<input type=''hidden'' name=''x_Phone'' value=''".$order_info["telephone"]."''>".\r\n			"<input type=''hidden'' name=''x_Company'' value=''''>". //htmlspecialchars($order_info["company"])\r\n			"<input type=''hidden'' name=''x_Email'' value=''".$order_info["email"]."''>".\r\n			"<input type=''hidden'' name=''x_Cust_ID'' value=''".$order_info["id"]."''>".\r\n			"<input type=''hidden'' name=''x_Address'' value=''".$order_info["address"]."''>".\r\n			"<input type=''hidden'' name=''x_City'' value=''".$order_info["regions"]."''>".\r\n			"<input type=''hidden'' name=''x_State'' value=''n/a''>".//$userinfo["b_state"]?$userinfo["b_state"]:\r\n			"<input type=''hidden'' name=''x_Zip'' value=''".$order_info["zipcode"]."''>".\r\n			"<input type=''hidden'' name=''x_Country'' value=''".$order_info["regions"]."''>".\r\n			"<input type=''hidden'' name=''x_ship_to_First_Name'' value=''".$order_info["user_id"]."''>".//$userinfo["s_firstname"]\r\n			"<input type=''hidden'' name=''x_ship_to_Last_Name'' value=''".$order_info["user_id"]."''>".//$userinfo["s_lastname"]\r\n			"<input type=''hidden'' name=''x_ship_to_Address'' value=''".$order_info["address"]."''>".\r\n			"<input type=''hidden'' name=''x_ship_to_City'' value=''".$order_info["regions"]."''>".\r\n			"<input type=''hidden'' name=''x_ship_to_State'' value=''n/a''>".//$userinfo["s_state"]?$userinfo["s_state"]:\r\n			"<input type=''hidden'' name=''x_ship_to_Zip'' value=''".$order_info["zipcode"]."''>".\r\n			"<input type=''hidden'' name=x_ship_to_Country'' value=''".$order_info["regions"]."''>".\r\n			"<input type=''hidden'' name=''x_Invoice_num'' value=''".$order[''log_id'']."''>".\r\n			"<input TYPE=''HIDDEN'' NAME=''x_Relay_Response'' VALUE=''True''>".\r\n			"<input TYPE=''HIDDEN'' NAME=''x_Relay_URL'' VALUE=''"."http://".$host.$db->webroot."/responds/index/AuthorizeNet_SIM"."''>".\r\n            "<input type=''submit'' value=''authorize-SIM''>" .                      // 按钮\r\n            "</p>".\r\n			"</form><br />";\r\n        return $def_url;\r\n    } \r\n    \r\n    	function hmac ($key, $data) {\r\n		$b = 64; // byte length for md5\r\n		if (strlen($key) > $b)\r\n			$key = pack("H*",md5($key));\r\n		$key  = str_pad($key, $b, chr(0x00));\r\n		$ipad = str_pad('''', $b, chr(0x36));\r\n		$opad = str_pad('''', $b, chr(0x5c));\r\n		$k_ipad = $key ^ $ipad ;\r\n		$k_opad = $key ^ $opad;\r\n\r\n		return md5($k_opad . pack("H*",md5($k_ipad . $data)));\r\n	}\r\n               \r\n}           ', '', '2008-01-01 00:00:00', '2009-07-23 02:07:05');

--
-- 导出表中的数据 `svcart_payment_api_logs`
--


--
-- 导出表中的数据 `svcart_payment_i18ns`
--

INSERT INTO `svcart_payment_i18ns` (`id`, `locale`, `payment_id`, `name`, `payment_values`, `description`, `status`, `created`, `modified`) VALUES
(98, 'chi', 16, 'AuthorizeNet: SIM', 'AuthorizeNet: SIM', 'AuthorizeNet: SIM', '1', '2008-01-01 00:00:00', '2009-06-09 15:41:15'),
(100, 'chi', 17, 'AuthorizeNet: AIM', 'AuthorizeNet: AIM', 'AuthorizeNet: AIM', '1', '2008-01-01 00:00:00', '2009-06-09 15:41:15'),
(94, 'chi', 15, 'worldpay', 'worldpay', 'worldpay', '1', '2008-01-01 00:00:00', '2009-07-16 08:53:11'),
(92, 'chi', 14, 'googlecheckout', 'googlecheckout', 'googlecheckout', '1', '2008-01-01 00:00:00', '2009-07-16 08:52:17'),
(90, 'chi', 13, '云网支付', '作为国内B2C电子商务网站中最早、最专业、最具规模的公司之一，云网目前拥有国内极其完善的银行卡在线实时支付平台和5年的数字商品电子商务运营经验。', '作为国内B2C电子商务网站中最早、最专业、最具规模的公司之一，云网目前拥有国内极其完善的银行卡在线实时支付平台和5年的数字商品电子商务运营经验。', '1', '2008-01-01 00:00:00', '2009-07-16 08:51:23'),
(88, 'chi', 12, '网银在线', '网银在线与中国工商银行、招商银行、中国建设银行、农业银行、民生银行等数十家金融机构达成协议。全面支持全国19家银行的信用卡及借记卡实现网上支付。（网址：http://www.chinabank.com.cn）', '网银在线与中国工商银行、招商银行、中国建设银行、农业银行、民生银行等数十家金融机构达成协议。全面支持全国19家银行的信用卡及借记卡实现网上支付。（网址：http://www.chinabank.com.cn）', '1', '2008-01-01 00:00:00', '2009-07-16 08:50:10'),
(84, 'chi', 10, '财付通', '财付通（www.tenpay.com） - 腾讯旗下在线支付平台，通过国家权威安全认证，支持各大银行网上支付，免支付手续费。', '财付通（www.tenpay.com） - 腾讯旗下在线支付平台，通过国家权威安全认证，支持各大银行网上支付，免支付手续费。', '1', '2008-01-01 00:00:00', '2009-07-16 08:48:54'),
(86, 'chi', 11, '快钱人民币网关', '上海快钱信息服务有限公司是国内第一家提供基于EMAIL和手机号码的网上收付款服务的互联网企业。快钱已同中国建设银行、中国银联、中国农业银行、中国银行、招商银行、交通银行、华夏银行、中国光大银行、中信银行、深圳发展银行、广东发展银行等结成战略合作并推出网上交易的收付款服务，服务覆盖国内外27亿张银行卡。（网址：http://www.99bill.com）', '上海快钱信息服务有限公司是国内第一家提供基于EMAIL和手机号码的网上收付款服务的互联网企业。快钱已同中国建设银行、中国银联、中国农业银行、中国银行、招商银行、交通银行、华夏银行、中国光大银行、中信银行、深圳发展银行、广东发展银行等结成战略合作并推出网上交易的收付款服务，服务覆盖国内外27亿张银行卡。（网址：http://www.99bill.com）', '1', '2008-01-01 00:00:00', '2008-01-01 00:00:00'),
(74, 'chi', 8, 'paypal', '', ' 	PayPal 是在线付款解决方案的全球领导者，在全世界有超过七千一百六十万个帐户用户。 PayPal...', '1', '2008-01-01 00:00:00', '2009-07-16 08:39:56'),
(78, 'chi', 9, '余额支付', '', '余额支付', '1', '2008-01-01 00:00:00', '2009-07-16 09:04:09'),
(57, 'chi', 7, '贝宝', '', '有了贝宝，您可以通过电子邮件向任何人付款。贝宝对于消费者是免费的，而且可以和您现有的信用卡和支票账户无缝结合。无需使用ATM机，也不用再寻找您的支票本， ...', '1', '2008-01-01 00:00:00', '2009-07-16 08:35:28'),
(53, 'chi', 5, '邮局汇款', '', '收款人信息：姓名 ××× ；地址 ××× ；邮编 ××× 。 注意事项： 请在汇款单背面的附言中注明您的订单号，只填写后6位即可。', '1', '2008-01-01 00:00:00', '2009-07-16 08:35:52'),
(52, 'chi', 4, '银行汇款/转帐', '', '银行名称 收款人信息：全称 ××× ；帐号或地址 ××× ；开户行 ×××。 注意事项：办理电汇时，请在电汇单“汇款用途”一栏处注明您的订单号。', '1', '2008-01-01 00:00:00', '2009-07-16 08:33:23'),
(55, 'chi', 3, '支付宝', '', '支付宝', '1', '2008-01-01 00:00:00', '2009-07-16 09:04:52'),
(49, 'chi', 2, '货到付款', '', '全国300城市支持货到付款555全国300城市支持货到付款', '1', '2009-02-18 03:30:13', '2009-07-16 08:55:50');

--
-- 导出表中的数据 `svcart_plugins`
--


--
-- 导出表中的数据 `svcart_prodcut_volumes`
--


--
-- 导出表中的数据 `svcart_products`
--


--
-- 导出表中的数据 `svcart_products_categories`
--


--
-- 导出表中的数据 `svcart_product_articles`
--


--
-- 导出表中的数据 `svcart_product_attributes`
--


--
-- 导出表中的数据 `svcart_product_downloads`
--


--
-- 导出表中的数据 `svcart_product_download_logs`
--


--
-- 导出表中的数据 `svcart_product_galleries`
--


--
-- 导出表中的数据 `svcart_product_gallery_i18ns`
--


--
-- 导出表中的数据 `svcart_product_i18ns`
--


--
-- 导出表中的数据 `svcart_product_locale_prices`
--


--
-- 导出表中的数据 `svcart_product_ranks`
--


--
-- 导出表中的数据 `svcart_product_relations`
--


--
-- 导出表中的数据 `svcart_product_services`
--


--
-- 导出表中的数据 `svcart_product_service_logs`
--


--
-- 导出表中的数据 `svcart_product_shipping_fees`
--


--
-- 导出表中的数据 `svcart_product_types`
--


--
-- 导出表中的数据 `svcart_product_type_attributes`
--


--
-- 导出表中的数据 `svcart_product_type_attribute_i18ns`
--


--
-- 导出表中的数据 `svcart_product_type_i18ns`
--


--
-- 导出表中的数据 `svcart_promotions`
--


--
-- 导出表中的数据 `svcart_promotion_i18ns`
--


--
-- 导出表中的数据 `svcart_promotion_products`
--


--
-- 导出表中的数据 `svcart_providers`
--


--
-- 导出表中的数据 `svcart_provider_products`
--


--
-- 导出表中的数据 `svcart_regions`
--

INSERT INTO `svcart_regions` (`id`, `parent_id`, `level`, `agency_id`, `param01`, `param02`, `param03`, `orderby`, `created`, `modified`) VALUES
(209, 18, '2', 0, '', '', '', 0, '2008-01-01 00:00:00', '2008-01-01 00:00:00'),
(208, 18, '2', 0, '', '', '', 0, '2008-01-01 00:00:00', '2008-01-01 00:00:00'),
(207, 18, '2', 0, '', '', '', 0, '2008-01-01 00:00:00', '2008-01-01 00:00:00'),
(206, 18, '2', 0, '', '', '', 0, '2008-01-01 00:00:00', '2008-01-01 00:00:00'),
(205, 17, '2', 0, '', '', '', 0, '2008-01-01 00:00:00', '2008-01-01 00:00:00'),
(204, 17, '2', 0, '', '', '', 0, '2008-01-01 00:00:00', '2008-01-01 00:00:00'),
(203, 17, '2', 0, '', '', '', 0, '2008-01-01 00:00:00', '2008-01-01 00:00:00'),
(202, 17, '2', 0, '', '', '', 0, '2008-01-01 00:00:00', '2008-01-01 00:00:00'),
(201, 17, '2', 0, '', '', '', 0, '2008-01-01 00:00:00', '2008-01-01 00:00:00'),
(200, 17, '2', 0, '', '', '', 0, '2008-01-01 00:00:00', '2008-01-01 00:00:00'),
(199, 17, '2', 0, '', '', '', 0, '2008-01-01 00:00:00', '2008-01-01 00:00:00'),
(198, 17, '2', 0, '', '', '', 0, '2008-01-01 00:00:00', '2008-01-01 00:00:00'),
(197, 17, '2', 0, '', '', '', 0, '2008-01-01 00:00:00', '2008-01-01 00:00:00'),
(196, 17, '2', 0, '', '', '', 0, '2008-01-01 00:00:00', '2008-01-01 00:00:00'),
(195, 17, '2', 0, '', '', '', 0, '2008-01-01 00:00:00', '2008-01-01 00:00:00'),
(194, 17, '2', 0, '', '', '', 0, '2008-01-01 00:00:00', '2008-01-01 00:00:00'),
(193, 17, '2', 0, '', '', '', 0, '2008-01-01 00:00:00', '2008-01-01 00:00:00'),
(192, 17, '2', 0, '', '', '', 0, '2008-01-01 00:00:00', '2008-01-01 00:00:00'),
(191, 17, '2', 0, '', '', '', 0, '2008-01-01 00:00:00', '2008-01-01 00:00:00'),
(190, 17, '2', 0, '', '', '', 0, '2008-01-01 00:00:00', '2008-01-01 00:00:00'),
(189, 17, '2', 0, '', '', '', 0, '2008-01-01 00:00:00', '2008-01-01 00:00:00'),
(188, 16, '2', 0, '', '', '', 0, '2008-01-01 00:00:00', '2008-01-01 00:00:00'),
(187, 16, '2', 0, '', '', '', 0, '2008-01-01 00:00:00', '2008-01-01 00:00:00'),
(186, 16, '2', 0, '', '', '', 0, '2008-01-01 00:00:00', '2008-01-01 00:00:00'),
(185, 16, '2', 0, '', '', '', 0, '2008-01-01 00:00:00', '2008-01-01 00:00:00'),
(184, 16, '2', 0, '', '', '', 0, '2008-01-01 00:00:00', '2008-01-01 00:00:00'),
(183, 16, '2', 0, '', '', '', 0, '2008-01-01 00:00:00', '2008-01-01 00:00:00'),
(182, 16, '2', 0, '', '', '', 0, '2008-01-01 00:00:00', '2008-01-01 00:00:00'),
(181, 16, '2', 0, '', '', '', 0, '2008-01-01 00:00:00', '2008-01-01 00:00:00'),
(180, 16, '2', 0, '', '', '', 0, '2008-01-01 00:00:00', '2008-01-01 00:00:00'),
(179, 16, '2', 0, '', '', '', 0, '2008-01-01 00:00:00', '2008-01-01 00:00:00'),
(178, 16, '2', 0, '', '', '', 0, '2008-01-01 00:00:00', '2008-01-01 00:00:00'),
(177, 16, '2', 0, '', '', '', 0, '2008-01-01 00:00:00', '2008-01-01 00:00:00'),
(176, 16, '2', 0, '', '', '', 0, '2008-01-01 00:00:00', '2008-01-01 00:00:00'),
(175, 16, '2', 0, '', '', '', 0, '2008-01-01 00:00:00', '2008-01-01 00:00:00'),
(174, 16, '2', 0, '', '', '', 0, '2008-01-01 00:00:00', '2008-01-01 00:00:00'),
(173, 16, '2', 0, '', '', '', 0, '2008-01-01 00:00:00', '2008-01-01 00:00:00'),
(172, 16, '2', 0, '', '', '', 0, '2008-01-01 00:00:00', '2008-01-01 00:00:00'),
(171, 15, '2', 0, '', '', '', 0, '2008-01-01 00:00:00', '2008-01-01 00:00:00'),
(170, 15, '2', 0, '', '', '', 0, '2008-01-01 00:00:00', '2008-01-01 00:00:00'),
(169, 15, '2', 0, '', '', '', 0, '2008-01-01 00:00:00', '2008-01-01 00:00:00'),
(168, 15, '2', 0, '', '', '', 0, '2008-01-01 00:00:00', '2008-01-01 00:00:00'),
(167, 15, '2', 0, '', '', '', 0, '2008-01-01 00:00:00', '2008-01-01 00:00:00'),
(166, 15, '2', 0, '', '', '', 0, '2008-01-01 00:00:00', '2008-01-01 00:00:00'),
(165, 15, '2', 0, '', '', '', 0, '2008-01-01 00:00:00', '2008-01-01 00:00:00'),
(164, 15, '2', 0, '', '', '', 0, '2008-01-01 00:00:00', '2008-01-01 00:00:00'),
(163, 15, '2', 0, '', '', '', 0, '2008-01-01 00:00:00', '2008-01-01 00:00:00'),
(162, 15, '2', 0, '', '', '', 0, '2008-01-01 00:00:00', '2008-01-01 00:00:00'),
(161, 15, '2', 0, '', '', '', 0, '2008-01-01 00:00:00', '2008-01-01 00:00:00'),
(160, 14, '2', 0, '', '', '', 0, '2008-01-01 00:00:00', '2008-01-01 00:00:00'),
(159, 14, '2', 0, '', '', '', 0, '2008-01-01 00:00:00', '2008-01-01 00:00:00'),
(158, 14, '2', 0, '', '', '', 0, '2008-01-01 00:00:00', '2008-01-01 00:00:00'),
(157, 14, '2', 0, '', '', '', 0, '2008-01-01 00:00:00', '2008-01-01 00:00:00'),
(156, 14, '2', 0, '', '', '', 0, '2008-01-01 00:00:00', '2008-01-01 00:00:00'),
(155, 14, '2', 0, '', '', '', 0, '2008-01-01 00:00:00', '2008-01-01 00:00:00'),
(154, 14, '2', 0, '', '', '', 0, '2008-01-01 00:00:00', '2008-01-01 00:00:00'),
(153, 14, '2', 0, '', '', '', 0, '2008-01-01 00:00:00', '2008-01-01 00:00:00'),
(152, 14, '2', 0, '', '', '', 0, '2008-01-01 00:00:00', '2008-01-01 00:00:00'),
(151, 13, '2', 0, '', '', '', 0, '2008-01-01 00:00:00', '2008-01-01 00:00:00'),
(150, 13, '2', 0, '', '', '', 0, '2008-01-01 00:00:00', '2008-01-01 00:00:00'),
(149, 13, '2', 0, '', '', '', 0, '2008-01-01 00:00:00', '2008-01-01 00:00:00'),
(148, 13, '2', 0, '', '', '', 0, '2008-01-01 00:00:00', '2008-01-01 00:00:00'),
(147, 13, '2', 0, '', '', '', 0, '2008-01-01 00:00:00', '2008-01-01 00:00:00'),
(146, 13, '2', 0, '', '', '', 0, '2008-01-01 00:00:00', '2008-01-01 00:00:00'),
(145, 13, '2', 0, '', '', '', 0, '2008-01-01 00:00:00', '2008-01-01 00:00:00'),
(144, 13, '2', 0, '', '', '', 0, '2008-01-01 00:00:00', '2008-01-01 00:00:00'),
(143, 13, '2', 0, '', '', '', 0, '2008-01-01 00:00:00', '2008-01-01 00:00:00'),
(142, 13, '2', 0, '', '', '', 0, '2008-01-01 00:00:00', '2008-01-01 00:00:00'),
(141, 13, '2', 0, '', '', '', 0, '2008-01-01 00:00:00', '2008-01-01 00:00:00'),
(140, 13, '2', 0, '', '', '', 0, '2008-01-01 00:00:00', '2008-01-01 00:00:00'),
(139, 13, '2', 0, '', '', '', 0, '2008-01-01 00:00:00', '2008-01-01 00:00:00'),
(138, 13, '2', 0, '', '', '', 0, '2008-01-01 00:00:00', '2008-01-01 00:00:00'),
(137, 13, '2', 0, '', '', '', 0, '2008-01-01 00:00:00', '2008-01-01 00:00:00'),
(136, 13, '2', 0, '', '', '', 0, '2008-01-01 00:00:00', '2008-01-01 00:00:00'),
(135, 13, '2', 0, '', '', '', 0, '2008-01-01 00:00:00', '2008-01-01 00:00:00'),
(134, 12, '2', 0, '', '', '', 0, '2008-01-01 00:00:00', '2008-01-01 00:00:00'),
(133, 12, '2', 0, '', '', '', 0, '2008-01-01 00:00:00', '2008-01-01 00:00:00'),
(132, 12, '2', 0, '', '', '', 0, '2008-01-01 00:00:00', '2008-01-01 00:00:00'),
(131, 12, '2', 0, '', '', '', 0, '2008-01-01 00:00:00', '2008-01-01 00:00:00'),
(130, 12, '2', 0, '', '', '', 0, '2008-01-01 00:00:00', '2008-01-01 00:00:00'),
(129, 12, '2', 0, '', '', '', 0, '2008-01-01 00:00:00', '2008-01-01 00:00:00'),
(128, 12, '2', 0, '', '', '', 0, '2008-01-01 00:00:00', '2008-01-01 00:00:00'),
(127, 12, '2', 0, '', '', '', 0, '2008-01-01 00:00:00', '2008-01-01 00:00:00'),
(126, 12, '2', 0, '', '', '', 0, '2008-01-01 00:00:00', '2008-01-01 00:00:00'),
(125, 12, '2', 0, '', '', '', 0, '2008-01-01 00:00:00', '2008-01-01 00:00:00'),
(124, 12, '2', 0, '', '', '', 0, '2008-01-01 00:00:00', '2008-01-01 00:00:00'),
(123, 11, '2', 0, '', '', '', 0, '2008-01-01 00:00:00', '2008-01-01 00:00:00'),
(122, 11, '2', 0, '', '', '', 0, '2008-01-01 00:00:00', '2008-01-01 00:00:00'),
(121, 11, '2', 0, '', '', '', 0, '2008-01-01 00:00:00', '2008-01-01 00:00:00'),
(120, 11, '2', 0, '', '', '', 0, '2008-01-01 00:00:00', '2008-01-01 00:00:00'),
(119, 11, '2', 0, '', '', '', 0, '2008-01-01 00:00:00', '2008-01-01 00:00:00'),
(118, 11, '2', 0, '', '', '', 0, '2008-01-01 00:00:00', '2008-01-01 00:00:00'),
(117, 11, '2', 0, '', '', '', 0, '2008-01-01 00:00:00', '2008-01-01 00:00:00'),
(116, 11, '2', 0, '', '', '', 0, '2008-01-01 00:00:00', '2008-01-01 00:00:00'),
(115, 11, '2', 0, '', '', '', 0, '2008-01-01 00:00:00', '2008-01-01 00:00:00'),
(114, 11, '2', 0, '', '', '', 0, '2008-01-01 00:00:00', '2008-01-01 00:00:00'),
(113, 11, '2', 0, '', '', '', 0, '2008-01-01 00:00:00', '2008-01-01 00:00:00'),
(112, 11, '2', 0, '', '', '', 0, '2008-01-01 00:00:00', '2008-01-01 00:00:00'),
(111, 11, '2', 0, '', '', '', 0, '2008-01-01 00:00:00', '2008-01-01 00:00:00'),
(110, 10, '2', 0, '', '', '', 0, '2008-01-01 00:00:00', '2008-01-01 00:00:00'),
(109, 9, '2', 0, '', '', '', 0, '2008-01-01 00:00:00', '2008-01-01 00:00:00'),
(108, 9, '2', 0, '', '', '', 0, '2008-01-01 00:00:00', '2008-01-01 00:00:00'),
(107, 9, '2', 0, '', '', '', 0, '2008-01-01 00:00:00', '2008-01-01 00:00:00'),
(106, 9, '2', 0, '', '', '', 0, '2008-01-01 00:00:00', '2008-01-01 00:00:00'),
(105, 9, '2', 0, '', '', '', 0, '2008-01-01 00:00:00', '2008-01-01 00:00:00'),
(104, 9, '2', 0, '', '', '', 0, '2008-01-01 00:00:00', '2008-01-01 00:00:00'),
(103, 9, '2', 0, '', '', '', 0, '2008-01-01 00:00:00', '2008-01-01 00:00:00'),
(102, 9, '2', 0, '', '', '', 0, '2008-01-01 00:00:00', '2008-01-01 00:00:00'),
(101, 9, '2', 0, '', '', '', 0, '2008-01-01 00:00:00', '2008-01-01 00:00:00'),
(100, 9, '2', 0, '', '', '', 0, '2008-01-01 00:00:00', '2008-01-01 00:00:00'),
(99, 9, '2', 0, '', '', '', 0, '2008-01-01 00:00:00', '2008-01-01 00:00:00'),
(98, 9, '2', 0, '', '', '', 0, '2008-01-01 00:00:00', '2008-01-01 00:00:00'),
(97, 9, '2', 0, '', '', '', 0, '2008-01-01 00:00:00', '2008-01-01 00:00:00'),
(96, 8, '2', 0, '', '', '', 0, '2008-01-01 00:00:00', '2008-01-01 00:00:00'),
(95, 8, '2', 0, '', '', '', 0, '2008-01-01 00:00:00', '2008-01-01 00:00:00'),
(94, 8, '2', 0, '', '', '', 0, '2008-01-01 00:00:00', '2008-01-01 00:00:00'),
(93, 8, '2', 0, '', '', '', 0, '2008-01-01 00:00:00', '2008-01-01 00:00:00'),
(92, 8, '2', 0, '', '', '', 0, '2008-01-01 00:00:00', '2008-01-01 00:00:00'),
(91, 8, '2', 0, '', '', '', 0, '2008-01-01 00:00:00', '2008-01-01 00:00:00'),
(90, 8, '2', 0, '', '', '', 0, '2008-01-01 00:00:00', '2008-01-01 00:00:00'),
(89, 8, '2', 0, '', '', '', 0, '2008-01-01 00:00:00', '2008-01-01 00:00:00'),
(88, 8, '2', 0, '', '', '', 0, '2008-01-01 00:00:00', '2008-01-01 00:00:00'),
(87, 7, '2', 0, '', '', '', 0, '2008-01-01 00:00:00', '2008-01-01 00:00:00'),
(86, 7, '2', 0, '', '', '', 0, '2008-01-01 00:00:00', '2008-01-01 00:00:00'),
(85, 7, '2', 0, '', '', '', 0, '2008-01-01 00:00:00', '2008-01-01 00:00:00'),
(84, 7, '2', 0, '', '', '', 0, '2008-01-01 00:00:00', '2008-01-01 00:00:00'),
(83, 7, '2', 0, '', '', '', 0, '2008-01-01 00:00:00', '2008-01-01 00:00:00'),
(82, 7, '2', 0, '', '', '', 0, '2008-01-01 00:00:00', '2008-01-01 00:00:00'),
(81, 7, '2', 0, '', '', '', 0, '2008-01-01 00:00:00', '2008-01-01 00:00:00'),
(80, 7, '2', 0, '', '', '', 0, '2008-01-01 00:00:00', '2008-01-01 00:00:00'),
(79, 7, '2', 0, '', '', '', 0, '2008-01-01 00:00:00', '2008-01-01 00:00:00'),
(78, 7, '2', 0, '', '', '', 0, '2008-01-01 00:00:00', '2008-01-01 00:00:00'),
(77, 7, '2', 0, '', '', '', 0, '2008-01-01 00:00:00', '2008-01-01 00:00:00'),
(76, 7, '2', 0, '', '', '', 0, '2008-01-01 00:00:00', '2008-01-01 00:00:00'),
(75, 7, '2', 0, '', '', '', 0, '2008-01-01 00:00:00', '2008-01-01 00:00:00'),
(74, 7, '2', 0, '', '', '', 0, '2008-01-01 00:00:00', '2008-01-01 00:00:00'),
(73, 6, '2', 0, '', '', '', 0, '2008-01-01 00:00:00', '2008-01-01 00:00:00'),
(72, 6, '2', 0, '', '', '', 0, '2008-01-01 00:00:00', '2008-01-01 00:00:00'),
(71, 6, '2', 0, '', '', '', 0, '2008-01-01 00:00:00', '2008-01-01 00:00:00'),
(70, 6, '2', 0, '', '', '', 0, '2008-01-01 00:00:00', '2008-01-01 00:00:00'),
(69, 6, '2', 0, '', '', '', 0, '2008-01-01 00:00:00', '2008-01-01 00:00:00'),
(68, 6, '2', 0, '', '', '', 0, '2008-01-01 00:00:00', '2008-01-01 00:00:00'),
(67, 6, '2', 0, '', '', '', 0, '2008-01-01 00:00:00', '2008-01-01 00:00:00'),
(66, 6, '2', 0, '', '', '', 0, '2008-01-01 00:00:00', '2008-01-01 00:00:00'),
(65, 6, '2', 0, '', '', '', 0, '2008-01-01 00:00:00', '2008-01-01 00:00:00'),
(64, 6, '2', 0, '', '', '', 0, '2008-01-01 00:00:00', '2008-01-01 00:00:00'),
(63, 6, '2', 0, '', '', '', 0, '2008-01-01 00:00:00', '2008-01-01 00:00:00'),
(62, 6, '2', 0, '', '', '', 0, '2008-01-01 00:00:00', '2008-01-01 00:00:00'),
(61, 5, '2', 0, '', '', '', 0, '2008-01-01 00:00:00', '2008-01-01 00:00:00'),
(60, 5, '2', 0, '', '', '', 0, '2008-01-01 00:00:00', '2008-01-01 00:00:00'),
(59, 5, '2', 0, '', '', '', 0, '2008-01-01 00:00:00', '2008-01-01 00:00:00'),
(58, 5, '2', 0, '', '', '', 0, '2008-01-01 00:00:00', '2008-01-01 00:00:00'),
(57, 5, '2', 0, '', '', '', 0, '2008-01-01 00:00:00', '2008-01-01 00:00:00'),
(56, 5, '2', 0, '', '', '', 0, '2008-01-01 00:00:00', '2008-01-01 00:00:00'),
(55, 5, '2', 0, '', '', '', 0, '2008-01-01 00:00:00', '2008-01-01 00:00:00'),
(54, 5, '2', 0, '', '', '', 0, '2008-01-01 00:00:00', '2008-01-01 00:00:00'),
(53, 5, '2', 0, '', '', '', 0, '2008-01-01 00:00:00', '2008-01-01 00:00:00'),
(52, 5, '2', 0, '', '', '', 0, '2008-01-01 00:00:00', '2008-01-01 00:00:00'),
(51, 5, '2', 0, '', '', '', 0, '2008-01-01 00:00:00', '2008-01-01 00:00:00'),
(50, 5, '2', 0, '', '', '', 0, '2008-01-01 00:00:00', '2008-01-01 00:00:00'),
(49, 5, '2', 0, '', '', '', 0, '2008-01-01 00:00:00', '2008-01-01 00:00:00'),
(48, 5, '2', 0, '', '', '', 0, '2008-01-01 00:00:00', '2008-01-01 00:00:00'),
(47, 4, '2', 0, '', '', '', 0, '2008-01-01 00:00:00', '2008-01-01 00:00:00'),
(46, 4, '2', 0, '', '', '', 0, '2008-01-01 00:00:00', '2008-01-01 00:00:00'),
(45, 4, '2', 0, '', '', '', 0, '2008-01-01 00:00:00', '2008-01-01 00:00:00'),
(44, 4, '2', 0, '', '', '', 0, '2008-01-01 00:00:00', '2008-01-01 00:00:00'),
(43, 4, '2', 0, '', '', '', 0, '2008-01-01 00:00:00', '2008-01-01 00:00:00'),
(42, 4, '2', 0, '', '', '', 0, '2008-01-01 00:00:00', '2008-01-01 00:00:00'),
(41, 4, '2', 0, '', '', '', 0, '2008-01-01 00:00:00', '2008-01-01 00:00:00'),
(40, 4, '2', 0, '', '', '', 0, '2008-01-01 00:00:00', '2008-01-01 00:00:00'),
(39, 4, '2', 0, '', '', '', 0, '2008-01-01 00:00:00', '2008-01-01 00:00:00'),
(38, 4, '2', 0, '', '', '', 0, '2008-01-01 00:00:00', '2008-01-01 00:00:00'),
(37, 4, '2', 0, '', '', '', 0, '2008-01-01 00:00:00', '2008-01-01 00:00:00'),
(36, 3, '2', 0, '', '', '', 0, '2008-01-01 00:00:00', '2008-01-01 00:00:00'),
(35, 2, '2', 0, '', '', '', 0, '2008-01-01 00:00:00', '2008-01-01 00:00:00'),
(34, 1, '2', 0, '', '', '', 0, '2008-01-01 00:00:00', '2008-01-01 00:00:00'),
(33, 1, '2', 0, '', '', '', 0, '2008-01-01 00:00:00', '2008-01-01 00:00:00'),
(32, 1, '2', 0, '', '', '', 0, '2008-01-01 00:00:00', '2008-01-01 00:00:00'),
(31, 1, '2', 0, '', '', '', 0, '2008-01-01 00:00:00', '2008-01-01 00:00:00'),
(30, 1, '2', 0, '', '', '', 0, '2008-01-01 00:00:00', '2008-01-01 00:00:00'),
(29, 1, '2', 0, '', '', '', 0, '2008-01-01 00:00:00', '2008-01-01 00:00:00'),
(28, 1, '2', 0, '', '', '', 0, '2008-01-01 00:00:00', '2008-01-01 00:00:00'),
(27, 1, '2', 0, '', '', '', 0, '2008-01-01 00:00:00', '2008-01-01 00:00:00'),
(26, 1, '2', 0, '', '', '', 0, '2008-01-01 00:00:00', '2008-01-01 00:00:00'),
(25, 1, '2', 0, '', '', '', 0, '2008-01-01 00:00:00', '2008-01-01 00:00:00'),
(24, 1, '2', 0, '', '', '', 0, '2008-01-01 00:00:00', '2008-01-01 00:00:00'),
(23, 1, '2', 0, '', '', '', 0, '2008-01-01 00:00:00', '2008-01-01 00:00:00'),
(22, 1, '2', 0, '', '', '', 0, '2008-01-01 00:00:00', '2008-01-01 00:00:00'),
(21, 1, '2', 0, '', '', '', 0, '2008-01-01 00:00:00', '2008-01-01 00:00:00'),
(20, 1, '2', 0, '', '', '', 0, '2008-01-01 00:00:00', '2008-01-01 00:00:00'),
(19, 1, '2', 0, '', '', '', 0, '2008-01-01 00:00:00', '2008-01-01 00:00:00'),
(18, 1, '2', 0, '', '', '', 0, '2008-01-01 00:00:00', '2008-01-01 00:00:00'),
(17, 1, '2', 0, '', '', '', 0, '2008-01-01 00:00:00', '2008-01-01 00:00:00'),
(16, 1, '2', 0, '', '', '', 0, '2008-01-01 00:00:00', '2008-01-01 00:00:00'),
(15, 1, '2', 0, '', '', '', 0, '2008-01-01 00:00:00', '2008-01-01 00:00:00'),
(14, 1, '2', 0, '', '', '', 0, '2008-01-01 00:00:00', '2008-01-01 00:00:00'),
(13, 1, '2', 0, '', '', '', 0, '2008-01-01 00:00:00', '2008-01-01 00:00:00'),
(12, 1, '2', 0, '', '', '', 0, '2008-01-01 00:00:00', '2008-01-01 00:00:00'),
(11, 1, '2', 0, '', '', '', 0, '2008-01-01 00:00:00', '2008-01-01 00:00:00'),
(10, 1, '2', 0, '', '', '', 0, '2008-01-01 00:00:00', '2008-01-01 00:00:00'),
(9, 1, '2', 0, '', '', '', 0, '2008-01-01 00:00:00', '2008-01-01 00:00:00'),
(8, 1, '2', 0, '', '', '', 0, '2008-01-01 00:00:00', '2008-01-01 00:00:00'),
(7, 1, '2', 0, '', '', '', 0, '2008-01-01 00:00:00', '2008-01-01 00:00:00'),
(6, 1, '2', 0, '', '', '', 0, '2008-01-01 00:00:00', '2008-01-01 00:00:00'),
(5, 1, '2', 0, '', '', '', 0, '2008-01-01 00:00:00', '2008-01-01 00:00:00'),
(4, 1, '2', 0, '', '', '', 0, '2008-01-01 00:00:00', '2008-01-01 00:00:00'),
(3, 1, '2', 0, '', '', '', 0, '2008-01-01 00:00:00', '2008-01-01 00:00:00'),
(2, 1, '2', 0, '', '', '', 0, '2008-01-01 00:00:00', '2008-01-01 00:00:00'),
(1, 0, '2', 0, '', '', '', 0, '2008-01-01 00:00:00', '2009-04-13 02:10:05'),
(210, 18, '2', 0, '', '', '', 0, '2008-01-01 00:00:00', '2008-01-01 00:00:00'),
(211, 18, '2', 0, '', '', '', 0, '2008-01-01 00:00:00', '2008-01-01 00:00:00'),
(212, 18, '2', 0, '', '', '', 0, '2008-01-01 00:00:00', '2008-01-01 00:00:00'),
(213, 18, '2', 0, '', '', '', 0, '2008-01-01 00:00:00', '2008-01-01 00:00:00'),
(214, 18, '2', 0, '', '', '', 0, '2008-01-01 00:00:00', '2008-01-01 00:00:00'),
(215, 18, '2', 0, '', '', '', 0, '2008-01-01 00:00:00', '2008-01-01 00:00:00'),
(216, 18, '2', 0, '', '', '', 0, '2008-01-01 00:00:00', '2008-01-01 00:00:00'),
(217, 18, '2', 0, '', '', '', 0, '2008-01-01 00:00:00', '2008-01-01 00:00:00'),
(218, 18, '2', 0, '', '', '', 0, '2008-01-01 00:00:00', '2008-01-01 00:00:00'),
(219, 19, '2', 0, '', '', '', 0, '2008-01-01 00:00:00', '2008-01-01 00:00:00'),
(220, 19, '2', 0, '', '', '', 0, '2008-01-01 00:00:00', '2008-01-01 00:00:00'),
(221, 19, '2', 0, '', '', '', 0, '2008-01-01 00:00:00', '2008-01-01 00:00:00'),
(222, 19, '2', 0, '', '', '', 0, '2008-01-01 00:00:00', '2008-01-01 00:00:00'),
(223, 19, '2', 0, '', '', '', 0, '2008-01-01 00:00:00', '2008-01-01 00:00:00'),
(224, 19, '2', 0, '', '', '', 0, '2008-01-01 00:00:00', '2008-01-01 00:00:00'),
(225, 19, '2', 0, '', '', '', 0, '2008-01-01 00:00:00', '2008-01-01 00:00:00'),
(226, 19, '2', 0, '', '', '', 0, '2008-01-01 00:00:00', '2008-01-01 00:00:00'),
(227, 19, '2', 0, '', '', '', 0, '2008-01-01 00:00:00', '2008-01-01 00:00:00'),
(228, 19, '2', 0, '', '', '', 0, '2008-01-01 00:00:00', '2008-01-01 00:00:00'),
(229, 19, '2', 0, '', '', '', 0, '2008-01-01 00:00:00', '2008-01-01 00:00:00'),
(230, 19, '2', 0, '', '', '', 0, '2008-01-01 00:00:00', '2008-01-01 00:00:00'),
(231, 19, '2', 0, '', '', '', 0, '2008-01-01 00:00:00', '2008-01-01 00:00:00'),
(232, 19, '2', 0, '', '', '', 0, '2008-01-01 00:00:00', '2008-01-01 00:00:00'),
(233, 20, '2', 0, '', '', '', 0, '2008-01-01 00:00:00', '2008-01-01 00:00:00'),
(234, 20, '2', 0, '', '', '', 0, '2008-01-01 00:00:00', '2008-01-01 00:00:00'),
(235, 20, '2', 0, '', '', '', 0, '2008-01-01 00:00:00', '2008-01-01 00:00:00'),
(236, 20, '2', 0, '', '', '', 0, '2008-01-01 00:00:00', '2008-01-01 00:00:00'),
(237, 20, '2', 0, '', '', '', 0, '2008-01-01 00:00:00', '2008-01-01 00:00:00'),
(238, 20, '2', 0, '', '', '', 0, '2008-01-01 00:00:00', '2008-01-01 00:00:00'),
(239, 20, '2', 0, '', '', '', 0, '2008-01-01 00:00:00', '2008-01-01 00:00:00'),
(240, 20, '2', 0, '', '', '', 0, '2008-01-01 00:00:00', '2008-01-01 00:00:00'),
(241, 20, '2', 0, '', '', '', 0, '2008-01-01 00:00:00', '2008-01-01 00:00:00'),
(242, 20, '2', 0, '', '', '', 0, '2008-01-01 00:00:00', '2008-01-01 00:00:00'),
(243, 20, '2', 0, '', '', '', 0, '2008-01-01 00:00:00', '2008-01-01 00:00:00'),
(244, 20, '2', 0, '', '', '', 0, '2008-01-01 00:00:00', '2008-01-01 00:00:00'),
(245, 20, '2', 0, '', '', '', 0, '2008-01-01 00:00:00', '2008-01-01 00:00:00'),
(246, 20, '2', 0, '', '', '', 0, '2008-01-01 00:00:00', '2008-01-01 00:00:00'),
(247, 20, '2', 0, '', '', '', 0, '2008-01-01 00:00:00', '2008-01-01 00:00:00'),
(248, 20, '2', 0, '', '', '', 0, '2008-01-01 00:00:00', '2008-01-01 00:00:00'),
(249, 20, '2', 0, '', '', '', 0, '2008-01-01 00:00:00', '2008-01-01 00:00:00'),
(250, 20, '2', 0, '', '', '', 0, '2008-01-01 00:00:00', '2008-01-01 00:00:00'),
(251, 20, '2', 0, '', '', '', 0, '2008-01-01 00:00:00', '2008-01-01 00:00:00'),
(252, 20, '2', 0, '', '', '', 0, '2008-01-01 00:00:00', '2008-01-01 00:00:00'),
(253, 20, '2', 0, '', '', '', 0, '2008-01-01 00:00:00', '2008-01-01 00:00:00'),
(254, 21, '2', 0, '', '', '', 0, '2008-01-01 00:00:00', '2008-01-01 00:00:00'),
(255, 21, '2', 0, '', '', '', 0, '2008-01-01 00:00:00', '2008-01-01 00:00:00'),
(256, 21, '2', 0, '', '', '', 0, '2008-01-01 00:00:00', '2008-01-01 00:00:00'),
(257, 21, '2', 0, '', '', '', 0, '2008-01-01 00:00:00', '2008-01-01 00:00:00'),
(258, 21, '2', 0, '', '', '', 0, '2008-01-01 00:00:00', '2008-01-01 00:00:00'),
(259, 21, '2', 0, '', '', '', 0, '2008-01-01 00:00:00', '2008-01-01 00:00:00'),
(260, 21, '2', 0, '', '', '', 0, '2008-01-01 00:00:00', '2008-01-01 00:00:00'),
(261, 21, '2', 0, '', '', '', 0, '2008-01-01 00:00:00', '2008-01-01 00:00:00'),
(262, 21, '2', 0, '', '', '', 0, '2008-01-01 00:00:00', '2008-01-01 00:00:00'),
(263, 21, '2', 0, '', '', '', 0, '2008-01-01 00:00:00', '2008-01-01 00:00:00'),
(264, 21, '2', 0, '', '', '', 0, '2008-01-01 00:00:00', '2008-01-01 00:00:00'),
(265, 21, '2', 0, '', '', '', 0, '2008-01-01 00:00:00', '2008-01-01 00:00:00'),
(266, 21, '2', 0, '', '', '', 0, '2008-01-01 00:00:00', '2008-01-01 00:00:00'),
(267, 21, '2', 0, '', '', '', 0, '2008-01-01 00:00:00', '2008-01-01 00:00:00'),
(268, 22, '2', 0, '', '', '', 0, '2008-01-01 00:00:00', '2008-01-01 00:00:00'),
(269, 22, '2', 0, '', '', '', 0, '2008-01-01 00:00:00', '2008-01-01 00:00:00'),
(270, 22, '2', 0, '', '', '', 0, '2008-01-01 00:00:00', '2008-01-01 00:00:00'),
(271, 23, '2', 0, '', '', '', 0, '2008-01-01 00:00:00', '2008-01-01 00:00:00'),
(272, 24, '2', 0, '', '', '', 0, '2008-01-01 00:00:00', '2008-01-01 00:00:00'),
(273, 24, '2', 0, '', '', '', 0, '2008-01-01 00:00:00', '2008-01-01 00:00:00'),
(274, 24, '2', 0, '', '', '', 0, '2008-01-01 00:00:00', '2008-01-01 00:00:00'),
(275, 24, '2', 0, '', '', '', 0, '2008-01-01 00:00:00', '2008-01-01 00:00:00'),
(276, 24, '2', 0, '', '', '', 0, '2008-01-01 00:00:00', '2008-01-01 00:00:00'),
(277, 24, '2', 0, '', '', '', 0, '2008-01-01 00:00:00', '2008-01-01 00:00:00'),
(278, 24, '2', 0, '', '', '', 0, '2008-01-01 00:00:00', '2008-01-01 00:00:00'),
(279, 24, '2', 0, '', '', '', 0, '2008-01-01 00:00:00', '2008-01-01 00:00:00'),
(280, 24, '2', 0, '', '', '', 0, '2008-01-01 00:00:00', '2008-01-01 00:00:00'),
(281, 24, '2', 0, '', '', '', 0, '2008-01-01 00:00:00', '2008-01-01 00:00:00'),
(282, 24, '2', 0, '', '', '', 0, '2008-01-01 00:00:00', '2008-01-01 00:00:00'),
(283, 24, '2', 0, '', '', '', 0, '2008-01-01 00:00:00', '2008-01-01 00:00:00'),
(284, 24, '2', 0, '', '', '', 0, '2008-01-01 00:00:00', '2008-01-01 00:00:00'),
(285, 24, '2', 0, '', '', '', 0, '2008-01-01 00:00:00', '2008-01-01 00:00:00'),
(286, 24, '2', 0, '', '', '', 0, '2008-01-01 00:00:00', '2008-01-01 00:00:00'),
(287, 24, '2', 0, '', '', '', 0, '2008-01-01 00:00:00', '2008-01-01 00:00:00'),
(288, 24, '2', 0, '', '', '', 0, '2008-01-01 00:00:00', '2008-01-01 00:00:00'),
(289, 24, '2', 0, '', '', '', 0, '2008-01-01 00:00:00', '2008-01-01 00:00:00'),
(290, 24, '2', 0, '', '', '', 0, '2008-01-01 00:00:00', '2008-01-01 00:00:00'),
(291, 24, '2', 0, '', '', '', 0, '2008-01-01 00:00:00', '2008-01-01 00:00:00'),
(292, 24, '2', 0, '', '', '', 0, '2008-01-01 00:00:00', '2008-01-01 00:00:00'),
(293, 25, '2', 0, '', '', '', 0, '2008-01-01 00:00:00', '2008-01-01 00:00:00'),
(294, 25, '2', 0, '', '', '', 0, '2008-01-01 00:00:00', '2008-01-01 00:00:00'),
(295, 25, '2', 0, '', '', '', 0, '2008-01-01 00:00:00', '2008-01-01 00:00:00'),
(296, 25, '2', 0, '', '', '', 0, '2008-01-01 00:00:00', '2008-01-01 00:00:00'),
(297, 25, '2', 0, '', '', '', 0, '2008-01-01 00:00:00', '2008-01-01 00:00:00'),
(298, 25, '2', 0, '', '', '', 0, '2008-01-01 00:00:00', '2008-01-01 00:00:00'),
(299, 25, '2', 0, '', '', '', 0, '2008-01-01 00:00:00', '2008-01-01 00:00:00'),
(300, 25, '2', 0, '', '', '', 0, '2008-01-01 00:00:00', '2008-01-01 00:00:00'),
(301, 25, '2', 0, '', '', '', 0, '2008-01-01 00:00:00', '2008-01-01 00:00:00'),
(302, 26, '2', 0, '', '', '', 0, '2008-01-01 00:00:00', '2008-01-01 00:00:00'),
(303, 26, '2', 0, '', '', '', 0, '2008-01-01 00:00:00', '2008-01-01 00:00:00'),
(304, 26, '2', 0, '', '', '', 0, '2008-01-01 00:00:00', '2008-01-01 00:00:00'),
(305, 26, '2', 0, '', '', '', 0, '2008-01-01 00:00:00', '2008-01-01 00:00:00'),
(306, 26, '2', 0, '', '', '', 0, '2008-01-01 00:00:00', '2008-01-01 00:00:00'),
(307, 26, '2', 0, '', '', '', 0, '2008-01-01 00:00:00', '2008-01-01 00:00:00'),
(308, 26, '2', 0, '', '', '', 0, '2008-01-01 00:00:00', '2008-01-01 00:00:00'),
(309, 26, '2', 0, '', '', '', 0, '2008-01-01 00:00:00', '2008-01-01 00:00:00'),
(310, 26, '2', 0, '', '', '', 0, '2008-01-01 00:00:00', '2008-01-01 00:00:00'),
(311, 26, '2', 0, '', '', '', 0, '2008-01-01 00:00:00', '2008-01-01 00:00:00'),
(312, 26, '2', 0, '', '', '', 0, '2008-01-01 00:00:00', '2008-01-01 00:00:00'),
(313, 26, '2', 0, '', '', '', 0, '2008-01-01 00:00:00', '2008-01-01 00:00:00'),
(314, 26, '2', 0, '', '', '', 0, '2008-01-01 00:00:00', '2008-01-01 00:00:00'),
(315, 26, '2', 0, '', '', '', 0, '2008-01-01 00:00:00', '2008-01-01 00:00:00'),
(316, 26, '2', 0, '', '', '', 0, '2008-01-01 00:00:00', '2008-01-01 00:00:00'),
(317, 26, '2', 0, '', '', '', 0, '2008-01-01 00:00:00', '2008-01-01 00:00:00'),
(318, 27, '2', 0, '', '', '', 0, '2008-01-01 00:00:00', '2008-01-01 00:00:00'),
(319, 27, '2', 0, '', '', '', 0, '2008-01-01 00:00:00', '2008-01-01 00:00:00'),
(320, 27, '2', 0, '', '', '', 0, '2008-01-01 00:00:00', '2008-01-01 00:00:00'),
(321, 27, '2', 0, '', '', '', 0, '2008-01-01 00:00:00', '2008-01-01 00:00:00'),
(322, 27, '2', 0, '', '', '', 0, '2008-01-01 00:00:00', '2008-01-01 00:00:00'),
(323, 27, '2', 0, '', '', '', 0, '2008-01-01 00:00:00', '2008-01-01 00:00:00'),
(324, 27, '2', 0, '', '', '', 0, '2008-01-01 00:00:00', '2008-01-01 00:00:00'),
(325, 28, '2', 0, '', '', '', 0, '2008-01-01 00:00:00', '2008-01-01 00:00:00'),
(326, 28, '2', 0, '', '', '', 0, '2008-01-01 00:00:00', '2008-01-01 00:00:00'),
(327, 28, '2', 0, '', '', '', 0, '2008-01-01 00:00:00', '2008-01-01 00:00:00'),
(328, 28, '2', 0, '', '', '', 0, '2008-01-01 00:00:00', '2008-01-01 00:00:00'),
(329, 28, '2', 0, '', '', '', 0, '2008-01-01 00:00:00', '2008-01-01 00:00:00'),
(330, 28, '2', 0, '', '', '', 0, '2008-01-01 00:00:00', '2008-01-01 00:00:00'),
(331, 28, '2', 0, '', '', '', 0, '2008-01-01 00:00:00', '2008-01-01 00:00:00'),
(332, 28, '2', 0, '', '', '', 0, '2008-01-01 00:00:00', '2008-01-01 00:00:00'),
(333, 28, '2', 0, '', '', '', 0, '2008-01-01 00:00:00', '2008-01-01 00:00:00'),
(334, 28, '2', 0, '', '', '', 0, '2008-01-01 00:00:00', '2008-01-01 00:00:00'),
(335, 29, '2', 0, '', '', '', 0, '2008-01-01 00:00:00', '2008-01-01 00:00:00'),
(336, 29, '2', 0, '', '', '', 0, '2008-01-01 00:00:00', '2008-01-01 00:00:00'),
(337, 29, '2', 0, '', '', '', 0, '2008-01-01 00:00:00', '2008-01-01 00:00:00'),
(338, 29, '2', 0, '', '', '', 0, '2008-01-01 00:00:00', '2008-01-01 00:00:00'),
(339, 29, '2', 0, '', '', '', 0, '2008-01-01 00:00:00', '2008-01-01 00:00:00'),
(340, 29, '2', 0, '', '', '', 0, '2008-01-01 00:00:00', '2008-01-01 00:00:00'),
(341, 29, '2', 0, '', '', '', 0, '2008-01-01 00:00:00', '2008-01-01 00:00:00'),
(342, 29, '2', 0, '', '', '', 0, '2008-01-01 00:00:00', '2008-01-01 00:00:00'),
(343, 29, '2', 0, '', '', '', 0, '2008-01-01 00:00:00', '2008-01-01 00:00:00'),
(344, 29, '2', 0, '', '', '', 0, '2008-01-01 00:00:00', '2008-01-01 00:00:00'),
(345, 29, '2', 0, '', '', '', 0, '2008-01-01 00:00:00', '2008-01-01 00:00:00'),
(346, 29, '2', 0, '', '', '', 0, '2008-01-01 00:00:00', '2008-01-01 00:00:00'),
(347, 29, '2', 0, '', '', '', 0, '2008-01-01 00:00:00', '2008-01-01 00:00:00'),
(348, 29, '2', 0, '', '', '', 0, '2008-01-01 00:00:00', '2008-01-01 00:00:00'),
(349, 30, '2', 0, '', '', '', 0, '2008-01-01 00:00:00', '2008-01-01 00:00:00'),
(350, 30, '2', 0, '', '', '', 0, '2008-01-01 00:00:00', '2008-01-01 00:00:00'),
(351, 30, '2', 0, '', '', '', 0, '2008-01-01 00:00:00', '2008-01-01 00:00:00'),
(352, 30, '2', 0, '', '', '', 0, '2008-01-01 00:00:00', '2008-01-01 00:00:00'),
(353, 30, '2', 0, '', '', '', 0, '2008-01-01 00:00:00', '2008-01-01 00:00:00'),
(354, 30, '2', 0, '', '', '', 0, '2008-01-01 00:00:00', '2008-01-01 00:00:00'),
(355, 30, '2', 0, '', '', '', 0, '2008-01-01 00:00:00', '2008-01-01 00:00:00'),
(356, 30, '2', 0, '', '', '', 0, '2008-01-01 00:00:00', '2008-01-01 00:00:00'),
(357, 31, '2', 0, '', '', '', 0, '2008-01-01 00:00:00', '2008-01-01 00:00:00'),
(358, 31, '2', 0, '', '', '', 0, '2008-01-01 00:00:00', '2008-01-01 00:00:00'),
(359, 31, '2', 0, '', '', '', 0, '2008-01-01 00:00:00', '2008-01-01 00:00:00'),
(360, 31, '2', 0, '', '', '', 0, '2008-01-01 00:00:00', '2008-01-01 00:00:00'),
(361, 31, '2', 0, '', '', '', 0, '2008-01-01 00:00:00', '2008-01-01 00:00:00'),
(362, 32, '2', 0, '', '', '', 0, '2008-01-01 00:00:00', '2008-01-01 00:00:00'),
(363, 32, '2', 0, '', '', '', 0, '2008-01-01 00:00:00', '2008-01-01 00:00:00'),
(364, 32, '2', 0, '', '', '', 0, '2008-01-01 00:00:00', '2008-01-01 00:00:00'),
(365, 32, '2', 0, '', '', '', 0, '2008-01-01 00:00:00', '2008-01-01 00:00:00'),
(366, 32, '2', 0, '', '', '', 0, '2008-01-01 00:00:00', '2008-01-01 00:00:00'),
(367, 32, '2', 0, '', '', '', 0, '2008-01-01 00:00:00', '2008-01-01 00:00:00'),
(368, 32, '2', 0, '', '', '', 0, '2008-01-01 00:00:00', '2008-01-01 00:00:00'),
(369, 32, '2', 0, '', '', '', 0, '2008-01-01 00:00:00', '2008-01-01 00:00:00'),
(370, 32, '2', 0, '', '', '', 0, '2008-01-01 00:00:00', '2008-01-01 00:00:00'),
(371, 32, '2', 0, '', '', '', 0, '2008-01-01 00:00:00', '2008-01-01 00:00:00'),
(372, 32, '2', 0, '', '', '', 0, '2008-01-01 00:00:00', '2008-01-01 00:00:00'),
(373, 32, '2', 0, '', '', '', 0, '2008-01-01 00:00:00', '2008-01-01 00:00:00'),
(374, 32, '2', 0, '', '', '', 0, '2008-01-01 00:00:00', '2008-01-01 00:00:00'),
(375, 32, '2', 0, '', '', '', 0, '2008-01-01 00:00:00', '2008-01-01 00:00:00'),
(376, 33, '2', 0, '', '', '', 0, '2008-01-01 00:00:00', '2008-01-01 00:00:00'),
(377, 33, '2', 0, '', '', '', 0, '2008-01-01 00:00:00', '2008-01-01 00:00:00'),
(378, 33, '2', 0, '', '', '', 0, '2008-01-01 00:00:00', '2008-01-01 00:00:00'),
(379, 33, '2', 0, '', '', '', 0, '2008-01-01 00:00:00', '2008-01-01 00:00:00'),
(380, 33, '2', 0, '', '', '', 0, '2008-01-01 00:00:00', '2008-01-01 00:00:00'),
(381, 33, '2', 0, '', '', '', 0, '2008-01-01 00:00:00', '2008-01-01 00:00:00'),
(382, 33, '2', 0, '', '', '', 0, '2008-01-01 00:00:00', '2008-01-01 00:00:00'),
(383, 33, '2', 0, '', '', '', 0, '2008-01-01 00:00:00', '2008-01-01 00:00:00'),
(384, 33, '2', 0, '', '', '', 0, '2008-01-01 00:00:00', '2008-01-01 00:00:00'),
(385, 33, '2', 0, '', '', '', 0, '2008-01-01 00:00:00', '2008-01-01 00:00:00'),
(386, 33, '2', 0, '', '', '', 0, '2008-01-01 00:00:00', '2008-01-01 00:00:00'),
(387, 33, '2', 0, '', '', '', 0, '2008-01-01 00:00:00', '2008-01-01 00:00:00'),
(388, 33, '2', 0, '', '', '', 0, '2008-01-01 00:00:00', '2008-01-01 00:00:00'),
(389, 33, '2', 0, '', '', '', 0, '2008-01-01 00:00:00', '2008-01-01 00:00:00'),
(390, 33, '2', 0, '', '', '', 0, '2008-01-01 00:00:00', '2008-01-01 00:00:00'),
(391, 33, '2', 0, '', '', '', 0, '2008-01-01 00:00:00', '2008-01-01 00:00:00'),
(392, 33, '2', 0, '', '', '', 0, '2008-01-01 00:00:00', '2008-01-01 00:00:00'),
(393, 33, '2', 0, '', '', '', 0, '2008-01-01 00:00:00', '2008-01-01 00:00:00'),
(394, 34, '2', 0, '', '', '', 0, '2008-01-01 00:00:00', '2008-01-01 00:00:00'),
(395, 34, '2', 0, '', '', '', 0, '2008-01-01 00:00:00', '2008-01-01 00:00:00'),
(396, 34, '2', 0, '', '', '', 0, '2008-01-01 00:00:00', '2008-01-01 00:00:00'),
(397, 34, '2', 0, '', '', '', 0, '2008-01-01 00:00:00', '2008-01-01 00:00:00'),
(398, 34, '2', 0, '', '', '', 0, '2008-01-01 00:00:00', '2008-01-01 00:00:00'),
(399, 34, '2', 0, '', '', '', 0, '2008-01-01 00:00:00', '2008-01-01 00:00:00'),
(400, 34, '2', 0, '', '', '', 0, '2008-01-01 00:00:00', '2008-01-01 00:00:00'),
(401, 34, '2', 0, '', '', '', 0, '2008-01-01 00:00:00', '2008-01-01 00:00:00'),
(402, 34, '2', 0, '', '', '', 0, '2008-01-01 00:00:00', '2008-01-01 00:00:00'),
(403, 34, '2', 0, '', '', '', 0, '2008-01-01 00:00:00', '2008-01-01 00:00:00'),
(404, 34, '2', 0, '', '', '', 0, '2008-01-01 00:00:00', '2008-01-01 00:00:00'),
(405, 34, '2', 0, '', '', '', 0, '2008-01-01 00:00:00', '2008-01-01 00:00:00'),
(406, 34, '2', 0, '', '', '', 0, '2008-01-01 00:00:00', '2008-01-01 00:00:00'),
(407, 34, '2', 0, '', '', '', 0, '2008-01-01 00:00:00', '2008-01-01 00:00:00'),
(408, 34, '2', 0, '', '', '', 0, '2008-01-01 00:00:00', '2008-01-01 00:00:00'),
(409, 34, '2', 0, '', '', '', 0, '2008-01-01 00:00:00', '2008-01-01 00:00:00'),
(410, 34, '2', 0, '', '', '', 0, '2008-01-01 00:00:00', '2008-01-01 00:00:00'),
(411, 34, '2', 0, '', '', '', 0, '2008-01-01 00:00:00', '2008-01-01 00:00:00'),
(412, 34, '2', 0, '', '', '', 0, '2008-01-01 00:00:00', '2008-01-01 00:00:00'),
(413, 34, '2', 0, '', '', '', 0, '2008-01-01 00:00:00', '2008-01-01 00:00:00'),
(414, 34, '2', 0, '', '', '', 0, '2008-01-01 00:00:00', '2008-01-01 00:00:00'),
(415, 34, '2', 0, '', '', '', 0, '2008-01-01 00:00:00', '2008-01-01 00:00:00'),
(416, 34, '2', 0, '', '', '', 0, '2008-01-01 00:00:00', '2008-01-01 00:00:00'),
(417, 35, '2', 0, '', '', '', 0, '2008-01-01 00:00:00', '2008-01-01 00:00:00'),
(418, 35, '2', 0, '', '', '', 0, '2008-01-01 00:00:00', '2008-01-01 00:00:00');

--
-- 导出表中的数据 `svcart_region_i18ns`
--

INSERT INTO `svcart_region_i18ns` (`id`, `locale`, `region_id`, `name`, `description`, `created`, `modified`) VALUES
(873, 'chi', 179, '济宁', '', '2008-01-01 00:00:00', '2008-01-01 00:00:00'),
(872, 'chi', 180, '泰安', '', '2008-01-01 00:00:00', '2008-01-01 00:00:00'),
(871, 'chi', 181, '威海', '', '2008-01-01 00:00:00', '2008-01-01 00:00:00'),
(870, 'chi', 182, '日照', '', '2008-01-01 00:00:00', '2008-01-01 00:00:00'),
(869, 'chi', 183, '莱芜', '', '2008-01-01 00:00:00', '2008-01-01 00:00:00'),
(868, 'chi', 184, '临沂', '', '2008-01-01 00:00:00', '2008-01-01 00:00:00'),
(867, 'chi', 185, '德州', '', '2008-01-01 00:00:00', '2008-01-01 00:00:00'),
(866, 'chi', 186, '聊城', '', '2008-01-01 00:00:00', '2008-01-01 00:00:00'),
(865, 'chi', 187, '滨州', '', '2008-01-01 00:00:00', '2008-01-01 00:00:00'),
(864, 'chi', 188, '荷泽', '', '2008-01-01 00:00:00', '2008-01-01 00:00:00'),
(863, 'chi', 189, '郑州', '', '2008-01-01 00:00:00', '2008-01-01 00:00:00'),
(862, 'chi', 190, '开封', '', '2008-01-01 00:00:00', '2008-01-01 00:00:00'),
(861, 'chi', 191, '洛阳', '', '2008-01-01 00:00:00', '2008-01-01 00:00:00'),
(860, 'chi', 192, '平顶山', '', '2008-01-01 00:00:00', '2008-01-01 00:00:00'),
(859, 'chi', 193, '焦作', '', '2008-01-01 00:00:00', '2008-01-01 00:00:00'),
(858, 'chi', 194, '鹤壁', '', '2008-01-01 00:00:00', '2008-01-01 00:00:00'),
(857, 'chi', 195, '新乡', '', '2008-01-01 00:00:00', '2008-01-01 00:00:00'),
(856, 'chi', 196, '安阳', '', '2008-01-01 00:00:00', '2008-01-01 00:00:00'),
(855, 'chi', 197, '濮阳', '', '2008-01-01 00:00:00', '2008-01-01 00:00:00'),
(854, 'chi', 198, '许昌', '', '2008-01-01 00:00:00', '2008-01-01 00:00:00'),
(853, 'chi', 199, '漯河', '', '2008-01-01 00:00:00', '2008-01-01 00:00:00'),
(852, 'chi', 200, '三门峡', '', '2008-01-01 00:00:00', '2008-01-01 00:00:00'),
(851, 'chi', 201, '南阳', '', '2008-01-01 00:00:00', '2008-01-01 00:00:00'),
(850, 'chi', 202, '商丘', '', '2008-01-01 00:00:00', '2008-01-01 00:00:00'),
(849, 'chi', 203, '信阳', '', '2008-01-01 00:00:00', '2008-01-01 00:00:00'),
(848, 'chi', 204, '周口', '', '2008-01-01 00:00:00', '2008-01-01 00:00:00'),
(847, 'chi', 205, '驻马店', '', '2008-01-01 00:00:00', '2008-01-01 00:00:00'),
(846, 'chi', 206, '武汉', '', '2008-01-01 00:00:00', '2008-01-01 00:00:00'),
(845, 'chi', 207, '黄石', '', '2008-01-01 00:00:00', '2008-01-01 00:00:00'),
(843, 'chi', 209, '十堰', '', '2008-01-01 00:00:00', '2008-01-01 00:00:00'),
(844, 'chi', 208, '襄樊', '', '2008-01-01 00:00:00', '2008-01-01 00:00:00'),
(1238, 'chi', 396, '基隆市', '', '2008-01-01 00:00:00', '2008-01-01 00:00:00'),
(1237, 'chi', 395, '高雄市', '', '2008-01-01 00:00:00', '2008-01-01 00:00:00'),
(1236, 'chi', 394, '台北市', '', '2008-01-01 00:00:00', '2008-01-01 00:00:00'),
(1235, 'chi', 393, '元朗区', '', '2008-01-01 00:00:00', '2008-01-01 00:00:00'),
(1234, 'chi', 392, '荃湾区', '', '2008-01-01 00:00:00', '2008-01-01 00:00:00'),
(1233, 'chi', 391, '大埔区', '', '2008-01-01 00:00:00', '2008-01-01 00:00:00'),
(1232, 'chi', 390, '屯门区', '', '2008-01-01 00:00:00', '2008-01-01 00:00:00'),
(1231, 'chi', 389, '沙田区', '', '2008-01-01 00:00:00', '2008-01-01 00:00:00'),
(1230, 'chi', 388, '西贡区', '', '2008-01-01 00:00:00', '2008-01-01 00:00:00'),
(1229, 'chi', 387, '北区', '', '2008-01-01 00:00:00', '2008-01-01 00:00:00'),
(1228, 'chi', 386, '葵青区', '', '2008-01-01 00:00:00', '2008-01-01 00:00:00'),
(1227, 'chi', 385, '离岛区', '', '2008-01-01 00:00:00', '2008-01-01 00:00:00'),
(1226, 'chi', 384, '油尖旺区', '', '2008-01-01 00:00:00', '2008-01-01 00:00:00'),
(1225, 'chi', 383, '湾仔区', '', '2008-01-01 00:00:00', '2008-01-01 00:00:00'),
(1224, 'chi', 382, '黄大仙区', '', '2008-01-01 00:00:00', '2008-01-01 00:00:00'),
(1223, 'chi', 381, '深水埗区', '', '2008-01-01 00:00:00', '2008-01-01 00:00:00'),
(1222, 'chi', 380, '南区', '', '2008-01-01 00:00:00', '2008-01-01 00:00:00'),
(1221, 'chi', 379, '观塘区', '', '2008-01-01 00:00:00', '2008-01-01 00:00:00'),
(1220, 'chi', 378, '九龙城区', '', '2008-01-01 00:00:00', '2008-01-01 00:00:00'),
(1219, 'chi', 377, '东区', '', '2008-01-01 00:00:00', '2008-01-01 00:00:00'),
(1218, 'chi', 376, '中西区', '', '2008-01-01 00:00:00', '2008-01-01 00:00:00'),
(1217, 'chi', 375, '阿勒泰', '', '2008-01-01 00:00:00', '2008-01-01 00:00:00'),
(1216, 'chi', 374, '塔城', '', '2008-01-01 00:00:00', '2008-01-01 00:00:00'),
(1215, 'chi', 373, '伊犁', '', '2008-01-01 00:00:00', '2008-01-01 00:00:00'),
(1214, 'chi', 372, '博尔塔拉', '', '2008-01-01 00:00:00', '2008-01-01 00:00:00'),
(1213, 'chi', 371, '昌吉', '', '2008-01-01 00:00:00', '2008-01-01 00:00:00'),
(1212, 'chi', 370, '巴音郭楞', '', '2008-01-01 00:00:00', '2008-01-01 00:00:00'),
(1211, 'chi', 369, '克孜勒苏', '', '2008-01-01 00:00:00', '2008-01-01 00:00:00'),
(1210, 'chi', 368, '喀什', '', '2008-01-01 00:00:00', '2008-01-01 00:00:00'),
(1209, 'chi', 367, '阿克苏地区', '', '2008-01-01 00:00:00', '2008-01-01 00:00:00'),
(1208, 'chi', 366, '和田', '', '2008-01-01 00:00:00', '2008-01-01 00:00:00'),
(1207, 'chi', 365, '哈密', '', '2008-01-01 00:00:00', '2008-01-01 00:00:00'),
(1206, 'chi', 364, '吐露番', '', '2008-01-01 00:00:00', '2008-01-01 00:00:00'),
(1205, 'chi', 363, '克拉玛依', '', '2008-01-01 00:00:00', '2008-01-01 00:00:00'),
(1204, 'chi', 362, '乌鲁木齐', '', '2008-01-01 00:00:00', '2008-01-01 00:00:00'),
(1203, 'chi', 361, '中卫市', '', '2008-01-01 00:00:00', '2008-01-01 00:00:00'),
(1202, 'chi', 360, '固原', '', '2008-01-01 00:00:00', '2008-01-01 00:00:00'),
(1201, 'chi', 359, '吴忠', '', '2008-01-01 00:00:00', '2008-01-01 00:00:00'),
(1200, 'chi', 358, '石嘴山', '', '2008-01-01 00:00:00', '2008-01-01 00:00:00'),
(1199, 'chi', 357, '银川', '', '2008-01-01 00:00:00', '2008-01-01 00:00:00'),
(1198, 'chi', 356, '海西', '', '2008-01-01 00:00:00', '2008-01-01 00:00:00'),
(1197, 'chi', 355, '玉树', '', '2008-01-01 00:00:00', '2008-01-01 00:00:00'),
(1196, 'chi', 354, '果洛', '', '2008-01-01 00:00:00', '2008-01-01 00:00:00'),
(1195, 'chi', 353, '海南', '', '2008-01-01 00:00:00', '2008-01-01 00:00:00'),
(1194, 'chi', 352, '黄南', '', '2008-01-01 00:00:00', '2008-01-01 00:00:00'),
(1193, 'chi', 351, '海北', '', '2008-01-01 00:00:00', '2008-01-01 00:00:00'),
(1192, 'chi', 350, '海东', '', '2008-01-01 00:00:00', '2008-01-01 00:00:00'),
(1191, 'chi', 349, '西宁', '', '2008-01-01 00:00:00', '2008-01-01 00:00:00'),
(1190, 'chi', 348, '甘南', '', '2008-01-01 00:00:00', '2008-01-01 00:00:00'),
(1189, 'chi', 347, '临夏', '', '2008-01-01 00:00:00', '2008-01-01 00:00:00'),
(1188, 'chi', 346, '陇南', '', '2008-01-01 00:00:00', '2008-01-01 00:00:00'),
(1187, 'chi', 345, '定西', '', '2008-01-01 00:00:00', '2008-01-01 00:00:00'),
(1186, 'chi', 344, '庆阳', '', '2008-01-01 00:00:00', '2008-01-01 00:00:00'),
(1185, 'chi', 343, '酒泉', '', '2008-01-01 00:00:00', '2008-01-01 00:00:00'),
(1184, 'chi', 342, '平凉', '', '2008-01-01 00:00:00', '2008-01-01 00:00:00'),
(1183, 'chi', 341, '张掖', '', '2008-01-01 00:00:00', '2008-01-01 00:00:00'),
(1182, 'chi', 340, '武威', '', '2008-01-01 00:00:00', '2008-01-01 00:00:00'),
(1181, 'chi', 339, '天水', '', '2008-01-01 00:00:00', '2008-01-01 00:00:00'),
(1180, 'chi', 338, '白银', '', '2008-01-01 00:00:00', '2008-01-01 00:00:00'),
(1179, 'chi', 337, '金昌', '', '2008-01-01 00:00:00', '2008-01-01 00:00:00'),
(1178, 'chi', 336, '嘉峪关', '', '2008-01-01 00:00:00', '2008-01-01 00:00:00'),
(1177, 'chi', 335, '兰州', '', '2008-01-01 00:00:00', '2008-01-01 00:00:00'),
(1176, 'chi', 334, '商洛', '', '2008-01-01 00:00:00', '2008-01-01 00:00:00'),
(1175, 'chi', 333, '安康', '', '2008-01-01 00:00:00', '2008-01-01 00:00:00'),
(1174, 'chi', 332, '榆林', '', '2008-01-01 00:00:00', '2008-01-01 00:00:00'),
(1173, 'chi', 331, '汉中', '', '2008-01-01 00:00:00', '2008-01-01 00:00:00'),
(1172, 'chi', 330, '延安', '', '2008-01-01 00:00:00', '2008-01-01 00:00:00'),
(1171, 'chi', 329, '渭南', '', '2008-01-01 00:00:00', '2008-01-01 00:00:00'),
(1170, 'chi', 328, '咸阳', '', '2008-01-01 00:00:00', '2008-01-01 00:00:00'),
(1169, 'chi', 327, '宝鸡', '', '2008-01-01 00:00:00', '2008-01-01 00:00:00'),
(1168, 'chi', 326, '铜川', '', '2008-01-01 00:00:00', '2008-01-01 00:00:00'),
(1167, 'chi', 325, '西安', '', '2008-01-01 00:00:00', '2008-01-01 00:00:00'),
(1166, 'chi', 324, '林芝', '', '2008-01-01 00:00:00', '2008-01-01 00:00:00'),
(1165, 'chi', 323, '阿里', '', '2008-01-01 00:00:00', '2008-01-01 00:00:00'),
(1164, 'chi', 322, '那曲', '', '2008-01-01 00:00:00', '2008-01-01 00:00:00'),
(1163, 'chi', 321, '日喀则', '', '2008-01-01 00:00:00', '2008-01-01 00:00:00'),
(1162, 'chi', 320, '山南', '', '2008-01-01 00:00:00', '2008-01-01 00:00:00'),
(1161, 'chi', 319, '昌都', '', '2008-01-01 00:00:00', '2008-01-01 00:00:00'),
(1160, 'chi', 318, '拉萨', '', '2008-01-01 00:00:00', '2008-01-01 00:00:00'),
(1159, 'chi', 317, '迪庆', '', '2008-01-01 00:00:00', '2008-01-01 00:00:00'),
(1158, 'chi', 316, '怒江', '', '2008-01-01 00:00:00', '2008-01-01 00:00:00'),
(1157, 'chi', 315, '德宏', '', '2008-01-01 00:00:00', '2008-01-01 00:00:00'),
(1156, 'chi', 314, '大理', '', '2008-01-01 00:00:00', '2008-01-01 00:00:00'),
(1155, 'chi', 313, '楚雄', '', '2008-01-01 00:00:00', '2008-01-01 00:00:00'),
(1154, 'chi', 312, '西双版纳', '', '2008-01-01 00:00:00', '2008-01-01 00:00:00'),
(1153, 'chi', 311, '红河', '', '2008-01-01 00:00:00', '2008-01-01 00:00:00'),
(1152, 'chi', 310, '文山', '', '2008-01-01 00:00:00', '2008-01-01 00:00:00'),
(1151, 'chi', 309, '临沧', '', '2008-01-01 00:00:00', '2008-01-01 00:00:00'),
(1150, 'chi', 308, '思茅', '', '2008-01-01 00:00:00', '2008-01-01 00:00:00'),
(1149, 'chi', 307, '丽江', '', '2008-01-01 00:00:00', '2008-01-01 00:00:00'),
(1148, 'chi', 306, '昭通', '', '2008-01-01 00:00:00', '2008-01-01 00:00:00'),
(1147, 'chi', 305, '保山', '', '2008-01-01 00:00:00', '2008-01-01 00:00:00'),
(1146, 'chi', 304, '玉溪', '', '2008-01-01 00:00:00', '2008-01-01 00:00:00'),
(1145, 'chi', 303, '曲靖', '', '2008-01-01 00:00:00', '2008-01-01 00:00:00'),
(1144, 'chi', 302, '昆明', '', '2008-01-01 00:00:00', '2008-01-01 00:00:00'),
(1143, 'chi', 301, '黔南', '', '2008-01-01 00:00:00', '2008-01-01 00:00:00'),
(1142, 'chi', 300, '黔东南', '', '2008-01-01 00:00:00', '2008-01-01 00:00:00'),
(1141, 'chi', 299, '黔西南', '', '2008-01-01 00:00:00', '2008-01-01 00:00:00'),
(1140, 'chi', 298, '毕节', '', '2008-01-01 00:00:00', '2008-01-01 00:00:00'),
(1139, 'chi', 297, '铜仁', '', '2008-01-01 00:00:00', '2008-01-01 00:00:00'),
(1138, 'chi', 296, '安顺', '', '2008-01-01 00:00:00', '2008-01-01 00:00:00'),
(1137, 'chi', 295, '遵义', '', '2008-01-01 00:00:00', '2008-01-01 00:00:00'),
(1136, 'chi', 294, '六盘水', '', '2008-01-01 00:00:00', '2008-01-01 00:00:00'),
(1135, 'chi', 293, '贵阳', '', '2008-01-01 00:00:00', '2008-01-01 00:00:00'),
(1134, 'chi', 292, '凉山', '', '2008-01-01 00:00:00', '2008-01-01 00:00:00'),
(1133, 'chi', 291, '甘孜', '', '2008-01-01 00:00:00', '2008-01-01 00:00:00'),
(1132, 'chi', 290, '阿坝', '', '2008-01-01 00:00:00', '2008-01-01 00:00:00'),
(1131, 'chi', 289, '资阳', '', '2008-01-01 00:00:00', '2008-01-01 00:00:00'),
(1130, 'chi', 288, '巴中', '', '2008-01-01 00:00:00', '2008-01-01 00:00:00'),
(1129, 'chi', 287, '雅安', '', '2008-01-01 00:00:00', '2008-01-01 00:00:00'),
(1128, 'chi', 286, '眉山', '', '2008-01-01 00:00:00', '2008-01-01 00:00:00'),
(1127, 'chi', 285, '达州', '', '2008-01-01 00:00:00', '2008-01-01 00:00:00'),
(1126, 'chi', 284, '广安', '', '2008-01-01 00:00:00', '2008-01-01 00:00:00'),
(1125, 'chi', 283, '宜宾', '', '2008-01-01 00:00:00', '2008-01-01 00:00:00'),
(1124, 'chi', 282, '南充', '', '2008-01-01 00:00:00', '2008-01-01 00:00:00'),
(1123, 'chi', 281, '乐山', '', '2008-01-01 00:00:00', '2008-01-01 00:00:00'),
(1122, 'chi', 280, '内江', '', '2008-01-01 00:00:00', '2008-01-01 00:00:00'),
(1121, 'chi', 279, '遂宁', '', '2008-01-01 00:00:00', '2008-01-01 00:00:00'),
(1120, 'chi', 278, '广元', '', '2008-01-01 00:00:00', '2008-01-01 00:00:00'),
(1119, 'chi', 277, '绵阳', '', '2008-01-01 00:00:00', '2008-01-01 00:00:00'),
(1118, 'chi', 276, '德阳', '', '2008-01-01 00:00:00', '2008-01-01 00:00:00'),
(1117, 'chi', 275, '泸州', '', '2008-01-01 00:00:00', '2008-01-01 00:00:00'),
(1116, 'chi', 274, '攀枝花', '', '2008-01-01 00:00:00', '2008-01-01 00:00:00'),
(1115, 'chi', 273, '自贡', '', '2008-01-01 00:00:00', '2008-01-01 00:00:00'),
(1114, 'chi', 272, '成都', '', '2008-01-01 00:00:00', '2008-01-01 00:00:00'),
(1113, 'chi', 271, '重庆', '', '2008-01-01 00:00:00', '2008-01-01 00:00:00'),
(1112, 'chi', 270, '其他', '', '2008-01-01 00:00:00', '2008-01-01 00:00:00'),
(1111, 'chi', 269, '三亚', '', '2008-01-01 00:00:00', '2008-01-01 00:00:00'),
(1110, 'chi', 268, '海口', '', '2008-01-01 00:00:00', '2008-01-01 00:00:00'),
(1109, 'chi', 267, '崇左', '', '2008-01-01 00:00:00', '2008-01-01 00:00:00'),
(1108, 'chi', 266, '来宾', '', '2008-01-01 00:00:00', '2008-01-01 00:00:00'),
(1107, 'chi', 265, '河池', '', '2008-01-01 00:00:00', '2008-01-01 00:00:00'),
(1106, 'chi', 264, '贺州', '', '2008-01-01 00:00:00', '2008-01-01 00:00:00'),
(1105, 'chi', 263, '百色', '', '2008-01-01 00:00:00', '2008-01-01 00:00:00'),
(1104, 'chi', 262, '玉林', '', '2008-01-01 00:00:00', '2008-01-01 00:00:00'),
(1103, 'chi', 261, '贵港', '', '2008-01-01 00:00:00', '2008-01-01 00:00:00'),
(1102, 'chi', 260, '钦州', '', '2008-01-01 00:00:00', '2008-01-01 00:00:00'),
(1101, 'chi', 259, '防城港', '', '2008-01-01 00:00:00', '2008-01-01 00:00:00'),
(1100, 'chi', 258, '北海', '', '2008-01-01 00:00:00', '2008-01-01 00:00:00'),
(1099, 'chi', 257, '梧州', '', '2008-01-01 00:00:00', '2008-01-01 00:00:00'),
(1098, 'chi', 256, '桂林', '', '2008-01-01 00:00:00', '2008-01-01 00:00:00'),
(1097, 'chi', 255, '柳州', '', '2008-01-01 00:00:00', '2008-01-01 00:00:00'),
(1096, 'chi', 254, '南宁', '', '2008-01-01 00:00:00', '2008-01-01 00:00:00'),
(1095, 'chi', 253, '云浮', '', '2008-01-01 00:00:00', '2008-01-01 00:00:00'),
(1094, 'chi', 252, '揭阳', '', '2008-01-01 00:00:00', '2008-01-01 00:00:00'),
(1093, 'chi', 251, '潮州', '', '2008-01-01 00:00:00', '2008-01-01 00:00:00'),
(1092, 'chi', 250, '中山', '', '2008-01-01 00:00:00', '2008-01-01 00:00:00'),
(1091, 'chi', 249, '东莞', '', '2008-01-01 00:00:00', '2008-01-01 00:00:00'),
(1090, 'chi', 248, '清远', '', '2008-01-01 00:00:00', '2008-01-01 00:00:00'),
(1089, 'chi', 247, '阳江', '', '2008-01-01 00:00:00', '2008-01-01 00:00:00'),
(1088, 'chi', 246, '河源', '', '2008-01-01 00:00:00', '2008-01-01 00:00:00'),
(1087, 'chi', 245, '汕尾', '', '2008-01-01 00:00:00', '2008-01-01 00:00:00'),
(1086, 'chi', 244, '梅州', '', '2008-01-01 00:00:00', '2008-01-01 00:00:00'),
(1085, 'chi', 243, '惠州', '', '2008-01-01 00:00:00', '2008-01-01 00:00:00'),
(1084, 'chi', 242, '肇庆', '', '2008-01-01 00:00:00', '2008-01-01 00:00:00'),
(1083, 'chi', 241, '茂名', '', '2008-01-01 00:00:00', '2008-01-01 00:00:00'),
(1082, 'chi', 240, '湛江', '', '2008-01-01 00:00:00', '2008-01-01 00:00:00'),
(1081, 'chi', 239, '江门', '', '2008-01-01 00:00:00', '2008-01-01 00:00:00'),
(1080, 'chi', 238, '佛山', '', '2008-01-01 00:00:00', '2008-01-01 00:00:00'),
(1079, 'chi', 237, '韶关', '', '2008-01-01 00:00:00', '2008-01-01 00:00:00'),
(1078, 'chi', 236, '汕头', '', '2008-01-01 00:00:00', '2008-01-01 00:00:00'),
(1077, 'chi', 235, '珠海', '', '2008-01-01 00:00:00', '2008-01-01 00:00:00'),
(1076, 'chi', 234, '深圳', '', '2008-01-01 00:00:00', '2008-01-01 00:00:00'),
(1075, 'chi', 233, '广州', '', '2008-01-01 00:00:00', '2008-01-01 00:00:00'),
(1074, 'chi', 232, '湘西', '', '2008-01-01 00:00:00', '2008-01-01 00:00:00'),
(1073, 'chi', 231, '娄底', '', '2008-01-01 00:00:00', '2008-01-01 00:00:00'),
(1072, 'chi', 230, '怀化', '', '2008-01-01 00:00:00', '2008-01-01 00:00:00'),
(1071, 'chi', 229, '永州', '', '2008-01-01 00:00:00', '2008-01-01 00:00:00'),
(1070, 'chi', 228, '郴州', '', '2008-01-01 00:00:00', '2008-01-01 00:00:00'),
(1069, 'chi', 227, '益阳', '', '2008-01-01 00:00:00', '2008-01-01 00:00:00'),
(1068, 'chi', 226, '张家界', '', '2008-01-01 00:00:00', '2008-01-01 00:00:00'),
(1067, 'chi', 225, '常德', '', '2008-01-01 00:00:00', '2008-01-01 00:00:00'),
(1066, 'chi', 224, '岳阳', '', '2008-01-01 00:00:00', '2008-01-01 00:00:00'),
(1065, 'chi', 223, '邵阳', '', '2008-01-01 00:00:00', '2008-01-01 00:00:00'),
(1064, 'chi', 222, '衡阳', '', '2008-01-01 00:00:00', '2008-01-01 00:00:00'),
(1063, 'chi', 221, '湘潭', '', '2008-01-01 00:00:00', '2008-01-01 00:00:00'),
(1062, 'chi', 220, '株洲', '', '2008-01-01 00:00:00', '2008-01-01 00:00:00'),
(1061, 'chi', 219, '长沙', '', '2008-01-01 00:00:00', '2008-01-01 00:00:00'),
(1060, 'chi', 218, '恩施', '', '2008-01-01 00:00:00', '2008-01-01 00:00:00'),
(1059, 'chi', 217, '随州', '', '2008-01-01 00:00:00', '2008-01-01 00:00:00'),
(1058, 'chi', 216, '咸宁', '', '2008-01-01 00:00:00', '2008-01-01 00:00:00'),
(1057, 'chi', 215, '黄冈', '', '2008-01-01 00:00:00', '2008-01-01 00:00:00'),
(1056, 'chi', 214, '孝感', '', '2008-01-01 00:00:00', '2008-01-01 00:00:00'),
(1055, 'chi', 213, '鄂州', '', '2008-01-01 00:00:00', '2008-01-01 00:00:00'),
(1054, 'chi', 212, '荆门', '', '2008-01-01 00:00:00', '2008-01-01 00:00:00'),
(1053, 'chi', 211, '宜昌', '', '2008-01-01 00:00:00', '2008-01-01 00:00:00'),
(1052, 'chi', 210, '荆州', '', '2008-01-01 00:00:00', '2008-01-01 00:00:00'),
(1051, 'chi', 1, '中国', '', '2008-01-01 00:00:00', '2009-04-13 02:10:05'),
(1050, 'chi', 2, '北京', '', '2008-01-01 00:00:00', '2008-01-01 00:00:00'),
(1049, 'chi', 3, '天津', '', '2008-01-01 00:00:00', '2008-01-01 00:00:00'),
(1048, 'chi', 4, '河北', '', '2008-01-01 00:00:00', '2008-01-01 00:00:00'),
(1047, 'chi', 5, '山西', '', '2008-01-01 00:00:00', '2008-01-01 00:00:00'),
(1046, 'chi', 6, '内蒙古', '', '2008-01-01 00:00:00', '2008-01-01 00:00:00'),
(1045, 'chi', 7, '辽宁', '', '2008-01-01 00:00:00', '2008-01-01 00:00:00'),
(1044, 'chi', 8, '吉林', '', '2008-01-01 00:00:00', '2008-01-01 00:00:00'),
(1043, 'chi', 9, '黑龙江', '', '2008-01-01 00:00:00', '2008-01-01 00:00:00'),
(1042, 'chi', 10, '上海', '', '2008-01-01 00:00:00', '2008-01-01 00:00:00'),
(1041, 'chi', 11, '江苏', '', '2008-01-01 00:00:00', '2008-01-01 00:00:00'),
(1040, 'chi', 12, '浙江', '', '2008-01-01 00:00:00', '2008-01-01 00:00:00'),
(1039, 'chi', 13, '安徽', '', '2008-01-01 00:00:00', '2008-01-01 00:00:00'),
(1038, 'chi', 14, '福建', '', '2008-01-01 00:00:00', '2008-01-01 00:00:00'),
(1037, 'chi', 15, '江西', '', '2008-01-01 00:00:00', '2008-01-01 00:00:00'),
(1036, 'chi', 16, '山东', '', '2008-01-01 00:00:00', '2008-01-01 00:00:00'),
(1035, 'chi', 17, '河南', '', '2008-01-01 00:00:00', '2008-01-01 00:00:00'),
(1034, 'chi', 18, '湖北', '', '2008-01-01 00:00:00', '2008-01-01 00:00:00'),
(1033, 'chi', 19, '湖南', '', '2008-01-01 00:00:00', '2008-01-01 00:00:00'),
(1032, 'chi', 20, '广东', '', '2008-01-01 00:00:00', '2008-01-01 00:00:00'),
(1031, 'chi', 21, '广西', '', '2008-01-01 00:00:00', '2008-01-01 00:00:00'),
(1030, 'chi', 22, '海南', '', '2008-01-01 00:00:00', '2008-01-01 00:00:00'),
(1029, 'chi', 23, '重庆', '', '2008-01-01 00:00:00', '2008-01-01 00:00:00'),
(1028, 'chi', 24, '四川', '', '2008-01-01 00:00:00', '2008-01-01 00:00:00'),
(1027, 'chi', 25, '贵州', '', '2008-01-01 00:00:00', '2008-01-01 00:00:00'),
(1026, 'chi', 26, '云南', '', '2008-01-01 00:00:00', '2008-01-01 00:00:00'),
(1025, 'chi', 27, '西藏', '', '2008-01-01 00:00:00', '2008-01-01 00:00:00'),
(1024, 'chi', 28, '陕西', '', '2008-01-01 00:00:00', '2008-01-01 00:00:00'),
(1023, 'chi', 29, '甘肃', '', '2008-01-01 00:00:00', '2008-01-01 00:00:00'),
(1022, 'chi', 30, '青海', '', '2008-01-01 00:00:00', '2008-01-01 00:00:00'),
(1021, 'chi', 31, '宁夏', '', '2008-01-01 00:00:00', '2008-01-01 00:00:00'),
(1020, 'chi', 32, '新疆', '', '2008-01-01 00:00:00', '2008-01-01 00:00:00'),
(1019, 'chi', 33, '香港', '', '2008-01-01 00:00:00', '2008-01-01 00:00:00'),
(1018, 'chi', 34, '台湾', '', '2008-01-01 00:00:00', '2008-01-01 00:00:00'),
(1017, 'chi', 35, '北京', '', '2008-01-01 00:00:00', '2008-01-01 00:00:00'),
(1016, 'chi', 36, '天津', '', '2008-01-01 00:00:00', '2008-01-01 00:00:00'),
(1015, 'chi', 37, '石家庄', '', '2008-01-01 00:00:00', '2008-01-01 00:00:00'),
(1014, 'chi', 38, '唐山', '', '2008-01-01 00:00:00', '2008-01-01 00:00:00'),
(1013, 'chi', 39, '秦皇岛', '', '2008-01-01 00:00:00', '2008-01-01 00:00:00'),
(1012, 'chi', 40, '邯郸', '', '2008-01-01 00:00:00', '2008-01-01 00:00:00'),
(1011, 'chi', 41, '邢台', '', '2008-01-01 00:00:00', '2008-01-01 00:00:00'),
(1010, 'chi', 42, '保定', '', '2008-01-01 00:00:00', '2008-01-01 00:00:00'),
(1009, 'chi', 43, '张家口', '', '2008-01-01 00:00:00', '2008-01-01 00:00:00'),
(1008, 'chi', 44, '承德', '', '2008-01-01 00:00:00', '2008-01-01 00:00:00'),
(1007, 'chi', 45, '沧州', '', '2008-01-01 00:00:00', '2008-01-01 00:00:00'),
(1006, 'chi', 46, '廊坊', '', '2008-01-01 00:00:00', '2008-01-01 00:00:00'),
(1005, 'chi', 47, '衡水', '', '2008-01-01 00:00:00', '2008-01-01 00:00:00'),
(1004, 'chi', 48, '太原', '', '2008-01-01 00:00:00', '2008-01-01 00:00:00'),
(1003, 'chi', 49, '大同', '', '2008-01-01 00:00:00', '2008-01-01 00:00:00'),
(1002, 'chi', 50, '阳泉', '', '2008-01-01 00:00:00', '2008-01-01 00:00:00'),
(1001, 'chi', 51, '长治', '', '2008-01-01 00:00:00', '2008-01-01 00:00:00'),
(1000, 'chi', 52, '晋城', '', '2008-01-01 00:00:00', '2008-01-01 00:00:00'),
(999, 'chi', 53, '朔州', '', '2008-01-01 00:00:00', '2008-01-01 00:00:00'),
(998, 'chi', 54, '晋中', '', '2008-01-01 00:00:00', '2008-01-01 00:00:00'),
(997, 'chi', 55, '运城', '', '2008-01-01 00:00:00', '2008-01-01 00:00:00'),
(996, 'chi', 56, '忻州', '', '2008-01-01 00:00:00', '2008-01-01 00:00:00'),
(995, 'chi', 57, '临汾', '', '2008-01-01 00:00:00', '2008-01-01 00:00:00'),
(994, 'chi', 58, '吕梁', '', '2008-01-01 00:00:00', '2008-01-01 00:00:00'),
(993, 'chi', 59, '侯马', '', '2008-01-01 00:00:00', '2008-01-01 00:00:00'),
(992, 'chi', 60, '五台山', '', '2008-01-01 00:00:00', '2008-01-01 00:00:00'),
(991, 'chi', 61, '离石', '', '2008-01-01 00:00:00', '2008-01-01 00:00:00'),
(990, 'chi', 62, '呼和浩特', '', '2008-01-01 00:00:00', '2008-01-01 00:00:00'),
(989, 'chi', 63, '包头', '', '2008-01-01 00:00:00', '2008-01-01 00:00:00'),
(988, 'chi', 64, '乌海', '', '2008-01-01 00:00:00', '2008-01-01 00:00:00'),
(987, 'chi', 65, '赤峰', '', '2008-01-01 00:00:00', '2008-01-01 00:00:00'),
(986, 'chi', 66, '通辽', '', '2008-01-01 00:00:00', '2008-01-01 00:00:00'),
(985, 'chi', 67, '鄂尔多斯', '', '2008-01-01 00:00:00', '2008-01-01 00:00:00'),
(984, 'chi', 68, '呼伦贝尔', '', '2008-01-01 00:00:00', '2008-01-01 00:00:00'),
(983, 'chi', 69, '巴彦淖尔市', '', '2008-01-01 00:00:00', '2008-01-01 00:00:00'),
(982, 'chi', 70, '乌兰察布市', '', '2008-01-01 00:00:00', '2008-01-01 00:00:00'),
(981, 'chi', 71, '兴安盟', '', '2008-01-01 00:00:00', '2008-01-01 00:00:00'),
(980, 'chi', 72, '锡林郭勒盟', '', '2008-01-01 00:00:00', '2008-01-01 00:00:00'),
(979, 'chi', 73, '阿拉善盟', '', '2008-01-01 00:00:00', '2008-01-01 00:00:00'),
(978, 'chi', 74, '沈阳', '', '2008-01-01 00:00:00', '2008-01-01 00:00:00'),
(977, 'chi', 75, '大连', '', '2008-01-01 00:00:00', '2008-01-01 00:00:00'),
(976, 'chi', 76, '鞍山', '', '2008-01-01 00:00:00', '2008-01-01 00:00:00'),
(975, 'chi', 77, '抚顺', '', '2008-01-01 00:00:00', '2008-01-01 00:00:00'),
(974, 'chi', 78, '本溪', '', '2008-01-01 00:00:00', '2008-01-01 00:00:00'),
(973, 'chi', 79, '丹东', '', '2008-01-01 00:00:00', '2008-01-01 00:00:00'),
(972, 'chi', 80, '锦州', '', '2008-01-01 00:00:00', '2008-01-01 00:00:00'),
(971, 'chi', 81, '营口', '', '2008-01-01 00:00:00', '2008-01-01 00:00:00'),
(970, 'chi', 82, '阜新', '', '2008-01-01 00:00:00', '2008-01-01 00:00:00'),
(969, 'chi', 83, '辽阳', '', '2008-01-01 00:00:00', '2008-01-01 00:00:00'),
(968, 'chi', 84, '盘锦', '', '2008-01-01 00:00:00', '2008-01-01 00:00:00'),
(967, 'chi', 85, '铁岭', '', '2008-01-01 00:00:00', '2008-01-01 00:00:00'),
(966, 'chi', 86, '朝阳', '', '2008-01-01 00:00:00', '2008-01-01 00:00:00'),
(965, 'chi', 87, '葫芦岛市', '', '2008-01-01 00:00:00', '2008-01-01 00:00:00'),
(964, 'chi', 88, '长春', '', '2008-01-01 00:00:00', '2008-01-01 00:00:00'),
(963, 'chi', 89, '吉林', '', '2008-01-01 00:00:00', '2008-01-01 00:00:00'),
(962, 'chi', 90, '四平', '', '2008-01-01 00:00:00', '2008-01-01 00:00:00'),
(961, 'chi', 91, '辽源', '', '2008-01-01 00:00:00', '2008-01-01 00:00:00'),
(960, 'chi', 92, '通化', '', '2008-01-01 00:00:00', '2008-01-01 00:00:00'),
(959, 'chi', 93, '白山', '', '2008-01-01 00:00:00', '2008-01-01 00:00:00'),
(958, 'chi', 94, '松原', '', '2008-01-01 00:00:00', '2008-01-01 00:00:00'),
(957, 'chi', 95, '白城', '', '2008-01-01 00:00:00', '2008-01-01 00:00:00'),
(956, 'chi', 96, '延边', '', '2008-01-01 00:00:00', '2008-01-01 00:00:00'),
(955, 'chi', 97, '哈尔滨', '', '2008-01-01 00:00:00', '2008-01-01 00:00:00'),
(954, 'chi', 98, '齐齐哈尔', '', '2008-01-01 00:00:00', '2008-01-01 00:00:00'),
(953, 'chi', 99, '鸡西', '', '2008-01-01 00:00:00', '2008-01-01 00:00:00'),
(952, 'chi', 100, '鹤岗', '', '2008-01-01 00:00:00', '2008-01-01 00:00:00'),
(951, 'chi', 101, '双鸭山', '', '2008-01-01 00:00:00', '2008-01-01 00:00:00'),
(950, 'chi', 102, '大庆', '', '2008-01-01 00:00:00', '2008-01-01 00:00:00'),
(949, 'chi', 103, '伊春', '', '2008-01-01 00:00:00', '2008-01-01 00:00:00'),
(948, 'chi', 104, '佳木斯', '', '2008-01-01 00:00:00', '2008-01-01 00:00:00'),
(947, 'chi', 105, '七台河', '', '2008-01-01 00:00:00', '2008-01-01 00:00:00'),
(946, 'chi', 106, '牡丹江', '', '2008-01-01 00:00:00', '2008-01-01 00:00:00'),
(945, 'chi', 107, '黑河', '', '2008-01-01 00:00:00', '2008-01-01 00:00:00'),
(944, 'chi', 108, '绥化', '', '2008-01-01 00:00:00', '2008-01-01 00:00:00'),
(943, 'chi', 109, '大兴安岭', '', '2008-01-01 00:00:00', '2008-01-01 00:00:00'),
(942, 'chi', 110, '上海', '', '2008-01-01 00:00:00', '2008-01-01 00:00:00'),
(941, 'chi', 111, '南京', '', '2008-01-01 00:00:00', '2008-01-01 00:00:00'),
(940, 'chi', 112, '无锡', '', '2008-01-01 00:00:00', '2008-01-01 00:00:00'),
(939, 'chi', 113, '徐州', '', '2008-01-01 00:00:00', '2008-01-01 00:00:00'),
(938, 'chi', 114, '常州', '', '2008-01-01 00:00:00', '2008-01-01 00:00:00'),
(937, 'chi', 115, '苏州', '', '2008-01-01 00:00:00', '2008-01-01 00:00:00'),
(936, 'chi', 116, '南通', '', '2008-01-01 00:00:00', '2008-01-01 00:00:00'),
(935, 'chi', 117, '连云港', '', '2008-01-01 00:00:00', '2008-01-01 00:00:00'),
(934, 'chi', 118, '淮安', '', '2008-01-01 00:00:00', '2008-01-01 00:00:00'),
(933, 'chi', 119, '盐城', '', '2008-01-01 00:00:00', '2008-01-01 00:00:00'),
(932, 'chi', 120, '扬州', '', '2008-01-01 00:00:00', '2008-01-01 00:00:00'),
(931, 'chi', 121, '镇江', '', '2008-01-01 00:00:00', '2008-01-01 00:00:00'),
(930, 'chi', 122, '泰州', '', '2008-01-01 00:00:00', '2008-01-01 00:00:00'),
(929, 'chi', 123, '宿迁', '', '2008-01-01 00:00:00', '2008-01-01 00:00:00'),
(928, 'chi', 124, '杭州', '', '2008-01-01 00:00:00', '2008-01-01 00:00:00'),
(927, 'chi', 125, '宁波', '', '2008-01-01 00:00:00', '2008-01-01 00:00:00'),
(926, 'chi', 126, '温州', '', '2008-01-01 00:00:00', '2008-01-01 00:00:00'),
(925, 'chi', 127, '嘉兴', '', '2008-01-01 00:00:00', '2008-01-01 00:00:00'),
(924, 'chi', 128, '湖州', '', '2008-01-01 00:00:00', '2008-01-01 00:00:00'),
(923, 'chi', 129, '绍兴', '', '2008-01-01 00:00:00', '2008-01-01 00:00:00'),
(922, 'chi', 130, '金华', '', '2008-01-01 00:00:00', '2008-01-01 00:00:00'),
(921, 'chi', 131, '衢州', '', '2008-01-01 00:00:00', '2008-01-01 00:00:00'),
(920, 'chi', 132, '舟山', '', '2008-01-01 00:00:00', '2008-01-01 00:00:00'),
(919, 'chi', 133, '台州', '', '2008-01-01 00:00:00', '2008-01-01 00:00:00'),
(918, 'chi', 134, '丽水', '', '2008-01-01 00:00:00', '2008-01-01 00:00:00'),
(917, 'chi', 135, '合肥', '', '2008-01-01 00:00:00', '2008-01-01 00:00:00'),
(916, 'chi', 136, '芜湖', '', '2008-01-01 00:00:00', '2008-01-01 00:00:00'),
(915, 'chi', 137, '蚌埠', '', '2008-01-01 00:00:00', '2008-01-01 00:00:00'),
(914, 'chi', 138, '淮南', '', '2008-01-01 00:00:00', '2008-01-01 00:00:00'),
(913, 'chi', 139, '马鞍山', '', '2008-01-01 00:00:00', '2008-01-01 00:00:00'),
(912, 'chi', 140, '淮北', '', '2008-01-01 00:00:00', '2008-01-01 00:00:00'),
(911, 'chi', 141, '铜陵', '', '2008-01-01 00:00:00', '2008-01-01 00:00:00'),
(910, 'chi', 142, '安庆', '', '2008-01-01 00:00:00', '2008-01-01 00:00:00'),
(909, 'chi', 143, '黄山', '', '2008-01-01 00:00:00', '2008-01-01 00:00:00'),
(908, 'chi', 144, '滁州', '', '2008-01-01 00:00:00', '2008-01-01 00:00:00'),
(907, 'chi', 145, '阜阳', '', '2008-01-01 00:00:00', '2008-01-01 00:00:00'),
(906, 'chi', 146, '宿州', '', '2008-01-01 00:00:00', '2008-01-01 00:00:00'),
(905, 'chi', 147, '巢湖', '', '2008-01-01 00:00:00', '2008-01-01 00:00:00'),
(904, 'chi', 148, '六安', '', '2008-01-01 00:00:00', '2008-01-01 00:00:00'),
(903, 'chi', 149, '亳州', '', '2008-01-01 00:00:00', '2008-01-01 00:00:00'),
(902, 'chi', 150, '池州', '', '2008-01-01 00:00:00', '2008-01-01 00:00:00'),
(901, 'chi', 151, '宣城', '', '2008-01-01 00:00:00', '2008-01-01 00:00:00'),
(900, 'chi', 152, '福州', '', '2008-01-01 00:00:00', '2008-01-01 00:00:00'),
(899, 'chi', 153, '厦门', '', '2008-01-01 00:00:00', '2008-01-01 00:00:00'),
(898, 'chi', 154, '莆田', '', '2008-01-01 00:00:00', '2008-01-01 00:00:00'),
(897, 'chi', 155, '三明', '', '2008-01-01 00:00:00', '2008-01-01 00:00:00'),
(896, 'chi', 156, '泉州', '', '2008-01-01 00:00:00', '2008-01-01 00:00:00'),
(895, 'chi', 157, '漳州', '', '2008-01-01 00:00:00', '2008-01-01 00:00:00'),
(894, 'chi', 158, '南平', '', '2008-01-01 00:00:00', '2008-01-01 00:00:00'),
(893, 'chi', 159, '龙岩', '', '2008-01-01 00:00:00', '2008-01-01 00:00:00'),
(892, 'chi', 160, '宁德', '', '2008-01-01 00:00:00', '2008-01-01 00:00:00'),
(891, 'chi', 161, '南昌', '', '2008-01-01 00:00:00', '2008-01-01 00:00:00'),
(890, 'chi', 162, '景德镇', '', '2008-01-01 00:00:00', '2008-01-01 00:00:00'),
(889, 'chi', 163, '萍乡', '', '2008-01-01 00:00:00', '2008-01-01 00:00:00'),
(888, 'chi', 164, '九江', '', '2008-01-01 00:00:00', '2008-01-01 00:00:00'),
(887, 'chi', 165, '新余', '', '2008-01-01 00:00:00', '2008-01-01 00:00:00'),
(886, 'chi', 166, '鹰潭', '', '2008-01-01 00:00:00', '2008-01-01 00:00:00'),
(885, 'chi', 167, '赣州', '', '2008-01-01 00:00:00', '2008-01-01 00:00:00'),
(884, 'chi', 168, '吉安', '', '2008-01-01 00:00:00', '2008-01-01 00:00:00'),
(883, 'chi', 169, '宜春', '', '2008-01-01 00:00:00', '2008-01-01 00:00:00'),
(882, 'chi', 170, '抚州', '', '2008-01-01 00:00:00', '2008-01-01 00:00:00'),
(881, 'chi', 171, '上饶', '', '2008-01-01 00:00:00', '2008-01-01 00:00:00'),
(880, 'chi', 172, '济南', '', '2008-01-01 00:00:00', '2008-01-01 00:00:00'),
(879, 'chi', 173, '青岛', '', '2008-01-01 00:00:00', '2008-01-01 00:00:00'),
(878, 'chi', 174, '淄博', '', '2008-01-01 00:00:00', '2008-01-01 00:00:00'),
(877, 'chi', 175, '枣庄', '', '2008-01-01 00:00:00', '2008-01-01 00:00:00'),
(876, 'chi', 176, '东营', '', '2008-01-01 00:00:00', '2008-01-01 00:00:00'),
(875, 'chi', 177, '烟台', '', '2008-01-01 00:00:00', '2008-01-01 00:00:00'),
(874, 'chi', 178, '潍坊', '', '2008-01-01 00:00:00', '2008-01-01 00:00:00'),
(1239, 'chi', 397, '台中市', '', '2008-01-01 00:00:00', '2008-01-01 00:00:00'),
(1240, 'chi', 398, '台南市', '', '2008-01-01 00:00:00', '2008-01-01 00:00:00'),
(1241, 'chi', 399, '新竹市', '', '2008-01-01 00:00:00', '2008-01-01 00:00:00'),
(1242, 'chi', 400, '嘉义市', '', '2008-01-01 00:00:00', '2008-01-01 00:00:00'),
(1243, 'chi', 401, '台北县', '', '2008-01-01 00:00:00', '2008-01-01 00:00:00'),
(1244, 'chi', 402, '宜兰县', '', '2008-01-01 00:00:00', '2008-01-01 00:00:00'),
(1245, 'chi', 403, '桃园县', '', '2008-01-01 00:00:00', '2008-01-01 00:00:00'),
(1246, 'chi', 404, '新竹县', '', '2008-01-01 00:00:00', '2008-01-01 00:00:00'),
(1247, 'chi', 405, '苗栗县', '', '2008-01-01 00:00:00', '2008-01-01 00:00:00'),
(1248, 'chi', 406, '台中县', '', '2008-01-01 00:00:00', '2008-01-01 00:00:00'),
(1249, 'chi', 407, '彰化县', '', '2008-01-01 00:00:00', '2008-01-01 00:00:00'),
(1250, 'chi', 408, '南投县', '', '2008-01-01 00:00:00', '2008-01-01 00:00:00'),
(1251, 'chi', 409, '云林县', '', '2008-01-01 00:00:00', '2008-01-01 00:00:00'),
(1252, 'chi', 410, '嘉义县', '', '2008-01-01 00:00:00', '2008-01-01 00:00:00'),
(1253, 'chi', 411, '台南县', '', '2008-01-01 00:00:00', '2008-01-01 00:00:00'),
(1254, 'chi', 412, '高雄县', '', '2008-01-01 00:00:00', '2008-01-01 00:00:00'),
(1255, 'chi', 413, '屏东县', '', '2008-01-01 00:00:00', '2008-01-01 00:00:00'),
(1256, 'chi', 414, '澎湖县', '', '2008-01-01 00:00:00', '2008-01-01 00:00:00'),
(1257, 'chi', 415, '台东县', '', '2008-01-01 00:00:00', '2008-01-01 00:00:00'),
(1258, 'chi', 416, '花莲县', '', '2008-01-01 00:00:00', '2008-01-01 00:00:00'),
(1259, 'chi', 417, '三环以内包括亚运村', '', '2008-01-01 00:00:00', '2008-01-01 00:00:00'),
(1260, 'chi', 418, '三环外四环内', '', '2008-01-01 00:00:00', '2008-01-01 00:00:00');

--
-- 导出表中的数据 `svcart_sessions`
--


--
-- 导出表中的数据 `svcart_shippings`
--

INSERT INTO `svcart_shippings` (`id`, `store_id`, `code`, `insure`, `support_cod`, `status`, `php_code`, `orderby`, `insure_fee`, `version`, `created`, `modified`) VALUES
(1, 0, 'cac', '0', '1', '1', '', 0, 0.00, '', '2008-01-01 00:00:00', '2008-01-01 00:00:00'),
(2, 0, 'flat', '0', '0', '1', '', 0, 0.00, '', '2008-01-01 00:00:00', '2008-01-01 00:00:00'),
(10, 0, '', '0', '0', '0', NULL, 0, 0.00, '', '2008-01-01 00:00:00', '2008-01-01 00:00:00'),
(11, 0, 'usps', '1', '0', '1', '', 0, 10001.00, '', '2008-01-01 00:00:00', '2009-06-10 13:55:09');

--
-- 导出表中的数据 `svcart_shipping_areas`
--


--
-- 导出表中的数据 `svcart_shipping_area_i18ns`
--


--
-- 导出表中的数据 `svcart_shipping_area_regions`
--


--
-- 导出表中的数据 `svcart_shipping_i18ns`
--

INSERT INTO `svcart_shipping_i18ns` (`id`, `locale`, `shipping_id`, `name`, `description`, `param`, `created`, `modified`) VALUES
(1, 'chi', 1, '门店取货', '不支持货到付款', '', '2008-01-01 00:00:00', '2009-07-16 09:02:05'),
(2, 'chi', 2, '送货上门', '支持货到付款', '', '2008-01-01 00:00:00', '2009-07-16 09:00:15'),
(9, 'chi', 10, 'EMS', 'EMS', 'EMSEMS', '2008-01-01 00:00:00', '2009-07-16 08:58:00'),
(11, 'chi', 11, 'UPS', 'UPS', 'UPS', '2008-01-01 00:00:00', '2009-07-16 09:01:10');

--
-- 导出表中的数据 `svcart_sitemaps`
--

INSERT INTO `svcart_sitemaps` (`id`, `name`, `orderby`, `cycle`, `url`, `type`, `status`, `created`, `modified`) VALUES
(1, 'sv-cart', '1.0', 'monthly', '/', '', '1', '2009-06-19 11:03:13', '2009-06-19 11:03:13'),
(2, '所有商品', '0.8', 'daily', '/products/advancedsearch/SAD/all', '', '1', '2009-07-13 06:20:23', '2009-07-13 06:20:23'),
(3, '注册', '0.8', 'daily', '/user/register', '', '1', '2009-06-05 17:43:20', '2009-06-05 17:43:20'),
(4, '登录页', '0.8', 'daily', '/user/login', '', '1', '2009-06-05 17:43:32', '2009-06-05 17:43:32'),
(5, '文章首页', '0.8', 'daily', '/articles', '', '1', '2009-06-05 17:51:35', '2009-06-05 17:51:35'),
(6, '专题首页', '0.8', 'daily', '/topics', '', '1', '2009-06-05 17:51:50', '2009-06-05 17:51:50'),
(7, '促销首页', '0.8', 'daily', '/promotions', '', '1', '2009-06-05 17:52:03', '2009-06-05 17:52:03'),
(8, '网站导航', '0.8', 'daily', 'sitemaps', '', '1', '2009-06-05 17:53:46', '2009-06-05 17:53:46'),
(9, '商品品牌', '0.8', 'always', 'brands', 'brands', '1', '2009-06-19 14:19:02', '2009-06-19 14:19:02'),
(10, '文章分类', '0.8', 'daily', 'category_articles', 'articles', '1', '2009-06-10 11:35:48', '2009-06-10 11:35:48'),
(11, '商品分类', '0.8', 'daily', 'categories', 'product_cat', '1', '2009-06-10 11:16:20', '2009-06-10 11:16:20'),
(12, '商品', '0.8', 'daily', 'products', 'products', '1', '2009-06-05 19:25:23', '2009-06-05 19:25:23'),
(13, '文章', '0.8', 'daily', 'articles', 'articles', '1', '2009-06-10 11:36:06', '2009-06-10 11:36:06');

--
-- 导出表中的数据 `svcart_stores`
--


--
-- 导出表中的数据 `svcart_store_i18ns`
--


--
-- 导出表中的数据 `svcart_store_products`
--


--
-- 导出表中的数据 `svcart_system_resources`
--

INSERT INTO `svcart_system_resources` (`id`, `parent_id`, `code`, `resource_value`, `status`, `orderby`, `created`, `modified`) VALUES
(1, 0, 'bank', '', '1', 11, '2008-01-01 00:00:00', '2009-06-29 05:41:05'),
(2, 0, 'website_category', '', '1', 50, '2008-01-01 00:00:00', '2009-06-29 05:41:15'),
(3, 0, 'balance_log_type', '', '1', 50, '2008-01-01 00:00:00', '2009-06-29 05:24:36'),
(4, 3, '', 'O', '1', 50, '2008-01-01 00:00:00', '2009-06-29 05:25:58'),
(5, 3, '', 'B', '1', 50, '2008-01-01 00:00:00', '2009-06-29 05:26:13'),
(6, 3, '', 'A', '1', 50, '2008-01-01 00:00:00', '2009-06-29 05:29:39'),
(7, 0, 'point_log_type', '', '1', 50, '2008-01-01 00:00:00', '2009-06-29 05:24:50'),
(8, 7, '', 'R', '1', 50, '2008-01-01 00:00:00', '2008-01-01 00:00:00'),
(9, 7, '', 'B', '1', 50, '2008-01-01 00:00:00', '2008-01-01 00:00:00'),
(10, 7, '', 'O', '1', 50, '2008-01-01 00:00:00', '2008-01-01 00:00:00'),
(11, 7, '', 'A', '1', 50, '2008-01-01 00:00:00', '2008-01-01 00:00:00'),
(12, 0, 'order_status', '-1', '1', 50, '2008-01-01 00:00:00', '2008-01-01 00:00:00'),
(13, 0, 'msg_type', '', '1', 50, '2008-01-01 00:00:00', '2009-06-29 05:10:50'),
(14, 12, '', '0', '1', 50, '2008-01-01 00:00:00', '2009-06-26 08:05:04'),
(15, 12, '', '1', '1', 50, '2008-01-01 00:00:00', '2008-01-01 00:00:00'),
(16, 12, '', '2', '1', 50, '2008-01-01 00:00:00', '2008-01-01 00:00:00'),
(17, 12, '', '3', '1', 50, '2008-01-01 00:00:00', '2008-01-01 00:00:00'),
(18, 12, '', '4', '1', 50, '2008-01-01 00:00:00', '2008-01-01 00:00:00'),
(19, 13, '', '0', '1', 50, '2008-01-01 00:00:00', '2008-01-01 00:00:00'),
(20, 13, '', '1', '1', 50, '2008-01-01 00:00:00', '2008-01-01 00:00:00'),
(21, 13, '', '2', '1', 50, '2008-01-01 00:00:00', '2008-01-01 00:00:00'),
(22, 13, '', '3', '1', 50, '2008-01-01 00:00:00', '2008-01-01 00:00:00'),
(23, 13, '', '4', '1', 50, '2008-01-01 00:00:00', '2008-01-01 00:00:00'),
(24, 0, 'payment_status', '-1', '1', 50, '2008-01-01 00:00:00', '2008-01-01 00:00:00'),
(25, 0, 'shipping_status', '-1', '1', 50, '2008-01-01 00:00:00', '2008-01-01 00:00:00'),
(26, 24, '', '0', '1', 50, '2008-01-01 00:00:00', '2008-01-01 00:00:00'),
(27, 24, '', '1', '1', 50, '2008-01-01 00:00:00', '2008-01-01 00:00:00'),
(28, 24, '', '2', '1', 50, '2008-01-01 00:00:00', '2008-01-01 00:00:00'),
(29, 25, '', '0', '1', 50, '2008-01-01 00:00:00', '2008-01-01 00:00:00'),
(30, 25, '', '1', '1', 50, '2008-01-01 00:00:00', '2008-01-01 00:00:00'),
(31, 25, '', '2', '1', 50, '2008-01-01 00:00:00', '2008-01-01 00:00:00'),
(32, 25, '', '3', '1', 50, '2008-01-01 00:00:00', '2008-01-01 00:00:00'),
(33, 1, '', '招商银行', '1', 50, '2008-01-01 00:00:00', '2008-01-01 00:00:00'),
(49, 2, '', '网店', '1', 20, '2009-06-29 05:49:39', '2009-06-29 05:49:39'),
(48, 3, '', 'R', '1', 50, '2009-06-29 05:25:17', '2009-06-29 05:26:42'),
(34, 0, 'configvalues', '', '1', 50, '2009-06-26 11:36:14', '2009-06-29 05:40:51'),
(35, 34, '', 'shop_setting', '1', 10, '2009-06-26 11:38:03', '2009-06-26 11:58:54'),
(36, 34, '', 'basic_setting', '1', 20, '2009-06-26 11:38:11', '2009-06-26 11:43:18'),
(37, 34, '', 'show_setting', '1', 30, '2009-06-26 11:41:45', '2009-06-26 11:43:59'),
(38, 34, '', 'shop_flow', '1', 50, '2009-06-26 11:41:49', '2009-06-26 11:44:26'),
(39, 34, '', 'point_setting', '1', 80, '2009-06-26 11:41:52', '2009-06-26 11:44:59'),
(40, 34, '', 'products_show_setting', '1', 60, '2009-06-26 11:41:53', '2009-06-26 11:45:24'),
(41, 34, '', 'send_email_setting', '1', 22, '2009-06-26 11:41:55', '2009-06-26 11:45:57'),
(42, 34, '', 'products_list_setting', '1', 70, '2009-06-26 11:41:56', '2009-06-26 11:46:22'),
(43, 34, '', 'user_setting', '1', 21, '2009-06-26 11:41:58', '2009-06-26 11:47:04'),
(46, 34, '', 'coupon_setting', '1', 90, '2009-06-26 11:47:23', '2009-06-26 11:47:50'),
(47, 13, '', '5', '1', 50, '2009-06-29 03:10:49', '2009-06-29 03:11:11'),
(50, 2, '', '1', '1', 1, '2009-06-29 06:49:11', '2009-06-29 06:49:11'),
(57, 34, '', 'captcha_setting', '1', 127, '2009-07-01 05:29:59', '2009-07-01 05:29:59'),
(60, 58, 'product', 'P', '1', 50, '2009-07-22 02:56:24', '2009-07-22 02:56:24'),
(59, 58, 'order', 'O', '1', 50, '2009-07-22 02:44:07', '2009-07-22 02:44:07'),
(58, 0, 'type', '', '1', 40, '2009-07-22 02:42:30', '2009-07-22 02:55:29');

--
-- 导出表中的数据 `svcart_system_resource_i18ns`
--

INSERT INTO `svcart_system_resource_i18ns` (`id`, `locale`, `system_resource_id`, `name`, `description`, `created`, `modified`) VALUES
(1, 'chi', 1, '银行名', '', '2008-01-01 00:00:00', '2009-06-29 05:41:05'),
(2, 'chi', 2, '网站类型', '', '2008-01-01 00:00:00', '2009-06-29 05:41:15'),
(3, 'chi', 3, '资金日志类型', '', '2008-01-01 00:00:00', '2009-06-29 05:24:36'),
(4, 'chi', 4, '消费', '', '2008-01-01 00:00:00', '2009-06-29 05:25:58'),
(5, 'chi', 5, '充值', '', '2008-01-01 00:00:00', '2009-06-29 05:26:13'),
(6, 'chi', 6, '管理员操作', '', '2008-01-01 00:00:00', '2009-06-29 05:29:39'),
(7, 'chi', 7, '积分日志类型', '', '2008-01-01 00:00:00', '2009-06-29 05:24:50'),
(8, 'chi', 8, '注册赠送', '', '2008-01-01 00:00:00', '2008-01-01 00:00:00'),
(9, 'chi', 9, '购买赠送', '', '2008-01-01 00:00:00', '2008-01-01 00:00:00'),
(10, 'chi', 10, '购买消费', '', '2008-01-01 00:00:00', '2008-01-01 00:00:00'),
(11, 'chi', 11, '管理员操作', '', '2008-01-01 00:00:00', '2008-01-01 00:00:00'),
(12, 'chi', 12, '订单状态', '', '2008-01-01 00:00:00', '2008-01-01 00:00:00'),
(13, 'chi', 13, '留言类型', '', '2008-01-01 00:00:00', '2009-06-29 05:10:50'),
(14, 'chi', 14, '未确认', '', '2008-01-01 00:00:00', '2009-06-26 08:05:04'),
(15, 'chi', 15, '已确认', '', '2008-01-01 00:00:00', '2008-01-01 00:00:00'),
(16, 'chi', 16, '已取消', '', '2008-01-01 00:00:00', '2008-01-01 00:00:00'),
(17, 'chi', 17, '无效', '', '2008-01-01 00:00:00', '2008-01-01 00:00:00'),
(18, 'chi', 18, '退款', '', '2008-01-01 00:00:00', '2008-01-01 00:00:00'),
(19, 'chi', 19, '留言', '', '2008-01-01 00:00:00', '2008-01-01 00:00:00'),
(20, 'chi', 20, '投诉', '', '2008-01-01 00:00:00', '2008-01-01 00:00:00'),
(21, 'chi', 21, '询问', '', '2008-01-01 00:00:00', '2008-01-01 00:00:00'),
(22, 'chi', 22, '售后', '', '2008-01-01 00:00:00', '2008-01-01 00:00:00'),
(23, 'chi', 23, '求购', '', '2008-01-01 00:00:00', '2008-01-01 00:00:00'),
(24, 'chi', 24, '支付状态', '', '2008-01-01 00:00:00', '2008-01-01 00:00:00'),
(25, 'chi', 25, '配送状态', '', '2008-01-01 00:00:00', '2008-01-01 00:00:00'),
(26, 'chi', 26, '未付款', '', '2008-01-01 00:00:00', '2008-01-01 00:00:00'),
(27, 'chi', 27, '付款中', '', '2008-01-01 00:00:00', '2008-01-01 00:00:00'),
(28, 'chi', 28, '已付款', '', '2008-01-01 00:00:00', '2008-01-01 00:00:00'),
(29, 'chi', 29, '未发货', '', '2008-01-01 00:00:00', '2008-01-01 00:00:00'),
(30, 'chi', 30, '已发货', '', '2008-01-01 00:00:00', '2008-01-01 00:00:00'),
(31, 'chi', 31, '已收货', '', '2008-01-01 00:00:00', '2008-01-01 00:00:00'),
(32, 'chi', 32, '备货中', '', '2008-01-01 00:00:00', '2008-01-01 00:00:00'),
(33, 'chi', 34, '商店设置菜单', '', '2009-06-26 11:36:32', '2009-06-29 05:40:51'),
(34, 'chi', 33, '招商银行', ' ', '2008-01-01 00:00:00', '2008-01-01 00:00:00'),
(35, 'chi', 0, '商店设置菜单', '', '2009-06-26 11:36:14', '2009-06-26 11:36:14'),
(36, 'chi', 35, '商店信息', '', '2009-06-26 11:40:39', '2009-06-26 11:58:54'),
(37, 'chi', 36, '基本设定', '', '2009-06-26 11:43:18', '2009-06-26 11:43:18'),
(38, 'chi', 37, '显示设置', '', '2009-06-26 11:43:52', '2009-06-26 11:43:59'),
(39, 'chi', 38, '购物流程', '', '2009-06-26 11:44:26', '2009-06-26 11:44:26'),
(40, 'chi', 39, '积分设置', '', '2009-06-26 11:44:59', '2009-06-26 11:44:59'),
(41, 'chi', 40, '商品显示信息', '', '2009-06-26 11:45:24', '2009-06-26 11:45:24'),
(42, 'chi', 41, '邮件发送设置', '', '2009-06-26 11:45:57', '2009-06-26 11:45:57'),
(43, 'chi', 42, '商品列表设置', '', '2009-06-26 11:46:22', '2009-06-26 11:46:22'),
(44, 'chi', 43, '会员设置', '', '2009-06-26 11:47:04', '2009-06-26 11:47:04'),
(45, 'chi', 46, '优惠券设置', '', '2009-06-26 11:47:50', '2009-06-26 11:47:50'),
(46, 'chi', 47, '商家留言', '', '2009-06-29 03:11:11', '2009-06-29 03:11:11'),
(47, 'chi', 48, '退货', '', '2009-06-29 05:26:42', '2009-06-29 05:26:42'),
(48, 'chi', 50, '1', '1', '2009-06-29 06:49:11', '2009-06-29 06:49:11'),
(49, 'chi', 57, '验证码管理', '验证码管理', '2009-07-01 05:29:59', '2009-07-01 05:29:59'),
(99, 'chi', 60, '商品', '商品', '2009-07-22 02:56:24', '2009-07-22 02:56:24'),
(97, 'chi', 59, '订单', '订单', '2009-07-22 02:44:07', '2009-07-22 02:44:07'),
(95, 'chi', 58, '留言对象', '留言对象', '2009-07-22 02:42:30', '2009-07-22 02:55:29');

--
-- 导出表中的数据 `svcart_tags`
--


--
-- 导出表中的数据 `svcart_tag_i18ns`
--


--
-- 导出表中的数据 `svcart_templates`
--

INSERT INTO `svcart_templates` (`id`, `name`, `template_style`, `url`, `status`, `is_default`, `author`, `version`, `created`, `modified`) VALUES
(1, 'SV_G00', '', '../themed/SV_G00/screenshot.png', '1', '1', 'Design ZYS Template maker ZSS', '1.0.0', '2009-04-15 14:27:10', '0000-00-00 00:00:00');

--
-- 导出表中的数据 `svcart_topics`
--


--
-- 导出表中的数据 `svcart_topic_i18ns`
--


--
-- 导出表中的数据 `svcart_topic_products`
--


--
-- 导出表中的数据 `svcart_users`
--


--
-- 导出表中的数据 `svcart_user_accounts`
--


--
-- 导出表中的数据 `svcart_user_addresses`
--


--
-- 导出表中的数据 `svcart_user_balance_logs`
--


--
-- 导出表中的数据 `svcart_user_configs`
--


--
-- 导出表中的数据 `svcart_user_config_i18ns`
--


--
-- 导出表中的数据 `svcart_user_favorites`
--


--
-- 导出表中的数据 `svcart_user_friends`
--


--
-- 导出表中的数据 `svcart_user_friend_cats`
--


--
-- 导出表中的数据 `svcart_user_infos`
--


--
-- 导出表中的数据 `svcart_user_info_i18ns`
--


--
-- 导出表中的数据 `svcart_user_info_values`
--


--
-- 导出表中的数据 `svcart_user_messages`
--


--
-- 导出表中的数据 `svcart_user_point_logs`
--


--
-- 导出表中的数据 `svcart_user_ranks`
--


--
-- 导出表中的数据 `svcart_user_rank_i18ns`
--


--
-- 导出表中的数据 `svcart_virtual_cards`
--


--
-- 导出表中的数据 `svcart_votes`
--


--
-- 导出表中的数据 `svcart_vote_i18ns`
--


--
-- 导出表中的数据 `svcart_vote_logs`
--


--
-- 导出表中的数据 `svcart_vote_options`
--


--
-- 导出表中的数据 `svcart_vote_option_i18ns`
--

